query_id,query_text,city,user_lat,user_lon,poi_id,poi_name,poi_address,poi_lat,poi_lon,distance_km
mobilitybench_q_b73a09cec2435c4322,西双版纳车站附近的酒店,昆明市,25.012107,102.777094,mobilitybench:0f926c78958912b11d,景洪志远康宁客客栈(西双版纳嘎洒国际机场高铁站店),云南省 景洪市 嘎洒镇曼占宰村委会曼喃村民小组149号,21.982162,100.777037,393.8192935806585
mobilitybench_q_b73a09cec2435c4322,西双版纳车站附近的酒店,昆明市,25.012107,102.777094,mobilitybench:be2b489cffbdf62e5c,站前客栈(西双版纳高铁站店),云南省 景洪市 嘎洒镇曼占宰村委会曼喃村142号,21.982250,100.776717,393.8277825716938
mobilitybench_q_b73a09cec2435c4322,西双版纳车站附近的酒店,昆明市,25.012107,102.777094,mobilitybench:fcb26cc7b2c57cebb8,景洪高铁大酒店(西双版纳嘎洒机场高铁站店),云南省 景洪市 嘎洒镇机场东路188米,21.979975,100.775450,394.1119677128266
mobilitybench_q_b73a09cec2435c4322,西双版纳车站附近的酒店,昆明市,25.012107,102.777094,mobilitybench:9b176d8ad3db7afe84,维也纳国际酒店(西双版纳机场高铁站店),云南省 景洪市 机场公路oyo号,21.982729,100.777287,393.7519382799536
mobilitybench_q_b73a09cec2435c4322,西双版纳车站附近的酒店,昆明市,25.012107,102.777094,mobilitybench:2f8d1eb63cdef08e55,景洪艾宰泰客栈(嘎洒机场高铁店),云南省 景洪市 曼喃新村96号,21.981886,100.777686,393.8114014611477
mobilitybench_q_b73a09cec2435c4322,西双版纳车站附近的酒店,昆明市,25.012107,102.777094,mobilitybench:c2b784365519ae2846,景洪简雅民宿(嘎洒机场高铁站店),云南省 景洪市 嘎洒镇曼喃新村68号,21.980676,100.776964,393.96509236469933
mobilitybench_q_b73a09cec2435c4322,西双版纳车站附近的酒店,昆明市,25.012107,102.777094,mobilitybench:05d77782734a0a4dc3,西双版纳景洪雨之林民宿,云南省 景洪市 允景洪街道镜与森林别墅西143米,21.988338,100.772831,393.45207352633406
mobilitybench_q_b73a09cec2435c4322,西双版纳车站附近的酒店,昆明市,25.012107,102.777094,mobilitybench:7b967c2033af732cb4,景洪嘎洒云尚民宿,云南省 景洪市 曼喃佛寺东南(俊熙烟酒楼上),21.979256,100.775197,394.19400016202906
mobilitybench_q_b73a09cec2435c4322,西双版纳车站附近的酒店,昆明市,25.012107,102.777094,mobilitybench:95ef67c469f2fec104,壹品顶苑美宿,云南省 景洪市 勐腊路88号1栋13楼,21.988280,100.775991,393.29038797522117
mobilitybench_q_b73a09cec2435c4322,西双版纳车站附近的酒店,昆明市,25.012107,102.777094,mobilitybench:966fc600e7cc635c87,合欢苑民宿(机场公路2号分店),云南省 景洪市 曼喃新村121号,21.981925,100.777468,393.8191814079784
mobilitybench_q_b73a09cec2435c4322,西双版纳车站附近的酒店,昆明市,25.012107,102.777094,mobilitybench:f22f1333b4ef7237ce,西双版纳站,云南省 景洪市 嘎洒镇曼暖龙村,21.983691,100.773372,393.86693629446165
mobilitybench_q_918d98ae79cedc61e1,阿克苏火车站附近快递驿站,阿克苏地区,42.259672,80.704626,mobilitybench:a1055ed1e630133b11,菜鸟驿站,新疆维吾尔自治区 阿克苏市 晶水路与幸福南路交叉口西200米,41.160839,80.279659,127.17471958211644
mobilitybench_q_918d98ae79cedc61e1,阿克苏火车站附近快递驿站,阿克苏地区,42.259672,80.704626,mobilitybench:9a86cd4d2b047c8705,驿收发快递驿站,新疆维吾尔自治区 阿克苏市 300县道与628乡道交叉口东南500米,41.121225,80.282475,131.35274499748564
mobilitybench_q_918d98ae79cedc61e1,阿克苏火车站附近快递驿站,阿克苏地区,42.259672,80.704626,mobilitybench:95496297ddca9ff0be,妈妈驿站,新疆维吾尔自治区 阿克苏市 团结东路与幸福北路交叉口东340米,41.170676,80.282195,126.06472864173637
mobilitybench_q_918d98ae79cedc61e1,阿克苏火车站附近快递驿站,阿克苏地区,42.259672,80.704626,mobilitybench:54a803764e487454a8,驿收发快递驿站(上海东路店),新疆维吾尔自治区 阿克苏市 上海路97号,41.177935,80.303200,124.8124669505017
mobilitybench_q_918d98ae79cedc61e1,阿克苏火车站附近快递驿站,阿克苏地区,42.259672,80.704626,mobilitybench:69de85c0e7e4cb66ac,圆通妈妈驿站五队,新疆维吾尔自治区 阿克苏市 北京路24号,41.178877,80.308026,124.60506098094163
mobilitybench_q_918d98ae79cedc61e1,阿克苏火车站附近快递驿站,阿克苏地区,42.259672,80.704626,mobilitybench:0af2d39429d3f3b921,圆通速递妈妈驿站(吾家商店),新疆维吾尔自治区 温宿县 南工业园区绿色家园后门,41.149371,80.377060,126.41905487966856
mobilitybench_q_918d98ae79cedc61e1,阿克苏火车站附近快递驿站,阿克苏地区,42.259672,80.704626,mobilitybench:26ecc894e6fbe4437b,广邮驿站,新疆维吾尔自治区 温宿县 库车西路与长沙路交叉口东北220米,41.141011,80.380227,127.27152439545844
mobilitybench_q_918d98ae79cedc61e1,阿克苏火车站附近快递驿站,阿克苏地区,42.259672,80.704626,mobilitybench:4f556b3eaf96d0b821,家有驿站,新疆维吾尔自治区 阿克苏市 泽水源水疗会所北侧,41.224776,80.318820,119.44391578654721
mobilitybench_q_918d98ae79cedc61e1,阿克苏火车站附近快递驿站,阿克苏地区,42.259672,80.704626,mobilitybench:86bde4be4ce7919aeb,阿克苏站,新疆维吾尔自治区 阿克苏市 中原路与交通路交汇处,41.144762,80.306080,128.31142828170042
mobilitybench_q_f64dbc7ecfbc06ddf2,找个婚介所附近的婚介所,鞍山市,40.691009,123.519510,mobilitybench:6119145b28bcb9eebf,倾国倾城婚恋交友中心(红星国际广场店),辽宁省 铁东区 建国大道865栋,41.090730,122.976000,63.739982025316834
mobilitybench_q_f64dbc7ecfbc06ddf2,找个婚介所附近的婚介所,鞍山市,40.691009,123.519510,mobilitybench:b48bae572d8a8817a7,鞍山市婚姻家庭纠纷调解有事好商量工作室,辽宁省 铁西区 铁西九道街东南侧,41.093655,122.960284,64.91655314199768
mobilitybench_q_f64dbc7ecfbc06ddf2,找个婚介所附近的婚介所,鞍山市,40.691009,123.519510,mobilitybench:33767c9b15d5ed8d7e,众邦家政(爱民街店),辽宁省 铁东区 爱民街3栋64号,41.102923,122.985746,64.11387923478759
mobilitybench_q_f64dbc7ecfbc06ddf2,找个婚介所附近的婚介所,鞍山市,40.691009,123.519510,mobilitybench:1704ef1920d2cbea1c,诗情婚介,辽宁省 铁东区 铁东二道街与工农街交叉口西南80米,41.108215,122.987544,64.42936583845479
mobilitybench_q_4cd2f734e138296a83,乌鲁木齐机场附近的酒店。,伊犁哈萨克自治州,44.404446,84.901489,mobilitybench:9102074e87548c3f86,天缘酒店,新疆维吾尔自治区 新市区 小地窝堡东街151号,43.917838,87.482912,212.89859742076843
mobilitybench_q_4cd2f734e138296a83,乌鲁木齐机场附近的酒店。,伊犁哈萨克自治州,44.404446,84.901489,mobilitybench:56bcc6491c3d5e69b4,乌鲁木齐天缘景逸酒店(天山国际机场店),新疆维吾尔自治区 新市区 乌鲁木齐高新区(新市区)机场街道迎宾路1341号北航站区过夜楼1号中国(新疆)自由贸易试验区,43.917798,87.486157,213.15012263687774
mobilitybench_q_4cd2f734e138296a83,乌鲁木齐机场附近的酒店。,伊犁哈萨克自治州,44.404446,84.901489,mobilitybench:be369154d6d60dedf4,乌鲁木齐天缘景瑞酒店(天山国际机场店),新疆维吾尔自治区 新市区 东进场路(国际机场北地铁站东南400米),43.916964,87.486933,213.23494579775934
mobilitybench_q_4cd2f734e138296a83,乌鲁木齐机场附近的酒店。,伊犁哈萨克自治州,44.404446,84.901489,mobilitybench:a33f1fffd980143a3f,机场宾馆,新疆维吾尔自治区 新市区 迎宾路1341号,43.902092,87.479352,213.10261283532904
mobilitybench_q_4cd2f734e138296a83,乌鲁木齐机场附近的酒店。,伊犁哈萨克自治州,44.404446,84.901489,mobilitybench:df24b77c6e8d48e339,天缘太空舱酒店(乌鲁木齐T2店),新疆维吾尔自治区 新市区 迎宾路街道1341号地窝堡机场T2航站楼到达厅,43.901393,87.475874,212.85646763665423
mobilitybench_q_4cd2f734e138296a83,乌鲁木齐机场附近的酒店。,伊犁哈萨克自治州,44.404446,84.901489,mobilitybench:52d53e961a64a1e166,迎缤一号精品酒店(天山国际机场店),新疆维吾尔自治区 新市区 乌鲁木齐高新区迎宾北一路146号13号楼,43.905128,87.495913,214.28493099314528
mobilitybench_q_4cd2f734e138296a83,乌鲁木齐机场附近的酒店。,伊犁哈萨克自治州,44.404446,84.901489,mobilitybench:ea3f9624bb7472c0f8,酷野未来酒店(天山国际机场店),新疆维吾尔自治区 新市区 迎宾路1341号国际机场培训中心6号,43.900334,87.479614,213.17703944497785
mobilitybench_q_4cd2f734e138296a83,乌鲁木齐机场附近的酒店。,伊犁哈萨克自治州,44.404446,84.901489,mobilitybench:0d7ef43f9919151abd,天缘酒店,新疆维吾尔自治区 新市区 迎宾路1341号,43.899307,87.476290,212.9530314337974
mobilitybench_q_4cd2f734e138296a83,乌鲁木齐机场附近的酒店。,伊犁哈萨克自治州,44.404446,84.901489,mobilitybench:cb113dff714b6627e9,美林云端宾馆,新疆维吾尔自治区 新市区 迎宾路街道迎宾北一路北一巷26号,43.903954,87.489775,213.84798565165647
mobilitybench_q_4cd2f734e138296a83,乌鲁木齐机场附近的酒店。,伊犁哈萨克自治州,44.404446,84.901489,mobilitybench:be0df131603e958e31,乌鲁木齐航缘宾馆(天山国际机场店),新疆维吾尔自治区 新市区 乌鲁木齐国际机场500米处,43.899780,87.480206,213.23973144585506
mobilitybench_q_4cd2f734e138296a83,乌鲁木齐机场附近的酒店。,伊犁哈萨克自治州,44.404446,84.901489,mobilitybench:eb4f2aa82e131702cf,乌鲁木齐天山国际机场,新疆维吾尔自治区 新市区 机场街道和地窝堡乡交界处,43.917012,87.481092,212.78296836112744
mobilitybench_q_0d10a7c67b308c6300,飞马水城附近的电视维修店,无锡市,31.377348,119.848323,mobilitybench:34204feb911d5b35f7,新江家电维修,江苏省 江阴市 顾山镇北国解放村汝南,31.786568,120.552775,80.76750516677421
mobilitybench_q_0d10a7c67b308c6300,飞马水城附近的电视维修店,无锡市,31.377348,119.848323,mobilitybench:48e70ecccd80b2b509,飞马水城旅游度假区,江苏省 江阴市 新桥镇南环路888号桃园山庄,31.794504,120.499607,77.18398747863408
mobilitybench_q_4b701b5868e354b7e7,德州汽车站附近农业银行,唐山市,40.080269,117.847884,mobilitybench:41afa2acc881de14d2,中国农业银行24小时自助银行(德州分行),山东省 德城区 商业街70号,37.448858,116.291634,322.19690880760635
mobilitybench_q_4b701b5868e354b7e7,德州汽车站附近农业银行,唐山市,40.080269,117.847884,mobilitybench:777c391e769405e540,中国农业银行(德州市分行),山东省 德城区 商业街70号,37.448904,116.291755,322.18785517760523
mobilitybench_q_4b701b5868e354b7e7,德州汽车站附近农业银行,唐山市,40.080269,117.847884,mobilitybench:8ca374ce2f0117ff3a,中国农业银行24小时自助银行(解放中大道),山东省 德城区 解放北路小学西门旁,37.451587,116.297204,321.71831208519166
mobilitybench_q_4b701b5868e354b7e7,德州汽车站附近农业银行,唐山市,40.080269,117.847884,mobilitybench:936d5f2b8a746512e6,中国农业银行(德州铁西支行),山东省 德城区,37.436717,116.281338,323.80134638574395
mobilitybench_q_4b701b5868e354b7e7,德州汽车站附近农业银行,唐山市,40.080269,117.847884,mobilitybench:ffe7afaf1f2983cf1e,中国农业银行(德州运河分理处),山东省 德城区 迎宾路72号(德州火车站北200米路东),37.455496,116.290460,321.5668870821445
mobilitybench_q_4b701b5868e354b7e7,德州汽车站附近农业银行,唐山市,40.080269,117.847884,mobilitybench:ece1216ee85387cf30,中国农业银行(德州新华支行),山东省 德城区 解放南大道727号,37.430636,116.298297,323.8050207627428
mobilitybench_q_4b701b5868e354b7e7,德州汽车站附近农业银行,唐山市,40.080269,117.847884,mobilitybench:5b892a78e6ff10faf7,中国农业银行24小时自助银行(新华分理处),山东省 德城区 解放南大道727号,37.430612,116.298381,323.80443731843656
mobilitybench_q_4b701b5868e354b7e7,德州汽车站附近农业银行,唐山市,40.080269,117.847884,mobilitybench:5f4790a8d248e56d26,中国农业银行(德州马庄支行),山东省 德城区 湖滨南大道34号,37.435687,116.309353,322.89512040362433
mobilitybench_q_4b701b5868e354b7e7,德州汽车站附近农业银行,唐山市,40.080269,117.847884,mobilitybench:079746dce6b1d2cda1,中国农业银行24小时自助银行(德州马庄储蓄所),山东省 德城区 湖滨南大道398-430号,37.435687,116.309360,322.89486977546113
mobilitybench_q_4b701b5868e354b7e7,德州汽车站附近农业银行,唐山市,40.080269,117.847884,mobilitybench:60b7fd98b44f901fb2,中国农业银行(德州丰华支行),山东省 德城区 马家海子1号楼,37.459385,116.297115,320.93095269809896
mobilitybench_q_4b701b5868e354b7e7,德州汽车站附近农业银行,唐山市,40.080269,117.847884,mobilitybench:4efbfa3340c7ea5e83,德州汽车总站,山东省 德城区 东风中路1667号,37.443154,116.291296,322.7874497992242
mobilitybench_q_ec7af1567a8fccc920,来广营地铁站附近免费停车场,承德市,41.225284,116.645072,mobilitybench:33b565ab92f676c9fc,融创动力文化创意产业园停车场,北京市 朝阳区 广顺北大街融创动力文化创意产业园,40.017810,116.466600,135.1073779133435
mobilitybench_q_ec7af1567a8fccc920,来广营地铁站附近免费停车场,承德市,41.225284,116.645072,mobilitybench:7093f4285ec13547b0,融新科技中心地下停车场,北京市 朝阳区 创远路辅路与广宏路交叉口东南40米,40.022870,116.468374,134.53151304049902
mobilitybench_q_ec7af1567a8fccc920,来广营地铁站附近免费停车场,承德市,41.225284,116.645072,mobilitybench:bbe4a918d15e19084d,北京合众汇诚停车管理,北京市 朝阳区 容达路朝来高科技产业园东区,40.020127,116.472449,134.797078313775
mobilitybench_q_ec7af1567a8fccc920,来广营地铁站附近免费停车场,承德市,41.225284,116.645072,mobilitybench:4a7dd708ab321d9657,叶青大厦北园地下停车场,北京市 朝阳区 创达三路与容和路交叉口西南80米,40.021735,116.474640,134.59942234281917
mobilitybench_q_ec7af1567a8fccc920,来广营地铁站附近免费停车场,承德市,41.225284,116.645072,mobilitybench:16e9d87a2a5765a42d,博雅国际中心地下停车场,北京市 朝阳区 利泽中一路1号院-1博雅国际中心,40.013757,116.469001,135.53293457059723
mobilitybench_q_ec7af1567a8fccc920,来广营地铁站附近免费停车场,承德市,41.225284,116.645072,mobilitybench:bbdebc7bf8a1aefee6,爱慕大厦西停车场,北京市 朝阳区 望京北路10号爱慕大厦(东湖渠地铁站B东北口步行240米),40.012976,116.467761,135.63077105884642
mobilitybench_q_ec7af1567a8fccc920,来广营地铁站附近免费停车场,承德市,41.225284,116.645072,mobilitybench:ce775d2130cf401310,叶青大厦内部专用停车场,北京市 朝阳区 望京北路9号叶青大厦(东湖渠地铁站B东北口步行160米),40.012400,116.467876,135.69336554740585
mobilitybench_q_ec7af1567a8fccc920,来广营地铁站附近免费停车场,承德市,41.225284,116.645072,mobilitybench:c316303b227d7945de,澳洲康都停车场,北京市 朝阳区 望京北路39号澳洲康都,40.012901,116.462233,135.69132650307577
mobilitybench_q_ec7af1567a8fccc920,来广营地铁站附近免费停车场,承德市,41.225284,116.645072,mobilitybench:c99749ed76757e907e,洛娃大厦地面停车场,北京市 朝阳区 利泽中二路二区203号洛娃大厦A座,40.012762,116.471987,135.61554180685735
mobilitybench_q_ec7af1567a8fccc920,来广营地铁站附近免费停车场,承德市,41.225284,116.645072,mobilitybench:4b1ff4a560c2ca6cfc,国创产业园停车场,北京市 朝阳区 来广营西路与新北路交叉口东180米,40.021711,116.453644,134.80292962054102
mobilitybench_q_ec7af1567a8fccc920,来广营地铁站附近免费停车场,承德市,41.225284,116.645072,mobilitybench:0b986ba6c47f7ffad6,来广营(地铁站),北京市 朝阳区 14号线,40.020430,116.466999,134.81407640218248
mobilitybench_q_3ee5b1c16c8d661cb7,赣州市场附近的手机修理店,张掖市,38.947003,100.485043,mobilitybench:346d0ebe9b984e5617,小吴手机快修,江西省 章贡区 金东路与金元路交叉口南80米,25.836996,114.909326,1984.6455834611072
mobilitybench_q_3ee5b1c16c8d661cb7,赣州市场附近的手机修理店,张掖市,38.947003,100.485043,mobilitybench:64464972ab5f217d12,苹果华为服务中心(金东路店),江西省 章贡区 黄金岭街道金东路黄金花园西区东门对面(邮政储蓄金东支行旁边),25.841425,114.909425,1984.2702451634543
mobilitybench_q_3ee5b1c16c8d661cb7,赣州市场附近的手机修理店,张掖市,38.947003,100.485043,mobilitybench:e1be59eb9d4073b4fc,远帆广告,江西省 章贡区 金东路6号,25.841448,114.909399,1984.2666186387075
mobilitybench_q_3ee5b1c16c8d661cb7,赣州市场附近的手机修理店,张掖市,38.947003,100.485043,mobilitybench:73496a62422572e505,手机维修中心(黄金花园东区店),江西省 章贡区 金东路23号,25.842348,114.909457,1984.1927504425644
mobilitybench_q_3ee5b1c16c8d661cb7,赣州市场附近的手机修理店,张掖市,38.947003,100.485043,mobilitybench:d9f9cb21579606ac85,星旭达手机快修(和信花园店),江西省 章贡区 金星路和谐港湾A栋31号店铺,25.842522,114.904925,1983.891041124817
mobilitybench_q_3ee5b1c16c8d661cb7,赣州市场附近的手机修理店,张掖市,38.947003,100.485043,mobilitybench:835483375f39091543,星皓二手机-摩电仕手机精修,江西省 章贡区 金邮路9号(金丰山庄二区南大门),25.842860,114.909943,1984.1793911430793
mobilitybench_q_3ee5b1c16c8d661cb7,赣州市场附近的手机修理店,张掖市,38.947003,100.485043,mobilitybench:f2f9c4d0c8db3423eb,华为授权服务中心(赣州经开万达),江西省 章贡区 金岭东大道新都汇西侧约100米万达广场1F华为智能生活馆内,25.840753,114.901225,1983.8094315310254
mobilitybench_q_3ee5b1c16c8d661cb7,赣州市场附近的手机修理店,张掖市,38.947003,100.485043,mobilitybench:f9e22069f719b50f41,小米之家(赣州章贡区万达广场专卖店),江西省 章贡区 黄金岭街道Cabbeen(万达广场赣州经开店),25.841302,114.901137,1983.756556858853
mobilitybench_q_3ee5b1c16c8d661cb7,赣州市场附近的手机修理店,张掖市,38.947003,100.485043,mobilitybench:6acdb879b19fcd8c34,OPPO官方授权服务体验中心(赣州章贡区经开万达广场店),江西省 章贡区 黄金岭街道经开区万达广场一楼1003铺(临近1号门),25.840507,114.900287,1983.7713054215658
mobilitybench_q_3ee5b1c16c8d661cb7,赣州市场附近的手机修理店,张掖市,38.947003,100.485043,mobilitybench:08e41f8eeacd1e82ef,小见手机维修中心(黄金金龙小区店),江西省 章贡区 赣康路黄金康居三期4栋7号店面,25.828514,114.908570,1985.3287136018719
mobilitybench_q_3ee5b1c16c8d661cb7,赣州市场附近的手机修理店,张掖市,38.947003,100.485043,mobilitybench:7a6a2d7d336f2e0f8c,赣州南北大市场,江西省 章贡区 客家大道180号,25.836493,114.907823,1984.5938512695557
mobilitybench_q_7136190ca597e7aa32,盘锦市高级中学附近的酒店,锦州市,40.973401,121.104728,mobilitybench:f76ef6e8257abf7f6a,财富大厦酒店(盘锦高级中学店),辽宁省 兴隆台区 泰山北路财富大厦,41.160141,122.063239,82.99567356357318
mobilitybench_q_7136190ca597e7aa32,盘锦市高级中学附近的酒店,锦州市,40.973401,121.104728,mobilitybench:e142c3379250eaba2b,响享住酒店(盘锦市高级中学店),辽宁省 兴隆台区 恒泰尚城三期1栋1单元26楼17号房,41.159981,122.063125,82.9820654905748
mobilitybench_q_7136190ca597e7aa32,盘锦市高级中学附近的酒店,锦州市,40.973401,121.104728,mobilitybench:1575325cb5243e9a62,铂雅酒店(盘锦市高级中学店)(泰山北路辅路分店),辽宁省 兴隆台区 兴海街道泰山北路西、新工街南恒泰尚城1号楼财富大厦1717,41.160159,122.063093,82.98431336244987
mobilitybench_q_7136190ca597e7aa32,盘锦市高级中学附近的酒店,锦州市,40.973401,121.104728,mobilitybench:15125ac38d6cfb1e15,兰希酒店(盘锦市高级中学店),辽宁省 兴隆台区 南恒泰尚城1号楼财富大厦2707,41.160062,122.063110,82.983052239907
mobilitybench_q_7136190ca597e7aa32,盘锦市高级中学附近的酒店,锦州市,40.973401,121.104728,mobilitybench:20de3feb70b6253a0e,恒泰温馨公寓(盘锦市高级中学店),辽宁省 兴隆台区 泰山北路恒泰尚城财富大厦27、28层,41.159998,122.063140,82.98374560386712
mobilitybench_q_7136190ca597e7aa32,盘锦市高级中学附近的酒店,锦州市,40.973401,121.104728,mobilitybench:a7b735f354705f2238,憩舍SPA会所,辽宁省 兴隆台区 泰山北路270号,41.160030,122.063169,82.98697031582822
mobilitybench_q_7136190ca597e7aa32,盘锦市高级中学附近的酒店,锦州市,40.973401,121.104728,mobilitybench:0c3314bf6f935e58fd,素年锦时公寓(泰山北路分店),辽宁省 兴隆台区 泰山北路恒泰尚城3期2栋,41.159442,122.062981,82.95573012562944
mobilitybench_q_7136190ca597e7aa32,盘锦市高级中学附近的酒店,锦州市,40.973401,121.104728,mobilitybench:e68d5c6b250d242c86,盘锦·维多利亚大酒店(盘锦站店),辽宁省 双台子区 科技街北双兴路东五金机电汽配城26号101,41.170034,122.068170,83.67077910198094
mobilitybench_q_7136190ca597e7aa32,盘锦市高级中学附近的酒店,锦州市,40.973401,121.104728,mobilitybench:858cada94f169fec6d,嘉乐商务宾馆(盘锦市高级中学店),辽宁省 兴隆台区 赵家开发区(市高中)南480米兴隆台区第三小学对面,41.157316,122.063272,82.92199788031563
mobilitybench_q_7136190ca597e7aa32,盘锦市高级中学附近的酒店,锦州市,40.973401,121.104728,mobilitybench:882a355cc0e19fb709,盘锦一飞界电竞酒店,辽宁省 双台子区 向海大道泰为汽配城1期17栋118号,41.168524,122.069243,83.71482833671055
mobilitybench_q_7136190ca597e7aa32,盘锦市高级中学附近的酒店,锦州市,40.973401,121.104728,mobilitybench:f2142ddd33eadd309e,盘锦市高级中学,辽宁省 兴隆台区 泰山路科技街,41.164049,122.060255,82.86129311138794
mobilitybench_q_7c1f1ca2dc0844863a,松原市宁江区铂金路108号大润发附近孙小楠麻辣香锅,长春市,44.026791,125.259984,mobilitybench:819f273f511a86140a,孙小楠麻辣香锅(金钻·第1城店),吉林省 宁江区 飞宇街108号,45.134103,124.831314,127.72209879707813
mobilitybench_q_7c1f1ca2dc0844863a,松原市宁江区铂金路108号大润发附近孙小楠麻辣香锅,长春市,44.026791,125.259984,mobilitybench:650e0240d34002bdaa,大润发(铂金店),吉林省 宁江区 铂金路599号,45.133297,124.829462,127.67485540279196
mobilitybench_q_9cd716acd99d93f7f8,附近24小时营业的超市,东营市,37.884883,118.523789,mobilitybench:74f56a59d272627e31,新燕综合批发超市,山东省 广饶县 前安德村党群服务中心西南侧,37.042391,118.337084,95.11915152129231
mobilitybench_q_9cd716acd99d93f7f8,附近24小时营业的超市,东营市,37.884883,118.523789,mobilitybench:084ef76702ef9d9c34,广饶福全百货,山东省 广饶县 乐安街道前安德村,37.041694,118.337366,95.19119172112623
mobilitybench_q_9cd716acd99d93f7f8,附近24小时营业的超市,东营市,37.884883,118.523789,mobilitybench:35c68c04b31476785d,西花园村邻客超市,山东省 广饶县 潍高路与227省道交叉口东380米,37.053578,118.359381,93.56880187091916
mobilitybench_q_9cd716acd99d93f7f8,附近24小时营业的超市,东营市,37.884883,118.523789,mobilitybench:54cd58091bbe42088c,家家乐(潍高路店),山东省 广饶县 潍高路1235号,37.054126,118.359650,93.5049157453729
mobilitybench_q_9cd716acd99d93f7f8,附近24小时营业的超市,东营市,37.884883,118.523789,mobilitybench:04b11d93c005093181,红梅超市,山东省 广饶县 西花园村村民委员会东侧140米,37.046408,118.360269,94.34459432206553
mobilitybench_q_9cd716acd99d93f7f8,附近24小时营业的超市,东营市,37.884883,118.523789,mobilitybench:fb6079390550c07f12,壮壮超市(二店),山东省 广饶县 乐安街道北花园村村北,37.052893,118.363575,93.58742678442388
mobilitybench_q_9cd716acd99d93f7f8,附近24小时营业的超市,东营市,37.884883,118.523789,mobilitybench:eff6b415e8223897d1,万家乐超市(定安路店),山东省 广饶县 潍高路与定安路交叉口西北80米,37.052515,118.364627,93.61500646292735
mobilitybench_q_9cd716acd99d93f7f8,附近24小时营业的超市,东营市,37.884883,118.523789,mobilitybench:61a5c22ec286e73aa5,壮壮自选超市,山东省 广饶县 定安路与潍高路交叉口东北20米,37.052203,118.365549,93.6371412969841
mobilitybench_q_9cd716acd99d93f7f8,附近24小时营业的超市,东营市,37.884883,118.523789,mobilitybench:f6962a7b656e1e7508,荣华超市,山东省 广饶县 春华超市西侧200米,37.041169,118.365686,94.84889338618576
mobilitybench_q_9cd716acd99d93f7f8,附近24小时营业的超市,东营市,37.884883,118.523789,mobilitybench:0b24cd6410857cf263,广饶经济开发区润富祥贸易商行,山东省 广饶县 广饶县经济开发区潍高路141号,37.050651,118.370006,93.75006097264567
mobilitybench_q_9cd716acd99d93f7f8,附近24小时营业的超市,东营市,37.884883,118.523789,mobilitybench:6d6faa8e56036fd038,东营市恒通烟花爆竹有限公司,山东省 广饶县 潍高路南侧380米路东,37.052657,118.343985,93.89004822201117
mobilitybench_q_f77427eab3b594942b,顺德区哪里有人力资源市场,东莞市,22.964571,114.030554,mobilitybench:a34d1e8dff17554654,佛山市卓域人力资源有限公司,广东省 顺德区 宝翠花园,22.829725,113.280668,78.26307000648407
mobilitybench_q_f77427eab3b594942b,顺德区哪里有人力资源市场,东莞市,22.964571,114.030554,mobilitybench:c3c253bad2e2402f72,迅聘人力,广东省 顺德区 昌宝西路3号和谐花园,22.775061,113.294089,78.34101576634387
mobilitybench_q_f77427eab3b594942b,顺德区哪里有人力资源市场,东莞市,22.964571,114.030554,mobilitybench:49d47f30312e4df35f,佛山市欢聘人力资源有限公司,广东省 顺德区 昌宝西路12号905路公交站,22.774635,113.293361,78.42571269655069
mobilitybench_q_f77427eab3b594942b,顺德区哪里有人力资源市场,东莞市,22.964571,114.030554,mobilitybench:09c9a4c86b02915ed8,长普人力资源,广东省 顺德区 长城一条街东北门东南50米,22.774394,113.298153,77.96033232955516
mobilitybench_q_f77427eab3b594942b,顺德区哪里有人力资源市场,东莞市,22.964571,114.030554,mobilitybench:2fe7ec69e34147476e,森屿人力,广东省 顺德区 新业路二街与北社路交叉口北80米,22.773900,113.298782,77.91336741303573
mobilitybench_q_f77427eab3b594942b,顺德区哪里有人力资源市场,东莞市,22.964571,114.030554,mobilitybench:df398835a1a5329aa5,广东森屿人力资源有限公司,广东省 顺德区 容桂容奇大道40号口岸大厦F5层,22.777496,113.275058,80.14929794776887
mobilitybench_q_f77427eab3b594942b,顺德区哪里有人力资源市场,东莞市,22.964571,114.030554,mobilitybench:4b247879ec9f3ad10e,佛山市信职人力资源服务中心,广东省 顺德区 颐澳花园52号,22.771866,113.290714,78.77086497923491
mobilitybench_q_f77427eab3b594942b,顺德区哪里有人力资源市场,东莞市,22.964571,114.030554,mobilitybench:16652ae8ad70c49d0d,佛山市火天人力资源有限公司,广东省 顺德区 顺德区国际商业城A区3座3层409,22.816229,113.255791,81.06144567724617
mobilitybench_q_f77427eab3b594942b,顺德区哪里有人力资源市场,东莞市,22.964571,114.030554,mobilitybench:0a2b7c41a7c4640115,佰川人力资源,广东省 顺德区 容里昌明西路天富来国际工业城5期10座110号,22.771042,113.305766,77.31367664516382
mobilitybench_q_f77427eab3b594942b,顺德区哪里有人力资源市场,东莞市,22.964571,114.030554,mobilitybench:1f100c36da6f375776,广东省佛山市派派人力资源有限公司,广东省 顺德区 文武路2号,22.767703,113.299654,78.0195733693332
mobilitybench_q_f77427eab3b594942b,顺德区哪里有人力资源市场,东莞市,22.964571,114.030554,mobilitybench:dee43d211bcdddcda1,顺德区,广东省 顺德区 顺德区,22.805413,113.293197,77.58216347278353
mobilitybench_q_0d70f9ae62d772ff52,中国银行最近的中国银行,邢台市,37.674061,115.142645,mobilitybench:dc336507c481168095,中国银行(新华支行),河北省 襄都区 新华南路138号,37.055856,114.498759,89.23771038011286
mobilitybench_q_0d70f9ae62d772ff52,中国银行最近的中国银行,邢台市,37.674061,115.142645,mobilitybench:dfcf9effdc7bbf284e,中国银行24小时自助银行(中北支行),河北省 襄都区 顺德路65号,37.066258,114.506372,87.91550284300297
mobilitybench_q_0d70f9ae62d772ff52,中国银行最近的中国银行,邢台市,37.674061,115.142645,mobilitybench:dd578ae839ef59d67f,中国银行(邢台市中北支行),河北省 襄都区 顺德路65号,37.066304,114.506311,87.91500758524924
mobilitybench_q_0d70f9ae62d772ff52,中国银行最近的中国银行,邢台市,37.674061,115.142645,mobilitybench:2efbcc7c922859af3a,中国银行24小时自助银行(邢台分行),河北省 信都区 中国银行邢台分行南门旁,37.062577,114.483901,89.50999701755516
mobilitybench_q_0d70f9ae62d772ff52,中国银行最近的中国银行,邢台市,37.674061,115.142645,mobilitybench:95ec133b542e5e4980,中国银行(邢台分行),河北省 信都区 中兴西大街81号,37.062767,114.483713,89.50470949063035
mobilitybench_q_0d70f9ae62d772ff52,中国银行最近的中国银行,邢台市,37.674061,115.142645,mobilitybench:6f811a3155deeeaae1,中国银行24小时自助银行(新兴东大街),河北省 襄都区 新兴东大街463附近,37.049684,114.517791,88.71220408954498
mobilitybench_q_0d70f9ae62d772ff52,中国银行最近的中国银行,邢台市,37.674061,115.142645,mobilitybench:b82e346c67edbf97f0,中国银行(冶金路支行),河北省 信都区 冶金南路62金源广场F1层,37.058277,114.475598,90.35183138770778
mobilitybench_q_0d70f9ae62d772ff52,中国银行最近的中国银行,邢台市,37.674061,115.142645,mobilitybench:f618d6e5ad910d0b57,中国银行24小时自助银行(冶金路支行),河北省 信都区 冶金南路62金源广场F1层,37.058402,114.475569,90.3429388135762
mobilitybench_q_0d70f9ae62d772ff52,中国银行最近的中国银行,邢台市,37.674061,115.142645,mobilitybench:b016e98099da72ac2b,中国银行(天一城支行),河北省 襄都区 天一街西段临街,37.075295,114.500655,87.46999181022467
mobilitybench_q_0d70f9ae62d772ff52,中国银行最近的中国银行,邢台市,37.674061,115.142645,mobilitybench:3f4980fdc82483a4c3,中国银行(邢台市桥西支行),河北省 信都区 冶金北路103号,37.065766,114.475509,89.72564024875611
mobilitybench_q_152f1da1de28b563dd,找一下佳木斯周边的棺材生产厂家,鹤岗市,47.489436,131.915950,mobilitybench:369f433e76027fe76c,佳木斯市,黑龙江省 郊区 郊区,46.800002,130.318916,143.05281766034778
mobilitybench_q_7486133f29342436d3,长春市最近的汽车修理部,长春市,44.284576,125.531294,mobilitybench:9081c86d2b6c6de843,张阳汽车凹坑修复,吉林省 南关区 人民大街西街与南三环交汇,43.821359,125.323096,54.128030349980826
mobilitybench_q_7486133f29342436d3,长春市最近的汽车修理部,长春市,44.284576,125.531294,mobilitybench:bccf604fd39c04653c,佳程汽车修配厂,吉林省 南关区 人民大街西街1231号警官公寓1栋,43.821485,125.322754,54.1231022049475
mobilitybench_q_7486133f29342436d3,长春市最近的汽车修理部,长春市,44.284576,125.531294,mobilitybench:b319eb0ae4ad132e57,车之翼汽修(人民大街西街店),吉林省 南关区 人民大街西街1218号,43.821719,125.324266,54.061236747008344
mobilitybench_q_7486133f29342436d3,长春市最近的汽车修理部,长春市,44.284576,125.531294,mobilitybench:64059989177d6d03d6,兴盛汽修,吉林省 南关区 人民大街西街1210号,43.821812,125.324198,54.053051491332056
mobilitybench_q_7486133f29342436d3,长春市最近的汽车修理部,长春市,44.284576,125.531294,mobilitybench:bc26c81fa92eb24870,佳通轮胎(万豪·汇景新城店),吉林省 南关区 万豪·汇景新城西1门北60米,43.821832,125.324197,54.050958017940665
mobilitybench_q_7486133f29342436d3,长春市最近的汽车修理部,长春市,44.284576,125.531294,mobilitybench:a6c065089a1f38795c,起勋汽修,吉林省 南关区 警官公寓东2门旁(市政府地铁站B1口步行310米),43.822081,125.323798,54.034366838071556
mobilitybench_q_7486133f29342436d3,长春市最近的汽车修理部,长春市,44.284576,125.531294,mobilitybench:ee2c6e901a75d1f7a6,一品锐达名车,吉林省 南关区 人民大街西街986号(市政府地铁站A口步行500米),43.823978,125.324179,53.82419485000881
mobilitybench_q_7486133f29342436d3,长春市最近的汽车修理部,长春市,44.284576,125.531294,mobilitybench:516b76ff996b40199c,邓禄普轮胎(人民大街西街店),吉林省 南关区 警官公寓东1门东北80米,43.824217,125.324031,53.80253706745453
mobilitybench_q_7486133f29342436d3,长春市最近的汽车修理部,长春市,44.284576,125.531294,mobilitybench:d97a96386f8950fef2,重阳汽车维修服务有限公司,吉林省 南关区 卫星广场人民大街西街926号,43.824516,125.324210,53.76648811522712
mobilitybench_q_7486133f29342436d3,长春市最近的汽车修理部,长春市,44.284576,125.531294,mobilitybench:de4e257ad18d0b3b31,小超汽车服务中心,吉林省 南关区 新星宇南熙府二期106门市,43.815809,125.334827,54.43807943204956
mobilitybench_q_7486133f29342436d3,长春市最近的汽车修理部,长春市,44.284576,125.531294,mobilitybench:719afcbeffa7f1ec4e,长春市,吉林省 南关区 南关区,43.816996,125.323643,54.576767838513895
mobilitybench_q_5002b29816acfded3a,我搜一下赤峰附近的健身器材店,赤峰市,41.784001,118.437259,mobilitybench:83154dd6f72ee60b89,云石体育台球器材专营店,内蒙古自治区 松山区 温商大厦,42.276367,118.887916,66.20315811806964
mobilitybench_q_5002b29816acfded3a,我搜一下赤峰附近的健身器材店,赤峰市,41.784001,118.437259,mobilitybench:b8189a31ff9cbe6090,舒华跑步机健身器材(赤峰市红山郡品牌店),内蒙古自治区 红山区 宝山南路红山郡五期商业3-104,42.238904,118.914268,64.12301121632858
mobilitybench_q_5002b29816acfded3a,我搜一下赤峰附近的健身器材店,赤峰市,41.784001,118.437259,mobilitybench:f74a6095a39eb02ab8,璟点台球器材店(迎金路店),内蒙古自治区 松山区 步行街三楼杨茹台球培训学校,42.273146,118.936388,68.24891514071123
mobilitybench_q_5002b29816acfded3a,我搜一下赤峰附近的健身器材店,赤峰市,41.784001,118.437259,mobilitybench:d267f76c539b70cff8,健身器材体育用品,内蒙古自治区 红山区 昭乌达路22号,42.263075,118.958325,68.48593716456938
mobilitybench_q_5002b29816acfded3a,我搜一下赤峰附近的健身器材店,赤峰市,41.784001,118.437259,mobilitybench:fbdcfa7d1e5aa23b99,夺魁台球器材,内蒙古自治区 红山区 永巨街道双桥小区安居3号楼3号厅,42.281044,118.966507,70.46477958827619
mobilitybench_q_5002b29816acfded3a,我搜一下赤峰附近的健身器材店,赤峰市,41.784001,118.437259,mobilitybench:82a68c0a9d1f547eb6,赤峰市,内蒙古自治区 松山区 松山区,42.256876,118.887613,64.41122196674601
mobilitybench_q_946bd12635aeb63d1c,绵阳最近的京昆高速入口,绵阳市,31.183211,105.355794,mobilitybench:9deacd461e9f02a7a6,G5京昆高速入口(成都方向),四川省 涪城区 涪城区,31.509738,104.656097,75.71913349507084
mobilitybench_q_946bd12635aeb63d1c,绵阳最近的京昆高速入口,绵阳市,31.183211,105.355794,mobilitybench:1976db7d64d05a0b80,G5京昆高速入口(成都方向),四川省 涪城区 涪城区,31.441365,104.595957,77.68193667564674
mobilitybench_q_946bd12635aeb63d1c,绵阳最近的京昆高速入口,绵阳市,31.183211,105.355794,mobilitybench:058107fb99d32714d8,G5京昆高速与G5京昆高速入口交叉口,四川省 涪城区 涪城区,31.509388,104.655866,75.71984403767368
mobilitybench_q_946bd12635aeb63d1c,绵阳最近的京昆高速入口,绵阳市,31.183211,105.355794,mobilitybench:b4ea66186802fb2077,G5京昆高速与G5京昆高速入口交叉口,四川省 涪城区 涪城区,31.512659,104.658517,75.67333971011138
mobilitybench_q_946bd12635aeb63d1c,绵阳最近的京昆高速入口,绵阳市,31.183211,105.355794,mobilitybench:4a5664ada1659d379b,G5京昆高速入口与G5京昆高速出口交叉口,四川省 涪城区 涪城区,31.512672,104.658493,75.67602971706722
mobilitybench_q_946bd12635aeb63d1c,绵阳最近的京昆高速入口,绵阳市,31.183211,105.355794,mobilitybench:7cb50921edf97ded7c,G5京昆高速与G5京昆高速入口交叉口,四川省 涪城区 涪城区,31.514091,104.659652,75.65591243562373
mobilitybench_q_946bd12635aeb63d1c,绵阳最近的京昆高速入口,绵阳市,31.183211,105.355794,mobilitybench:dc5226cd880df91188,G5京昆高速与G5京昆高速入口交叉口,四川省 涪城区 涪城区,31.440881,104.595978,77.66038408710725
mobilitybench_q_946bd12635aeb63d1c,绵阳最近的京昆高速入口,绵阳市,31.183211,105.355794,mobilitybench:bbabe2e8f3b1099f0e,G5京昆高速与G5京昆高速入口交叉口,四川省 涪城区 涪城区,31.446486,104.598504,77.66816688855698
mobilitybench_q_946bd12635aeb63d1c,绵阳最近的京昆高速入口,绵阳市,31.183211,105.355794,mobilitybench:200672a3e768149590,G5京昆高速与G5京昆高速入口交叉口,四川省 涪城区 涪城区,31.444786,104.597412,77.69390086710062
mobilitybench_q_946bd12635aeb63d1c,绵阳最近的京昆高速入口,绵阳市,31.183211,105.355794,mobilitybench:a9daa15a765272ed1d,九洲大道与G5京昆高速入口交叉口,四川省 涪城区 涪城区,31.511307,104.661295,75.3701449959032
mobilitybench_q_946bd12635aeb63d1c,绵阳最近的京昆高速入口,绵阳市,31.183211,105.355794,mobilitybench:9ca7836d9025938d91,绵阳市,四川省 涪城区 涪城区,31.467673,104.679127,71.63521792969472
mobilitybench_q_866e7bbf549466aa00,获嘉县。  泰山镇。 附近的卖花卉的。,新乡市,35.174297,113.695296,mobilitybench:b6c26b7e5e1e64ca0d,泰山风景名胜区,山东省 岱岳区 环山路北,36.257434,117.108840,330.85372083322585
mobilitybench_q_ffe48a46a118cb6459,秦皇岛高速口附近加气站CN,唐山市,39.871937,118.633949,mobilitybench:b604d4e86362bbd7ff,秦皇岛收费站(G1京哈高速出口),河北省 抚宁区 抚宁区,39.950487,119.478094,72.52558061953111
mobilitybench_q_ede8efd78e31e70ce5,阎锡山故居附近有没有充电站,忻州市,39.198114,113.268861,mobilitybench:ad35a510492d071e50,万马爱充汽车充电站(定襄飞达重卡充电站),山西省 定襄县 定襄顺胜汽贸对面,38.598026,113.098780,68.33083882066606
mobilitybench_q_ede8efd78e31e70ce5,阎锡山故居附近有没有充电站,忻州市,39.198114,113.268861,mobilitybench:7928d14581b57e9acc,云快充汽车充电站(盛世曙光),山西省 定襄县 芳兰村,38.560226,113.072080,72.94660464754092
mobilitybench_q_ede8efd78e31e70ce5,阎锡山故居附近有没有充电站,忻州市,39.198114,113.268861,mobilitybench:3dfb529a151726e703,壳牌汽车充电站(延长壳牌定襄县管家营慢充电站),山西省 定襄县 管家营法兰慢充站,38.571750,113.041090,72.38499056246093
mobilitybench_q_ede8efd78e31e70ce5,阎锡山故居附近有没有充电站,忻州市,39.198114,113.268861,mobilitybench:4202390fbb05259f6e,驴充充汽车充电站(山西双环重工集团有限公司),山西省 定襄县 012乡道与康平街交叉口东300米砂村超市,38.545850,113.055595,74.84148766752186
mobilitybench_q_ede8efd78e31e70ce5,阎锡山故居附近有没有充电站,忻州市,39.198114,113.268861,mobilitybench:97edec3da907f24382,特来电汽车充电站(特来电东街充电站),山西省 定襄县 祥龙宾馆(宏忻线店),38.615253,113.033140,67.94492517023922
mobilitybench_q_ede8efd78e31e70ce5,阎锡山故居附近有没有充电站,忻州市,39.198114,113.268861,mobilitybench:26fbd52e3662491d53,豪充汽车充电站(五台县东冶镇南大兴村鼎尚快速充电站),山西省 五台县 东冶镇南大兴村鼎尚快速充电站,38.654500,113.148674,61.33477128237524
mobilitybench_q_ede8efd78e31e70ce5,阎锡山故居附近有没有充电站,忻州市,39.198114,113.268861,mobilitybench:1dafa5b3a5db6809e0,星星充电汽车充电站(宏道新能源汽车充电站),山西省 定襄县 宏道镇刘宏线,38.618512,113.026491,67.77500118288675
mobilitybench_q_ede8efd78e31e70ce5,阎锡山故居附近有没有充电站,忻州市,39.198114,113.268861,mobilitybench:e285b12cb10a1c9bbd,星星充电站(定襄宏誉充电科技站),山西省 定襄县 宏道镇008乡道,38.618077,113.023953,67.88924419121946
mobilitybench_q_ede8efd78e31e70ce5,阎锡山故居附近有没有充电站,忻州市,39.198114,113.268861,mobilitybench:5ca6aa999d9357fb96,星星充电东冶汽车充电站,山西省 五台县 东冶镇红旗路北1号(红旗宾馆路东30米),38.650861,113.164289,61.520554054583116
mobilitybench_q_ede8efd78e31e70ce5,阎锡山故居附近有没有充电站,忻州市,39.198114,113.268861,mobilitybench:1cdd562872101ea5ea,云快充汽车充电站(东冶兄弟快充站),山西省 五台县 东冶镇红旗路北1号,38.650901,113.164345,61.51544204409783
mobilitybench_q_ede8efd78e31e70ce5,阎锡山故居附近有没有充电站,忻州市,39.198114,113.268861,mobilitybench:c3060a49cf37fbbf7a,阎家大院(阎锡山故居),山西省 定襄县 河边镇河边村,38.589568,113.110254,69.04548380545863
mobilitybench_q_d3370e5c727c7d5b3a,我在西城市请帮我找一下机场市附近厕所,福州市,26.070753,119.277721,mobilitybench:b2c5dc7f418730a71f,公共厕所,北京市 西城区 下岗垃圾楼旁,39.910184,116.366526,1562.3838514889421
mobilitybench_q_d3370e5c727c7d5b3a,我在西城市请帮我找一下机场市附近厕所,福州市,26.070753,119.277721,mobilitybench:69630e970ec7067a32,北京金融街丽思卡尔顿酒店(金融街店)-洗手间,北京市 西城区 金城坊东街1号丽思卡尔顿酒店内,39.915243,116.363278,1562.9884323451872
mobilitybench_q_d3370e5c727c7d5b3a,我在西城市请帮我找一下机场市附近厕所,福州市,26.070753,119.277721,mobilitybench:451141e4870766c378,四季汇-洗手间,北京市 西城区 金城坊东街1号丽思卡尔顿酒店内(近金融街),39.915084,116.362821,1562.978397570045
mobilitybench_q_d3370e5c727c7d5b3a,我在西城市请帮我找一下机场市附近厕所,福州市,26.070753,119.277721,mobilitybench:7e22a16c772af6b40b,男卫生间(金融街购物中心1期),北京市 西城区 金城坊街2号金融街购物中心1期B1层,39.915492,116.363238,1563.0162674893718
mobilitybench_q_d3370e5c727c7d5b3a,我在西城市请帮我找一下机场市附近厕所,福州市,26.070753,119.277721,mobilitybench:e8e86c128849656578,男卫生间(金融街购物中心1期),北京市 西城区 金城坊街2号金融街购物中心1期L4层,39.915344,116.362087,1563.0185671003771
mobilitybench_q_d3370e5c727c7d5b3a,我在西城市请帮我找一下机场市附近厕所,福州市,26.070753,119.277721,mobilitybench:5319d9e9bae97f3028,卫生间(金融街购物中心1期),北京市 西城区 金城坊街2号金融街购物中心1期B2层,39.915327,116.362036,1563.0175287757495
mobilitybench_q_d3370e5c727c7d5b3a,我在西城市请帮我找一下机场市附近厕所,福州市,26.070753,119.277721,mobilitybench:1e0379913e5b2ec464,女卫生间(金融街购物中心1期),北京市 西城区 金城坊街2号金融街购物中心1期L2层,39.915262,116.361863,1563.0132058670602
mobilitybench_q_d3370e5c727c7d5b3a,我在西城市请帮我找一下机场市附近厕所,福州市,26.070753,119.277721,mobilitybench:8af2e76ff783c7ed93,男卫生间(金融街购物中心1期),北京市 西城区 金城坊街2号金融街购物中心1期L2层,39.915285,116.361861,1563.0157497764878
mobilitybench_q_d3370e5c727c7d5b3a,我在西城市请帮我找一下机场市附近厕所,福州市,26.070753,119.277721,mobilitybench:ca29817d6a8468ff89,男卫生间(金融街购物中心1期),北京市 西城区 金城坊街2号金融街购物中心1期L3层,39.915268,116.361733,1563.0159470341523
mobilitybench_q_d3370e5c727c7d5b3a,我在西城市请帮我找一下机场市附近厕所,福州市,26.070753,119.277721,mobilitybench:227fdff7ed4a2a08ba,鄂尔多斯大酒店-洗手间,北京市 西城区 华远街下沉广场B1,39.910274,116.370953,1562.3227821247256
mobilitybench_q_d3370e5c727c7d5b3a,我在西城市请帮我找一下机场市附近厕所,福州市,26.070753,119.277721,mobilitybench:376167ef62b2e6911c,西城区,北京市 西城区 西城区,39.912600,116.365850,1562.6585474504384
mobilitybench_q_5c523780072b0956c7,离我最近的长兴市的中石化加油站,常州市,31.313212,119.495929,mobilitybench:1c6918c6cf4e810c57,中国石化长兴第二加油站,浙江省 长兴县 雉城镇明珠路938号(国际大酒店北侧),31.019258,119.916563,51.673207747604756
mobilitybench_q_5c523780072b0956c7,离我最近的长兴市的中石化加油站,常州市,31.313212,119.495929,mobilitybench:5bee84eddcf8d501f7,中国石化湖州二加爱心驿站,浙江省 长兴县 雉城镇明珠路938号(国际大酒店北侧),31.019193,119.916694,51.68744394611749
mobilitybench_q_5c523780072b0956c7,离我最近的长兴市的中石化加油站,常州市,31.313212,119.495929,mobilitybench:8dfde2365218ae8760,中国石化长兴大道加油站,浙江省 长兴县 太湖街道长兴大道505号,31.017858,119.935741,53.19522693131418
mobilitybench_q_5c523780072b0956c7,离我最近的长兴市的中石化加油站,常州市,31.313212,119.495929,mobilitybench:aa09031d671a475745,中国石化长兴第一加油站,浙江省 长兴县 雉城街道明珠路22号(老轻纺城对面),30.996995,119.919251,53.46959203507528
mobilitybench_q_5c523780072b0956c7,离我最近的长兴市的中石化加油站,常州市,31.313212,119.495929,mobilitybench:0c1790ff0ff0b0be17,中国石化聚兴加油站,浙江省 长兴县 雉城街道高家墩居民区张家样自然村41号,30.992444,119.890682,51.80040105656772
mobilitybench_q_5c523780072b0956c7,离我最近的长兴市的中石化加油站,常州市,31.313212,119.495929,mobilitybench:b1da04c80bf7c3becd,中国石化长兴西环加油站,浙江省 长兴县 雉城街道回龙山大道58号,31.000235,119.874855,50.112310604341616
mobilitybench_q_5c523780072b0956c7,离我最近的长兴市的中石化加油站,常州市,31.313212,119.495929,mobilitybench:a8bb80ace36e9b2dc7,中国石化长兴城南加油站,浙江省 长兴县 画溪街道长和路2号,30.986372,119.896394,52.6604789064602
mobilitybench_q_5c523780072b0956c7,离我最近的长兴市的中石化加油站,常州市,31.313212,119.495929,mobilitybench:c7565ad34281ef9bd5,中国石化经济开发区加油站,浙江省 长兴县 太湖街道发展大道555号,31.036313,119.965558,54.2609456430412
mobilitybench_q_5c523780072b0956c7,离我最近的长兴市的中石化加油站,常州市,31.313212,119.495929,mobilitybench:419103588e8a8b74e3,长兴县,浙江省 长兴县 长兴县,31.026962,119.911212,50.736906437906555
mobilitybench_q_0bb51599eac2be949c,广州北京路步行街附近的连锁酒店,镇江市,32.196282,119.439010,mobilitybench:24fce22349ca3ea985,莱卡酒店(广州北京路步行街大佛寺店),广东省 越秀区 惠福东路505号,23.121510,113.267864,1177.344225436423
mobilitybench_q_0bb51599eac2be949c,广州北京路步行街附近的连锁酒店,镇江市,32.196282,119.439010,mobilitybench:36ccc4cd47ff4e4244,Plog波普格酒店(广州北京路步行街大佛寺店),广东省 越秀区 惠福东路455号景腾商业大厦F5层,23.121078,113.266606,1177.4496545982622
mobilitybench_q_0bb51599eac2be949c,广州北京路步行街附近的连锁酒店,镇江市,32.196282,119.439010,mobilitybench:91bfb4c9dd185932dc,广州精途酒店(北京路步行街店),广东省 越秀区 北京南路南胜东街1号(北京路地铁站B口步行310米),23.120301,113.269004,1177.4033244627785
mobilitybench_q_0bb51599eac2be949c,广州北京路步行街附近的连锁酒店,镇江市,32.196282,119.439010,mobilitybench:dec163023831b5a96e,MERCURE酒店,广东省 越秀区 北京路与大南路交叉口东南20米,23.120775,113.269225,1177.3463407256816
mobilitybench_q_0bb51599eac2be949c,广州北京路步行街附近的连锁酒店,镇江市,32.196282,119.439010,mobilitybench:5ddffc32d88a29ea06,文星酒店(广州北京路步行街海珠广场地铁站店),广东省 越秀区 大南路49-57号2层,23.119929,113.265819,1177.600506579661
mobilitybench_q_0bb51599eac2be949c,广州北京路步行街附近的连锁酒店,镇江市,32.196282,119.439010,mobilitybench:3cf5afb71bb7828efa,宜致酒店(广州大佛寺北京路步行街店),广东省 越秀区 文明路38号(北京路地铁站出入口步行400米)佰搭果旁,23.121396,113.270382,1177.2277784696498
mobilitybench_q_0bb51599eac2be949c,广州北京路步行街附近的连锁酒店,镇江市,32.196282,119.439010,mobilitybench:24e9e7b4f12c850287,全季酒店(广州北京路步行街店),广东省 越秀区 广州市越秀区北京路147号(北京路地铁站B出口直行30米),23.118634,113.269302,1177.549310750932
mobilitybench_q_0bb51599eac2be949c,广州北京路步行街附近的连锁酒店,镇江市,32.196282,119.439010,mobilitybench:3735af4e7635084d88,逸米酒店(广州北京路地铁站天河城店),广东省 越秀区 越秀区万福路351号(地铁站),23.119043,113.270778,1177.4350977120257
mobilitybench_q_0bb51599eac2be949c,广州北京路步行街附近的连锁酒店,镇江市,32.196282,119.439010,mobilitybench:987f655a4302813432,广州安漫四季公寓(北京路文德广场店),广东省 越秀区 文德路67-69号金德大厦,23.122479,113.271809,1177.050915409603
mobilitybench_q_0bb51599eac2be949c,广州北京路步行街附近的连锁酒店,镇江市,32.196282,119.439010,mobilitybench:125eeb212ad091084c,诗加洛酒店(广州北京路步行街北京路地铁站店),广东省 越秀区 北京路68号北京路大厦5楼,23.117774,113.270539,1177.5698147831554
mobilitybench_q_0bb51599eac2be949c,广州北京路步行街附近的连锁酒店,镇江市,32.196282,119.439010,mobilitybench:e73172f1528cb43ba7,北京路步行街,"广东省 越秀区 北京路(地铁1,2号线公园前站E出口步行170米)",23.120946,113.267679,1177.4080808479728
mobilitybench_q_e2eb62c4987ab76783,滨湖最近的炸鸡店的地图,昆明市,24.825142,103.316131,mobilitybench:eea2179af46746912b,吧唧姐北方刷酱炸串,云南省 五华区 华山街道园西路92号,25.055090,102.705255,66.68854900938273
mobilitybench_q_e2eb62c4987ab76783,滨湖最近的炸鸡店的地图,昆明市,24.825142,103.316131,mobilitybench:8c0377d47ad8237539,玉溪胡九小吃(昆明五分店),云南省 五华区 圆西路72号(圆通电影院对面),25.055444,102.705741,66.6583257025357
mobilitybench_q_e2eb62c4987ab76783,滨湖最近的炸鸡店的地图,昆明市,24.825142,103.316131,mobilitybench:5fdfadcac79d352662,徐小臣草本薄浆炸鸡(圆西路店),云南省 五华区 圆西路58号,25.055645,102.706083,66.63503811528822
mobilitybench_q_e2eb62c4987ab76783,滨湖最近的炸鸡店的地图,昆明市,24.825142,103.316131,mobilitybench:6baa9a35e1736f3af8,牛约堡-手作牛肉汉堡(昆明小菜园店),云南省 五华区 龙翔街道办事处风翥街242号,25.051938,102.695774,67.44131869330218
mobilitybench_q_e2eb62c4987ab76783,滨湖最近的炸鸡店的地图,昆明市,24.825142,103.316131,mobilitybench:d17c635d23936b750a,临榆炸鸡腿(云南大学东路店校外店),云南省 五华区 圆西路55号,25.055610,102.706271,66.6160524678886
mobilitybench_q_e2eb62c4987ab76783,滨湖最近的炸鸡店的地图,昆明市,24.825142,103.316131,mobilitybench:0e0dbdf34c29580f80,闻武记·中式炸鸡(园西路店),云南省 五华区 圆西路55号,25.055643,102.706283,66.616339781918
mobilitybench_q_e2eb62c4987ab76783,滨湖最近的炸鸡店的地图,昆明市,24.825142,103.316131,mobilitybench:31fab49d512fe61bf1,老东粥皇(建设路店),云南省 五华区 建设路180号协信天地1层,25.058628,102.692538,68.02288197915708
mobilitybench_q_e2eb62c4987ab76783,滨湖最近的炸鸡店的地图,昆明市,24.825142,103.316131,mobilitybench:5dceb1836cbe7a8daa,MEMEE炸鸡(五华区店),云南省 五华区 华山东路28号3层五华山社区,25.045161,102.711762,65.66608483708947
mobilitybench_q_e2eb62c4987ab76783,滨湖最近的炸鸡店的地图,昆明市,24.825142,103.316131,mobilitybench:02e1fb1271b2fd29c1,老東粥皇(正义坊店),云南省 五华区 人民中路昆明老街A1幢57、59号,25.041634,102.709445,65.7391358329354
mobilitybench_q_e2eb62c4987ab76783,滨湖最近的炸鸡店的地图,昆明市,24.825142,103.316131,mobilitybench:de4e78887d6c52fa6a,叫了个炸鸡炸鸡店,云南省 盘龙区 综合广告区14栋A一楼附3号,25.051734,102.717207,65.43336284238539
mobilitybench_q_e2eb62c4987ab76783,滨湖最近的炸鸡店的地图,昆明市,24.825142,103.316131,mobilitybench:754cfd26a48cff361e,滨湖饭店,云南省 五华区 文林街202号,25.052525,102.701515,66.92930687661658
mobilitybench_q_ce003ff2766d6b5034,府山公园周边的宠物医院,杭州市,30.379625,120.221034,mobilitybench:362426d746bf9701f6,凯达宠物诊所,浙江省 越城区 毓兰华庭12幢16号,29.993304,120.573031,54.68036478860731
mobilitybench_q_ce003ff2766d6b5034,府山公园周边的宠物医院,杭州市,30.379625,120.221034,mobilitybench:6de4a878571284f13a,德诺宠物医院,浙江省 越城区 府山街道北海路164号,30.008092,120.571357,53.294862961838675
mobilitybench_q_ce003ff2766d6b5034,府山公园周边的宠物医院,杭州市,30.379625,120.221034,mobilitybench:b0b45ace5a6a56e72e,宠一宠物医院(越城总院),浙江省 越城区 塔山街道环城西路468号,29.992320,120.574524,54.855234040003566
mobilitybench_q_ce003ff2766d6b5034,府山公园周边的宠物医院,杭州市,30.379625,120.221034,mobilitybench:f2675a1f3e366d2d9e,祥和宠物医院,浙江省 越城区 环城北路89号,30.010468,120.571132,53.07635781929485
mobilitybench_q_ce003ff2766d6b5034,府山公园周边的宠物医院,杭州市,30.379625,120.221034,mobilitybench:7e7370e9b381beed79,瑞派.虹泰宠物医院(绍兴院区24小时),浙江省 越城区 环城北路220-224号黄酒博物馆斜对面,30.011117,120.575314,53.276460890562184
mobilitybench_q_ce003ff2766d6b5034,府山公园周边的宠物医院,杭州市,30.379625,120.221034,mobilitybench:9476e3fadbb3e0e8a3,英邦尼宠物医院(转诊中心),浙江省 越城区 府山街道解放北路128号1楼4.5号,30.008957,120.582003,53.87336452048542
mobilitybench_q_ce003ff2766d6b5034,府山公园周边的宠物医院,杭州市,30.379625,120.221034,mobilitybench:e09367ef0f97554208,安欣宠物医院犬猫内外科骨科牙科宠物绝育(世茂广场分院),浙江省 越城区 东池路52.54.56号,30.005951,120.593105,54.8198359832955
mobilitybench_q_ce003ff2766d6b5034,府山公园周边的宠物医院,杭州市,30.379625,120.221034,mobilitybench:e75e561b2f24b607ae,小黑宠物诊疗中心,浙江省 越城区 稽山路113号,29.996525,120.593925,55.67026819341337
mobilitybench_q_ce003ff2766d6b5034,府山公园周边的宠物医院,杭州市,30.379625,120.221034,mobilitybench:9f38b531af5db9683f,佳雯宠物医院·牙科·骨外科·急重症(迪荡分院),浙江省 越城区 东池路与环城东路交叉口江南世家底商104室,30.007229,120.592996,54.705206741124464
mobilitybench_q_ce003ff2766d6b5034,府山公园周边的宠物医院,杭州市,30.379625,120.221034,mobilitybench:7104db75b3fde3f011,恩宠动物诊所,浙江省 越城区 延安路620号,29.988877,120.595189,56.401940530335
mobilitybench_q_ce003ff2766d6b5034,府山公园周边的宠物医院,杭州市,30.379625,120.221034,mobilitybench:2220bee4ce4a86d887,府山公园,浙江省 越城区 府山横街270号,30.000496,120.572964,54.049571658936145
mobilitybench_q_bb5f890df74a69efa6,吉大二院亚泰院区周边的。宾馆。,白山市,41.954439,126.433656,mobilitybench:c4a42f187b5348ab66,汉庭酒店(长春吉大二院动植物公园店),吉林省 南关区 亚泰大街3766号中金花园2/1幢106号房,43.875606,125.348543,231.17364560753288
mobilitybench_q_bb5f890df74a69efa6,吉大二院亚泰院区周边的。宾馆。,白山市,41.954439,126.433656,mobilitybench:32c8542bcc50094310,怡馨住宿(吉大二院亚泰院区店),吉林省 南关区 碧泉山庄26栋2单元203,43.872192,125.353450,230.6712090974398
mobilitybench_q_bb5f890df74a69efa6,吉大二院亚泰院区周边的。宾馆。,白山市,41.954439,126.433656,mobilitybench:39d780f7418616dd8d,一家民宿(吉大二院亚泰院区店),吉林省 南关区 亚泰大街3766号中金名筑809室,43.875802,125.348622,231.1912726424164
mobilitybench_q_bb5f890df74a69efa6,吉大二院亚泰院区周边的。宾馆。,白山市,41.954439,126.433656,mobilitybench:7a47d9c5dd04bf7dec,焕然优品商务宾馆(亚泰大街吉大二院店),吉林省 南关区 中金名筑西北1门旁,43.875255,125.348502,231.1389538498437
mobilitybench_q_bb5f890df74a69efa6,吉大二院亚泰院区周边的。宾馆。,白山市,41.954439,126.433656,mobilitybench:b58dbd853222f2d5e6,长春瑞和住宿,吉林省 南关区 东岭街碧泉山庄小区26号楼2单元1楼,43.872190,125.353504,230.66932761643073
mobilitybench_q_bb5f890df74a69efa6,吉大二院亚泰院区周边的。宾馆。,白山市,41.954439,126.433656,mobilitybench:ff7d92c5ae65d898a8,玉杰民宿(长春动植物公园东北师范大学店),吉林省 南关区 公平西路与东岭街交叉口西80米,43.871424,125.351864,230.64176600734848
mobilitybench_q_bb5f890df74a69efa6,吉大二院亚泰院区周边的。宾馆。,白山市,41.954439,126.433656,mobilitybench:6e143627baf511fd88,云居旅店,吉林省 南关区 东岭北街煤气宿舍11栋1楼,43.870825,125.351675,230.5862565528336
mobilitybench_q_bb5f890df74a69efa6,吉大二院亚泰院区周边的。宾馆。,白山市,41.954439,126.433656,mobilitybench:394f23c03b54434c70,悦廷酒店(长春体育中心吉大二院店),吉林省 南关区 东岭北街与安居胡同交汇(安居胡同东行50米),43.871162,125.354615,230.52945227896342
mobilitybench_q_bb5f890df74a69efa6,吉大二院亚泰院区周边的。宾馆。,白山市,41.954439,126.433656,mobilitybench:8e6b54279ea10a6e7e,恋家民宿宾馆(吉大二院亚泰院区店),吉林省 南关区 公平路与东岭北街交汇碧泉山庄27栋三单元501,43.871933,125.353436,230.645092283751
mobilitybench_q_bb5f890df74a69efa6,吉大二院亚泰院区周边的。宾馆。,白山市,41.954439,126.433656,mobilitybench:1a338f93df02d8884b,晴朗民宿(长春吉大二院亚泰院区店),吉林省 南关区 亚泰大街3766号中金名筑大厦,43.875849,125.348592,231.19702241826124
mobilitybench_q_bb5f890df74a69efa6,吉大二院亚泰院区周边的。宾馆。,白山市,41.954439,126.433656,mobilitybench:01f75ddd2b96567438,吉林大学第二医院亚泰院区,吉林省 南关区 亚泰大街4026号,43.872936,125.350432,230.84126000311264
mobilitybench_q_8d21628f6276d86d20,搜一下青岛西站附近有哪些地铁站,长沙市,28.225248,112.998971,mobilitybench:b6a357050c8b0a9a7f,凤凰山路(地铁站),山东省 黄岛区 西海岸快线,35.890085,120.022689,1078.4014548576533
mobilitybench_q_8d21628f6276d86d20,搜一下青岛西站附近有哪些地铁站,长沙市,28.225248,112.998971,mobilitybench:b6191f629d726e31ea,双珠路(地铁站),山东省 黄岛区 (在建)6号线二期;西海岸快线,35.871423,120.016561,1076.4534707183152
mobilitybench_q_8d21628f6276d86d20,搜一下青岛西站附近有哪些地铁站,长沙市,28.225248,112.998971,mobilitybench:ce48dc78d470854740,世纪大道(地铁站),山东省 黄岛区 西海岸快线,35.849688,120.002406,1073.780269742009
mobilitybench_q_8d21628f6276d86d20,搜一下青岛西站附近有哪些地铁站,长沙市,28.225248,112.998971,mobilitybench:0a0dbf937505b0163b,隐珠(地铁站),山东省 黄岛区 西海岸快线,35.892216,120.034854,1079.2847426609349
mobilitybench_q_8d21628f6276d86d20,搜一下青岛西站附近有哪些地铁站,长沙市,28.225248,112.998971,mobilitybench:fb661c1772c6e6f419,盛海路(世博城)(地铁站),山东省 黄岛区 西海岸快线,35.827597,120.002987,1071.928480589374
mobilitybench_q_8d21628f6276d86d20,搜一下青岛西站附近有哪些地铁站,长沙市,28.225248,112.998971,mobilitybench:af60a797edac5c15ea,两河(地铁站),山东省 黄岛区 西海岸快线,35.894161,120.066772,1081.2937321206655
mobilitybench_q_8d21628f6276d86d20,搜一下青岛西站附近有哪些地铁站,长沙市,28.225248,112.998971,mobilitybench:0cce5df9faf0f18e70,大珠山(地铁站),山东省 黄岛区 西海岸快线,35.815786,119.989209,1070.124097118581
mobilitybench_q_8d21628f6276d86d20,搜一下青岛西站附近有哪些地铁站,长沙市,28.225248,112.998971,mobilitybench:699fcc6a4281f698ff,青岛西站(地铁站),山东省 黄岛区 (在建)6号线二期,35.901721,119.959329,1075.7601449723527
mobilitybench_q_8d21628f6276d86d20,搜一下青岛西站附近有哪些地铁站,长沙市,28.225248,112.998971,mobilitybench:214aa84d468511f4a7,海西路(地铁站),山东省 黄岛区 (在建)6号线二期,35.895592,119.967511,1075.7026276955019
mobilitybench_q_8d21628f6276d86d20,搜一下青岛西站附近有哪些地铁站,长沙市,28.225248,112.998971,mobilitybench:129d4fe53bf4b8cf77,东岳路(地铁站),山东省 黄岛区 (在建)6号线二期,35.886880,119.977452,1075.525702477855
mobilitybench_q_8d21628f6276d86d20,搜一下青岛西站附近有哪些地铁站,长沙市,28.225248,112.998971,mobilitybench:5f9e9741fa43e37b0f,青岛西站,山东省 黄岛区 铁山街道海西三路,35.901455,119.956267,1075.5620939508553
mobilitybench_q_822e46d2f117c2b338,嘉定区附近的银行在什么位置,潍坊市,36.688020,119.566383,mobilitybench:95d26b8627a36a8507,中国建设银行(上海新成路支行),上海市 嘉定区 新成路265号(仓场路新成路),31.381184,121.268337,610.5444888329786
mobilitybench_q_822e46d2f117c2b338,嘉定区附近的银行在什么位置,潍坊市,36.688020,119.566383,mobilitybench:ab28d77ea9074a6dde,中国建设银行24小时自助银行(新城路支行),上海市 嘉定区 新成路265号,31.381270,121.268295,610.5342346193999
mobilitybench_q_822e46d2f117c2b338,嘉定区附近的银行在什么位置,潍坊市,36.688020,119.566383,mobilitybench:5a588c87d2ce837132,兴业银行(上海仓场路社区支行),上海市 嘉定区 仓场路442号,31.382059,121.268964,610.4650756541715
mobilitybench_q_822e46d2f117c2b338,嘉定区附近的银行在什么位置,潍坊市,36.688020,119.566383,mobilitybench:66420e955b471f571c,上海农商银行ATM(新成分理处),上海市 嘉定区 新成街道仓场路447号,31.381833,121.269640,610.5053972288063
mobilitybench_q_822e46d2f117c2b338,嘉定区附近的银行在什么位置,潍坊市,36.688020,119.566383,mobilitybench:7df8bf460944368fe6,上海农商银行(新成分理处),上海市 嘉定区 新成街道仓场路447号,31.381859,121.269668,610.5032594557077
mobilitybench_q_822e46d2f117c2b338,嘉定区附近的银行在什么位置,潍坊市,36.688020,119.566383,mobilitybench:6fd20fa204bb48206a,中国邮政储蓄银行(新成邮局营业部),上海市 嘉定区 仓场路416号,31.382485,121.270361,610.4522393976462
mobilitybench_q_822e46d2f117c2b338,嘉定区附近的银行在什么位置,潍坊市,36.688020,119.566383,mobilitybench:2b6625b2ae3538996a,中国农业银行(仓场路支行),上海市 嘉定区 和政路272号,31.382336,121.272401,610.5165768431227
mobilitybench_q_822e46d2f117c2b338,嘉定区附近的银行在什么位置,潍坊市,36.688020,119.566383,mobilitybench:d10451534a766362f7,中信银行(上海嘉定支行),上海市 嘉定区 金沙路75泰宸汇金商务楼F1层,31.381137,121.256121,610.261872711445
mobilitybench_q_822e46d2f117c2b338,嘉定区附近的银行在什么位置,潍坊市,36.688020,119.566383,mobilitybench:30ef190db47c890b90,上海农商银行(嘉定支行),上海市 嘉定区 叶城路565号,31.367345,121.258869,611.8123800977912
mobilitybench_q_822e46d2f117c2b338,嘉定区附近的银行在什么位置,潍坊市,36.688020,119.566383,mobilitybench:43e519e15fbd2443a9,中国工商银行ATM(迎园支行),上海市 嘉定区 迎园北路83号,31.385485,121.262459,609.9425381935991
mobilitybench_q_822e46d2f117c2b338,嘉定区附近的银行在什么位置,潍坊市,36.688020,119.566383,mobilitybench:48fa0fd742cbf2d8e4,嘉定区,上海市 嘉定区 嘉定区,31.375566,121.265276,611.0773420667001
mobilitybench_q_db03d64b46e1a6367b,石狮县附近的LNG加气站,福州市,25.605560,119.282715,mobilitybench:12c177133824df55ed,新奥天然气LNG加气站(北环路站)(暂停营业),福建省 石狮市 北环路后垵村段,24.762692,118.654035,113.07435621979735
mobilitybench_q_db03d64b46e1a6367b,石狮县附近的LNG加气站,福州市,25.605560,119.282715,mobilitybench:a2df00c3a338890fd7,石狮市,福建省 石狮市 石狮市,24.731969,118.647945,116.26163328100074
mobilitybench_q_425e5c113a8e10e8b5,重庆北站附近的菜市场。,成都市,30.647386,104.066682,mobilitybench:eb8795ed14995d1c57,惠多集贸市场(华宇·北城中央汇B区店),重庆市 两江新区 重庆两江新区天宫殿街道泰山大道东段58号附5号,29.602791,106.549419,265.5225470649768
mobilitybench_q_425e5c113a8e10e8b5,重庆北站附近的菜市场。,成都市,30.647386,104.066682,mobilitybench:4fa28629bd54373d57,新杰蔬菜批发零售(东湖南路农贸市场店),重庆市 两江新区 玉兰路178号新杰蔬菜,29.603390,106.545307,265.1371932334097
mobilitybench_q_425e5c113a8e10e8b5,重庆北站附近的菜市场。,成都市,30.647386,104.066682,mobilitybench:481c593c718106c059,钱大妈(保利·香槟花园店),重庆市 两江新区 两江新区天宫殿街道树兰路114号,29.601783,106.548940,265.5312676743059
mobilitybench_q_425e5c113a8e10e8b5,重庆北站附近的菜市场。,成都市,30.647386,104.066682,mobilitybench:5a20640cc58c621e2f,东湖南路农贸市场(康居苑店),重庆市 两江新区 泰山大道东段28号(重庆520创客社区B幢),29.602878,106.545173,265.1510904986366
mobilitybench_q_425e5c113a8e10e8b5,重庆北站附近的菜市场。,成都市,30.647386,104.066682,mobilitybench:e79280570393d38a81,百合行生鲜食品平价超市(招商·晶公馆店),重庆市 两江新区 招商·晶公馆,29.617473,106.554027,265.19619416156684
mobilitybench_q_425e5c113a8e10e8b5,重庆北站附近的菜市场。,成都市,30.647386,104.066682,mobilitybench:c0269779873733baae,钱大妈(招商花园城锦园店),重庆市 两江新区 天瑞路17号(龙头寺地铁站2号口步行70米),29.617821,106.548929,264.7370058569996
mobilitybench_q_425e5c113a8e10e8b5,重庆北站附近的菜市场。,成都市,30.647386,104.066682,mobilitybench:be21e1a4b7621e5654,兔德生活生鲜超市(招商·晶公馆店),重庆市 两江新区 两江新区天宫殿街道祥康路4号附11号,29.617544,106.554209,265.2084937651292
mobilitybench_q_425e5c113a8e10e8b5,重庆北站附近的菜市场。,成都市,30.647386,104.066682,mobilitybench:cee99ae3264fab282d,绿食鲜生鲜连锁超市(招商花园城锦园店),重庆市 两江新区 天瑞路17号5栋附9号(龙头寺地铁站2号口步行190米),29.617734,106.547554,264.62207268959384
mobilitybench_q_425e5c113a8e10e8b5,重庆北站附近的菜市场。,成都市,30.647386,104.066682,mobilitybench:ca1597e6112d5c2248,约购生鲜(海龙居店),重庆市 两江新区 华园路2巷13号对面海龙居,29.603665,106.558852,266.29527561864006
mobilitybench_q_425e5c113a8e10e8b5,重庆北站附近的菜市场。,成都市,30.647386,104.066682,mobilitybench:c6a250ab08c7827233,帝怡天宫殿菜市场,重庆市 两江新区 天宫殿街道华园路135号临街第一层,29.602739,106.558015,266.26873605869116
mobilitybench_q_425e5c113a8e10e8b5,重庆北站附近的菜市场。,成都市,30.647386,104.066682,mobilitybench:5549da2162eb9f0a86,重庆北站,重庆市 两江新区 昆仑大道51号附8号,29.609378,106.550953,265.32867813388816
mobilitybench_q_ab8ad0a2374ff771eb,帮我搜搜广州盈特附近的篮球场 1km之内。,广州市,22.724795,113.532917,mobilitybench:d2d73d26db5e51af42,广州市雅尚盈饰品有限公司,广东省 荔湾区 站前路2号西郊大厦B座一楼1081,23.138468,113.246278,54.566485637876085
mobilitybench_q_5bbeb9f8ea55e68008,帮我查一下那个南昌江科附中艺术中心附近的公安局,九江市,29.606920,115.921650,mobilitybench:ceb471b637d1d7fa22,高新公安分局,江西省 青山湖区 昌东大道6999号,28.680837,115.991188,103.19707671628429
mobilitybench_q_5bbeb9f8ea55e68008,帮我查一下那个南昌江科附中艺术中心附近的公安局,九江市,29.606920,115.921650,mobilitybench:d4316e9bc9f896afef,南昌市公安局青山湖分局,江西省 青山湖区 南京东路649号,28.682338,115.946046,102.83626517407728
mobilitybench_q_5bbeb9f8ea55e68008,帮我查一下那个南昌江科附中艺术中心附近的公安局,九江市,29.606920,115.921650,mobilitybench:23e658f26d2f6e4e89,江科附中艺术中心,江西省 南昌县 天祥大道288号,28.686949,116.023486,102.77317942873078
mobilitybench_q_27d3d9f42b180c3c2f,夫子庙。附近葡萄酒厂。附近葡萄酒厂。,晋中市,37.659876,112.779235,mobilitybench:c1fa828c98796ef71c,南京夫子庙,江苏省 秦淮区 贡院街152号,32.020660,118.788899,832.6574944008472
mobilitybench_q_dea451971acf84bcab,苹果手机附近售后维修中心,上海市,30.927256,121.278662,mobilitybench:f69bff3fc1e1751830,华为授权服务中心(外高桥阳光天地),上海市 浦东新区 张杨北路3145号1层(外高桥阳光天地),31.311830,121.588768,51.96221326157228
mobilitybench_q_dea451971acf84bcab,苹果手机附近售后维修中心,上海市,30.927256,121.278662,mobilitybench:0db3ee8ef4d26629d2,开锁.换锁芯.配汽车钥匙,上海市 浦东新区 俱进路412号,31.300175,121.611765,52.202247053335704
mobilitybench_q_dea451971acf84bcab,苹果手机附近售后维修中心,上海市,30.927256,121.278662,mobilitybench:241a255165c6ac444c,时瑞名表维修中心(万嘉商业广场店),上海市 浦东新区 东靖路1881号万嘉商业广场F1层,31.293088,121.610050,51.47899916596819
mobilitybench_q_dea451971acf84bcab,苹果手机附近售后维修中心,上海市,30.927256,121.278662,mobilitybench:182bef558566f64317,益民空调家电维修中心,上海市 浦东新区 同清苑北区东南门旁,31.337543,121.570897,53.43241836643667
mobilitybench_q_dea451971acf84bcab,苹果手机附近售后维修中心,上海市,30.927256,121.278662,mobilitybench:8a7d8df83947785ac8,名表维修保养,上海市 浦东新区 高桥镇石家街75号,31.344438,121.580893,54.58331833710248
mobilitybench_q_dea451971acf84bcab,苹果手机附近售后维修中心,上海市,30.927256,121.278662,mobilitybench:7a7aa7a5834d1a2c5d,手机维修服务中心(极修匠清溪路店),上海市 浦东新区 清溪路229号,31.342579,121.574252,54.076384376779444
mobilitybench_q_dea451971acf84bcab,苹果手机附近售后维修中心,上海市,30.927256,121.278662,mobilitybench:e4c0138a80f6e3e22c,永达奥城旗舰店售后,上海市 浦东新区 申江路288号,31.299397,121.624509,52.880358250595876
mobilitybench_q_dea451971acf84bcab,苹果手机附近售后维修中心,上海市,30.927256,121.278662,mobilitybench:772ecfe8450b3c4988,苹果手机维修服务中心,上海市 浦东新区 张杨北路5554号高桥松饼隔壁,31.343822,121.574923,54.227553744362844
mobilitybench_q_dea451971acf84bcab,苹果手机附近售后维修中心,上海市,30.927256,121.278662,mobilitybench:31337d878024fb81ce,千机网手机维修(月亮湾商业中心店),上海市 浦东新区 新园路88号月亮湾商业中心F1层,31.317937,121.629791,54.81188586554812
mobilitybench_q_dea451971acf84bcab,苹果手机附近售后维修中心,上海市,30.927256,121.278662,mobilitybench:15738f1e0fbc63bf86,社区便民空调家电制冷维修回收空调,上海市 浦东新区 高桥镇学前街92号,31.347078,121.583629,54.96985832264435
mobilitybench_q_dea451971acf84bcab,苹果手机附近售后维修中心,上海市,30.927256,121.278662,mobilitybench:4aec5f0c82276d7092,Apple授权专营店(森兰花园城店),上海市 浦东新区 启帆路517号森兰花园城L132室,31.314310,121.591511,52.337304445422845
mobilitybench_q_4621f0a6ff0edc9581,下马庄附近的24小时便利店,咸阳市,34.448374,108.597842,mobilitybench:b42afe08bbdd1e401d,喜洋洋便利店(德明华府店),广东省 惠城区 河南岸街道演达四路1号德明华府喜洋洋便利店,23.048436,114.417327,1388.032867509916
mobilitybench_q_4621f0a6ff0edc9581,下马庄附近的24小时便利店,咸阳市,34.448374,108.597842,mobilitybench:0061b625b1d900785d,美宜佳(惠泽南苑店),广东省 惠城区 演达二路3号,23.053635,114.418849,1387.5600569460846
mobilitybench_q_4621f0a6ff0edc9581,下马庄附近的24小时便利店,咸阳市,34.448374,108.597842,mobilitybench:63d4073a39770dbb41,美宜佳(启明苑店),广东省 惠城区 河南岸金山湖17号小区美地花园9栋1层05号商场,23.052917,114.421152,1387.7248878467851
mobilitybench_q_4621f0a6ff0edc9581,下马庄附近的24小时便利店,咸阳市,34.448374,108.597842,mobilitybench:51a294289ce93d90b2,美宜佳药店(合立方大厦店),广东省 惠城区 演达大道与演达四路交叉口东南120米,23.047110,114.418169,1388.2021605566736
mobilitybench_q_4621f0a6ff0edc9581,下马庄附近的24小时便利店,咸阳市,34.448374,108.597842,mobilitybench:45a2683db471935495,京东便利店(河南岸店),广东省 惠城区 惠远三路盛禾华府21号,23.054807,114.418151,1387.4122520735632
mobilitybench_q_4621f0a6ff0edc9581,下马庄附近的24小时便利店,咸阳市,34.448374,108.597842,mobilitybench:2f3ee7b982da0baa39,美宜佳(榕景华庭店),广东省 惠城区 演达大道31号榕景华庭3号楼1层01号,23.055108,114.416775,1387.3269035171338
mobilitybench_q_4621f0a6ff0edc9581,下马庄附近的24小时便利店,咸阳市,34.448374,108.597842,mobilitybench:dca3790bdd30d511ef,百世邻里(美地·花园城店),广东省 惠城区 美地·花园城南门旁,23.053705,114.421624,1387.662799785076
mobilitybench_q_4621f0a6ff0edc9581,下马庄附近的24小时便利店,咸阳市,34.448374,108.597842,mobilitybench:88b2c5a3e11c651d6a,美宜佳(南岸路店),广东省 惠城区 金湖路110号,23.050300,114.422840,1388.0600588814116
mobilitybench_q_4621f0a6ff0edc9581,下马庄附近的24小时便利店,咸阳市,34.448374,108.597842,mobilitybench:f3f9438c333225bd76,天福(上一组四巷店),广东省 惠城区 上一组四巷与南岸路交叉口西南120米,23.047451,114.421335,1388.2925428851663
mobilitybench_q_4621f0a6ff0edc9581,下马庄附近的24小时便利店,咸阳市,34.448374,108.597842,mobilitybench:0671ee6dc3dfa2d40d,润家百货(美地花园城店),广东省 惠城区 河南岸演达二路7号美地·花园城A03A,23.053638,114.421929,1387.681752532096
mobilitybench_q_4621f0a6ff0edc9581,下马庄附近的24小时便利店,咸阳市,34.448374,108.597842,mobilitybench:1c73335badfe993fe7,下马庄,广东省 惠城区 惠城区,23.050832,114.417906,1387.8101110398597
mobilitybench_q_06897c9e5d0a675da8,昆明茶城附近的汉庭酒店,西双版纳傣族自治州,22.009928,100.812998,mobilitybench:fed15e6f5cb5abc58e,汉庭酒店(昆明经开区学院店),云南省 官渡区 玉缘路世纪浩鸿商业广场2号楼1楼101号,24.965642,102.793008,385.7162434659984
mobilitybench_q_06897c9e5d0a675da8,昆明茶城附近的汉庭酒店,西双版纳傣族自治州,22.009928,100.812998,mobilitybench:a5f691b39acc427d87,汉庭酒店(昆明双桥夜市风情街店),云南省 官渡区 关上日新路永香小区二期1幢,25.005416,102.740832,386.7452454749538
mobilitybench_q_06897c9e5d0a675da8,昆明茶城附近的汉庭酒店,西双版纳傣族自治州,22.009928,100.812998,mobilitybench:186b9dfeadf0938393,汉庭酒店(昆明火车站国贸中心店),云南省 官渡区 关上金汁路506号,25.015525,102.739990,387.66632020922464
mobilitybench_q_06897c9e5d0a675da8,昆明茶城附近的汉庭酒店,西双版纳傣族自治州,22.009928,100.812998,mobilitybench:4dd4957b7ecfa5bcd3,汉庭酒店(昆明新螺蛳湾南部客运站店),云南省 官渡区 螺蛳湾国际商贸城1期13栋1层106.107,24.936587,102.778925,382.2240187420906
mobilitybench_q_06897c9e5d0a675da8,昆明茶城附近的汉庭酒店,西双版纳傣族自治州,22.009928,100.812998,mobilitybench:319a998c56d5dc7a60,汉庭酒店(昆明前兴路儿童医院店),云南省 西山区 前兴路289号,24.989647,102.705177,383.4004425974611
mobilitybench_q_06897c9e5d0a675da8,昆明茶城附近的汉庭酒店,西双版纳傣族自治州,22.009928,100.812998,mobilitybench:e093408bd9ae6181e3,汉庭酒店(昆明火车站店),云南省 官渡区 明通路20号云南供用电科技楼,25.022004,102.718402,387.17635308810503
mobilitybench_q_06897c9e5d0a675da8,昆明茶城附近的汉庭酒店,西双版纳傣族自治州,22.009928,100.812998,mobilitybench:7c964b411845d6d164,汉庭昆明火车站环城南路酒店,云南省 官渡区 北京路175号(环城南路与北京路交叉口),25.024920,102.721132,387.595348984615
mobilitybench_q_06897c9e5d0a675da8,昆明茶城附近的汉庭酒店,西双版纳傣族自治州,22.009928,100.812998,mobilitybench:86b723a61fc45f8f6a,汉庭酒店(昆明滇池路万达广场店),云南省 西山区 海埂路139号,25.018854,102.708229,386.3549639048108
mobilitybench_q_06897c9e5d0a675da8,昆明茶城附近的汉庭酒店,西双版纳傣族自治州,22.009928,100.812998,mobilitybench:7623c8cc0bdc655a98,汉庭酒店(昆明北京路店),云南省 官渡区 北京路277号华升大厦1层,25.029603,102.720472,388.0103316059687
mobilitybench_q_06897c9e5d0a675da8,昆明茶城附近的汉庭酒店,西双版纳傣族自治州,22.009928,100.812998,mobilitybench:fd1d907bd6edc389fd,汉庭酒店(昆明金马坊店),云南省 西山区 东寺街870号(原昆明市社保局),25.027206,102.707854,387.1372527201611
mobilitybench_q_06897c9e5d0a675da8,昆明茶城附近的汉庭酒店,西双版纳傣族自治州,22.009928,100.812998,mobilitybench:0826c1827d70656bd2,昆明鸿源茶叶(世纪城茶叶市场店),云南省 官渡区 金源大道1号昆明世纪金源购物中心B馆B1层,24.977714,102.760404,385.1314030435827
mobilitybench_q_8ac97d77f550ae56e4,河间最近墨玉县墨玉县人民医院,和田地区,37.259726,79.849428,mobilitybench:7cb25aa4d58af79259,河间市,河北省 河间市 河间市,38.446656,116.099362,3164.8077219844213
mobilitybench_q_3cc348bd841f5e92c8,搜索青岛民航职业学校附近汉庭酒店,北京市,39.683251,116.327225,mobilitybench:a782fcd7421de32298,汉庭酒店(青岛城阳凤岗路地铁站店),山东省 城阳区 兴阳路332号(凤岗路地铁站C口步行490米),36.289549,120.388993,518.6448380868635
mobilitybench_q_3cc348bd841f5e92c8,搜索青岛民航职业学校附近汉庭酒店,北京市,39.683251,116.327225,mobilitybench:dee5a9eb6d82c1f68a,汉庭酒店(青岛城阳正阳中路地铁站店),山东省 城阳区 华城路368号,36.306882,120.384435,516.941811887271
mobilitybench_q_3cc348bd841f5e92c8,搜索青岛民航职业学校附近汉庭酒店,北京市,39.683251,116.327225,mobilitybench:08e6634474c6194db2,汉庭酒店(青岛城阳万达广场一店),山东省 城阳区 正阳中路117号,36.306205,120.423193,519.3363659730112
mobilitybench_q_3cc348bd841f5e92c8,搜索青岛民航职业学校附近汉庭酒店,北京市,39.683251,116.327225,mobilitybench:45715a241350c41372,汉庭酒店(青岛高新区蓝湾创业园店),山东省 城阳区 蓝湾创业园南3门旁,36.302489,120.312691,513.0079354642746
mobilitybench_q_3cc348bd841f5e92c8,搜索青岛民航职业学校附近汉庭酒店,北京市,39.683251,116.327225,mobilitybench:7f8525c56e060564eb,汉庭酒店(青岛黑龙江中路国开中学店),山东省 城阳区 黑龙江中路702号磊鑫智造园1号楼,36.204950,120.430134,528.111164024041
mobilitybench_q_3cc348bd841f5e92c8,搜索青岛民航职业学校附近汉庭酒店,北京市,39.683251,116.327225,mobilitybench:e68ef459a3f724996e,汉庭酒店(青岛即墨古城墨城路店),山东省 即墨区 墨城路188号,36.360831,120.442724,516.0638947854949
mobilitybench_q_3cc348bd841f5e92c8,搜索青岛民航职业学校附近汉庭酒店,北京市,39.683251,116.327225,mobilitybench:6e395c4fd9ff86f4c8,青岛民航专修学院,山东省 城阳区 天河路一号,36.280729,120.393740,519.6579343105191
mobilitybench_q_67dd35cd5c15ecd0cd,广州T3航站楼附近的加油站,佛山市,22.831636,113.252248,mobilitybench:c387156af147663d91,中国石化竹料加油站,广东省 白云区 竹料大道西1号,23.366307,113.357430,60.418276377414855
mobilitybench_q_67dd35cd5c15ecd0cd,广州T3航站楼附近的加油站,佛山市,22.831636,113.252248,mobilitybench:8a24ae43561522dc1d,中国航油白云机场北区加油站,广东省 花都区 空港北横五路888号,23.412456,113.308985,64.84442141212979
mobilitybench_q_67dd35cd5c15ecd0cd,广州T3航站楼附近的加油站,佛山市,22.831636,113.252248,mobilitybench:eedec39d7f556396cd,中油bp良田加油站,广东省 白云区 良田村105国道边,23.353822,113.370453,59.30994236312252
mobilitybench_q_67dd35cd5c15ecd0cd,广州T3航站楼附近的加油站,佛山市,22.831636,113.252248,mobilitybench:90592f793e1091de86,广业石油加油站(太成站),广东省 白云区 太成村106国道与和瑞路交汇处,23.353147,113.270791,58.02046648079759
mobilitybench_q_67dd35cd5c15ecd0cd,广州T3航站楼附近的加油站,佛山市,22.831636,113.252248,mobilitybench:74941494d46284cb7d,中国石化广州罗村加油站,广东省 白云区 钟落潭镇广从四路33号,23.326717,113.360385,56.15096118319371
mobilitybench_q_67dd35cd5c15ecd0cd,广州T3航站楼附近的加油站,佛山市,22.831636,113.252248,mobilitybench:2c6924921bfd212534,中国石化广州人和加油站,广东省 白云区 人和镇鹤龙五路403号之一,23.316637,113.300845,54.15838099834616
mobilitybench_q_67dd35cd5c15ecd0cd,广州T3航站楼附近的加油站,佛山市,22.831636,113.252248,mobilitybench:2e357fb287100b6ec7,中国石油金光桦加油站,广东省 白云区 广从四路5号1、3、4栋,23.321819,113.358652,55.58215564415928
mobilitybench_q_67dd35cd5c15ecd0cd,广州T3航站楼附近的加油站,佛山市,22.831636,113.252248,mobilitybench:a7e0db4cc6ee7b758f,中国石油驰越一加油站(水厂北路),广东省 花都区 新雅街清布村南阳庄桥,23.388030,113.260136,61.8735347566278
mobilitybench_q_67dd35cd5c15ecd0cd,广州T3航站楼附近的加油站,佛山市,22.831636,113.252248,mobilitybench:bad289034aead5f9f5,加德士加油站,广东省 花都区 迎宾大道188号(广州华钜君悦酒店西),23.376003,113.253728,60.53112150369416
mobilitybench_q_67dd35cd5c15ecd0cd,广州T3航站楼附近的加油站,佛山市,22.831636,113.252248,mobilitybench:00cf3cbd90ebf28b09,中国石化龙口加油站,广东省 花都区 花山镇龙口村106国道与商业大道交叉口的西北方向,23.398015,113.259621,62.98307198929903
mobilitybench_q_67dd35cd5c15ecd0cd,广州T3航站楼附近的加油站,佛山市,22.831636,113.252248,mobilitybench:8f6b4983b83fd42485,广州白云国际机场T3航站楼,广东省 白云区,23.368651,113.321681,60.13422505034927
mobilitybench_q_413b57db7b774ede52,无锡市观山名筑附近的酒店,上海市,31.225675,121.447024,mobilitybench:a428331b4432b019f0,无锡赢嘉酒店,江苏省 滨湖区 华庄街道观山名筑298号-108,31.501650,120.331519,110.26960704129444
mobilitybench_q_413b57db7b774ede52,无锡市观山名筑附近的酒店,上海市,31.225675,121.447024,mobilitybench:1a55772fdb4396482f,花间里·HUA JIAN LI,江苏省 滨湖区 观山名筑南区6号门324-2003,31.501673,120.336334,109.83127758078096
mobilitybench_q_413b57db7b774ede52,无锡市观山名筑附近的酒店,上海市,31.225675,121.447024,mobilitybench:dd863ea78dbf33f8d2,多多驿站,江苏省 滨湖区 观山路与蠡河道交叉口西北260米,31.498325,120.336025,109.75784211464985
mobilitybench_q_413b57db7b774ede52,无锡市观山名筑附近的酒店,上海市,31.225675,121.447024,mobilitybench:523b432f40d3171f4b,宜家民宿(太湖博览中心塘铁桥地铁站店),江苏省 滨湖区 南霞路银城蔚来181栋517室,31.502035,120.328811,110.52827229061427
mobilitybench_q_413b57db7b774ede52,无锡市观山名筑附近的酒店,上海市,31.225675,121.447024,mobilitybench:2c71205fc642524f86,无锡凯莱大饭店,江苏省 滨湖区 高浪西路202号无锡凯莱大饭店1层,31.504113,120.326792,110.77564812038364
mobilitybench_q_413b57db7b774ede52,无锡市观山名筑附近的酒店,上海市,31.225675,121.447024,mobilitybench:7b9dd930ca330383cf,多多驿站,江苏省 滨湖区 南霞路与瑞景道交叉口西南260米,31.500403,120.328859,110.47446456804965
mobilitybench_q_413b57db7b774ede52,无锡市观山名筑附近的酒店,上海市,31.225675,121.447024,mobilitybench:5ffd02b97228373a75,无锡青也民宿,江苏省 滨湖区 华庄街道银城蔚来179栋223室,31.502020,120.327198,110.67493494060606
mobilitybench_q_413b57db7b774ede52,无锡市观山名筑附近的酒店,上海市,31.225675,121.447024,mobilitybench:00ca21112c869b4e52,逸居轻奢公寓,江苏省 滨湖区 南霞路银城蔚来179栋1楼,31.501950,120.327074,110.68412292173748
mobilitybench_q_413b57db7b774ede52,无锡市观山名筑附近的酒店,上海市,31.225675,121.447024,mobilitybench:6ed263cbd3579d8190,巷往酒店式公寓(塘铁桥地铁站店),江苏省 滨湖区 IN有街市(塘铁桥地铁站1号口步行260米),31.501899,120.327133,110.67719509298595
mobilitybench_q_413b57db7b774ede52,无锡市观山名筑附近的酒店,上海市,31.225675,121.447024,mobilitybench:a3da9a51590a1e9100,云归民宿,江苏省 滨湖区 南霞路银城蔚来181栋大厅,31.501967,120.326725,110.71647276142083
mobilitybench_q_413b57db7b774ede52,无锡市观山名筑附近的酒店,上海市,31.225675,121.447024,mobilitybench:dec4a684691cfd42c8,观山名筑,江苏省 滨湖区 瑞景路与高浪东路交汇处,31.500274,120.334559,109.95055852657997
mobilitybench_q_6bc75ac39681cf71db,帮我寻找芳村附近的羽毛球馆,芜湖市,31.286696,118.478830,mobilitybench:d9b97f8c2465f457bd,速迈·杰晟羽毛球馆(芳村店),广东省 荔湾区 余庆园46号花力会(芳村地铁站A1口步行360米),23.098119,113.232648,1047.585278511652
mobilitybench_q_6bc75ac39681cf71db,帮我寻找芳村附近的羽毛球馆,芜湖市,31.286696,118.478830,mobilitybench:189e9265eb649a0f63,合兴苑小学羽毛球馆,广东省 荔湾区 荣兴路和兴苑小区42号,23.093096,113.231926,1048.1113382625294
mobilitybench_q_6bc75ac39681cf71db,帮我寻找芳村附近的羽毛球馆,芜湖市,31.286696,118.478830,mobilitybench:377f8021aa112dff3d,龙湾文创荟,广东省 荔湾区 龙湾路28号,23.100588,113.226482,1047.6452946250915
mobilitybench_q_6bc75ac39681cf71db,帮我寻找芳村附近的羽毛球馆,芜湖市,31.286696,118.478830,mobilitybench:e7f2e0cc4e4817a171,广州龙湾荟羽毛球馆,广东省 荔湾区 石围塘街道龙湾路28-1号,23.100713,113.226514,1047.6315210365947
mobilitybench_q_6bc75ac39681cf71db,帮我寻找芳村附近的羽毛球馆,芜湖市,31.286696,118.478830,mobilitybench:24df100317ccd03f83,RSL羽毛球,广东省 荔湾区 黄沙大道28-32号(黄沙地铁站C口步行380米),23.111250,113.237006,1046.089554346603
mobilitybench_q_6bc75ac39681cf71db,帮我寻找芳村附近的羽毛球馆,芜湖市,31.286696,118.478830,mobilitybench:98768026f44ae84e8e,广州羽星羽毛球馆,广东省 荔湾区 芳村大道北285号之四羽星羽毛球馆,23.085592,113.235757,1048.6578768365873
mobilitybench_q_6bc75ac39681cf71db,帮我寻找芳村附近的羽毛球馆,芜湖市,31.286696,118.478830,mobilitybench:95f9ae95f02cc0de4e,尚创羽毛球馆(荔湾店),广东省 荔湾区 葵蓬路岸边街6号东南门(湾区国际茶博园2栋),23.096367,113.219105,1048.4182446482312
mobilitybench_q_6bc75ac39681cf71db,帮我寻找芳村附近的羽毛球馆,芜湖市,31.286696,118.478830,mobilitybench:d48af75ab40804a9fd,沙涌羽毛球馆,广东省 荔湾区 芳村大道25号白云山药厂内白编号A区1号,23.082976,113.243508,1048.5360384028284
mobilitybench_q_6bc75ac39681cf71db,帮我寻找芳村附近的羽毛球馆,芜湖市,31.286696,118.478830,mobilitybench:65fc5a271e9fea6424,羽星羽毛球馆,广东省 荔湾区 葵蓬小学南门旁,23.090477,113.216540,1049.118909133196
mobilitybench_q_6bc75ac39681cf71db,帮我寻找芳村附近的羽毛球馆,芜湖市,31.286696,118.478830,mobilitybench:dd8c0ec98c371b5ce7,鸣羽羽毛球馆,广东省 海珠区 革新路139号之一中中船汇,23.088975,113.254975,1047.391324554521
mobilitybench_q_6bc75ac39681cf71db,帮我寻找芳村附近的羽毛球馆,芜湖市,31.286696,118.478830,mobilitybench:9cc53283232741926c,芳村(地铁站),广东省 荔湾区 (在建)22号线北延段;11号线;1号线;22号线,23.098570,113.235870,1047.383929897604
mobilitybench_q_781a04afe213dbac1a,民族小学附近的开封小区,铁岭市,42.539210,124.054444,mobilitybench:f63e2e2b99b7fbe5ad,呼和浩特市赛罕区民族小学,内蒙古自治区 赛罕区 后不塔气地铁站C口步行420米,40.844703,111.776649,1035.7526895553412
mobilitybench_q_7821e5a7c2c758d41f,兰州中川机场附近的宾馆,常州市,31.470960,119.220405,mobilitybench:71f3ec871d0b0f5ffc,临休眯一会酒店(兰州中川机场T3航站楼店),甘肃省 皋兰县 机场东路T3航站楼旅客集散中心大厅办公区域东区2-7铺面,36.520054,103.637820,1540.0464995390455
mobilitybench_q_7821e5a7c2c758d41f,兰州中川机场附近的宾馆,常州市,31.470960,119.220405,mobilitybench:cb3d5daa2b9dd7ccb5,中川国际机场临休眯一会,甘肃省 皋兰县 兰州中川机场T3洗车房东侧50米,36.520375,103.636075,1540.206088929411
mobilitybench_q_7821e5a7c2c758d41f,兰州中川机场附近的宾馆,常州市,31.470960,119.220405,mobilitybench:b953c00e03dcf7d02f,白鹿原(兰州中川国际机场T3航站楼店),甘肃省 皋兰县 西北美食城(兰州中川国际机场T3航站楼店)南侧,36.524037,103.635253,1540.3943974460033
mobilitybench_q_7821e5a7c2c758d41f,兰州中川机场附近的宾馆,常州市,31.470960,119.220405,mobilitybench:d40e4fd0b720b9acc2,白鹿原(中川机场店),甘肃省 皋兰县 中国农业银行(兰州中川国际机场T3航站楼店)东侧80米,36.522537,103.639176,1540.0105455564171
mobilitybench_q_7821e5a7c2c758d41f,兰州中川机场附近的宾馆,常州市,31.470960,119.220405,mobilitybench:3fda5953c09181aa5f,文创岛(兰州中川国际机场店),甘肃省 皋兰县 佛慈制药西侧50米,36.524181,103.636422,1540.2990682230047
mobilitybench_q_7821e5a7c2c758d41f,兰州中川机场附近的宾馆,常州市,31.470960,119.220405,mobilitybench:750588e3310a0b1623,云美旅·舍酒店,甘肃省 皋兰县 中川机场199号,36.508097,103.613230,1541.7660260229288
mobilitybench_q_7821e5a7c2c758d41f,兰州中川机场附近的宾馆,常州市,31.470960,119.220405,mobilitybench:95b27d54b97bddb54e,兰州民航招待所(永登县),甘肃省 皋兰县 中川机场195号(近机场),36.507057,103.613155,1541.7391072262608
mobilitybench_q_7821e5a7c2c758d41f,兰州中川机场附近的宾馆,常州市,31.470960,119.220405,mobilitybench:36660caec044ec7ca6,兰州空港酒店(中川机场航站楼店),甘肃省 皋兰县 航兴路8号,36.502133,103.614254,1541.4873025846964
mobilitybench_q_7821e5a7c2c758d41f,兰州中川机场附近的宾馆,常州市,31.470960,119.220405,mobilitybench:ce3d3fbdbc3e056f14,博越空港国际酒店(兰州新区兰州中川机场T3航站楼店),甘肃省 皋兰县 兰州新区综合市场新港二路以西建材五路以北世纪新街2号楼201室,36.499987,103.652749,1538.123840160493
mobilitybench_q_7821e5a7c2c758d41f,兰州中川机场附近的宾馆,常州市,31.470960,119.220405,mobilitybench:7948de7ddc687374f8,格林豪泰酒店(兰州中川机场店),甘肃省 皋兰县 中川建材三路格林豪泰酒店,36.504007,103.658313,1537.776923031271
mobilitybench_q_7821e5a7c2c758d41f,兰州中川机场附近的宾馆,常州市,31.470960,119.220405,mobilitybench:caa440a1cc8bdef762,兰州中川国际机场,甘肃省 皋兰县 机场大道59号,36.515199,103.633554,1540.2551112563883
mobilitybench_q_53a97e1ce905f7ea4f,上海海天三路地铁站附近的酒店,石家庄市,38.027175,114.611682,mobilitybench:a054db7af6e7c5901b,上海浦东机场智选假日酒店,上海市 浦东新区 机场大道850号,31.173223,121.795094,1005.827619762967
mobilitybench_q_53a97e1ce905f7ea4f,上海海天三路地铁站附近的酒店,石家庄市,38.027175,114.611682,mobilitybench:cc594ae8a92e33990c,上海浦东机场华美达广场酒店,上海市 浦东新区 浦东机场启航路1100号,31.160732,121.799480,1007.1717778809212
mobilitybench_q_53a97e1ce905f7ea4f,上海海天三路地铁站附近的酒店,石家庄市,38.027175,114.611682,mobilitybench:073621e1e88839b7e2,锦江之星品尚(上海浦东机场店),上海市 浦东新区 浦东国际机场工作区启航路8号,31.177313,121.789023,1005.1113017909198
mobilitybench_q_53a97e1ce905f7ea4f,上海海天三路地铁站附近的酒店,石家庄市,38.027175,114.611682,mobilitybench:4b4b136d71e2a6c39b,猫屋浦东机场公寓(速航路分店),上海市 浦东新区 速航路海霞路135弄1-59号江绣苑,31.158533,121.798968,1007.3319625045388
mobilitybench_q_53a97e1ce905f7ea4f,上海海天三路地铁站附近的酒店,石家庄市,38.027175,114.611682,mobilitybench:4a7afd198fd8d2f0dc,空港逸居(上海浦东机场店),上海市 浦东新区 新龙村188号,31.177975,121.785525,1004.845478287537
mobilitybench_q_53a97e1ce905f7ea4f,上海海天三路地铁站附近的酒店,石家庄市,38.027175,114.611682,mobilitybench:071ad304ad58532bfb,春浦云居(浦东国际机场店),上海市 浦东新区 江镇路100号,31.177605,121.784974,1004.8447246747367
mobilitybench_q_53a97e1ce905f7ea4f,上海海天三路地铁站附近的酒店,石家庄市,38.027175,114.611682,mobilitybench:b2e6b59fe0c5e9d0df,上海航空酒店(浦东机场店),上海市 浦东新区 江镇路1909号,31.178563,121.786760,1004.8680978687357
mobilitybench_q_53a97e1ce905f7ea4f,上海海天三路地铁站附近的酒店,石家庄市,38.027175,114.611682,mobilitybench:4ec58c1fb7d1189a9a,上海航空酒店·宴会厅,上海市 浦东新区 江镇路与启航路交叉口西140米,31.178779,121.786976,1004.8622473227526
mobilitybench_q_53a97e1ce905f7ea4f,上海海天三路地铁站附近的酒店,石家庄市,38.027175,114.611682,mobilitybench:564e59a6d857dc4ce6,上海大众空港宾馆,上海市 浦东新区 迎宾大道6000号上海浦东国际机场2F层,31.150351,121.806044,1008.4629607748252
mobilitybench_q_53a97e1ce905f7ea4f,上海海天三路地铁站附近的酒店,石家庄市,38.027175,114.611682,mobilitybench:5513fb31e8508407c7,上海浦东遨途机场酒店(2号航站楼店),上海市 浦东新区 机场2号航站楼的出发层6-7层,31.151275,121.809875,1008.6110373777981
mobilitybench_q_53a97e1ce905f7ea4f,上海海天三路地铁站附近的酒店,石家庄市,38.027175,114.611682,mobilitybench:2fca9c640bf7d38d63,海天三路(地铁站),上海市 浦东新区 2号线,31.168459,121.796878,1006.3468602763908
mobilitybench_q_ee346ad33039c41303,沙头新村附近银行哈尔滨银行,大庆市,46.447763,124.852024,mobilitybench:6619afad48a09d3c1f,沙头村,广东省 番禺区,22.940432,113.348708,2810.5365456318555
mobilitybench_q_b384f5dcbf7fa4307a,淮安服务区有没有充电桩,六盘水市,26.147861,104.708849,mobilitybench:dcaaf6ef2829c96e42,国家电网汽车充电站(京藏高速景家山服务区充电站北京方向),河北省 怀安县 渡口堡乡京藏高速景家山服务区(拉萨方向),40.688541,114.262860,1841.2397725924777
mobilitybench_q_b384f5dcbf7fa4307a,淮安服务区有没有充电桩,六盘水市,26.147861,104.708849,mobilitybench:ac84374e78debf4994,蔚来能源汽车充电站(G6京藏高速景家山服务区西藏方向),河北省 怀安县 怀安服务区,40.690763,114.270287,1841.7778222455356
mobilitybench_q_b384f5dcbf7fa4307a,淮安服务区有没有充电桩,六盘水市,26.147861,104.708849,mobilitybench:8fdf02443e51e81063,国家电网汽车充电站(京藏高速景家山服务区充电站拉萨方向),河北省 怀安县 怀安服务区,40.690769,114.271055,1841.8122595518225
mobilitybench_q_b384f5dcbf7fa4307a,淮安服务区有没有充电桩,六盘水市,26.147861,104.708849,mobilitybench:f97593817818236039,怀安服务区(京藏高速北京方向),河北省 怀安县 怀安县,40.688566,114.262011,1841.2047210052008
mobilitybench_q_31f101d88df8f3e388,北海皇宫附近那个9台农商银行,长春市,43.858017,125.223734,mobilitybench:f2d62abd82e3b8edbb,涠洲岛-大皇宫,广西壮族自治区 海城区 涠洲镇北海市渔政渔港监督支队涠洲大队附近,21.022853,109.116398,2942.829745248229
mobilitybench_q_6e041a36feda0d138a,锦州附近的汽车大灯翻新,大连市,39.118901,121.703441,mobilitybench:3e69663b845d5de1e2,车衣裳凹陷修复,辽宁省 古塔区 北一里445号甲45号,41.112661,121.117495,227.22483272415536
mobilitybench_q_6e041a36feda0d138a,锦州附近的汽车大灯翻新,大连市,39.118901,121.703441,mobilitybench:c65a00d6761f165133,锦州市,辽宁省 太和区 太和区,41.096114,121.126859,225.25673819642827
mobilitybench_q_8b3b95ea70c6b3219d,吉安市高速口附近的宾馆,宜春市,28.208423,114.851196,mobilitybench:88ed7d306bb0126186,井冈山长富尚苑小桃民宿(井冈山风景区店),江西省 井冈山市 柏露乡长富桥村坳下组2号,26.702381,114.127984,182.03317216952334
mobilitybench_q_8b3b95ea70c6b3219d,吉安市高速口附近的宾馆,宜春市,28.208423,114.851196,mobilitybench:894892f8058fafb6ff,梦庄民宿,江西省 井冈山市 新城镇新城街道北门1号,26.758896,114.087773,177.9041569251497
mobilitybench_q_8b3b95ea70c6b3219d,吉安市高速口附近的宾馆,宜春市,28.208423,114.851196,mobilitybench:95da33b7c8d3da4b7d,新城民宿,江西省 井冈山市 新城街与南门街交叉口西360米,26.758503,114.082663,178.15770426426445
mobilitybench_q_8b3b95ea70c6b3219d,吉安市高速口附近的宾馆,宜春市,28.208423,114.851196,mobilitybench:b2397a45690049f2d9,有一家住宿,江西省 井冈山市 新城镇新城民宿新城街与南门街交叉口西360米,26.758561,114.082432,178.16155692870373
mobilitybench_q_8b3b95ea70c6b3219d,吉安市高速口附近的宾馆,宜春市,28.208423,114.851196,mobilitybench:1cd2c696b96c5ba3a5,井冈山山里院子民宿(曙光路2号分店),江西省 井冈山市 坝上村坝上组25号,26.666015,114.080769,187.60381299079464
mobilitybench_q_8b3b95ea70c6b3219d,吉安市高速口附近的宾馆,宜春市,28.208423,114.851196,mobilitybench:9f3acb060b8e24674b,征星之家民宿(井冈山风景名胜区商圈2号店),江西省 井冈山市 茅坪乡坝上村坝上组6号,26.667853,114.083403,187.3114472038771
mobilitybench_q_8b3b95ea70c6b3219d,吉安市高速口附近的宾馆,宜春市,28.208423,114.851196,mobilitybench:dbb2a5b73a0677b701,井冈山虎岭民宿,江西省 井冈山市 龙市镇虎岭村下虎岭组井冈山风行户外运动协会东20米,26.689072,114.052730,186.41199680604362
mobilitybench_q_8b3b95ea70c6b3219d,吉安市高速口附近的宾馆,宜春市,28.208423,114.851196,mobilitybench:56faf75e7937fada6c,神山康居1号民宿,江西省 井冈山市 神山村神山组3号,26.643587,114.103464,189.0037565547633
mobilitybench_q_8b3b95ea70c6b3219d,吉安市高速口附近的宾馆,宜春市,28.208423,114.851196,mobilitybench:c07f11476aecdfa26a,吉先锋暖新景区驿站(神山红色文化书房),江西省 井冈山市 茅坪镇神山红色文化书房,26.643791,114.106066,188.88272063486156
mobilitybench_q_8b3b95ea70c6b3219d,吉安市高速口附近的宾馆,宜春市,28.208423,114.851196,mobilitybench:e4791103b0f76b019c,鹅岭收费站入口(炎陵方向),江西省 井冈山市 井冈山市,26.730703,114.126032,179.21339368756463
mobilitybench_q_f0253555426113557a,上海四行仓库附近的花店,无锡市,31.545505,120.359090,mobilitybench:5934ca35c222b5fe82,花之派美学花艺社,上海市 静安区 四行天地西南门旁(曲阜路地铁站2号口步行140米),31.240850,121.472073,110.93959118046862
mobilitybench_q_f0253555426113557a,上海四行仓库附近的花店,无锡市,31.545505,120.359090,mobilitybench:26e9de6dd4f84e09e9,同缘鲜花港(鲜花岛),上海市 黄浦区 云南北路59-1(人民广场地铁站19号口步行420米),31.237204,121.474935,111.32442644135165
mobilitybench_q_f0253555426113557a,上海四行仓库附近的花店,无锡市,31.545505,120.359090,mobilitybench:5386a5116d573579ec,幸福花坊(南苏州路店),上海市 黄浦区 浙江中路与南苏州路交叉口东南20米,31.240947,121.476620,111.34730641335624
mobilitybench_q_f0253555426113557a,上海四行仓库附近的花店,无锡市,31.545505,120.359090,mobilitybench:0d33cc67b40158a291,大裤衩鲜花店(上海总店),上海市 黄浦区 牛庄路736号,31.237407,121.476154,111.42746353127596
mobilitybench_q_f0253555426113557a,上海四行仓库附近的花店,无锡市,31.545505,120.359090,mobilitybench:7abc97be7018584208,上海鲜花总部,上海市 黄浦区 牛庄路与贵州路交叉口东20米,31.237287,121.476139,111.43027627549547
mobilitybench_q_f0253555426113557a,上海四行仓库附近的花店,无锡市,31.545505,120.359090,mobilitybench:6e85a1fa2bbb18da1c,花点时间(南京路第一百货店),上海市 黄浦区 南京东路830号第一百货B馆F1(六合路出口处8豪门旁),31.235714,121.474889,111.37220265555682
mobilitybench_q_f0253555426113557a,上海四行仓库附近的花店,无锡市,31.545505,120.359090,mobilitybench:dc114513761d862c72,花与空间烟·花店,上海市 黄浦区 广西北路470弄2-10号渭水坊,31.237475,121.477075,111.50829246712689
mobilitybench_q_f0253555426113557a,上海四行仓库附近的花店,无锡市,31.545505,120.359090,mobilitybench:28cae4c124ab65ea45,约惠春天鲜花店,上海市 黄浦区 南京东路街道浙江中路489号,31.237442,121.477099,111.511605214442
mobilitybench_q_f0253555426113557a,上海四行仓库附近的花店,无锡市,31.545505,120.359090,mobilitybench:2de026118bea44edab,凤阳花店(祥康里店),上海市 黄浦区 人民广场地铁站9号口步行450米,31.234391,121.468735,110.86338327377786
mobilitybench_q_f0253555426113557a,上海四行仓库附近的花店,无锡市,31.545505,120.359090,mobilitybench:d28cbe5a50b1012c4e,Asa flower花叙,上海市 黄浦区 浙江中路400号7层712-193室,31.236322,121.478356,111.66403578873232
mobilitybench_q_f0253555426113557a,上海四行仓库附近的花店,无锡市,31.545505,120.359090,mobilitybench:e40403c0ceef18719b,上海四行仓库抗战纪念馆,上海市 静安区 光复路21号(曲阜路地铁站2号口步行300米),31.240340,121.471104,110.86962940383923
mobilitybench_q_88daee91f0610d7ed6,给我找一个中泽汽车站附近的鲜花店,吕梁市,37.476978,112.309401,mobilitybench:92de6d5318f213f8a8,叁柒花坊,山西省 柳林县 青龙幼儿园对面左边002号,37.441904,110.915414,123.10076901701484
mobilitybench_q_88daee91f0610d7ed6,给我找一个中泽汽车站附近的鲜花店,吕梁市,37.476978,112.309401,mobilitybench:db20b214cc28afdf99,四季美鲜花婚庆,山西省 柳林县 大鸿祥楼底,37.440489,110.912866,123.33179029156871
mobilitybench_q_88daee91f0610d7ed6,给我找一个中泽汽车站附近的鲜花店,吕梁市,37.476978,112.309401,mobilitybench:749bc62578d56afb38,深巷里花艺生活馆(青龙五槐A区店),山西省 柳林县 青龙南门路与清河南路交叉口东南180米,37.442171,110.911334,123.45954518179352
mobilitybench_q_88daee91f0610d7ed6,给我找一个中泽汽车站附近的鲜花店,吕梁市,37.476978,112.309401,mobilitybench:3ddc994aed05115e01,二赖鲜花批发,山西省 柳林县 青龙大街与南门路交叉口西60米,37.439586,110.911088,123.49272192906578
mobilitybench_q_88daee91f0610d7ed6,给我找一个中泽汽车站附近的鲜花店,吕梁市,37.476978,112.309401,mobilitybench:9ae4f6fea65410ff53,丽君花卉,山西省 柳林县 柳林县文化馆文源路10号,37.434590,110.903312,124.20265686730366
mobilitybench_q_88daee91f0610d7ed6,给我找一个中泽汽车站附近的鲜花店,吕梁市,37.476978,112.309401,mobilitybench:79f79f1cccb50af2e7,品尚鲜花坊(联盛嘉苑店),山西省 柳林县 联盛嘉苑7号楼商铺,37.433702,110.903074,124.22817096708694
mobilitybench_q_88daee91f0610d7ed6,给我找一个中泽汽车站附近的鲜花店,吕梁市,37.476978,112.309401,mobilitybench:29f860aa7ab0f0cf7b,花仙子鲜花坊(贺昌大街店),山西省 柳林县 贺昌大街与石家沟北路交叉口西南80米,37.434709,110.899823,124.50979913240684
mobilitybench_q_88daee91f0610d7ed6,给我找一个中泽汽车站附近的鲜花店,吕梁市,37.476978,112.309401,mobilitybench:50df76a924d10d8811,米兰花艺,山西省 柳林县 南坪东街与来福区路交叉口西80米,37.433057,110.901051,124.40993203242151
mobilitybench_q_88daee91f0610d7ed6,给我找一个中泽汽车站附近的鲜花店,吕梁市,37.476978,112.309401,mobilitybench:38d48d197cf2775c7a,芬花芳草,山西省 柳林县 北大街新高中山坡底,37.454553,110.901661,124.26735998497618
mobilitybench_q_88daee91f0610d7ed6,给我找一个中泽汽车站附近的鲜花店,吕梁市,37.476978,112.309401,mobilitybench:19a84aa94ff116a9df,花与千城吕梁仓柳林店,山西省 柳林县 贺昌大街95号,37.434545,110.898328,124.64248922492678
mobilitybench_q_88daee91f0610d7ed6,给我找一个中泽汽车站附近的鲜花店,吕梁市,37.476978,112.309401,mobilitybench:4d35d18ec132f37dc7,柳林汽车站,山西省 柳林县 清河东路16号,37.443479,110.917509,122.90922712919796
mobilitybench_q_824c63d397b8e78006,大连黑石礁附近的日式烤肉店,沈阳市,41.766453,123.387068,mobilitybench:9b08e01420c94fc68f,柔杉家黑牛烤肉·活鳗鱼(星海公园店),辽宁省 沙河口区 西南路与龙山街交叉口西南50米,38.887507,121.559874,355.60494588759315
mobilitybench_q_824c63d397b8e78006,大连黑石礁附近的日式烤肉店,沈阳市,41.766453,123.387068,mobilitybench:238815e77c286dbf1f,柔杉家黑牛烤肉·活鳗鱼(高新万达店),辽宁省 甘井子区 万达金街南入口,38.862380,121.535468,359.03364295608935
mobilitybench_q_824c63d397b8e78006,大连黑石礁附近的日式烤肉店,沈阳市,41.766453,123.387068,mobilitybench:85b18df8dbca77af28,臻牛烧肉(星海店),辽宁省 沙河口区 星海广场E区70号,38.882870,121.591726,354.90596289616707
mobilitybench_q_824c63d397b8e78006,大连黑石礁附近的日式烤肉店,沈阳市,41.766453,123.387068,mobilitybench:eebeb84ab599db093d,飞牛町烧肉酒场(和平广场店),辽宁省 沙河口区 中山路425号(富国街地铁站B口步行350米),38.900638,121.587322,353.2745678513661
mobilitybench_q_824c63d397b8e78006,大连黑石礁附近的日式烤肉店,沈阳市,41.766453,123.387068,mobilitybench:0694ae7266157478f8,柔杉家黑牛烤肉·活鳗鱼(太原街店),辽宁省 沙河口区 太原街177-7号(新星星海中心b座东北门),38.894881,121.594585,353.59003010090424
mobilitybench_q_824c63d397b8e78006,大连黑石礁附近的日式烤肉店,沈阳市,41.766453,123.387068,mobilitybench:b65f34b42a93d73d44,梦山水日式烤肉(五四广场店),辽宁省 沙河口区 长兴街137-139号五四广场富鸿国际大厦1楼,38.913857,121.593036,351.73350284324766
mobilitybench_q_824c63d397b8e78006,大连黑石礁附近的日式烤肉店,沈阳市,41.766453,123.387068,mobilitybench:9d201e9459fc7ae913,牛乐町(大连恒隆广场店),辽宁省 西岗区 五四路66号OLYMPIA66恒隆广场L6层中区624,38.907753,121.610196,351.72380594413835
mobilitybench_q_824c63d397b8e78006,大连黑石礁附近的日式烤肉店,沈阳市,41.766453,123.387068,mobilitybench:6476d70a70e3b0fb58,鸟小屋·串烧·烧鸟(日本一条街店),辽宁省 西岗区 锦华街31号(同庆回族饭店对面),38.914460,121.626229,350.4664503933956
mobilitybench_q_824c63d397b8e78006,大连黑石礁附近的日式烤肉店,沈阳市,41.766453,123.387068,mobilitybench:678bbb98cb6ad10b57,吉屋寿喜烧烧肉(锦华银座店),辽宁省 西岗区 同庆街50号锦华银座F2层,38.914348,121.626649,350.46262547915575
mobilitybench_q_824c63d397b8e78006,大连黑石礁附近的日式烤肉店,沈阳市,41.766453,123.387068,mobilitybench:4c03ede125b6ab6d4b,满锄寿喜烧PLUS(柏威年店),辽宁省 中山区 柏威年购物中心5F(青泥洼桥地铁站E3口步行220米),38.918208,121.628891,349.99162437668843
mobilitybench_q_824c63d397b8e78006,大连黑石礁附近的日式烤肉店,沈阳市,41.766453,123.387068,mobilitybench:8f07b77f0bae2037ce,黑石礁(地铁站),辽宁省 沙河口区 1号线,38.874543,121.557527,356.99580111841186
mobilitybench_q_fbbcf75c0fd83edfc5,山东日照水利职业学院附近有没有顺丰快递,临沂市,35.127584,118.369474,mobilitybench:6296d06941e20037ee,顺丰速运(博文路店),山东省 东港区 学苑路677号(近山东水利职业学院),35.453353,119.546987,112.843623429745
mobilitybench_q_fbbcf75c0fd83edfc5,山东日照水利职业学院附近有没有顺丰快递,临沂市,35.127584,118.369474,mobilitybench:ad3737bafffc7b4e2a,顺丰速运(怡海店),山东省 东港区 秦楼街道青岛路董家滩社区西沿街,35.444770,119.553953,113.14687160388272
mobilitybench_q_fbbcf75c0fd83edfc5,山东日照水利职业学院附近有没有顺丰快递,临沂市,35.127584,118.369474,mobilitybench:606d6a7dd4377fcb9a,顺丰速运(日照大学城店),山东省 东港区 秦楼街道滨州路与文登路交汇处前大洼社区南沿街,35.443595,119.547346,112.53710189239067
mobilitybench_q_fbbcf75c0fd83edfc5,山东日照水利职业学院附近有没有顺丰快递,临沂市,35.127584,118.369474,mobilitybench:dc33b7dfeb5b11310d,顺丰速运(大学城店),山东省 东港区 学海路380号,35.446003,119.540969,112.07017868967456
mobilitybench_q_fbbcf75c0fd83edfc5,山东日照水利职业学院附近有没有顺丰快递,临沂市,35.127584,118.369474,mobilitybench:904093ff5f7e13c4d2,顺丰速运(毓秀园餐厅店),山东省 东港区 秦楼街道学苑社区居委会毓秀园餐厅南门口东01号,35.449425,119.537875,111.92272823053676
mobilitybench_q_fbbcf75c0fd83edfc5,山东日照水利职业学院附近有没有顺丰快递,临沂市,35.127584,118.369474,mobilitybench:9cefecdf69f23b1e7d,顺丰速运(山体日照校区店),山东省 东港区 秦楼街道山体东门教职工6号楼顺丰合作点(日照校区),35.438257,119.540820,111.7930379007325
mobilitybench_q_fbbcf75c0fd83edfc5,山东日照水利职业学院附近有没有顺丰快递,临沂市,35.127584,118.369474,mobilitybench:62fed9cff579876be6,顺丰速运(和乐社区店),山东省 东港区 秦楼街道烟台路99号日照科技创新中心5号楼,35.440528,119.531239,111.0437436204716
mobilitybench_q_fbbcf75c0fd83edfc5,山东日照水利职业学院附近有没有顺丰快递,临沂市,35.127584,118.369474,mobilitybench:fd8f4905a5362485ac,顺丰速运(新市区店),山东省 东港区 秦楼街道青岛路与淄博路交汇处樱园大厦7号沿街一楼顺丰速运,35.420319,119.548464,111.8678544370188
mobilitybench_q_fbbcf75c0fd83edfc5,山东日照水利职业学院附近有没有顺丰快递,临沂市,35.127584,118.369474,mobilitybench:d2d5c532a5a849c246,顺丰速运(秦楼店),山东省 东港区 秦楼街道山东路588号,35.432837,119.515924,109.46103761998054
mobilitybench_q_fbbcf75c0fd83edfc5,山东日照水利职业学院附近有没有顺丰快递,临沂市,35.127584,118.369474,mobilitybench:3ef7954a3cd57b3f32,顺丰速运(富阳店),山东省 东港区 秦楼街道高新三路与兖州路交汇处东北角,35.442194,119.498522,108.28641490444306
mobilitybench_q_fbbcf75c0fd83edfc5,山东日照水利职业学院附近有没有顺丰快递,临沂市,35.127584,118.369474,mobilitybench:5cee98ae077e2b1005,山东水利职业学院,山东省 东港区 学苑路677号,35.455165,119.552691,113.39745531441669
mobilitybench_q_9b5691690181e2dea7,离白云机场最近的医院是哪个,东莞市,23.007620,113.677927,mobilitybench:463534de426c110fa6,矮岗村卫生站,广东省 白云区 凤岗路与矮岗农阅街交叉口南100米,23.357972,113.289290,55.63951702854921
mobilitybench_q_9b5691690181e2dea7,离白云机场最近的医院是哪个,东莞市,23.007620,113.677927,mobilitybench:8e18eb6a80aadfb2ce,人和镇卫生院,广东省 白云区 下华街与人和华成路交叉口西20米,23.348775,113.296925,54.36755023008956
mobilitybench_q_9b5691690181e2dea7,离白云机场最近的医院是哪个,东莞市,23.007620,113.677927,mobilitybench:a62fd2008dd3193e4b,东华村卫生站(人和华成路),广东省 白云区 华成路268号,23.348685,113.297200,54.340441576225366
mobilitybench_q_9b5691690181e2dea7,离白云机场最近的医院是哪个,东莞市,23.007620,113.677927,mobilitybench:e046197bd1e5e70fb7,花都区新雅街广塘村卫生站,广东省 花都区 广岺街与广苓街交叉口西80米,23.377935,113.271499,58.490752819019676
mobilitybench_q_9b5691690181e2dea7,离白云机场最近的医院是哪个,东莞市,23.007620,113.677927,mobilitybench:055ada51f8cd7c7aa6,花都区新雅街团结村卫生站,广东省 花都区 团结第二工业园东南门东南50米,23.387721,113.271499,59.260778160653246
mobilitybench_q_9b5691690181e2dea7,离白云机场最近的医院是哪个,东莞市,23.007620,113.677927,mobilitybench:4742d51b5c0214a090,人和镇卫生院公共卫生服务中心,广东省 白云区 人和镇华成路25号、35号2-4层,23.343610,113.294393,54.15600880546481
mobilitybench_q_9b5691690181e2dea7,离白云机场最近的医院是哪个,东莞市,23.007620,113.677927,mobilitybench:26c4e701cf866cf521,白云区人和镇卫生院-西成村中心卫生站,广东省 白云区 人和华成路12号(人和镇卫生院公共卫生服务中心对面),23.343477,113.294626,54.128578390973914
mobilitybench_q_9b5691690181e2dea7,离白云机场最近的医院是哪个,东莞市,23.007620,113.677927,mobilitybench:28538a8c9301a40e8e,人和村卫生站,广东省 白云区 人和镇高增大街76号,23.339767,113.304421,53.121006364575884
mobilitybench_q_9b5691690181e2dea7,离白云机场最近的医院是哪个,东莞市,23.007620,113.677927,mobilitybench:fcdc16ad1cf77dc43b,清布社区卫生服务中心,广东省 花都区 新雅街清㘵村东分三街5号,23.382108,113.263317,59.411433194586806
mobilitybench_q_9b5691690181e2dea7,离白云机场最近的医院是哪个,东莞市,23.007620,113.677927,mobilitybench:f6507c233557656e00,太成村卫生站,广东省 白云区 太成西路104号,23.352373,113.272734,56.43601238827166
mobilitybench_q_9b5691690181e2dea7,离白云机场最近的医院是哪个,东莞市,23.007620,113.677927,mobilitybench:6049bd047ce56b8cfc,广州白云国际机场,广东省 花都区 机场大道东888号,23.377894,113.304651,56.131650436285206
mobilitybench_q_c7eadd6f940551c3ba,宁海高速路口附近的民宿。,普洱市,23.216648,101.151501,mobilitybench:33a83974a3925bc0b8,集士驿站,浙江省 宁海县 岔路镇白溪村村民委员会南侧90米,29.184525,121.258925,2109.6119970523164
mobilitybench_q_c7eadd6f940551c3ba,宁海高速路口附近的民宿。,普洱市,23.216648,101.151501,mobilitybench:1ef788215976611cde,宁海平安客栈,浙江省 宁海县 天河大桥岔路镇天河里王村,29.189826,121.259286,2109.7851097325265
mobilitybench_q_c7eadd6f940551c3ba,宁海高速路口附近的民宿。,普洱市,23.216648,101.151501,mobilitybench:3e1ef45b96086c674e,宁海八方客栈,浙江省 宁海县 岔路镇天河村198号,29.190063,121.260009,2109.8595315345246
mobilitybench_q_c7eadd6f940551c3ba,宁海高速路口附近的民宿。,普洱市,23.216648,101.151501,mobilitybench:581f314f80860c43cb,宁海古溪民居,浙江省 宁海县 岔路镇天河村,29.190847,121.259541,2109.8359636604664
mobilitybench_q_c7eadd6f940551c3ba,宁海高速路口附近的民宿。,普洱市,23.216648,101.151501,mobilitybench:8d6e882147e7f2cac7,浙东大峡谷仙水农家,浙江省 宁海县 岔路镇天河村里王二组205号,29.190653,121.257812,2109.6677755161572
mobilitybench_q_c7eadd6f940551c3ba,宁海高速路口附近的民宿。,普洱市,23.216648,101.151501,mobilitybench:4db725acd27f6fc14c,宁海自然家园民宿,浙江省 宁海县 岔路镇天河村里王3组39号,29.191533,121.258408,2109.7470997115615
mobilitybench_q_c7eadd6f940551c3ba,宁海高速路口附近的民宿。,普洱市,23.216648,101.151501,mobilitybench:285731556227aa84c5,宁海霞辉客栈,浙江省 宁海县 岔路镇天河村里王(浙东大峡谷),29.191607,121.257123,2109.627832455749
mobilitybench_q_c7eadd6f940551c3ba,宁海高速路口附近的民宿。,普洱市,23.216648,101.151501,mobilitybench:65b04bcd7b99dbe225,时涧晓墅(上金财神谷店),浙江省 宁海县 南寅钰府8幢,29.181134,121.293933,2112.8263570566214
mobilitybench_q_c7eadd6f940551c3ba,宁海高速路口附近的民宿。,普洱市,23.216648,101.151501,mobilitybench:04ef7b44aeea015988,梓瑞民宿,浙江省 宁海县 岔路镇城岭线南寅钰府5幢,29.181105,121.294779,2112.9054316199467
mobilitybench_q_c7eadd6f940551c3ba,宁海高速路口附近的民宿。,普洱市,23.216648,101.151501,mobilitybench:148ddfa27af0406d29,宁海歆园民宿(上金谷文化旅游风景区店),浙江省 宁海县 岔路镇上金村新园57号,29.183380,121.301657,2113.6139020174464
mobilitybench_q_c7eadd6f940551c3ba,宁海高速路口附近的民宿。,普洱市,23.216648,101.151501,mobilitybench:fdb6429ab95551cb45,霞客古道(宁海段)出口,浙江省 宁海县 宁海县,29.171805,121.268146,2110.149116247947
mobilitybench_q_226bcbfce290b587a8,帝豪名都附近的常友智能,重庆市,29.681935,105.730509,mobilitybench:cd67c32966cdddef73,帝豪名都,重庆市 九龙坡区 朝田村218号(陈家坪地铁站3B口步行140米),29.523057,106.488902,75.42042227218217
mobilitybench_q_5c9c204bc3e5a5fa0e,南宁青秀山公园周边酒店,防城港市,21.679750,108.359883,mobilitybench:5d6308bdf1e498c384,维景国际大酒店(荔园山庄店),广西壮族自治区 青秀区 青秀山管理委员会荔滨大道2号荔园饭店,22.786263,108.369575,123.04284566105366
mobilitybench_q_5c9c204bc3e5a5fa0e,南宁青秀山公园周边酒店,防城港市,21.679750,108.359883,mobilitybench:fded41e8fcfcb9eb95,优居优住(江悦蓝湾店),广西壮族自治区 良庆区 江悦蓝湾北1门旁,22.774361,108.379573,121.73223011658803
mobilitybench_q_5c9c204bc3e5a5fa0e,南宁青秀山公园周边酒店,防城港市,21.679750,108.359883,mobilitybench:fc07ea882b836d4802,雅斯特美途酒店(南宁五象总部基地店),广西壮族自治区 良庆区 玉凤路云星钱隆首府A区115商铺,22.771347,108.379224,121.39654067429122
mobilitybench_q_5c9c204bc3e5a5fa0e,南宁青秀山公园周边酒店,防城港市,21.679750,108.359883,mobilitybench:f1fb166c87dd1a5701,拼多多驿站,广西壮族自治区 良庆区 碧水天和B区北1门东120米,22.774475,108.375475,121.73861329632251
mobilitybench_q_5c9c204bc3e5a5fa0e,南宁青秀山公园周边酒店,防城港市,21.679750,108.359883,mobilitybench:236974a263a2518dc4,南宁3号公寓式酒店,广西壮族自治区 良庆区 龙村路9号碧水天和C区3号楼4楼412室,22.772894,108.374181,121.56114382295074
mobilitybench_q_5c9c204bc3e5a5fa0e,南宁青秀山公园周边酒店,防城港市,21.679750,108.359883,mobilitybench:33f7de433ac054a07f,南宁天和风尚公寓(广西文化艺术中心店),广西壮族自治区 良庆区 龙村路9号碧水天和C区3栋410,22.772910,108.373953,121.56264096032369
mobilitybench_q_5c9c204bc3e5a5fa0e,南宁青秀山公园周边酒店,防城港市,21.679750,108.359883,mobilitybench:e8aef962de17753acd,优居优住(碧水天和八店),广西壮族自治区 良庆区 龙村路7号碧水天和B区2-108,22.774067,108.373224,121.69041461474255
mobilitybench_q_5c9c204bc3e5a5fa0e,南宁青秀山公园周边酒店,防城港市,21.679750,108.359883,mobilitybench:6099188e2b0ac32099,格盟酒店(南宁五象总部基地店),广西壮族自治区 良庆区 金龙路8号云星钱隆首府C区1617号楼2层202商铺,22.769287,108.381302,121.17121294292818
mobilitybench_q_5c9c204bc3e5a5fa0e,南宁青秀山公园周边酒店,防城港市,21.679750,108.359883,mobilitybench:50e0cd8d3b4d93a74c,丽呈别院(南宁五象新区总部基地地铁站店),广西壮族自治区 良庆区 金龙路8号云星乾隆首府F地块6号楼1层,22.769558,108.377233,121.19444658650457
mobilitybench_q_5c9c204bc3e5a5fa0e,南宁青秀山公园周边酒店,防城港市,21.679750,108.359883,mobilitybench:ad9f1bedcc0c37b785,南宁荔园山庄,广西壮族自治区 青秀区 青山路22号,22.784967,108.363360,122.89521406096594
mobilitybench_q_5c9c204bc3e5a5fa0e,南宁青秀山公园周边酒店,防城港市,21.679750,108.359883,mobilitybench:9fd469b7278ff50f6e,青秀山风景区南门售票处(青环路),广西壮族自治区 青秀区 青环路青秀山风景区内(西侧),22.785277,108.381502,122.94930074910638
mobilitybench_q_c92b9ec97a71b5be13,重庆江北机场最近的CNG加气站,达州市,31.218182,107.471782,mobilitybench:ef0838c388d11f01b9,中国石化空港CNG加气加氢站,重庆市 两江新区 长凯路399号,29.747917,106.652171,181.37122272139024
mobilitybench_q_c92b9ec97a71b5be13,重庆江北机场最近的CNG加气站,达州市,31.218182,107.471782,mobilitybench:2b080c90a56f9f27c1,中国石油加气站,重庆市 两江新区 龙昌街133号,29.708228,106.621029,186.65013367039268
mobilitybench_q_c92b9ec97a71b5be13,重庆江北机场最近的CNG加气站,达州市,31.218182,107.471782,mobilitybench:39166f3f0d73fe7c1a,重庆江北国际机场,重庆市 两江新区 两路街道机场路,29.722563,106.657653,183.6970702449097
mobilitybench_q_c191895aff37d47e36,牡丹江机场附近有什么好玩的,北京市,40.124782,116.401848,mobilitybench:765eb63b08bc8759c9,人民空军东北老航校旧址,黑龙江省 西安区,44.543532,129.582189,1187.7734215464652
mobilitybench_q_c191895aff37d47e36,牡丹江机场附近有什么好玩的,北京市,40.124782,116.401848,mobilitybench:109a1ebc9156257da3,悠闲棋牌俱乐部,黑龙江省 东安区 兴隆街与莲花湖路交叉口东60米,44.541516,129.603209,1189.2646563687738
mobilitybench_q_c191895aff37d47e36,牡丹江机场附近有什么好玩的,北京市,40.124782,116.401848,mobilitybench:b282e9381480f6683a,麻捏棋牌馆,黑龙江省 东安区 环龙湾南门西侧200米,44.542322,129.603440,1189.3122299782804
mobilitybench_q_c191895aff37d47e36,牡丹江机场附近有什么好玩的,北京市,40.124782,116.401848,mobilitybench:f98dc4f866b56b2fa5,长安公园,黑龙江省 东安区 莲花湖路江南三道街交叉口东南侧,44.528265,129.611272,1189.3682620102832
mobilitybench_q_c191895aff37d47e36,牡丹江机场附近有什么好玩的,北京市,40.124782,116.401848,mobilitybench:c6469e6a95af525bc7,佰乐棋牌馆,黑龙江省 东安区 江南新区龙头泉路117号江南实验小学下坎,44.545904,129.619122,1190.6164833966077
mobilitybench_q_c191895aff37d47e36,牡丹江机场附近有什么好玩的,北京市,40.124782,116.401848,mobilitybench:99399238edc1fe4872,宫延楼蜜儿堂儿推健康管理中心(江达国际花园店),黑龙江省 东安区 江达国际北门107门市,44.542267,129.623570,1190.8114387915637
mobilitybench_q_c191895aff37d47e36,牡丹江机场附近有什么好玩的,北京市,40.124782,116.401848,mobilitybench:932377c74d0c209313,那些年歌国际商娱汇(KTV),黑龙江省 西安区 沿江街道海浪路观澜国际,44.560077,129.603712,1190.0025015062247
mobilitybench_q_c191895aff37d47e36,牡丹江机场附近有什么好玩的,北京市,40.124782,116.401848,mobilitybench:6ba93aceac08ec40f9,欢雀棋牌,黑龙江省 西安区 海浪路92-50号,44.560357,129.605846,1190.172085502923
mobilitybench_q_c191895aff37d47e36,牡丹江机场附近有什么好玩的,北京市,40.124782,116.401848,mobilitybench:3d3b130ef0ba433465,禧隐深夜酒肆,黑龙江省 西安区 牡丹城A区西九条路与海浪路交叉口东北120米,44.561188,129.605777,1190.1983685644354
mobilitybench_q_c191895aff37d47e36,牡丹江机场附近有什么好玩的,北京市,40.124782,116.401848,mobilitybench:df14830e0daa6f139c,艾灸馆,黑龙江省 东安区 塞纳丽舍6号门西100米,44.550845,129.620941,1190.9381452999853
mobilitybench_q_c191895aff37d47e36,牡丹江机场附近有什么好玩的,北京市,40.124782,116.401848,mobilitybench:07b565dd40ee3f1700,牡丹江海浪国际机场(暂停营业),黑龙江省 西安区 机场路,44.529501,129.576814,1186.843798677274
mobilitybench_q_3c1ff65ff6f01009c0,福建湾坞收费站附近收费站,秦皇岛市,39.489082,119.045802,mobilitybench:6b805e1189e8e3d631,福安湾坞收费站(G1514宁上高速出口),福建省 福安市 福安市,26.830575,119.722746,1408.9604157515544
mobilitybench_q_3c1ff65ff6f01009c0,福建湾坞收费站附近收费站,秦皇岛市,39.489082,119.045802,mobilitybench:fee91f24ee189c9cf2,福安湾坞收费站(G1514宁上高速入口),福建省 福安市 福安市,26.830573,119.722910,1408.9613144439868
mobilitybench_q_3c1ff65ff6f01009c0,福建湾坞收费站附近收费站,秦皇岛市,39.489082,119.045802,mobilitybench:f7fbd0df7d98293dac,下白石收费站(G15沈海高速入口),福建省 福安市 福安市,26.812965,119.680209,1410.7471357661361
mobilitybench_q_3c1ff65ff6f01009c0,福建湾坞收费站附近收费站,秦皇岛市,39.489082,119.045802,mobilitybench:41511dc021fdac72a6,下白石收费站(G15沈海高速出口),福建省 福安市 福安市,26.812856,119.680115,1410.758883939645
mobilitybench_q_3c1ff65ff6f01009c0,福建湾坞收费站附近收费站,秦皇岛市,39.489082,119.045802,mobilitybench:f929a64ccba7354862,福安溪尾收费站(G1514宁上高速入口),福建省 福安市 福安市,26.825844,119.779573,1409.73014338225
mobilitybench_q_3c1ff65ff6f01009c0,福建湾坞收费站附近收费站,秦皇岛市,39.489082,119.045802,mobilitybench:3108b6c26c33869ed0,福安溪尾收费站(G1514宁上高速出口),福建省 福安市 福安市,26.825839,119.779734,1409.7314182957682
mobilitybench_q_3c1ff65ff6f01009c0,福建湾坞收费站附近收费站,秦皇岛市,39.489082,119.045802,mobilitybench:56824aa14bdef4426a,福安溪邳收费站(G15沈海高速出口),福建省 福安市 福安市,26.839277,119.791971,1408.2938953265327
mobilitybench_q_3c1ff65ff6f01009c0,福建湾坞收费站附近收费站,秦皇岛市,39.489082,119.045802,mobilitybench:70d0d114f346ba443f,福安溪邳收费站(G15沈海高速入口),福建省 福安市 福安市,26.839276,119.792012,1408.294192877212
mobilitybench_q_877d097124bd06a6c7,双屿呃镇中心附近打印店,宿迁市,34.309781,118.827436,mobilitybench:22e0a14075cd54f68b,集木广告,浙江省 鹿城区 双屿枢纽小商品副食品批发中心3幢64号,28.019354,120.596481,719.3901875459362
mobilitybench_q_877d097124bd06a6c7,双屿呃镇中心附近打印店,宿迁市,34.309781,118.827436,mobilitybench:72f251ba4937f250ac,双屿伟芳印章店,浙江省 鹿城区 双屿街道温化生活区5幢102室,28.017675,120.602075,719.6964663309659
mobilitybench_q_877d097124bd06a6c7,双屿呃镇中心附近打印店,宿迁市,34.309781,118.827436,mobilitybench:37680b5f9139ed6e5b,薄利广告印务,浙江省 鹿城区 温金路与上岙路交叉口东60米,28.021804,120.592957,719.0465926341187
mobilitybench_q_877d097124bd06a6c7,双屿呃镇中心附近打印店,宿迁市,34.309781,118.827436,mobilitybench:ecaf123fe16ebee234,腾达广告,浙江省 鹿城区 温金路99-1号,28.017411,120.603775,719.762940456344
mobilitybench_q_877d097124bd06a6c7,双屿呃镇中心附近打印店,宿迁市,34.309781,118.827436,mobilitybench:d2e268a81dc5f45927,双禾图文快印店,浙江省 鹿城区 双屿街道广龙大厦5-107门面,28.016607,120.604890,719.8748687484456
mobilitybench_q_877d097124bd06a6c7,双屿呃镇中心附近打印店,宿迁市,34.309781,118.827436,mobilitybench:b1575e5964c3fdbbe6,想红印务(鹿鸣苑南区店),浙江省 鹿城区 三开路鹿鸣苑7幢110号,28.018467,120.608726,719.759132012015
mobilitybench_q_877d097124bd06a6c7,双屿呃镇中心附近打印店,宿迁市,34.309781,118.827436,mobilitybench:43b268d0b4e6a853c2,快快图文打印复印店,浙江省 鹿城区 双屿街道郑桥路郑桥广场A幢105,28.016000,120.607805,720.0056647737666
mobilitybench_q_877d097124bd06a6c7,双屿呃镇中心附近打印店,宿迁市,34.309781,118.827436,mobilitybench:6dfe2d1e95593015d5,激光冲孔丝印,浙江省 鹿城区 箬笠岙工业园西南门旁,28.011279,120.595631,720.2459648659581
mobilitybench_q_877d097124bd06a6c7,双屿呃镇中心附近打印店,宿迁市,34.309781,118.827436,mobilitybench:f2c56942c4ff8b9bd1,慧琳印务包装,浙江省 鹿城区 嵇师新街32号,28.021319,120.587334,718.9746035973981
mobilitybench_q_877d097124bd06a6c7,双屿呃镇中心附近打印店,宿迁市,34.309781,118.827436,mobilitybench:2e374fe512318b68de,伟林图文广告,浙江省 鹿城区 山后路与双岙西路交叉口西20米,28.020561,120.586834,719.0456699912291
mobilitybench_q_877d097124bd06a6c7,双屿呃镇中心附近打印店,宿迁市,34.309781,118.827436,mobilitybench:195e69530104e74c36,双屿,浙江省 鹿城区 鹿城区,28.020628,120.598777,719.3032460414707
mobilitybench_q_dcca4216cda8452994,兴隆山滑雪场旁边有充电桩吗,定西市,34.998759,104.650759,mobilitybench:b7efa8397b84193d68,中国铁塔汽车充电站(甘肃兰州榆中县邮政局充电站),甘肃省 榆中县 中国邮政储蓄银行(栖云北路营业所),35.843353,104.112540,105.82255752359558
mobilitybench_q_dcca4216cda8452994,兴隆山滑雪场旁边有充电桩吗,定西市,34.998759,104.650759,mobilitybench:c38b07f17abde02562,汽车充电站(振华智能陇翔苑家居广场站),甘肃省 榆中县 环城西路2-172号,35.847481,104.105919,106.50630060647319
mobilitybench_q_dcca4216cda8452994,兴隆山滑雪场旁边有充电桩吗,定西市,34.998759,104.650759,mobilitybench:e9e50460b24e82ebe5,汽车充电站(榆快充御景院站),甘肃省 榆中县 兴隆路277号,35.843009,104.113268,105.75826604972866
mobilitybench_q_dcca4216cda8452994,兴隆山滑雪场旁边有充电桩吗,定西市,34.998759,104.650759,mobilitybench:b175b9319bbd2aaf50,振华智能汽车充电站-兰州榆中陇翔苑家居广场站,甘肃省 榆中县 环城西路102号,35.848734,104.105299,106.65561771679604
mobilitybench_q_dcca4216cda8452994,兴隆山滑雪场旁边有充电桩吗,定西市,34.998759,104.650759,mobilitybench:0d1d38b6566c965014,星星充电汽车充电站(榆中南关村充电站),甘肃省 榆中县 南关村园艺场公交站,35.832910,104.124025,104.31455837285502
mobilitybench_q_dcca4216cda8452994,兴隆山滑雪场旁边有充电桩吗,定西市,34.998759,104.650759,mobilitybench:8c314e50b2a84bf7a1,中国铁塔汽车充电站(甘肃兰州榆中昌盛家园充电站),甘肃省 榆中县 昌盛家园,35.842136,104.116720,105.5284305446721
mobilitybench_q_dcca4216cda8452994,兴隆山滑雪场旁边有充电桩吗,定西市,34.998759,104.650759,mobilitybench:4247085cf2ce31ff76,振华智能充电站(榆中兴隆雅居小区站),甘肃省 榆中县 太白西路与文兴路交叉口东南80米,35.845926,104.113254,106.04646034627012
mobilitybench_q_dcca4216cda8452994,兴隆山滑雪场旁边有充电桩吗,定西市,34.998759,104.650759,mobilitybench:fff721442108993ee4,汽车充电站(振华智能充电站榆中陇春园酒楼站),甘肃省 榆中县 城关镇文兴路陇春园酒楼地面停车场,35.849734,104.108024,106.63993716604918
mobilitybench_q_dcca4216cda8452994,兴隆山滑雪场旁边有充电桩吗,定西市,34.998759,104.650759,mobilitybench:a9145c75ac4c30ba40,云快充超级充电站(振华智能充电站-榆中新世界购物中心超充站),甘肃省 榆中县 城关镇栖云南路(兰州新世界购物中心),35.843018,104.118750,105.53132074076845
mobilitybench_q_dcca4216cda8452994,兴隆山滑雪场旁边有充电桩吗,定西市,34.998759,104.650759,mobilitybench:9eb464b653d19def0f,汽车充电站(振华智能榆中综合厂小区2站),甘肃省 榆中县 兴隆路178号,35.845003,104.118535,105.73632732401876
mobilitybench_q_dcca4216cda8452994,兴隆山滑雪场旁边有充电桩吗,定西市,34.998759,104.650759,mobilitybench:1cc0e600f8a5ae86bc,兰州兴隆山国际滑雪场,甘肃省 榆中县 城关镇兴隆山村6号,35.815802,104.082240,104.44437252053821
mobilitybench_q_876499d0c5a5e7bca1,定兴县广电小区附近充电站,北京市,39.912555,116.524952,mobilitybench:852269c154f43df43b,AA智能充电系统AA汽车充电站(九州隆泰宾馆充电站),河北省 定兴县 昌盛大街158定兴九州隆泰宾馆,39.257797,115.799255,95.74979522524544
mobilitybench_q_876499d0c5a5e7bca1,定兴县广电小区附近充电站,北京市,39.912555,116.524952,mobilitybench:5336f3ada56e6decf0,星星充电汽车充电站(冀美新能源充电站定兴韩家庄第十二站),河北省 定兴县 定兴镇朝阳路68号,39.253296,115.794270,96.4091141337029
mobilitybench_q_876499d0c5a5e7bca1,定兴县广电小区附近充电站,北京市,39.912555,116.524952,mobilitybench:b8951ae5a6de019f84,星星充电汽车充电站(绿城华建桥北慢充充电站),河北省 定兴县 定兴镇国道大街中国石化定兴第二加油站,39.258530,115.790880,96.15559018958614
mobilitybench_q_876499d0c5a5e7bca1,定兴县广电小区附近充电站,北京市,39.912555,116.524952,mobilitybench:187e09d4b2d8548fd6,星星充电汽车充电站(绿城华建桥北充电站),河北省 定兴县 定兴镇国道大街中国石化定兴第二加油站,39.258495,115.790245,96.19415020191754
mobilitybench_q_876499d0c5a5e7bca1,定兴县广电小区附近充电站,北京市,39.912555,116.524952,mobilitybench:5713c86f5ef949afa4,开鑫充电汽车充电站(定兴天马科技),河北省 定兴县 金台中路与国泰南街交叉口西北140米,39.247936,115.801535,96.46330194543212
mobilitybench_q_876499d0c5a5e7bca1,定兴县广电小区附近充电站,北京市,39.912555,116.524952,mobilitybench:77579a2f6a93612fc7,驴充充汽车充电站(北京世代南区),河北省 定兴县 文华路北京世代南区,39.261870,115.789696,95.94061753560945
mobilitybench_q_876499d0c5a5e7bca1,定兴县广电小区附近充电站,北京市,39.912555,116.524952,mobilitybench:8518296712c4414b98,国家电网汽车充电站(河北省保定市定兴县天马汽车A充电站),河北省 定兴县 金台中路天马汽车地面停车场,39.247387,115.801178,96.52989175692117
mobilitybench_q_876499d0c5a5e7bca1,定兴县广电小区附近充电站,北京市,39.912555,116.524952,mobilitybench:b56201fafd830fe3ad,宏峰博源超级充电站(宏峰博源充电站),河北省 定兴县 金台中路55号,39.247150,115.801920,96.50931317855421
mobilitybench_q_876499d0c5a5e7bca1,定兴县广电小区附近充电站,北京市,39.912555,116.524952,mobilitybench:4bfb382422baa0e93d,特来电充电站(保定定兴永信兴达汽贸),河北省 定兴县 107国道环岛永信兴达汽车销售服务有限公司,39.246564,115.808214,96.21418967063978
mobilitybench_q_876499d0c5a5e7bca1,定兴县广电小区附近充电站,北京市,39.912555,116.524952,mobilitybench:96adfde2a3f154955f,小桔充电汽车充电站(定兴县旭鸿),河北省 定兴县 定兴镇天马旁边西南角,39.247188,115.797900,96.7276275882162
mobilitybench_q_876499d0c5a5e7bca1,定兴县广电小区附近充电站,北京市,39.912555,116.524952,mobilitybench:9e90127e083239a380,广电小区,河北省 定兴县 开放路206号,39.259824,115.805355,95.23865883453215
mobilitybench_q_ec86290cbbbca989a1,成都西站附近的快捷酒店,成都市,30.312989,104.438900,mobilitybench:060b1b7d9cf913e9c2,凯天宾馆,四川省 青羊区 黄天坝清河一村8号(武青北路清江苑门口),30.688125,103.975950,60.887609275640195
mobilitybench_q_ec86290cbbbca989a1,成都西站附近的快捷酒店,成都市,30.312989,104.438900,mobilitybench:de7b96413558e36e56,明豪雅居宾馆(成都西站店),四川省 青羊区 清涟路58号附303号,30.685785,103.983912,60.15496901220839
mobilitybench_q_ec86290cbbbca989a1,成都西站附近的快捷酒店,成都市,30.312989,104.438900,mobilitybench:c791218ea243a67489,嘉豪宾馆(成都西站店),四川省 青羊区 清涟路58号附302号3层,30.685871,103.984218,60.1403055826174
mobilitybench_q_ec86290cbbbca989a1,成都西站附近的快捷酒店,成都市,30.312989,104.438900,mobilitybench:162c1c58363340a7ee,西客宾馆(成都西站店),四川省 青羊区 金辉路580号附115号黄牛肉二楼,30.683496,103.984916,59.91035688363756
mobilitybench_q_ec86290cbbbca989a1,成都西站附近的快捷酒店,成都市,30.312989,104.438900,mobilitybench:fe5c2bffb7959198f3,云上酒店(成都西站青羊万达店),四川省 青羊区 黄土街100号龙湖西府琅悦19栋1单元附103号,30.683746,103.969269,61.02621235579876
mobilitybench_q_ec86290cbbbca989a1,成都西站附近的快捷酒店,成都市,30.312989,104.438900,mobilitybench:93d93167dd94885d71,通天鸟,四川省 青羊区 黄田坝街道黄土街100号龙湖西府朗月19栋附106号,30.683725,103.969075,61.03834467674498
mobilitybench_q_ec86290cbbbca989a1,成都西站附近的快捷酒店,成都市,30.312989,104.438900,mobilitybench:323d6561c5ac165db9,凤巢酒店(成都西站青羊万达广场店),四川省 青羊区 万花一路青羊万达广场3栋3单元15楼,30.676660,103.974534,60.123679684656786
mobilitybench_q_ec86290cbbbca989a1,成都西站附近的快捷酒店,成都市,30.312989,104.438900,mobilitybench:f01c3ea378bff7b0fd,自宅酒店(成都西站青羊万达广场店),四川省 青羊区 日月大道一段978号青羊万达广场3幢1单元13楼,30.676894,103.972710,60.27054867545267
mobilitybench_q_ec86290cbbbca989a1,成都西站附近的快捷酒店,成都市,30.312989,104.438900,mobilitybench:0d43cee432a8979ce4,麦格酒店(成都西站青羊万达店),四川省 青羊区 日月大道一段978号青羊万达广场3栋1单元1832室,30.676957,103.972719,60.274602330272636
mobilitybench_q_ec86290cbbbca989a1,成都西站附近的快捷酒店,成都市,30.312989,104.438900,mobilitybench:809430d4199e58cc14,新橙乐宅酒店(成都西站青羊万达店),四川省 青羊区 日月大道一段978号万达广场成都青羊店6F层,30.676862,103.972762,60.26447276507363
mobilitybench_q_ec86290cbbbca989a1,成都西站附近的快捷酒店,成都市,30.312989,104.438900,mobilitybench:ac23e0bf0c2e85544f,成都西站,四川省 青羊区 西站一路,30.685329,103.979102,60.455095741303644
mobilitybench_q_c42ac38b8edb12b7bf,查一下上海市闵行区万源路附近的酒店,北京市,39.747848,116.342132,mobilitybench:a929ee5e43ebcef7ff,上海漕河泾瑞贝庭公寓酒店,上海市 闵行区 漕宝路1245号,31.159485,121.392760,1058.414995269914
mobilitybench_q_c42ac38b8edb12b7bf,查一下上海市闵行区万源路附近的酒店,北京市,39.747848,116.342132,mobilitybench:c40c9e4bda26ee8b18,全季酒店(上海漕河泾莲花路店),上海市 闵行区 莲花路1328号,31.157627,121.395830,1058.7230801467495
mobilitybench_q_c42ac38b8edb12b7bf,查一下上海市闵行区万源路附近的酒店,北京市,39.747848,116.342132,mobilitybench:d072f0217f7b55ee90,宿适轻奢酒店(上海漕河泾虹梅路地铁站店),上海市 闵行区 莲花路1328号宿舍(虹梅路地铁站3号口步行330米),31.157242,121.395937,1058.7663060921518
mobilitybench_q_c42ac38b8edb12b7bf,查一下上海市闵行区万源路附近的酒店,北京市,39.747848,116.342132,mobilitybench:f2fe34ec40e1fd1b16,东兰路莲花路,上海市 闵行区 东兰路与莲花路交叉口西160米,31.155336,121.394134,1058.889443827467
mobilitybench_q_c42ac38b8edb12b7bf,查一下上海市闵行区万源路附近的酒店,北京市,39.747848,116.342132,mobilitybench:c5c1897162b407e26e,华迈酒店式公寓(上海漕河泾虹梅路地铁站店),上海市 闵行区 莲花路1559号(虹梅路地铁站3号口步行300米),31.160275,121.392725,1058.3334844218557
mobilitybench_q_c42ac38b8edb12b7bf,查一下上海市闵行区万源路附近的酒店,北京市,39.747848,116.342132,mobilitybench:658a1463eb88856fb5,祐欣公寓,上海市 闵行区 东兰路与万源路交叉口西160米,31.154275,121.390325,1058.8488157332467
mobilitybench_q_c42ac38b8edb12b7bf,查一下上海市闵行区万源路附近的酒店,北京市,39.747848,116.342132,mobilitybench:912c70d4f979b8cb74,宿适轻奢酒店(漕河泾莲花路店),上海市 闵行区 莲花路1328号A栋(虹梅路地铁站3号口步行320米),31.157166,121.395918,1058.773275848798
mobilitybench_q_c42ac38b8edb12b7bf,查一下上海市闵行区万源路附近的酒店,北京市,39.747848,116.342132,mobilitybench:275472d5b5d2a09784,宿适轻奢酒店(上海漕河泾虹梅路地铁站店),上海市 闵行区 莲花路与东兰路交叉口北160米,31.157225,121.395625,1058.7558753335256
mobilitybench_q_c42ac38b8edb12b7bf,查一下上海市闵行区万源路附近的酒店,北京市,39.747848,116.342132,mobilitybench:731fb891d5801281fe,悠享家公寓,上海市 闵行区 漕宝路与莲花路交叉口西200米,31.159725,121.392375,1058.3756516962835
mobilitybench_q_c42ac38b8edb12b7bf,查一下上海市闵行区万源路附近的酒店,北京市,39.747848,116.342132,mobilitybench:06738e5edba068ea56,城市假期酒店(漕河泾印象城虹梅路地铁站店),上海市 闵行区 漕宝路1108号燎申漕宝大厦内,31.160138,121.397728,1058.5423282512838
mobilitybench_q_c42ac38b8edb12b7bf,查一下上海市闵行区万源路附近的酒店,北京市,39.747848,116.342132,mobilitybench:6367bcb177350288c1,万源路,上海市 闵行区 闵行区,31.156553,121.391419,1058.6602542887222
mobilitybench_q_0695c82d5bb6e37d7e,找一下清水江附近的车站,黔东南苗族侗族自治州,26.916458,109.215192,mobilitybench:5992496db34bcf678f,凯里站停车场,贵州省 凯里市 清江路237号凯里站,26.602701,107.977058,127.7841332612647
mobilitybench_q_0695c82d5bb6e37d7e,找一下清水江附近的车站,黔东南苗族侗族自治州,26.916458,109.215192,mobilitybench:65ee6746d12e13f8b9,凯里站,贵州省 凯里市 清江路237号,26.602770,107.975951,127.8877409756964
mobilitybench_q_0695c82d5bb6e37d7e,找一下清水江附近的车站,黔东南苗族侗族自治州,26.916458,109.215192,mobilitybench:9d58e0176c4a3f3d63,凯里站停车场(出入口),贵州省 凯里市 凯里站停车场,26.602503,107.976910,127.804384137821
mobilitybench_q_0695c82d5bb6e37d7e,找一下清水江附近的车站,黔东南苗族侗族自治州,26.916458,109.215192,mobilitybench:1d6feddb4be5199dd7,火车站(公交站),贵州省 凯里市 11路;1路;20路;2路,26.602146,107.976717,127.8338502116617
mobilitybench_q_0695c82d5bb6e37d7e,找一下清水江附近的车站,黔东南苗族侗族自治州,26.916458,109.215192,mobilitybench:0e056dd1e300262ad1,军供站(公交站),贵州省 凯里市 11路;1路;20路;2路,26.601426,107.977545,127.77707466393728
mobilitybench_q_0695c82d5bb6e37d7e,找一下清水江附近的车站,黔东南苗族侗族自治州,26.916458,109.215192,mobilitybench:7cb51bef0e1e0ddc47,新生路(东)(公交站),贵州省 凯里市 18路,26.612604,107.999103,125.37370289175321
mobilitybench_q_0695c82d5bb6e37d7e,找一下清水江附近的车站,黔东南苗族侗族自治州,26.916458,109.215192,mobilitybench:483c1a70dcd710b8b1,新生路东(公交站),贵州省 凯里市 18路,26.612571,107.999228,125.36275782789848
mobilitybench_q_0695c82d5bb6e37d7e,找一下清水江附近的车站,黔东南苗族侗族自治州,26.916458,109.215192,mobilitybench:0e4298b11f7a631fc2,老粮校(公交站),贵州省 凯里市 18路;9路,26.605943,107.996179,125.85786726658321
mobilitybench_q_0695c82d5bb6e37d7e,找一下清水江附近的车站,黔东南苗族侗族自治州,26.916458,109.215192,mobilitybench:d0619a33cc4115c44a,凯里八中(公交站),贵州省 凯里市 11路;1路;20路;2路,26.599518,107.978996,127.6979137623074
mobilitybench_q_0695c82d5bb6e37d7e,找一下清水江附近的车站,黔东南苗族侗族自治州,26.916458,109.215192,mobilitybench:b9a82a88961a6bb95f,新岩村(公交站),贵州省 凯里市 18路,26.615276,108.002146,125.00150639948286
mobilitybench_q_0695c82d5bb6e37d7e,找一下清水江附近的车站,黔东南苗族侗族自治州,26.916458,109.215192,mobilitybench:facf8d23a2da3c7f44,清水江,贵州省 凯里市 凯里市,26.620131,107.979671,127.00900526210384
mobilitybench_q_5af1405c6e8efc2e8f,美林湖附近的社区服务站在哪里,琼海市,19.175896,110.406549,mobilitybench:79f3881bba010e33eb,七星村卫生站,广东省 清城区 七星小学南200米(405县道北)附近,23.480789,113.018508,549.8002075863361
mobilitybench_q_5af1405c6e8efc2e8f,美林湖附近的社区服务站在哪里,琼海市,19.175896,110.406549,mobilitybench:38efe25a669878a480,石岐村卫生站,广东省 清城区 石角镇石岐村石岐威龙小学附近,23.496235,113.013451,551.0322369564544
mobilitybench_q_5af1405c6e8efc2e8f,美林湖附近的社区服务站在哪里,琼海市,19.175896,110.406549,mobilitybench:7d36cc31d3326fb52d,清城区石角镇兴仁社区卫生服务站,广东省 清城区 114省道附近,23.471299,113.003909,548.1429586281574
mobilitybench_q_5af1405c6e8efc2e8f,美林湖附近的社区服务站在哪里,琼海市,19.175896,110.406549,mobilitybench:80f48bee3326e2fb0a,兴仁社区寄递共配中心,广东省 清城区 173乡道与兴仁大街交叉口西160米,23.472299,113.002230,548.1541172975755
mobilitybench_q_5af1405c6e8efc2e8f,美林湖附近的社区服务站在哪里,琼海市,19.175896,110.406549,mobilitybench:5982b1604fbf5ca461,田心村卫生站,广东省 清城区 人社社保服务窗口(清远市清城区石角镇田心村民委员会)东侧80米,23.476620,112.993299,548.1184149529349
mobilitybench_q_5af1405c6e8efc2e8f,美林湖附近的社区服务站在哪里,琼海市,19.175896,110.406549,mobilitybench:7d56b17883195b630f,鲜品配社区配送中心,广东省 清城区 石角镇北部万科城一期B7-层,23.534081,113.051876,556.6333307387978
mobilitybench_q_5af1405c6e8efc2e8f,美林湖附近的社区服务站在哪里,琼海市,19.175896,110.406549,mobilitybench:4b33fc506c468b6221,马头村卫生站,广东省 清城区 石角镇马头村,23.536648,113.038648,556.2085022242894
mobilitybench_q_5af1405c6e8efc2e8f,美林湖附近的社区服务站在哪里,琼海市,19.175896,110.406549,mobilitybench:2c5d7fbe0c14e8424e,沙坑村卫生站,广东省 清城区 石角镇沙坑村委会,23.461576,112.965817,545.2778838609195
mobilitybench_q_5af1405c6e8efc2e8f,美林湖附近的社区服务站在哪里,琼海市,19.175896,110.406549,mobilitybench:ba89a632262cbe3875,灵洲村卫生站,广东省 清城区 灵洲大道与灵康路交叉口东120米,23.538838,112.978004,553.372600895813
mobilitybench_q_5af1405c6e8efc2e8f,美林湖附近的社区服务站在哪里,琼海市,19.175896,110.406549,mobilitybench:34c353aa363414a0fd,美林湖,广东省 清城区 清城区,23.483160,113.040412,551.1473083089404
mobilitybench_q_ed337b20464c8bba03,你好找个最近的电器的充电桩,岳阳市,28.738319,112.611839,mobilitybench:ad88b8a6eee8416921,驴充充汽车充电站(后客长城大酒店岳阳东茅岭步行街店西北61米),湖南省 岳阳楼区 东茅岭路84后客长城大酒店(岳阳东茅岭步行街店)附近28米,29.371658,113.113160,85.63907783381043
mobilitybench_q_ed337b20464c8bba03,你好找个最近的电器的充电桩,岳阳市,28.738319,112.611839,mobilitybench:7e5716a9a2b02195ab,闪开汽车充电站(审计局家属区),湖南省 岳阳楼区 东茅岭街道岳阳市审计局,29.368757,113.111786,85.29824262599182
mobilitybench_q_ed337b20464c8bba03,你好找个最近的电器的充电桩,岳阳市,28.738319,112.611839,mobilitybench:0adac3ffd8e435e594,国家电网汽车充电站(岳阳市岳阳楼区城郊供电所充电站),湖南省 岳阳楼区 城郊供电所,29.377400,113.107760,85.86838815867021
mobilitybench_q_ed337b20464c8bba03,你好找个最近的电器的充电桩,岳阳市,28.738319,112.611839,mobilitybench:18eb7c3cdec544dccf,汽车充电站(工人文化宫超充),湖南省 岳阳楼区 云梦路与年丰巷交叉口西40米,29.368044,113.102884,84.74282507559501
mobilitybench_q_ed337b20464c8bba03,你好找个最近的电器的充电桩,岳阳市,28.738319,112.611839,mobilitybench:2d4e213a2dac953897,小鹏汽车充电站(开放运营-小鹏目充岳阳大酒店站),湖南省 岳阳楼区 岳阳大酒店(入口站前路),29.374446,113.118769,86.2042755473414
mobilitybench_q_ed337b20464c8bba03,你好找个最近的电器的充电桩,岳阳市,28.738319,112.611839,mobilitybench:f8f76c1f13f559d874,蔚景云汽车充电站(朵兰达V酒店),湖南省 岳阳楼区 站前路街道岳阳朵兰达酒店,29.375715,113.118286,86.29313335620978
mobilitybench_q_ed337b20464c8bba03,你好找个最近的电器的充电桩,岳阳市,28.738319,112.611839,mobilitybench:4004715ccc6f894128,中国石化汽车充电站(汴河园充电站),湖南省 岳阳楼区 汴河园充电站,29.375745,113.100753,85.33522879977747
mobilitybench_q_ed337b20464c8bba03,你好找个最近的电器的充电桩,岳阳市,28.738319,112.611839,mobilitybench:7b5f9fa61518e508e2,国家电网汽车充电站(岳阳市岳阳楼区观音阁充电站),湖南省 岳阳楼区 建设南路245号观音阁生态智慧停车场,29.372963,113.099338,85.0020769142447
mobilitybench_q_ed337b20464c8bba03,你好找个最近的电器的充电桩,岳阳市,28.738319,112.611839,mobilitybench:add5f05192acf199de,云快充充电站(华润岳阳火车站东东广场快充站),湖南省 岳阳楼区 岳阳火车站东广场,29.375766,113.119036,86.33938788301234
mobilitybench_q_ed337b20464c8bba03,你好找个最近的电器的充电桩,岳阳市,28.738319,112.611839,mobilitybench:a5a95aea48a12297ed,小桔充电汽车充电站(宇泰智充岳阳国贸大酒店充电站),湖南省 岳阳楼区 东茅岭街道青年中路304号岳阳国贸大酒店岳阳国贸大酒店地下室负一层,29.365620,113.118160,85.36791457170499
mobilitybench_q_ed337b20464c8bba03,你好找个最近的电器的充电桩,岳阳市,28.738319,112.611839,mobilitybench:6f08e799fb8f0a7e24,Apple授权专营店(岳阳步步高店),湖南省 岳阳楼区 德胜南路岳阳新天地步步高广场一层A区1015号商铺,29.371467,113.109617,85.42611539869507
mobilitybench_q_55221d626236bbcc11,长沙黄花镇汽车站附近旅馆,株洲市,26.485079,113.788013,mobilitybench:4d26310dd5363c8ef7,长沙县富康宾馆,湖南省 长沙县 黄回路6号(花港国际大酒店斜对面),28.230825,113.191405,202.8620463191378
mobilitybench_q_55221d626236bbcc11,长沙黄花镇汽车站附近旅馆,株洲市,26.485079,113.788013,mobilitybench:47ad32e6d5cbd79c53,长沙县和群宾馆,湖南省 长沙县 黄花镇黄春路32号,28.231552,113.192181,202.9171115899219
mobilitybench_q_55221d626236bbcc11,长沙黄花镇汽车站附近旅馆,株洲市,26.485079,113.788013,mobilitybench:e31b670ced0e1b0369,老地方旅馆(黄谷路),湖南省 长沙县 黄花镇黄谷路110号(黄花机场附近),28.228197,113.194911,202.4822248661902
mobilitybench_q_55221d626236bbcc11,长沙黄花镇汽车站附近旅馆,株洲市,26.485079,113.788013,mobilitybench:4f212ff23ae37f57d3,伍来宾馆(黄花机场店),湖南省 长沙县 黄花镇黄花路80号,28.229406,113.186717,202.84621348358093
mobilitybench_q_55221d626236bbcc11,长沙黄花镇汽车站附近旅馆,株洲市,26.485079,113.788013,mobilitybench:768b56141c501743a5,花容酒店(长沙县都市学院店),湖南省 长沙县 黄花镇黄花路社区黄花路191号,28.228576,113.185915,202.78124079532844
mobilitybench_q_55221d626236bbcc11,长沙黄花镇汽车站附近旅馆,株洲市,26.485079,113.788013,mobilitybench:1efec6984a43a1431b,庆缘宾馆,湖南省 长沙县 黄花路与龙峰大道交叉口西140米,28.229019,113.186457,202.81261633447724
mobilitybench_q_55221d626236bbcc11,长沙黄花镇汽车站附近旅馆,株洲市,26.485079,113.788013,mobilitybench:08e01d3103a5677f89,宏图招待所(黄花路店),湖南省 长沙县 黄花镇黄花路155号,28.229013,113.186885,202.7996030130504
mobilitybench_q_55221d626236bbcc11,长沙黄花镇汽车站附近旅馆,株洲市,26.485079,113.788013,mobilitybench:ad844ec5eca9a31cad,吉楚酒店(长沙黄花机场都市学院店),湖南省 长沙县 黄花镇黄花路245号,28.227369,113.184288,202.7002273468889
mobilitybench_q_55221d626236bbcc11,长沙黄花镇汽车站附近旅馆,株洲市,26.485079,113.788013,mobilitybench:86389275a9dbe79923,美韵酒店(都市职业学院店),湖南省 长沙县 黄花镇黄花路98号,28.227699,113.184684,202.723775635975
mobilitybench_q_55221d626236bbcc11,长沙黄花镇汽车站附近旅馆,株洲市,26.485079,113.788013,mobilitybench:e9dca69d864f524c21,长沙县晟誉宾馆,湖南省 长沙县 黄花镇商业街238号,28.224374,113.191885,202.16245224604594
mobilitybench_q_55221d626236bbcc11,长沙黄花镇汽车站附近旅馆,株洲市,26.485079,113.788013,mobilitybench:11bfecc0c48b717ab0,黄花镇(公交站),湖南省 长沙县 XT14路,28.231368,113.191174,202.9264051177532
mobilitybench_q_c3df77b33f5b3006f6,哈尔滨香坊火车站附近有地铁站吗？,哈尔滨市,44.931638,127.153888,mobilitybench:2979a0f26530b37a80,油坊街(地铁站),黑龙江省 香坊区 3号线,45.723282,126.690519,95.1885336055623
mobilitybench_q_c3df77b33f5b3006f6,哈尔滨香坊火车站附近有地铁站吗？,哈尔滨市,44.931638,127.153888,mobilitybench:6b0c021699dfdf6ee3,汽轮机厂(地铁站),黑龙江省 香坊区 3号线,45.714516,126.689576,94.31729846491994
mobilitybench_q_c3df77b33f5b3006f6,哈尔滨香坊火车站附近有地铁站吗？,哈尔滨市,44.931638,127.153888,mobilitybench:73f9289cfd044dff28,公滨路(地铁站),黑龙江省 香坊区 3号线,45.730800,126.691143,95.94281457117442
mobilitybench_q_c3df77b33f5b3006f6,哈尔滨香坊火车站附近有地铁站吗？,哈尔滨市,44.931638,127.153888,mobilitybench:da4316e3dad37a0963,省医院(地铁站),黑龙江省 香坊区 2号线,45.736725,126.677255,96.9645156778944
mobilitybench_q_c3df77b33f5b3006f6,哈尔滨香坊火车站附近有地铁站吗？,哈尔滨市,44.931638,127.153888,mobilitybench:6946935ad1c4bf4aeb,进乡街(地铁站),黑龙江省 香坊区 3号线,45.704725,126.686287,93.41496448024913
mobilitybench_q_c3df77b33f5b3006f6,哈尔滨香坊火车站附近有地铁站吗？,哈尔滨市,44.931638,127.153888,mobilitybench:51d778bb077094ff00,珠江路(地铁站),黑龙江省 香坊区 2号线;3号线,45.736622,126.692716,96.49602814080231
mobilitybench_q_c3df77b33f5b3006f6,哈尔滨香坊火车站附近有地铁站吗？,哈尔滨市,44.931638,127.153888,mobilitybench:ab69c041992f5c2b4c,劳动公园(地铁站),黑龙江省 香坊区 3号线,45.700968,126.675172,93.37611660624698
mobilitybench_q_c3df77b33f5b3006f6,哈尔滨香坊火车站附近有地铁站吗？,哈尔滨市,44.931638,127.153888,mobilitybench:123e7f5efadf5bfc31,旭升街(地铁站),黑龙江省 香坊区 3号线,45.702396,126.664094,93.87143782454817
mobilitybench_q_c3df77b33f5b3006f6,哈尔滨香坊火车站附近有地铁站吗？,哈尔滨市,44.931638,127.153888,mobilitybench:70456ce1fd21ad60d0,南直路(地铁站),黑龙江省 香坊区 2号线,45.734930,126.705955,95.93925804157533
mobilitybench_q_c3df77b33f5b3006f6,哈尔滨香坊火车站附近有地铁站吗？,哈尔滨市,44.931638,127.153888,mobilitybench:e1e367b0d9ca022523,湘江路(地铁站),黑龙江省 南岗区 3号线,45.742399,126.694500,97.03982541512447
mobilitybench_q_c3df77b33f5b3006f6,哈尔滨香坊火车站附近有地铁站吗？,哈尔滨市,44.931638,127.153888,mobilitybench:013163ecd9119784d2,香坊站,黑龙江省 香坊区 通站街118号,45.721049,126.679513,95.2907690421955
mobilitybench_q_3a23ee41eb4bfc6a62,安徽水利水电职业技术学院附近的银行,盐城市,33.399241,120.216521,mobilitybench:cbcecd0c19d3a3431d,徽商银行24小时自助银行(撮镇支行),安徽省 肥东县 裕溪路唐安幸福家园,31.832325,117.419529,314.5952583453527
mobilitybench_q_3a23ee41eb4bfc6a62,安徽水利水电职业技术学院附近的银行,盐城市,33.399241,120.216521,mobilitybench:a7c2449e4ceb3fe096,徽商银行(肥东撮镇支行),安徽省 肥东县 龙塘幸福家园西门沿街商业房1-3层,31.832370,117.419487,314.5957080037628
mobilitybench_q_3a23ee41eb4bfc6a62,安徽水利水电职业技术学院附近的银行,盐城市,33.399241,120.216521,mobilitybench:72c6b55050f16270f9,肥东县农村信用合作社(龙塘支行),安徽省 肥东县 合马路唐安幸福家园商业街一号,31.832485,117.419030,314.62412361885043
mobilitybench_q_3a23ee41eb4bfc6a62,安徽水利水电职业技术学院附近的银行,盐城市,33.399241,120.216521,mobilitybench:49f39675c24f870c1a,肥东农商银行24小时自助银行(龙塘支行),安徽省 肥东县 裕溪路与裕溪路高架桥入口交叉口西北200米,31.832422,117.418917,314.6368897537365
mobilitybench_q_3a23ee41eb4bfc6a62,安徽水利水电职业技术学院附近的银行,盐城市,33.399241,120.216521,mobilitybench:a4eec0b8fff2928a19,中国邮政储蓄银行(龙塘营业所),安徽省 肥东县 龙塘镇合马路3334号,31.832960,117.419395,314.56584631305464
mobilitybench_q_3a23ee41eb4bfc6a62,安徽水利水电职业技术学院附近的银行,盐城市,33.399241,120.216521,mobilitybench:774e7be07e063a311a,中国农业银行(合肥龙塘支行),安徽省 肥东县 红星美凯龙家居1层,31.833820,117.413787,314.9494088727473
mobilitybench_q_3a23ee41eb4bfc6a62,安徽水利水电职业技术学院附近的银行,盐城市,33.399241,120.216521,mobilitybench:a511d31fc4d41b2252,中国工商银行24小时自助银行(合肥合裕路支行),安徽省 肥东县 钢材交易大厦,31.834595,117.411640,315.06845831081057
mobilitybench_q_3a23ee41eb4bfc6a62,安徽水利水电职业技术学院附近的银行,盐城市,33.399241,120.216521,mobilitybench:5312fce2e780c1ea65,中国工商银行(合肥合裕路支行),安徽省 肥东县 华东国际建材中心钢材城运营服务中心112-A-212-A,31.834616,117.411632,315.06776817003293
mobilitybench_q_3a23ee41eb4bfc6a62,安徽水利水电职业技术学院附近的银行,盐城市,33.399241,120.216521,mobilitybench:cfa5d56778302baaab,安徽肥东湖商村镇银行(龙塘支行),安徽省 肥东县 裕溪路与大彭路交叉口西南60米,31.832349,117.407130,315.56118279960657
mobilitybench_q_3a23ee41eb4bfc6a62,安徽水利水电职业技术学院附近的银行,盐城市,33.399241,120.216521,mobilitybench:9c92e1913ce1737599,中国邮政储蓄银行(撮镇支行),安徽省 肥东县 撮镇南大街(百姓缘大药房对面),31.819755,117.465440,311.82445775320633
mobilitybench_q_3a23ee41eb4bfc6a62,安徽水利水电职业技术学院附近的银行,盐城市,33.399241,120.216521,mobilitybench:33be3386c689dbc627,安徽水利水电职业技术学院,安徽省 肥东县 合马路18号,31.824884,117.426710,314.5042557460597
mobilitybench_q_17a21c53b2f6c02ce2,帮我找一下天河区中山附属第三医院附近的停车场,河源市,23.520057,114.823820,mobilitybench:21ff48484e07589c1c,中山大学附属医院停车场,广东省 天河区 天河路辅路与龙口东路交叉口南200米,23.133780,113.341825,157.29744395836897
mobilitybench_q_17a21c53b2f6c02ce2,帮我找一下天河区中山附属第三医院附近的停车场,河源市,23.520057,114.823820,mobilitybench:1d35a0280bb6182566,中山大学附属医院立体停车场,广东省 天河区 天河路辅路与五山路交叉口南220米,23.133730,113.341958,157.285925861232
mobilitybench_q_17a21c53b2f6c02ce2,帮我找一下天河区中山附属第三医院附近的停车场,河源市,23.520057,114.823820,mobilitybench:973a34b7ad9e4319b2,中山大学附属第三医院天河院区立体停车场,广东省 天河区 石牌街道天河路600号中山大学附属第三医院(天河院区),23.133739,113.342024,157.27916494694313
mobilitybench_q_17a21c53b2f6c02ce2,帮我找一下天河区中山附属第三医院附近的停车场,河源市,23.520057,114.823820,mobilitybench:724222c4a50c486c00,冠军小区地面停车场,广东省 天河区 石牌东路(岗顶地铁站D口步行430米),23.134535,113.342152,157.24200485960887
mobilitybench_q_17a21c53b2f6c02ce2,帮我找一下天河区中山附属第三医院附近的停车场,河源市,23.520057,114.823820,mobilitybench:b7d98c6ece8a30adb5,广州广悦酒店岗顶地铁站店地面停车点,广东省 天河区 天河路辅路与龙口东路交叉口西80米,23.135606,113.340619,157.3596278795353
mobilitybench_q_17a21c53b2f6c02ce2,帮我找一下天河区中山附属第三医院附近的停车场,河源市,23.520057,114.823820,mobilitybench:f362a200879ce7acbd,广东省科技干部学院大楼停车场,广东省 天河区 天河路辅路与龙口东路交叉口西北40米,23.135759,113.341049,157.31266916399008
mobilitybench_q_17a21c53b2f6c02ce2,帮我找一下天河区中山附属第三医院附近的停车场,河源市,23.520057,114.823820,mobilitybench:b15a5b85135684d6ca,岗顶1站广场停车场,广东省 天河区 天河路683号南国会·1站酒店,23.135859,113.341681,157.24749107509527
mobilitybench_q_17a21c53b2f6c02ce2,帮我找一下天河区中山附属第三医院附近的停车场,河源市,23.520057,114.823820,mobilitybench:1267d6a9664d696560,石牌东商业大楼停车场,广东省 天河区 石牌东路与天河路辅路交叉口南140米,23.134463,113.343200,157.14127929680967
mobilitybench_q_17a21c53b2f6c02ce2,帮我找一下天河区中山附属第三医院附近的停车场,河源市,23.520057,114.823820,mobilitybench:19fa007abc17c513f4,石牌东商业大楼地下停车场,广东省 天河区 石牌东路31号(岗顶地铁站D口步行390米),23.134699,113.343184,157.13556424725576
mobilitybench_q_17a21c53b2f6c02ce2,帮我找一下天河区中山附属第三医院附近的停车场,河源市,23.520057,114.823820,mobilitybench:9a2406c87ec9e092c7,南国会•1站酒店停车点,广东省 天河区 龙口东路与龙口横街交叉口东20米,23.136210,113.341308,157.27335537700446
mobilitybench_q_17a21c53b2f6c02ce2,帮我找一下天河区中山附属第三医院附近的停车场,河源市,23.520057,114.823820,mobilitybench:66e73516d3fc84935c,中山大学附属第三医院(天河院区),广东省 天河区 石牌街道天河路600号(岗顶地铁站D口步行50米),23.134165,113.341211,157.34586430122712
mobilitybench_q_5bb49905417203661d,最近的刷车的洗车的地方,宿州市,33.700178,117.878152,mobilitybench:9ef4cd6853f716e3c7,驰加汽车服务中心(银河二路店),安徽省 埇桥区 银河二路御品华府6105号,33.649022,116.955450,85.57263584736175
mobilitybench_q_5bb49905417203661d,最近的刷车的洗车的地方,宿州市,33.700178,117.878152,mobilitybench:56faf06347efe118ae,隆立美汽车美容养护中心,安徽省 埇桥区 银河二路469号,33.649125,116.951843,85.90486761796099
mobilitybench_q_5bb49905417203661d,最近的刷车的洗车的地方,宿州市,33.700178,117.878152,mobilitybench:f4b7c6799194dd2e5f,宿州埇桥区南翔云集步行街,安徽省 埇桥区 埇桥街道云集文化商业街地下968号,33.649075,116.959125,85.23290335736527
mobilitybench_q_5bb49905417203661d,最近的刷车的洗车的地方,宿州市,33.700178,117.878152,mobilitybench:2c5397e2d0a19de45f,汇金广场-1F便民洗车店,安徽省 埇桥区 汇金广场,33.645210,116.955270,85.62035795830744
mobilitybench_q_5bb49905417203661d,最近的刷车的洗车的地方,宿州市,33.700178,117.878152,mobilitybench:6c69bed2f50a9319eb,天猫养车(银河二路店),安徽省 埇桥区 银河二路555号,33.649086,116.949606,86.1117236863109
mobilitybench_q_5bb49905417203661d,最近的刷车的洗车的地方,宿州市,33.700178,117.878152,mobilitybench:766ae349bab3688589,車霂24小时自助洗车(万达华府服务点),安徽省 埇桥区 万达华府东2门进入地库左转到达服务点,33.655316,116.953250,85.72907168548625
mobilitybench_q_5bb49905417203661d,最近的刷车的洗车的地方,宿州市,33.700178,117.878152,mobilitybench:6dd6c54be970fb28e1,普利司通轮胎店(乘安汽车服务中心),安徽省 埇桥区 银河一路新都市华庭C4区106-108号,33.644291,116.949394,86.17049775690121
mobilitybench_q_5bb49905417203661d,最近的刷车的洗车的地方,宿州市,33.700178,117.878152,mobilitybench:1ab8d18d0713bf136d,爱车居汽车美容中心,安徽省 埇桥区 水木清华东门北侧100米,33.656157,116.955710,85.49600756706175
mobilitybench_q_5bb49905417203661d,最近的刷车的洗车的地方,宿州市,33.700178,117.878152,mobilitybench:7f2a8de211fd31fdaf,小拇指汽车维修轮胎保养(万达店),安徽省 埇桥区 银河四路水木清华小区26号116号,33.656690,116.955886,85.47611133212504
mobilitybench_q_5bb49905417203661d,最近的刷车的洗车的地方,宿州市,33.700178,117.878152,mobilitybench:5fbbe6212c63ad3146,宿车速洗自助洗车(华龙大市场),安徽省 埇桥区 亚运路115号,33.641731,116.951314,86.0155998938026
mobilitybench_q_f27bfbcd624915a2ea,保险公司最近的保险公司在哪里,钦州市,22.458956,108.868985,mobilitybench:8558288a51da855dd9,中国平安财产保险股份有限公司(钦州中心支公司),广西壮族自治区 钦南区 金海湾东大街8号天骄国际大厦写字楼11楼,21.937201,108.638075,62.698290355465254
mobilitybench_q_f27bfbcd624915a2ea,保险公司最近的保险公司在哪里,钦州市,22.458956,108.868985,mobilitybench:a128e284c45fae2a54,PICC中国人民保险(钦州润海汽车合作点),广西壮族自治区 钦南区 金海湾东大街辅路北面,21.940225,108.634525,62.5273570264139
mobilitybench_q_f27bfbcd624915a2ea,保险公司最近的保险公司在哪里,钦州市,22.458956,108.868985,mobilitybench:c2ee3ccdd1ca40a52f,华泰保险股份有限公司,广西壮族自治区 钦南区 商城西路与商城西北街交叉口西300米,21.941021,108.634457,62.44839646668364
mobilitybench_q_f27bfbcd624915a2ea,保险公司最近的保险公司在哪里,钦州市,22.458956,108.868985,mobilitybench:316063541c8fbf0d5a,鼎和财产保险股份有限公司,广西壮族自治区 钦南区 江东名园2楼,21.947290,108.629500,62.007040900540034
mobilitybench_q_f27bfbcd624915a2ea,保险公司最近的保险公司在哪里,钦州市,22.458956,108.868985,mobilitybench:38d577e2b60dbc21d5,华泰保险鑫保店,广西壮族自治区 钦南区 东南街82号七里香溪四期31号楼4单元20号商铺,21.944188,108.652873,61.41165386901621
mobilitybench_q_f27bfbcd624915a2ea,保险公司最近的保险公司在哪里,钦州市,22.458956,108.868985,mobilitybench:3b7d316245e1a7c168,大地保险,广西壮族自治区 钦南区 家兴苑西门北60米,21.948988,108.649821,61.029805314940134
mobilitybench_q_f27bfbcd624915a2ea,保险公司最近的保险公司在哪里,钦州市,22.458956,108.868985,mobilitybench:33f4e969a3351c35f6,保险超市,广西壮族自治区 钦南区 钦廉街与粤桂北路交叉口东南40米,21.948988,108.649968,61.02421210024967
mobilitybench_q_f27bfbcd624915a2ea,保险公司最近的保险公司在哪里,钦州市,22.458956,108.868985,mobilitybench:0836328653c03a8a7a,钦州市建设工程人身意外伤害保险服务中心,广西壮族自治区 钦南区 建业街与建政路交叉口西100米,21.950512,108.628089,61.73656878204057
mobilitybench_q_f27bfbcd624915a2ea,保险公司最近的保险公司在哪里,钦州市,22.458956,108.868985,mobilitybench:ef48738f29f83b7e9f,紫金保险钦州市区道路救助基金便民服务受理点(驻钦州市交警二大队),广西壮族自治区 钦南区 粤桂北路与钦廉街交叉口东北80米,21.949556,108.650150,60.958583232436055
mobilitybench_q_f27bfbcd624915a2ea,保险公司最近的保险公司在哪里,钦州市,22.458956,108.868985,mobilitybench:69180636b8ed184335,中国人寿(东泉街店),广西壮族自治区 钦南区 东泉街与粤桂北路交叉口西60米,21.952928,108.648910,60.657802205158255
mobilitybench_q_48f5def6bbdd367456,泊里镇附近服饰有限公司,盐城市,33.547140,119.552894,mobilitybench:fb8469fc427a4d88cf,泊里镇人民政府,山东省 黄岛区 泊里一路11号,35.704532,119.786607,240.84237670499314
mobilitybench_q_566320aa279d5bcb9e,查一下附近正在营业的便利店,杭州市,30.450610,120.259643,mobilitybench:3a190a2e9806feaf61,美宜佳(宏声花园店),重庆市 丰都县 世平路69号宏声花园,29.861399,107.728428,1205.9887323662624
mobilitybench_q_566320aa279d5bcb9e,查一下附近正在营业的便利店,杭州市,30.450610,120.259643,mobilitybench:90c09d65adf4a996e4,邻里,重庆市 丰都县 世平路与南天湖西路交叉口西南40米,29.860128,107.728494,1205.997817639473
mobilitybench_q_566320aa279d5bcb9e,查一下附近正在营业的便利店,杭州市,30.450610,120.259643,mobilitybench:fae6ff847a89a167ec,平平便利店,重庆市 丰都县 商业二路与河北步行街交叉口西180米,29.867491,107.729945,1205.7696708944827
mobilitybench_q_566320aa279d5bcb9e,查一下附近正在营业的便利店,杭州市,30.450610,120.259643,mobilitybench:d24ee37052687a56e1,好品便利店(丰都中学店),重庆市 丰都县 示范幼儿园东北门旁,29.860012,107.725151,1206.319676656987
mobilitybench_q_566320aa279d5bcb9e,查一下附近正在营业的便利店,杭州市,30.450610,120.259643,mobilitybench:dee50c755d6642be0f,美宜佳(烟草家园店),重庆市 丰都县 平都大道中段烟草家园,29.866691,107.733546,1205.434138205605
mobilitybench_q_566320aa279d5bcb9e,查一下附近正在营业的便利店,杭州市,30.450610,120.259643,mobilitybench:ca5f2107216d873b7e,仓粟便利店(二店),重庆市 丰都县 雪玉路666号,29.857702,107.727927,1206.0816308803107
mobilitybench_q_566320aa279d5bcb9e,查一下附近正在营业的便利店,杭州市,30.450610,120.259643,mobilitybench:1b1ab1cd8a9a32b735,哎呀便利店,重庆市 丰都县 双桂路与南天湖西路交叉口西南80米,29.859476,107.724320,1206.4058391429903
mobilitybench_q_566320aa279d5bcb9e,查一下附近正在营业的便利店,杭州市,30.450610,120.259643,mobilitybench:6afc334dba6fccfb48,美宜佳(滨江西路店),重庆市 丰都县 滨江西路与秀才湾路交叉口东北40米,29.868443,107.728004,1205.9442550482486
mobilitybench_q_566320aa279d5bcb9e,查一下附近正在营业的便利店,杭州市,30.450610,120.259643,mobilitybench:31d045a3042b545cfe,百世邻里(名山大道店),重庆市 丰都县 名山大道与南天湖中路交叉口东北60米,29.862292,107.736655,1205.1892941851286
mobilitybench_q_566320aa279d5bcb9e,查一下附近正在营业的便利店,杭州市,30.450610,120.259643,mobilitybench:e78d49de7807f8e57a,小红副食,重庆市 丰都县 平都西路一支路12号附5号,29.860069,107.721986,1206.6223740511068
mobilitybench_q_566320aa279d5bcb9e,查一下附近正在营业的便利店,杭州市,30.450610,120.259643,mobilitybench:7b70da6eca414724c6,正在营业(宏声花园店),重庆市 丰都县 三合街道世平路69号附1号,29.862798,107.729540,1205.8651935777225
mobilitybench_q_38e1be441dc8b76499,帮我查询呃滨海火车站附近是否有小米购物店,阜阳市,33.172324,115.699853,mobilitybench:4bcf8a7f43be9ffac9,小米之家(滨海新区K11购物中心专卖店),天津市 滨海新区 滨海新区开发区滨海新区新城西路K11购物中心一层L103商铺,39.023547,117.704134,675.033075793977
mobilitybench_q_38e1be441dc8b76499,帮我查询呃滨海火车站附近是否有小米购物店,阜阳市,33.172324,115.699853,mobilitybench:d232e9736b91f2b6c6,小米之家(远洋未来汇广场专卖店),天津市 滨海新区 胡家园街道天津天津市滨海新区津塘公路7016号远洋未来汇购物中心一层小米之家,39.031260,117.596963,673.361712956453
mobilitybench_q_38e1be441dc8b76499,帮我查询呃滨海火车站附近是否有小米购物店,阜阳市,33.172324,115.699853,mobilitybench:c2a0b7aa2974fdb0db,小米之家(滨海新区万达广场店),天津市 滨海新区 于家堡街道天津市滨海新区中心商务区洞庭路滨海万达广场1楼1051号商铺,39.016069,117.680375,673.6683530304797
mobilitybench_q_38e1be441dc8b76499,帮我查询呃滨海火车站附近是否有小米购物店,阜阳市,33.172324,115.699853,mobilitybench:818947f7822c4dc7e3,小米之家(滨海新区金隅嘉品mall专卖店),天津市 滨海新区 杭州道街道天津天津市滨海新区建材路,39.032508,117.678585,675.3842262842119
mobilitybench_q_38e1be441dc8b76499,帮我查询呃滨海火车站附近是否有小米购物店,阜阳市,33.172324,115.699853,mobilitybench:291bc81310656d5ef3,小米之家(滨海新区秀谷商业广场专卖店),天津市 滨海新区 杭州道街道天津天津市滨海新区津塘公路1168号,39.031641,117.656853,674.7813161942506
mobilitybench_q_38e1be441dc8b76499,帮我查询呃滨海火车站附近是否有小米购物店,阜阳市,33.172324,115.699853,mobilitybench:c4f5761a318925a10a,小米之家(滨海新区塘沽解放路金街专卖店),天津市 滨海新区 向阳街道天津市滨海新区解放路1009号,39.019353,117.663581,673.6236618396956
mobilitybench_q_38e1be441dc8b76499,帮我查询呃滨海火车站附近是否有小米购物店,阜阳市,33.172324,115.699853,mobilitybench:6c0a222dcf13a3e5b5,小米之家(滨海新区京东超体专卖店),天津市 滨海新区 泰达街道经济技术开发区第二大街MSD-B京东mall小米之家,39.024171,117.708190,675.1968208673136
mobilitybench_q_38e1be441dc8b76499,帮我查询呃滨海火车站附近是否有小米购物店,阜阳市,33.172324,115.699853,mobilitybench:7c02370fdd307d1013,小米之家(滨海新区泰达永旺梦乐城专卖店),天津市 滨海新区 泰达街道天津天津市滨海新区泰达大街永旺梦乐城一层104号,39.031607,117.729236,676.4972413114418
mobilitybench_q_38e1be441dc8b76499,帮我查询呃滨海火车站附近是否有小米购物店,阜阳市,33.172324,115.699853,mobilitybench:aa3f7b6e0492ec4b4e,小米之家(滨海新区乐购e线生活广场专卖店),天津市 滨海新区 新北街道天津天津市滨海新区河北路工农村乐购e线生活广场小米之家,39.060992,117.660539,678.009738594256
mobilitybench_q_38e1be441dc8b76499,帮我查询呃滨海火车站附近是否有小米购物店,阜阳市,33.172324,115.699853,mobilitybench:cd9ceab289dcbb5cf4,小米之家(滨海新区吾悦广场专卖店),天津市 滨海新区 新河街道天津天津市滨海新区海缘东路滨海吾悦广场一层1011商铺,39.066227,117.622839,677.7013840810476
mobilitybench_q_38e1be441dc8b76499,帮我查询呃滨海火车站附近是否有小米购物店,阜阳市,33.172324,115.699853,mobilitybench:158b5df9b84e92f03b,滨海站,天津市 滨海新区 新港路附近,39.004960,117.684732,672.583950124437
mobilitybench_q_dd9117f13049068420,北医三院附近的宾馆。,锦州市,41.104825,121.176965,mobilitybench:0f49c9d17e50d4ead0,速8酒店(北京北医三院店),北京市 海淀区 花园北路甲44号,39.981387,116.360587,425.6515206555663
mobilitybench_q_dd9117f13049068420,北医三院附近的宾馆。,锦州市,41.104825,121.176965,mobilitybench:9d5889c2aa8e84c260,北京顺昌家庭旅馆(北医三院店),北京市 海淀区 花园北路44号贯通大厦F1层,39.981397,116.358807,425.79489197541983
mobilitybench_q_dd9117f13049068420,北医三院附近的宾馆。,锦州市,41.104825,121.176965,mobilitybench:45b82dbb85c65f4436,客至上民宿(北京北医三院店),北京市 海淀区 塔院晴冬园1号楼,39.980871,116.359975,425.7192575850411
mobilitybench_q_dd9117f13049068420,北医三院附近的宾馆。,锦州市,41.104825,121.176965,mobilitybench:8aaf1665f136540590,北京诚信家庭公寓(北医三院店),北京市 海淀区 花园北路49号院4号楼,39.981936,116.362150,425.5058276513316
mobilitybench_q_dd9117f13049068420,北医三院附近的宾馆。,锦州市,41.104825,121.176965,mobilitybench:2ee21eb2b5f45c3250,红娇民宿(北京北医三院店),北京市 海淀区 花园北路塔院朗秋园1号楼,39.981285,116.361687,425.5663254269663
mobilitybench_q_dd9117f13049068420,北医三院附近的宾馆。,锦州市,41.104825,121.176965,mobilitybench:58bc3024b5d9029680,弘静民宿(北京大学第三医院店),北京市 海淀区 花园北路塔院晴冬园1号楼,39.980855,116.359998,425.71796874315453
mobilitybench_q_dd9117f13049068420,北医三院附近的宾馆。,锦州市,41.104825,121.176965,mobilitybench:aeb50c967edc3392f2,瑄瑄精品公寓(塔院东街分店),北京市 海淀区 塔院东街塔院朗秋园-1号楼,39.981330,116.361592,425.5723978974456
mobilitybench_q_dd9117f13049068420,北医三院附近的宾馆。,锦州市,41.104825,121.176965,mobilitybench:887d63f07bdef9f3a5,旺家公寓,北京市 海淀区 塔院晴冬园1号楼1104室,39.980819,116.359862,425.73022812031184
mobilitybench_q_dd9117f13049068420,北医三院附近的宾馆。,锦州市,41.104825,121.176965,mobilitybench:edb600aaab0057bdbe,北京科兴宾馆,北京市 海淀区 塔院晴冬园1号楼,39.980843,116.359883,425.7276802104951
mobilitybench_q_dd9117f13049068420,北医三院附近的宾馆。,锦州市,41.104825,121.176965,mobilitybench:ba54f261e59d56648e,北京北医三院福家家庭旅馆,北京市 海淀区 北京花园北路塔院小区晴冬园4号楼,39.980859,116.359071,425.79267488557355
mobilitybench_q_dd9117f13049068420,北医三院附近的宾馆。,锦州市,41.104825,121.176965,mobilitybench:abc1d3ba654ba9aef8,北京大学第三医院(院本部),北京市 海淀区 花园北路49号,39.982728,116.360010,425.65052778514206
mobilitybench_q_85623be195b4966dfb,江西吉安吉州区钓源古村附近五金店,嘉兴市,30.701527,120.945510,mobilitybench:0dc2c23c05cd788eab,少华五金杂货店,江西省 吉安县 吉福路与224省道交叉口东南200米,27.183740,114.796430,714.6564017025197
mobilitybench_q_85623be195b4966dfb,江西吉安吉州区钓源古村附近五金店,嘉兴市,30.701527,120.945510,mobilitybench:f7b4bb61c2ca834e00,日丰管(桐固线店),江西省 吉安县 223省道与006县道交叉口东南20米,27.185981,114.794374,714.6821748419206
mobilitybench_q_85623be195b4966dfb,江西吉安吉州区钓源古村附近五金店,嘉兴市,30.701527,120.945510,mobilitybench:d24a47177347489637,戴记水电五金专卖店,江西省 吉安县 固江镇红绿灯路口处,27.185850,114.794217,714.7032294445298
mobilitybench_q_85623be195b4966dfb,江西吉安吉州区钓源古村附近五金店,嘉兴市,30.701527,120.945510,mobilitybench:6bfab30774bc982d21,国强五金水电,江西省 吉州区 吉州珠江村镇银行兴桥支行旁,27.137032,114.881679,710.7231858112214
mobilitybench_q_85623be195b4966dfb,江西吉安吉州区钓源古村附近五金店,嘉兴市,30.701527,120.945510,mobilitybench:d560ff2fbb4176f765,贵派开关照明(科园路店),江西省 吉州区 科园路与741县道交叉口东60米,27.136773,114.881491,710.7550160965092
mobilitybench_q_85623be195b4966dfb,江西吉安吉州区钓源古村附近五金店,嘉兴市,30.701527,120.945510,mobilitybench:cc127fc7ca5df30531,晓彬五金水电小家电经营部,江西省 吉州区 科园路与藤秀段交叉口东60米,27.135828,114.882917,710.7006611755045
mobilitybench_q_85623be195b4966dfb,江西吉安吉州区钓源古村附近五金店,嘉兴市,30.701527,120.945510,mobilitybench:9ecb70333e4bfaee84,心连心五金建筑机电,江西省 吉州区 朱砂冲路与诚信东路交叉口北80米,27.123466,114.905348,709.6887193410057
mobilitybench_q_85623be195b4966dfb,江西吉安吉州区钓源古村附近五金店,嘉兴市,30.701527,120.945510,mobilitybench:02b5396611a0fe8918,中财管道吉安配送中心,江西省 吉州区 兴桥镇诚信东路8号,27.122253,114.904736,709.8163838925851
mobilitybench_q_85623be195b4966dfb,江西吉安吉州区钓源古村附近五金店,嘉兴市,30.701527,120.945510,mobilitybench:510f751ffb2535e48d,联力建筑五金机电,江西省 吉州区 诚信东路与朱砂冲路交叉口东60米,27.122968,114.905776,709.6864195332121
mobilitybench_q_85623be195b4966dfb,江西吉安吉州区钓源古村附近五金店,嘉兴市,30.701527,120.945510,mobilitybench:3f7c6d9d4c5f967178,德力西电气(兴华国际商业城店),江西省 吉州区 兴华国际商业城,27.121029,114.905230,709.8556943682091
mobilitybench_q_85623be195b4966dfb,江西吉安吉州区钓源古村附近五金店,嘉兴市,30.701527,120.945510,mobilitybench:145662e274f0ad6a88,钓源古村,江西省 吉州区 兴桥镇,27.188517,114.847070,710.2368259844827
mobilitybench_q_c633edf8e1565c7abb,锡林郭勒盟维多利亚商场附近的酒店,锡林郭勒盟,45.715236,118.825259,mobilitybench:7439e555f007d05a27,晴天轰趴馆民宿(锡林郭勒气象局店),内蒙古自治区 锡林浩特市 额尔敦路41号锡盟·维多利广场F1层,43.942225,116.079487,292.8080406296431
mobilitybench_q_c633edf8e1565c7abb,锡林郭勒盟维多利亚商场附近的酒店,锡林郭勒盟,45.715236,118.825259,mobilitybench:c1b2e2c2308e3a50aa,锡林浩特辰晨电竞公寓,内蒙古自治区 锡林浩特市 额尔敦北路101号龙城F5层,43.942707,116.080662,292.7028090096156
mobilitybench_q_c633edf8e1565c7abb,锡林郭勒盟维多利亚商场附近的酒店,锡林郭勒盟,45.715236,118.825259,mobilitybench:ff56ffe6f3495e8f89,遇见维多利公寓民宿(光明西街分店),内蒙古自治区 锡林浩特市 光明西街维多利大厦,43.942844,116.078754,292.80359428398344
mobilitybench_q_c633edf8e1565c7abb,锡林郭勒盟维多利亚商场附近的酒店,锡林郭勒盟,45.715236,118.825259,mobilitybench:07c63dac217d9be88b,锡林郭勒盟白女士家庭公寓(光明街分店),"内蒙古自治区 锡林浩特市 光明街与额尔敦路交叉口维多利广场北,农业银行楼上水晶酒店对面",43.942710,116.078905,292.80500223737016
mobilitybench_q_c633edf8e1565c7abb,锡林郭勒盟维多利亚商场附近的酒店,锡林郭勒盟,45.715236,118.825259,mobilitybench:fc46e7fc65d85cb0e1,锡林浩特麦豪斯水晶酒店(维多利广场贝子庙店),内蒙古自治区 锡林浩特市 金塘商业中心东南门旁,43.942951,116.078250,292.8248283995779
mobilitybench_q_c633edf8e1565c7abb,锡林郭勒盟维多利亚商场附近的酒店,锡林郭勒盟,45.715236,118.825259,mobilitybench:05e51eedbc1d5f0a34,汉庭酒店(锡林浩特维多利广场店),内蒙古自治区 锡林浩特市 察哈尔大街40号,43.939921,116.080475,292.926179109513
mobilitybench_q_c633edf8e1565c7abb,锡林郭勒盟维多利亚商场附近的酒店,锡林郭勒盟,45.715236,118.825259,mobilitybench:d1bcc4e29d5e9c6ce1,锡林浩特斑马榛果民宿(维多利广场店),内蒙古自治区 锡林浩特市 额尔敦路267号金塘大厦,43.943141,116.078460,292.7981058227144
mobilitybench_q_c633edf8e1565c7abb,锡林郭勒盟维多利亚商场附近的酒店,锡林郭勒盟,45.715236,118.825259,mobilitybench:097452ea030b9762ea,北欧风公寓(额尔敦路1号分店),内蒙古自治区 锡林浩特市 摩尔SOHO,43.942808,116.078921,292.79660089085405
mobilitybench_q_c633edf8e1565c7abb,锡林郭勒盟维多利亚商场附近的酒店,锡林郭勒盟,45.715236,118.825259,mobilitybench:9d2ce1f2ec7d6dcb88,锡林浩特安遇民宿(维多利店),内蒙古自治区 锡林浩特市 希日塔拉街道额尔敦路267号金塘大厦18层1801室,43.942960,116.078190,292.82764137401625
mobilitybench_q_c633edf8e1565c7abb,锡林郭勒盟维多利亚商场附近的酒店,锡林郭勒盟,45.715236,118.825259,mobilitybench:9f763ad4f510344a58,锡林浩特听风牧舍民宿,内蒙古自治区 锡林浩特市 额尔敦路267号金塘大厦六层605室,43.943070,116.078154,292.82135943108455
mobilitybench_q_c633edf8e1565c7abb,锡林郭勒盟维多利亚商场附近的酒店,锡林郭勒盟,45.715236,118.825259,mobilitybench:5c0dd559b70875992e,维多利超市(锡盟维多利广场店),内蒙古自治区 锡林浩特市 老凤祥潮宏基旁边,43.941802,116.079787,292.8228029734301
mobilitybench_q_90c25a084064262e3f,三门峡高速路口附近加油站,宜昌市,30.896789,111.185624,mobilitybench:afc7ac1a822659d5d2,中国石油三门峡第一加油站,河南省 湖滨区 东风南路,34.736911,111.253041,427.0491082842863
mobilitybench_q_90c25a084064262e3f,三门峡高速路口附近加油站,宜昌市,30.896789,111.185624,mobilitybench:aacee13839afcb4775,中国石化三门峡第十五加油站,河南省 湖滨区 310国道交口乡南侧,34.722411,111.272989,425.4686298059523
mobilitybench_q_90c25a084064262e3f,三门峡高速路口附近加油站,宜昌市,30.896789,111.185624,mobilitybench:5da2a1bd11a6cd5941,中国石化万通加油站,河南省 湖滨区 省新G310与连霍高速处入口交汇处西2.3公里贺家庄村路南,34.740501,111.236890,427.42868960058127
mobilitybench_q_90c25a084064262e3f,三门峡高速路口附近加油站,宜昌市,30.896789,111.185624,mobilitybench:de3ccf733cf30d9098,中国石油三门峡第二加油站,河南省 湖滨区 310国道蔬菜批发市场东200米,34.718585,111.275982,425.0487401748158
mobilitybench_q_90c25a084064262e3f,三门峡高速路口附近加油站,宜昌市,30.896789,111.185624,mobilitybench:9074a1bebbc113eb41,中国石化三门峡第十一加油站,河南省 湖滨区 崖底街道虢国东路南东环西交叉口10米,34.749478,111.233116,428.423027705835
mobilitybench_q_90c25a084064262e3f,三门峡高速路口附近加油站,宜昌市,30.896789,111.185624,mobilitybench:d2193cf411c787edd3,三门峡城贝加油站,河南省 湖滨区 磁钟乡速达汽车厂往磁钟乡方向200米,34.758852,111.263034,429.5032609387273
mobilitybench_q_90c25a084064262e3f,三门峡高速路口附近加油站,宜昌市,30.896789,111.185624,mobilitybench:5db626b62df0fa2140,中国石化黄河路东加油站,河南省 湖滨区 黄河路东段火车站东300米南侧,34.756535,111.235314,429.2098582070237
mobilitybench_q_90c25a084064262e3f,三门峡高速路口附近加油站,宜昌市,30.896789,111.185624,mobilitybench:9d8756d958497f1101,中国石化三门峡第十六加油站,河南省 湖滨区 交口乡交口村310国道北,34.718962,111.296935,425.134025931381
mobilitybench_q_90c25a084064262e3f,三门峡高速路口附近加油站,宜昌市,30.896789,111.185624,mobilitybench:d2300b824cf7e67917,中国石化三门峡第八加油站,河南省 湖滨区 黄河路东段,34.765105,111.227807,430.1557493759669
mobilitybench_q_90c25a084064262e3f,三门峡高速路口附近加油站,宜昌市,30.896789,111.185624,mobilitybench:ba56999e616724e464,中国石油三门峡第6加油站,河南省 湖滨区 陕州大道与南工路交叉口,34.755642,111.214251,429.0937992982836
mobilitybench_q_90c25a084064262e3f,三门峡高速路口附近加油站,宜昌市,30.896789,111.185624,mobilitybench:95f665e15ddf5254f6,三门峡东收费站(G30连霍高速入口),河南省 湖滨区 湖滨区,34.728018,111.254654,426.0626169108697
mobilitybench_q_8c53e2d49687cecbee,帮我搜索下沙附近的中国移动营业厅。,上海市,31.175949,121.583544,mobilitybench:fc9279b88e4bb124c3,中国移动(杭州钱塘高沙营业厅),浙江省 钱塘区 学林街1228号(胖哥俩楼下),30.315706,120.335501,152.88740719972913
mobilitybench_q_8c53e2d49687cecbee,帮我搜索下沙附近的中国移动营业厅。,上海市,31.175949,121.583544,mobilitybench:b4a6b035bb38a2b3ed,中国移动(杭州钱塘高沙营业厅),浙江省 钱塘区 学林街1228号,30.315674,120.335142,152.91641275763612
mobilitybench_q_8c53e2d49687cecbee,帮我搜索下沙附近的中国移动营业厅。,上海市,31.175949,121.583544,mobilitybench:108811aca41c24b05a,中国移动,浙江省 钱塘区 学源街1273号铭和苑柳翠坊,30.318721,120.332563,152.89585197470288
mobilitybench_q_8c53e2d49687cecbee,帮我搜索下沙附近的中国移动营业厅。,上海市,31.175949,121.583544,mobilitybench:2247ac99eb03f02a15,中国移动(杭州钱塘弗雷德营业厅),浙江省 钱塘区 钱塘区经济开发区学林街贤德巷杭电商铺B(28),30.316375,120.345835,152.07119608169577
mobilitybench_q_8c53e2d49687cecbee,帮我搜索下沙附近的中国移动营业厅。,上海市,31.175949,121.583544,mobilitybench:a7323866e54933625d,中国移动全通手机卖场(oppo vivo财通中心店),浙江省 钱塘区 金沙大道201号(高沙路地铁站C1口步行60米),30.308798,120.334538,153.4440419038034
mobilitybench_q_8c53e2d49687cecbee,帮我搜索下沙附近的中国移动营业厅。,上海市,31.175949,121.583544,mobilitybench:2bb32bce5d94796b7c,中国移动(传媒营业厅),浙江省 钱塘区 浙江传媒学院学生宿舍18号楼,30.320925,120.345675,151.76347062895678
mobilitybench_q_8c53e2d49687cecbee,帮我搜索下沙附近的中国移动营业厅。,上海市,31.175949,121.583544,mobilitybench:641b74361174d61a3b,中国移动钱塘星浩指定营业厅,浙江省 钱塘区 杭州市浙江省钱塘区浙江省钱塘区浙江省钱塘区钱塘新区上沙路铭荷苑新荷坊西10号商铺,30.316294,120.328461,153.37176266227678
mobilitybench_q_8c53e2d49687cecbee,帮我搜索下沙附近的中国移动营业厅。,上海市,31.175949,121.583544,mobilitybench:f0510b38c247442917,中国移动(下沙金沙湖营业厅),浙江省 钱塘区 金沙大道480号晓城天地5幢1楼,30.309743,120.330364,153.68821386600152
mobilitybench_q_8c53e2d49687cecbee,帮我搜索下沙附近的中国移动营业厅。,上海市,31.175949,121.583544,mobilitybench:9d811be0931f639622,中国移动(启腾手机专卖店),浙江省 钱塘区 下沙街道松乔街500-2号,30.324815,120.341956,151.76867599737855
mobilitybench_q_8c53e2d49687cecbee,帮我搜索下沙附近的中国移动营业厅。,上海市,31.175949,121.583544,mobilitybench:fb3c199295251e39fb,中国移动社区服务厅(松乔街店),浙江省 钱塘区 下沙街道松乔街830号,30.322853,120.327236,153.0069249891848
mobilitybench_q_8c53e2d49687cecbee,帮我搜索下沙附近的中国移动营业厅。,上海市,31.175949,121.583544,mobilitybench:c24b0af057ac7e5567,下沙,浙江省 钱塘区 钱塘区,30.316076,120.338026,152.67330139277908
mobilitybench_q_1c41c213685f44551c,查找距离高安亿达广场附近的纪念馆,镇江市,32.012626,119.543025,mobilitybench:4375eac7dfdfd25d1c,高安市革命烈士纪念广场,江西省 高安市 瑞州湿地公园,28.415636,115.356891,567.1400274251909
mobilitybench_q_1c41c213685f44551c,查找距离高安亿达广场附近的纪念馆,镇江市,32.012626,119.543025,mobilitybench:6cf330e68bd0bd4b9a,亿达广场,江西省 高安市 瑞阳大道附近,28.435124,115.377511,564.1806581888972
mobilitybench_q_3959daf552248c1723,苏州离这最近的电梯公司,南通市,31.872012,121.208750,mobilitybench:18b9854c2fee8e3870,迅达电梯,江苏省 姑苏区 干将西路1296号深业姑苏中心F27层,31.303475,120.583375,86.63359310054194
mobilitybench_q_3959daf552248c1723,苏州离这最近的电梯公司,南通市,31.872012,121.208750,mobilitybench:304cac254741044930,上海三菱电梯有限公司苏州分公司,江苏省 姑苏区 金阊街道三香路1338号恒业铂金大厦1701,31.296601,120.576445,87.64168343227884
mobilitybench_q_3959daf552248c1723,苏州离这最近的电梯公司,南通市,31.872012,121.208750,mobilitybench:b07ac774c8575ed5d5,迅达电梯有限公司苏州制造分公司,江苏省 姑苏区 金门路818号,31.308313,120.586660,86.02735522950306
mobilitybench_q_3959daf552248c1723,苏州离这最近的电梯公司,南通市,31.872012,121.208750,mobilitybench:6da2492a87e6219da7,苏州市融达电梯配套有限公司,江苏省 姑苏区 后文家巷14号金昌大厦F1层,31.310482,120.587194,85.81661285949636
mobilitybench_q_3959daf552248c1723,苏州离这最近的电梯公司,南通市,31.872012,121.208750,mobilitybench:ef56661fb449526a18,恒达富士电梯有限公司苏州服务部,江苏省 姑苏区 桐泾南路555号(劳动路地铁站6西南口步行250米),31.289140,120.593276,87.17657262605789
mobilitybench_q_3959daf552248c1723,苏州离这最近的电梯公司,南通市,31.872012,121.208750,mobilitybench:9c1418438061776ab2,沃克斯迅达电梯展厅,江苏省 虎丘区 狮山永利广场一楼连廊到底,31.290647,120.575032,88.21849530845957
mobilitybench_q_3959daf552248c1723,苏州离这最近的电梯公司,南通市,31.872012,121.208750,mobilitybench:ceec8426ed08b251aa,博迅电梯,江苏省 姑苏区 姑苏·69阁文化创意产业园B1东北门旁,31.293394,120.608643,85.85394633604369
mobilitybench_q_3959daf552248c1723,苏州离这最近的电梯公司,南通市,31.872012,121.208750,mobilitybench:62281df2b70d7b2d47,摩勒尔·德国别墅电梯工厂直营旗舰店,江苏省 姑苏区 胥江路1号安和锦PARK1-106,31.289946,120.609240,86.10502491416446
mobilitybench_q_3959daf552248c1723,苏州离这最近的电梯公司,南通市,31.872012,121.208750,mobilitybench:dde4c9e70e5c496c1d,科达KD别墅电梯(苏州体验中心),江苏省 虎丘区 苏州横塘红星美凯龙进口馆一楼东北角,31.267847,120.579368,89.82445870265632
mobilitybench_q_3959daf552248c1723,苏州离这最近的电梯公司,南通市,31.872012,121.208750,mobilitybench:fe68f51823734b3f49,冯克别墅电梯(苏州展厅),江苏省 姑苏区 东中市27号7-102(姑苏IP创意产业园),31.316385,120.618725,83.30690762529476
mobilitybench_q_3959daf552248c1723,苏州离这最近的电梯公司,南通市,31.872012,121.208750,mobilitybench:37b032008158367c48,苏州市,江苏省 姑苏区 姑苏区,31.299758,120.585294,86.81270495747503
mobilitybench_q_bd146417285a42028a,浙江省台州市黄岩区黄岩如意街附近花园大桥,宣城市,30.875912,119.457268,mobilitybench:1401184782dfcba01c,大桥花园,浙江省 黄岩区 大桥路55号,28.656351,121.259135,301.91641741418795
mobilitybench_q_bd146417285a42028a,浙江省台州市黄岩区黄岩如意街附近花园大桥,宣城市,30.875912,119.457268,mobilitybench:2986518b75363e3443,黄岩区大桥花园幼儿园,浙江省 黄岩区 西城街道大桥路33号,28.656286,121.260021,301.97161560804926
mobilitybench_q_bd146417285a42028a,浙江省台州市黄岩区黄岩如意街附近花园大桥,宣城市,30.875912,119.457268,mobilitybench:1bb004aae543d505bd,蓝耀造型·专业烫染接发(大桥花园店),浙江省 黄岩区 大桥路55号大桥花园,28.656672,121.259783,301.92311174572455
mobilitybench_q_bd146417285a42028a,浙江省台州市黄岩区黄岩如意街附近花园大桥,宣城市,30.875912,119.457268,mobilitybench:6659bc0cb51aef44a7,原色花艺(大桥花园店),浙江省 黄岩区 西城街道大桥花园东门57号,28.656655,121.259805,301.92588840677314
mobilitybench_q_bd146417285a42028a,浙江省台州市黄岩区黄岩如意街附近花园大桥,宣城市,30.875912,119.457268,mobilitybench:c18ca1194c8e011eb4,停车场(黄岩大桥花园东南),浙江省 黄岩区 大桥花园东北门旁,28.656783,121.259817,301.9148602745505
mobilitybench_q_bd146417285a42028a,浙江省台州市黄岩区黄岩如意街附近花园大桥,宣城市,30.875912,119.457268,mobilitybench:e7dfe72ffd4e12fc35,丰巢快递柜(大桥花园店),浙江省 黄岩区 如意街黄岩大桥花园,28.656575,121.258625,301.86759817167956
mobilitybench_q_bd146417285a42028a,浙江省台州市黄岩区黄岩如意街附近花园大桥,宣城市,30.875912,119.457268,mobilitybench:b3911f99fe6170cca4,阿强烟酒棋牌(大桥花园店),浙江省 黄岩区 大桥路55号大桥花园,28.656919,121.259469,301.88308267724915
mobilitybench_q_bd146417285a42028a,浙江省台州市黄岩区黄岩如意街附近花园大桥,宣城市,30.875912,119.457268,mobilitybench:8f431492b96315588f,停车场(黄岩大桥花园西北),浙江省 黄岩区 大桥路与如意街交叉口西北140米,28.658203,121.258056,301.6871926452212
mobilitybench_q_bd146417285a42028a,浙江省台州市黄岩区黄岩如意街附近花园大桥,宣城市,30.875912,119.457268,mobilitybench:5f3053d5d2f2ae7983,润玥鲜面坊(大桥花园店),浙江省 黄岩区 西城街道大桥路57-1号,28.656679,121.259854,301.92642026654175
mobilitybench_q_bd146417285a42028a,浙江省台州市黄岩区黄岩如意街附近花园大桥,宣城市,30.875912,119.457268,mobilitybench:dcee59b6723d96075b,台州农贸(批发中心),浙江省 黄岩区 大桥路118号,28.657993,121.261547,301.9005813424446
mobilitybench_q_bd146417285a42028a,浙江省台州市黄岩区黄岩如意街附近花园大桥,宣城市,30.875912,119.457268,mobilitybench:e06d3fc13417cc278c,如意街,浙江省 黄岩区 黄岩区,28.656526,121.258083,301.8419549134165
mobilitybench_q_7b30eea9809f7c0255,环城高速口附近CNG加气气站,保定市,39.396298,115.915151,mobilitybench:a0dc0789ec210c91e5,满城出口(G5京昆高速西南向),河北省 满城区 满城区,38.952161,115.245731,75.95244580062229
mobilitybench_q_f79ab4d646a29e3e8a,西昌市万达酒店周边民宿,攀枝花市,26.910130,102.133345,mobilitybench:419ee413376b6c0021,络驿蒋大公寓(海滨中路分店),四川省 西昌市 海滨中路海南乡人民政府络驿客栈,27.807080,102.291792,100.9564320293321
mobilitybench_q_f79ab4d646a29e3e8a,西昌市万达酒店周边民宿,攀枝花市,26.910130,102.133345,mobilitybench:f088740ed08bb09a30,西昌陌野民宿,四川省 西昌市 海南街道龙吟小区A58号,27.804558,102.292039,100.68321833724137
mobilitybench_q_f79ab4d646a29e3e8a,西昌市万达酒店周边民宿,攀枝花市,26.910130,102.133345,mobilitybench:a6aef6b64694f53d29,山海阁客栈(邛海泸山观海湾店),四川省 西昌市 海南乡缸窑村龙吟小区A48号,27.804419,102.292383,100.67324666119697
mobilitybench_q_f79ab4d646a29e3e8a,西昌市万达酒店周边民宿,攀枝花市,26.910130,102.133345,mobilitybench:01343cf0f368d6925c,海栖缘客栈,四川省 西昌市 海南乡缸窑村龙吟小区A-53,27.804387,102.292389,100.66982479485921
mobilitybench_q_f79ab4d646a29e3e8a,西昌市万达酒店周边民宿,攀枝花市,26.910130,102.133345,mobilitybench:808116028a80f9628d,澜庭别院,四川省 西昌市 海南街道办事处缸窑村龙吟小区A46,27.804346,102.292607,100.66868348970786
mobilitybench_q_f79ab4d646a29e3e8a,西昌市万达酒店周边民宿,攀枝花市,26.910130,102.133345,mobilitybench:641a2330ccb9777380,云熹客栈,四川省 西昌市 缸窑社区龙吟小区A区15号,27.804613,102.291891,100.68698498820703
mobilitybench_q_f79ab4d646a29e3e8a,西昌市万达酒店周边民宿,攀枝花市,26.910130,102.133345,mobilitybench:97b43ba36fb35b878b,一园雅梦民宿(邛海泸山观海湾店),四川省 西昌市 海南街道办事处缸窑社区龙吟小镇A-45,27.804419,102.292389,100.67333910588684
mobilitybench_q_f79ab4d646a29e3e8a,西昌市万达酒店周边民宿,攀枝花市,26.910130,102.133345,mobilitybench:a80bb9bf3432f8252e,开源客栈,四川省 西昌市 海南街道办缸窑龙吟安置小区A-59号,27.804085,102.292037,100.631238979669
mobilitybench_q_f79ab4d646a29e3e8a,西昌市万达酒店周边民宿,攀枝花市,26.910130,102.133345,mobilitybench:f0d60b5d4b51a32f6a,凉山西昌明月海畔客栈,四川省 西昌市 西昌邛海海南乡缸窑安置点,27.805444,102.293793,100.80760964278107
mobilitybench_q_f79ab4d646a29e3e8a,西昌市万达酒店周边民宿,攀枝花市,26.910130,102.133345,mobilitybench:921593154f7bc60636,西昌龙缘客栈,四川省 西昌市 街办缸窑龙吟安置小区A-64号,27.803965,102.291802,100.61444754285822
mobilitybench_q_f79ab4d646a29e3e8a,西昌市万达酒店周边民宿,攀枝花市,26.910130,102.133345,mobilitybench:61976e25d917f4a346,西昌邛海湾柏栎荟舍酒店,四川省 西昌市 海滨大道南路邛海湾,27.811422,102.290764,101.41777556332772
mobilitybench_q_5858d8801a55352aea,太原羊市口附近的步行街,唐山市,39.671203,118.252801,mobilitybench:c98adaaf835ed63b86,食品街,山西省 迎泽区 钟楼街129号(府西街地铁站D口步行290米),37.870023,112.562197,532.3183089423385
mobilitybench_q_5858d8801a55352aea,太原羊市口附近的步行街,唐山市,39.671203,118.252801,mobilitybench:c4021529ab1dc2f87b,羊市街,山西省 杏花岭区 羊市街与西海街交叉口东北20米,37.868610,112.555217,532.9422010180266
mobilitybench_q_11d9c8af68913f6f74,山西刀削面附近山西刀削面,北京市,40.113412,116.147696,mobilitybench:d7265eb5ee751a45ef,山西刀削面,北京市 大兴区 黄马路与高野路交叉口西南400米,39.723650,116.456924,50.732360340615536
mobilitybench_q_11d9c8af68913f6f74,山西刀削面附近山西刀削面,北京市,40.113412,116.147696,mobilitybench:719f825c7872bf5c57,山西红烧肉刀削面,北京市 大兴区 大顺路与孙垡路交叉口西南20米,39.706525,116.440775,51.690123782273965
mobilitybench_q_11d9c8af68913f6f74,山西刀削面附近山西刀削面,北京市,40.113412,116.147696,mobilitybench:96d578a028337d8425,山西刀削面(格林云墅店),北京市 大兴区 黄村镇安顺北路1号院格林云墅12号楼1层,39.707554,116.403766,50.136552280714675
mobilitybench_q_11d9c8af68913f6f74,山西刀削面附近山西刀削面,北京市,40.113412,116.147696,mobilitybench:2419aa45b89f550aab,山西刀削面·家常菜(高野路店),北京市 大兴区 南大红门,39.723596,116.464839,51.091589632088954
mobilitybench_q_11d9c8af68913f6f74,山西刀削面附近山西刀削面,北京市,40.113412,116.147696,mobilitybench:e389b9c9eb086b9699,山西刀削面家常菜(首创·悦空间店),北京市 大兴区 盛顺街20号一层2108,39.703478,116.404612,50.57640686372977
mobilitybench_q_11d9c8af68913f6f74,山西刀削面附近山西刀削面,北京市,40.113412,116.147696,mobilitybench:51885bbfe99a13809d,山西刀削面,北京市 大兴区 双北路与北辛屯环路交叉口东60米,39.721811,116.471422,51.55870159096927
mobilitybench_q_897860d7669b135743,查一查昆明昆明的就近的CNG的加气站在哪里,楚雄彝族自治州,25.707165,101.868442,mobilitybench:24cb090043b3b6bf71,昆明市,云南省 呈贡区 呈贡区,24.881490,102.833669,133.58663711977366
mobilitybench_q_b4d4341a3ac2482ae8,帮我查找一下长沙机场附近最近的快递站点,W.P. Kuala Lumpur,3.105648,101.693391,mobilitybench:d8392d3bc3b32e7545,湖南薛航物流有限公司,湖南省 长沙县 黄花机场货运代理楼221室,28.180232,113.219565,3044.0925312838235
mobilitybench_q_b4d4341a3ac2482ae8,帮我查找一下长沙机场附近最近的快递站点,W.P. Kuala Lumpur,3.105648,101.693391,mobilitybench:84c49ba48f5578dcde,顺丰速运(黄花机场店),湖南省 长沙县 黄花镇黄花机场T2出发层(二楼)2号门221顺丰柜台,28.187279,113.219328,3044.7884564574197
mobilitybench_q_b4d4341a3ac2482ae8,帮我查找一下长沙机场附近最近的快递站点,W.P. Kuala Lumpur,3.105648,101.693391,mobilitybench:60521806f6368b717f,丰巢快递柜(厦门航空湖南分公司地勤楼1楼2号丰巢柜),湖南省 长沙县 机场大道与厦航路交叉口西南160米,28.181566,113.215571,3044.0563479029206
mobilitybench_q_b4d4341a3ac2482ae8,帮我查找一下长沙机场附近最近的快递站点,W.P. Kuala Lumpur,3.105648,101.693391,mobilitybench:b6c82e50a4652d7223,圆通速递(黄花建包仓),湖南省 长沙县 机场大道辅路与货运大道交叉口西300米,28.178105,113.214045,3043.6447125908508
mobilitybench_q_b4d4341a3ac2482ae8,帮我查找一下长沙机场附近最近的快递站点,W.P. Kuala Lumpur,3.105648,101.693391,mobilitybench:6d88660e4dc15220f7,黄花盛地领航快递站,湖南省 长沙县 大元路湘域国际广场(木马塅地铁站3号口步行140米),28.193665,113.212397,3045.1337369574735
mobilitybench_q_b4d4341a3ac2482ae8,帮我查找一下长沙机场附近最近的快递站点,W.P. Kuala Lumpur,3.105648,101.693391,mobilitybench:370b94edc3f61dcbe0,顺丰速运(湘域国际店),湖南省 长沙县 黄花镇黄花路社区居委会湘域国际10栋101,28.193649,113.212269,3045.1266957484813
mobilitybench_q_b4d4341a3ac2482ae8,帮我查找一下长沙机场附近最近的快递站点,W.P. Kuala Lumpur,3.105648,101.693391,mobilitybench:0e9bff0569d4e2b7a7,丰巢快递柜,湖南省 长沙县 人民快速入口与机场大道交叉口东北180米,28.200481,113.216383,3045.9860628609017
mobilitybench_q_b4d4341a3ac2482ae8,帮我查找一下长沙机场附近最近的快递站点,W.P. Kuala Lumpur,3.105648,101.693391,mobilitybench:07caed7e4154eceea9,中通快递干杉公司,湖南省 长沙县 大众南路与236乡道交叉口西南40米,28.173398,113.197615,3042.47488302452
mobilitybench_q_b4d4341a3ac2482ae8,帮我查找一下长沙机场附近最近的快递站点,W.P. Kuala Lumpur,3.105648,101.693391,mobilitybench:e01925693a31f8eb7f,丰巢快递柜(长沙百联购物公园·空港8号店),"湖南省 长沙县 临空经济示范区核心区,人民东路和黄金大道交界口西南侧长沙百联购物公园·空港8号",28.199975,113.201475,3045.302325742297
mobilitybench_q_b4d4341a3ac2482ae8,帮我查找一下长沙机场附近最近的快递站点,W.P. Kuala Lumpur,3.105648,101.693391,mobilitybench:3c497075d763ebd178,驿收发快递驿站(龙峰安置小区店),湖南省 长沙县 236乡道与龙峰大道辅路交叉口东南240米,28.173411,113.193454,3042.2994841157442
mobilitybench_q_b4d4341a3ac2482ae8,帮我查找一下长沙机场附近最近的快递站点,W.P. Kuala Lumpur,3.105648,101.693391,mobilitybench:0054a3f03373ec3b06,长沙黄花国际机场,湖南省 长沙县 黄花镇机场大道308号,28.179749,113.235474,3044.721141052275
mobilitybench_q_f349025f39df29761c,山大附近的经济型酒店。,乐山市,29.557459,103.718155,mobilitybench:256e05e1fd5a77a97d,济南学人大厦酒店,山东省 历城区 山大南路27号(山大中心校区内),36.675070,117.063140,1471.2097233075701
mobilitybench_q_f349025f39df29761c,山大附近的经济型酒店。,乐山市,29.557459,103.718155,mobilitybench:bfddb4435017c251e7,如家酒店·neo(济南山东大学山大路店),山东省 历城区 山大路136号,36.673829,117.056784,1470.6462343880485
mobilitybench_q_f349025f39df29761c,山大附近的经济型酒店。,乐山市,29.557459,103.718155,mobilitybench:b8ea40163aaf1490cb,莫泰168(济南山东大学山大路店),山东省 历城区 山大路136号,36.673809,117.056850,1470.6503294351664
mobilitybench_q_f349025f39df29761c,山大附近的经济型酒店。,乐山市,29.557459,103.718155,mobilitybench:67bcc77b7a13fb2c96,济南慧友招待所,山东省 历城区 山大北路54号金泰花园2号楼303室,36.678805,117.061822,1471.3060583204092
mobilitybench_q_f349025f39df29761c,山大附近的经济型酒店。,乐山市,29.557459,103.718155,mobilitybench:d5f6dc63bfe917b385,汉庭酒店(济南山大北路店),山东省 历城区 山大北路77号,36.680009,117.060233,1471.2460923670567
mobilitybench_q_f349025f39df29761c,山大附近的经济型酒店。,乐山市,29.557459,103.718155,mobilitybench:07efc352838717d633,7天优品酒店(济南山东大学洪楼广场印象城店),山东省 历城区 洪家楼西路90号1-5层,36.680714,117.061845,1471.4098298845508
mobilitybench_q_f349025f39df29761c,山大附近的经济型酒店。,乐山市,29.557459,103.718155,mobilitybench:a92fa9b89df1140e04,格林豪泰酒店(济南洪楼广场印象城山东大学店),山东省 历城区 山大路38-3号(近陶然居),36.679933,117.056107,1470.9193524455554
mobilitybench_q_f349025f39df29761c,山大附近的经济型酒店。,乐山市,29.557459,103.718155,mobilitybench:27d4717fd4844b5f55,晶致酒店(济南印象城店),山东省 历城区 洪楼西路88号,36.680969,117.061613,1471.405308552519
mobilitybench_q_f349025f39df29761c,山大附近的经济型酒店。,乐山市,29.557459,103.718155,mobilitybench:b18eefd47583cfe0f1,舒宇商务宾馆(济南山东大学印象城店),山东省 历城区 洪家楼西路88号,36.680949,117.061604,1471.4035361728368
mobilitybench_q_f349025f39df29761c,山大附近的经济型酒店。,乐山市,29.557459,103.718155,mobilitybench:5f3f3834aed88e9b94,如家酒店·neo-济南大明湖花园路印象城店,山东省 历城区 洪家楼街道花园路135号,36.682875,117.057739,1471.2042106873596
mobilitybench_q_f349025f39df29761c,山大附近的经济型酒店。,乐山市,29.557459,103.718155,mobilitybench:bb6e3a30e79881dfbe,山东大学(中心校区),山东省 历城区 山大南路27号,36.675708,117.060194,1471.0133216426743
mobilitybench_q_13bb8aff6c20f6ec3c,北京王府井酒店周边酒店,赣州市,25.841277,114.948488,mobilitybench:8908d51031c83001f4,北京浪漫四季酒店(王府井大街协和医院店),北京市 东城区 灯市口大街14号(灯市口地铁站A西北口步行300米),39.918602,116.415951,1571.2481211297018
mobilitybench_q_13bb8aff6c20f6ec3c,北京王府井酒店周边酒店,赣州市,25.841277,114.948488,mobilitybench:31fbdc6916aef0fd4a,Stey酒店(北京天安门王府井店),北京市 东城区 柏树胡同15号(灯市口地铁站A西北口步行200米),39.917865,116.415359,1571.1617706230716
mobilitybench_q_13bb8aff6c20f6ec3c,北京王府井酒店周边酒店,赣州市,25.841277,114.948488,mobilitybench:174a9c527a4a45440e,速8精选酒店(北京王府井大街金鱼胡同地铁站店),北京市 东城区 王府井大街柏树胡同17号(灯市口地铁站A西北口步行230米),39.917855,116.414998,1571.1577584034371
mobilitybench_q_13bb8aff6c20f6ec3c,北京王府井酒店周边酒店,赣州市,25.841277,114.948488,mobilitybench:989c7219979fcd1b8e,汉庭酒店(北京王府井店),北京市 东城区 甘雨胡同31号(灯市口地铁站A西北口步行220米),39.917126,116.416043,1571.085471185112
mobilitybench_q_13bb8aff6c20f6ec3c,北京王府井酒店周边酒店,赣州市,25.841277,114.948488,mobilitybench:db7a35c6d73452ba2b,天瑞酒店(王府井步行街店),北京市 东城区 柏树胡同15号(灯市口地铁站A西北口步行200米),39.917858,116.415311,1571.1606093996656
mobilitybench_q_13bb8aff6c20f6ec3c,北京王府井酒店周边酒店,赣州市,25.841277,114.948488,mobilitybench:c4245bcb65c22b883c,北京天安门王府井合院漫心府,北京市 东城区 甘雨胡同甲20号(灯市口地铁站A西北口步行300米),39.916864,116.415023,1571.0482569063927
mobilitybench_q_13bb8aff6c20f6ec3c,北京王府井酒店周边酒店,赣州市,25.841277,114.948488,mobilitybench:cb3944e161ffc3fc1e,天伦松鹤大饭店,北京市 东城区 灯市口大街88号,39.918128,116.413278,1571.1741471943137
mobilitybench_q_13bb8aff6c20f6ec3c,北京王府井酒店周边酒店,赣州市,25.841277,114.948488,mobilitybench:6ca2bd913c9503ac28,北京天安门王府井枫渡酒店,北京市 东城区 东四南大街157号3层(灯市口地铁站A西北口步行210米),39.917553,116.417335,1571.1431479085934
mobilitybench_q_13bb8aff6c20f6ec3c,北京王府井酒店周边酒店,赣州市,25.841277,114.948488,mobilitybench:1a38f85a04e5bba191,和平宾馆,北京市 东城区 王府井金鱼胡同3号,39.915953,116.415521,1570.9514188776595
mobilitybench_q_13bb8aff6c20f6ec3c,北京王府井酒店周边酒店,赣州市,25.841277,114.948488,mobilitybench:39cf9f0255d79931ff,北京华尔道夫酒店,北京市 东城区 金鱼胡同5-15号(金鱼胡同地铁站B东口步行210米),39.915951,116.413998,1570.9389423054363
mobilitybench_q_2ac12d8d0b13ae2c01,安徽合肥农业工程职业技术学院附近的自助烧烤店,合肥市,32.415169,117.052332,mobilitybench:9164fc6d8861b77f59,姚壹姚自助烤肉,安徽省 瑶海区 新站区磨店社区淮海大道与梦溪路交口梦溪小城一幢(老乡鸡后街道)商138,31.923796,117.390617,63.238903982270315
mobilitybench_q_2ac12d8d0b13ae2c01,安徽合肥农业工程职业技术学院附近的自助烧烤店,合肥市,32.415169,117.052332,mobilitybench:d8081f7d1ba6946074,汉江印无限量点餐自助烤肉(黉街店),安徽省 瑶海区 梦溪路1111号,31.933041,117.389379,62.292625360708136
mobilitybench_q_2ac12d8d0b13ae2c01,安徽合肥农业工程职业技术学院附近的自助烧烤店,合肥市,32.415169,117.052332,mobilitybench:d2f72a67ffc521f1ee,小猪查理火盆自助烤肉(黉街店),安徽省 瑶海区 梦溪路黉街6号楼二楼,31.932857,117.389773,62.32913782831353
mobilitybench_q_2ac12d8d0b13ae2c01,安徽合肥农业工程职业技术学院附近的自助烧烤店,合肥市,32.415169,117.052332,mobilitybench:4bba954bfdc7665ca4,庐九万自助烧烤工厂,安徽省 瑶海区 文忠路与王圩街交叉口东100米舜德大厦1楼101,31.937341,117.378400,61.35794751079061
mobilitybench_q_2ac12d8d0b13ae2c01,安徽合肥农业工程职业技术学院附近的自助烧烤店,合肥市,32.415169,117.052332,mobilitybench:2525d848d5796b2e6c,牧牛煌无限量点餐烤肉(黉街店),安徽省 瑶海区 磨店街道黉街2号楼2层201,31.934161,117.389169,62.175298251181296
mobilitybench_q_2ac12d8d0b13ae2c01,安徽合肥农业工程职业技术学院附近的自助烧烤店,合肥市,32.415169,117.052332,mobilitybench:bcc01e6e4a7d8966f8,汉釜轩自助烤肉火锅海鲜,安徽省 瑶海区 磨店美食一条街,31.938763,117.380210,61.306525487384434
mobilitybench_q_2ac12d8d0b13ae2c01,安徽合肥农业工程职业技术学院附近的自助烧烤店,合肥市,32.415169,117.052332,mobilitybench:98960986df3c295aaf,禾小里市井火锅烤肉,安徽省 瑶海区 京商国际商贸城J区6-4幢商108,31.931035,117.347525,60.58009163470799
mobilitybench_q_2ac12d8d0b13ae2c01,安徽合肥农业工程职业技术学院附近的自助烧烤店,合肥市,32.415169,117.052332,mobilitybench:6d8689541afe234827,牧牛煌无限量点餐烤肉(弘盛广场店),安徽省 瑶海区 弘盛商业广场CD区三层,31.933869,117.348501,60.342414242798
mobilitybench_q_2ac12d8d0b13ae2c01,安徽合肥农业工程职业技术学院附近的自助烧烤店,合肥市,32.415169,117.052332,mobilitybench:58f233f2f7d5f8e8f4,明月东一菲斯特自助餐厅,安徽省 瑶海区 郎溪路与包公大道交口东南角明月东一酒店一楼,31.884510,117.361000,65.7740006135596
mobilitybench_q_2ac12d8d0b13ae2c01,安徽合肥农业工程职业技术学院附近的自助烧烤店,合肥市,32.415169,117.052332,mobilitybench:3003678b27c018bd62,苏格里岛自助烧烤火锅(万达广场店),安徽省 瑶海区 临泉东路第277号3层,31.878204,117.348851,65.91168644302343
mobilitybench_q_2ac12d8d0b13ae2c01,安徽合肥农业工程职业技术学院附近的自助烧烤店,合肥市,32.415169,117.052332,mobilitybench:28a067c5a23e2efe9a,安徽农业工程职业技术学院,安徽省 瑶海区 文忠路66号,31.915170,117.373650,63.29164333012005
mobilitybench_q_4f9548f8bcf59dec51,江苏南通人民医院附近小区,哈尔滨市,45.746057,126.663520,mobilitybench:c8491006ff1cee7499,颐康楼,江苏省 崇川区 暖阳路与兴泰路交叉口东南140米,32.028125,120.815575,1605.995938887804
mobilitybench_q_4f9548f8bcf59dec51,江苏南通人民医院附近小区,哈尔滨市,45.746057,126.663520,mobilitybench:397a14a58f311b6409,曙光福里北区,江苏省 崇川区 通港路与兴泰路交叉口东200米,32.026175,120.814922,1606.221320873891
mobilitybench_q_4f9548f8bcf59dec51,江苏南通人民医院附近小区,哈尔滨市,45.746057,126.663520,mobilitybench:1b10230354952b541a,曙光福里南区,江苏省 崇川区 永兴街道通港路8号(曙光地铁站3号口步行440米),32.024591,120.816749,1606.3410596319097
mobilitybench_q_4f9548f8bcf59dec51,江苏南通人民医院附近小区,哈尔滨市,45.746057,126.663520,mobilitybench:03cd261d13c1eddb16,曙光福里,江苏省 崇川区 通港路10号,32.025459,120.815173,1606.290888431795
mobilitybench_q_4f9548f8bcf59dec51,江苏南通人民医院附近小区,哈尔滨市,45.746057,126.663520,mobilitybench:1b2c355bbe9b031247,彬焱晓苑,江苏省 崇川区 兴泰路与通港路交叉口东北100米,32.027424,120.813313,1606.1314490710297
mobilitybench_q_4f9548f8bcf59dec51,江苏南通人民医院附近小区,哈尔滨市,45.746057,126.663520,mobilitybench:dbb9a2eab6ee2c7dc2,曙光福里西区,江苏省 崇川区 通港路与永扬路交叉口西100米,32.024553,120.814350,1606.4095677332284
mobilitybench_q_4f9548f8bcf59dec51,江苏南通人民医院附近小区,哈尔滨市,45.746057,126.663520,mobilitybench:b7c280c30b14f44c6a,高迪晶城,江苏省 崇川区 城港路8号,32.031663,120.824223,1605.3865650497942
mobilitybench_q_4f9548f8bcf59dec51,江苏南通人民医院附近小区,哈尔滨市,45.746057,126.663520,mobilitybench:34f244a6cc36e24e8f,越江新村,江苏省 崇川区 外环西路体育场对面(曙光地铁站1号口步行210米),32.025405,120.824245,1606.0530365417685
mobilitybench_q_4f9548f8bcf59dec51,江苏南通人民医院附近小区,哈尔滨市,45.746057,126.663520,mobilitybench:fd7edd804485b95202,中房·汇达广场,江苏省 崇川区 永兴街道外环西路汇达广场(越江新村北),32.027756,120.825804,1605.7605981467245
mobilitybench_q_4f9548f8bcf59dec51,江苏南通人民医院附近小区,哈尔滨市,45.746057,126.663520,mobilitybench:55969e3bd9a92f809c,曙光新村,江苏省 崇川区 越江路(曙光地铁站3号口步行450米),32.021797,120.818690,1606.5867337273592
mobilitybench_q_4f9548f8bcf59dec51,江苏南通人民医院附近小区,哈尔滨市,45.746057,126.663520,mobilitybench:a53dd1455234c30dc3,南通市第四人民医院,江苏省 崇川区 城港路37号(城港路地铁站1号口步行380米),32.028647,120.818745,1605.8551323086801
mobilitybench_q_3f5ed5adc845623368,张家口金鼎商务酒店附近的工商银行,廊坊市,39.744469,117.023631,mobilitybench:9b70b09ca0540ff30c,中国工商银行(金鼎支行),河北省 桥西区 西坝岗路53号金鼎购物广场F1层,40.822295,114.869124,218.53933468912908
mobilitybench_q_3f5ed5adc845623368,张家口金鼎商务酒店附近的工商银行,廊坊市,39.744469,117.023631,mobilitybench:0cb206e4e69632a85f,中国工商银行24小时自助银行(金鼎支行),河北省 桥西区 西坝岗路53号金鼎购物广场F1层,40.822389,114.869169,218.54176804581775
mobilitybench_q_3f5ed5adc845623368,张家口金鼎商务酒店附近的工商银行,廊坊市,39.744469,117.023631,mobilitybench:ef36c3f41d2d01e673,中国工商银行(张家口桥西支行),河北省 桥西区 新华街与草厂巷交叉口南40米,40.822149,114.881961,217.62093192920716
mobilitybench_q_3f5ed5adc845623368,张家口金鼎商务酒店附近的工商银行,廊坊市,39.744469,117.023631,mobilitybench:8aabdb9942b3706e04,中国工商银行ATM(张家口桥西支行),河北省 桥西区 新华街尚峰广场西侧约90米,40.822120,114.882014,217.6154368465684
mobilitybench_q_3f5ed5adc845623368,张家口金鼎商务酒店附近的工商银行,廊坊市,39.744469,117.023631,mobilitybench:1e8f11dd8b3817c5f7,中国工商银行(张家口桥东支行),河北省 桥东区 福寿横街2号金垣置地小区商业4号,40.814423,114.886067,216.86657406462874
mobilitybench_q_3f5ed5adc845623368,张家口金鼎商务酒店附近的工商银行,廊坊市,39.744469,117.023631,mobilitybench:10d7415a899da6009c,中国工商银行24小时自助银行(张家口桥东支行),河北省 桥东区 福寿横街2号金垣置地小区商业4号,40.814383,114.886049,216.8654559187387
mobilitybench_q_3f5ed5adc845623368,张家口金鼎商务酒店附近的工商银行,廊坊市,39.744469,117.023631,mobilitybench:ea9e90a7a5da77d123,中国工商银行(张家口桥东支行),河北省 桥东区 解放大街20号,40.815855,114.887202,216.87189494618886
mobilitybench_q_3f5ed5adc845623368,张家口金鼎商务酒店附近的工商银行,廊坊市,39.744469,117.023631,mobilitybench:46292b8a58fcea3a30,中国工商银行(南菜园支行),河北省 桥西区 西苑路19号,40.805875,114.875525,217.10632344387164
mobilitybench_q_3f5ed5adc845623368,张家口金鼎商务酒店附近的工商银行,廊坊市,39.744469,117.023631,mobilitybench:9a3837fae80b88d4dd,中国工商银行(张家口金凤支行),河北省 桥西区 古宏大街26号,40.834176,114.892437,217.60805477388908
mobilitybench_q_3f5ed5adc845623368,张家口金鼎商务酒店附近的工商银行,廊坊市,39.744469,117.023631,mobilitybench:1845fef2bc1b1bf5d5,中国工商银行(张家口鱼儿山支行),河北省 桥东区 建国路大街33号,40.827502,114.899597,216.6981060894331
mobilitybench_q_3f5ed5adc845623368,张家口金鼎商务酒店附近的工商银行,廊坊市,39.744469,117.023631,mobilitybench:5e3d243bd4ee4e6666,张家口金鼎商务酒店,河北省 桥西区 西坝岗路金鼎公馆3层,40.822045,114.868724,218.55274908455002
mobilitybench_q_8e280918064b98e226,平顶山中级法院附近的酒店,南阳市,33.149987,111.472929,mobilitybench:a239f6ee3c35267d95,平顶山平发开元名庭酒店,河南省 新华区 祥云路与公正路交叉口西140米,33.766585,113.199044,174.18695062268395
mobilitybench_q_8e280918064b98e226,平顶山中级法院附近的酒店,南阳市,33.149987,111.472929,mobilitybench:dbed57496c2c784b91,平顶山富兴苑宾馆,河南省 新华区 长安大道与清风路交叉口南50米路东,33.761649,113.196507,173.75926885813405
mobilitybench_q_8e280918064b98e226,平顶山中级法院附近的酒店,南阳市,33.149987,111.472929,mobilitybench:ee590ead298714bf7f,豫达未来大酒店,河南省 新华区 长安大道与和谐路交叉口,33.763605,113.201197,174.24309370321745
mobilitybench_q_8e280918064b98e226,平顶山中级法院附近的酒店,南阳市,33.149987,111.472929,mobilitybench:3617a99b4c827bb424,翠湖苑快捷宾馆,河南省 新华区 清风路附近,33.761181,113.196645,173.75108746057973
mobilitybench_q_8e280918064b98e226,平顶山中级法院附近的酒店,南阳市,33.149987,111.472929,mobilitybench:76cccc443a9ac8d970,平顶山悦居酒店(和盛时代广场店),河南省 新华区 顺德路和盛时代广场8号楼912商铺,33.760594,113.195185,173.60140817937332
mobilitybench_q_8e280918064b98e226,平顶山中级法院附近的酒店,南阳市,33.149987,111.472929,mobilitybench:820e57378123fb59c8,平顶山柏林假日酒店,河南省 新华区 和盛时代广场8号楼610室,33.759869,113.195824,173.6250816750913
mobilitybench_q_8e280918064b98e226,平顶山中级法院附近的酒店,南阳市,33.149987,111.472929,mobilitybench:a5153c3ff57c9864b3,极夜电竞民宿,河南省 新华区 顺德路19号和盛时代广场1号楼6楼,33.760582,113.194675,173.55735445830433
mobilitybench_q_8e280918064b98e226,平顶山中级法院附近的酒店,南阳市,33.149987,111.472929,mobilitybench:aa17601bf4a765b366,平发开元名庭酒店2号楼,河南省 新华区 平顶山平发开元名庭酒店,33.766958,113.199048,174.20330274428397
mobilitybench_q_8e280918064b98e226,平顶山中级法院附近的酒店,南阳市,33.149987,111.472929,mobilitybench:b3c03f6fd25a0f2dec,迎风宾馆,河南省 新华区 清风路附近民生商贸城二楼迎风宾馆,33.760481,113.196811,173.73542993056938
mobilitybench_q_8e280918064b98e226,平顶山中级法院附近的酒店,南阳市,33.149987,111.472929,mobilitybench:d2dcae0eb05907d7fa,和盛时代广场民宿(顺德路分店),河南省 新华区 和盛时代广场,33.760619,113.195168,173.60102267152476
mobilitybench_q_8e280918064b98e226,平顶山中级法院附近的酒店,南阳市,33.149987,111.472929,mobilitybench:b9d8a0fedc16820d4d,平顶山市中级人民法院,河南省 新华区 长安大道与清风路交叉口,33.763969,113.197182,173.91601706986205
mobilitybench_q_aa3d60c3931ff78ec0,灵寿附附近的服务区是哪个,保定市,38.496823,115.484637,mobilitybench:735e82b53d1871d666,灵寿停车区(京昆高速昆明方向),河北省 灵寿县 灵寿县,38.331496,114.453854,91.66947031167697
mobilitybench_q_aa3d60c3931ff78ec0,灵寿附附近的服务区是哪个,保定市,38.496823,115.484637,mobilitybench:9fb9d9e154a0d5e43d,灵寿停车区(京昆高速北京方向),河北省 灵寿县 灵寿县,38.331205,114.455802,91.50988909544608
mobilitybench_q_aa3d60c3931ff78ec0,灵寿附附近的服务区是哪个,保定市,38.496823,115.484637,mobilitybench:44cea4955a3b61c89d,灵寿县,河北省 灵寿县 灵寿县,38.307908,114.383013,98.2663526941204
mobilitybench_q_a7b21225e93ec6ec1d,环湖南道与环湖西路附近的充电桩,唐山市,39.445106,118.466304,mobilitybench:5309c4fb11c936606f,平高智联汽车充电站(宁泰广场B1快充站1),天津市 南开区 天塔宁泰广场(霞光道南50米),39.083332,117.180120,117.80856619426156
mobilitybench_q_a7b21225e93ec6ec1d,环湖南道与环湖西路附近的充电桩,唐山市,39.445106,118.466304,mobilitybench:15e54542bb218fc218,平高智联汽车充电站(宁泰广场B1慢充站),天津市 南开区 天塔宁泰广场(霞光道南50米),39.083336,117.180115,117.80881593143256
mobilitybench_q_a7b21225e93ec6ec1d,环湖南道与环湖西路附近的充电桩,唐山市,39.445106,118.466304,mobilitybench:96df94e159cf7ce0c1,星特充汽车充电站(宾水北里幼儿园),天津市 河西区 幼儿园前,39.082497,117.189354,117.09427056234246
mobilitybench_q_a7b21225e93ec6ec1d,环湖南道与环湖西路附近的充电桩,唐山市,39.445106,118.466304,mobilitybench:99a91606078898777a,国家电网汽车充电站(天津市南开区宾水西道博纳国际影城充电站),天津市 南开区 宾水西道体育中心B馆-农垦影城地面停车场,39.078488,117.180496,117.96677512461395
mobilitybench_q_a7b21225e93ec6ec1d,环湖南道与环湖西路附近的充电桩,唐山市,39.445106,118.466304,mobilitybench:c391dac864c5f3289a,星星充电汽车充电站(星星充电-环湖北里津门一串对面),天津市 河西区 天塔街道环湖中路环湖北里东门,39.086235,117.185160,117.28849708149461
mobilitybench_q_a7b21225e93ec6ec1d,环湖南道与环湖西路附近的充电桩,唐山市,39.445106,118.466304,mobilitybench:4cda0cebe0672fc3db,星特充汽车充电站(紫金南里),天津市 河西区 环湖中道4号紫金南里,39.086240,117.188515,117.01675383646234
mobilitybench_q_a7b21225e93ec6ec1d,环湖南道与环湖西路附近的充电桩,唐山市,39.445106,118.466304,mobilitybench:bb122d8b8a6e4472b2,星特充汽车充电站(紫金北里),天津市 河西区 紫金北里停车场,39.088060,117.186165,117.13686496388208
mobilitybench_q_a7b21225e93ec6ec1d,环湖南道与环湖西路附近的充电桩,唐山市,39.445106,118.466304,mobilitybench:671f3602cfdbeab152,星特充汽车充电站(体院宿舍15号楼),天津市 河西区 体院小区15号楼停车场,39.076324,117.187630,117.47599290514758
mobilitybench_q_a7b21225e93ec6ec1d,环湖南道与环湖西路附近的充电桩,唐山市,39.445106,118.466304,mobilitybench:958e27b2d92aad67cc,星特充汽车充电站(气象南里72号楼),天津市 河西区 气象南里72号楼,39.088757,117.180739,117.54976105760235
mobilitybench_q_a7b21225e93ec6ec1d,环湖南道与环湖西路附近的充电桩,唐山市,39.445106,118.466304,mobilitybench:f62271630246381bae,小桔充电汽车充电站(皇家金煦酒店充电站),天津市 河西区 滨海·艾丽华服务公寓停车场,39.086334,117.191320,116.78614366705922
mobilitybench_q_a7b21225e93ec6ec1d,环湖南道与环湖西路附近的充电桩,唐山市,39.445106,118.466304,mobilitybench:227cc020fef795364c,环湖南道与环湖西路交叉口,天津市 河西区 河西区,39.081966,117.183853,117.55965711869987
mobilitybench_q_c792758324bdf05258,人民医院附近宾馆在哪里,达州市,30.743875,107.201382,mobilitybench:2db4dde5ae42b2d8f7,丽都宾馆(店子梁街店),四川省 达川区 店子梁街44号,31.206231,107.514833,59.46586525421651
mobilitybench_q_c792758324bdf05258,人民医院附近宾馆在哪里,达州市,30.743875,107.201382,mobilitybench:26aaedcd2e0ea8abb3,三里住宿,四川省 达川区 建设街299号,31.204025,107.516675,59.342856807280754
mobilitybench_q_c792758324bdf05258,人民医院附近宾馆在哪里,达州市,30.743875,107.201382,mobilitybench:e19afa161c3b39a155,世纪元旅馆(达川区人民医院店),四川省 达川区 三里坪街道建设街289号,31.204014,107.517132,59.363885040762405
mobilitybench_q_c792758324bdf05258,人民医院附近宾馆在哪里,达州市,30.743875,107.201382,mobilitybench:fb1b921ffa4212500a,正南嘉园商务宾馆,四川省 达川区 店子梁街99号,31.206116,107.514361,59.43221420575573
mobilitybench_q_c792758324bdf05258,人民医院附近宾馆在哪里,达州市,30.743875,107.201382,mobilitybench:511ab7c1ca2bc2039a,达州爱情海商务会所,四川省 达川区 南外三里坪店子梁街168号(南天丽都旁),31.206262,107.514310,59.4438029828601
mobilitybench_q_c792758324bdf05258,人民医院附近宾馆在哪里,达州市,30.743875,107.201382,mobilitybench:c77052858f65f95928,南都宾馆(店子梁街店),四川省 达川区 店子梁街46号,31.206210,107.514826,59.463512719718814
mobilitybench_q_c792758324bdf05258,人民医院附近宾馆在哪里,达州市,30.743875,107.201382,mobilitybench:0451608c88ff33144e,达州金万达酒店(城市中心广场店),四川省 达川区 华蜀北路400号(三里坪天桥旁),31.208310,107.512900,59.57359422026687
mobilitybench_q_c792758324bdf05258,人民医院附近宾馆在哪里,达州市,30.743875,107.201382,mobilitybench:7e404b00a7d1eb861d,世鑫酒店,四川省 达川区 华蜀北路久昌花苑对面,31.207486,107.513501,59.52287180668049
mobilitybench_q_c792758324bdf05258,人民医院附近宾馆在哪里,达州市,30.743875,107.201382,mobilitybench:a1a99b548b4bf9acac,拼多多驿站,四川省 达川区 汉兴北街与蜀东街交叉口东南40米,31.202475,107.515875,59.155745530198836
mobilitybench_q_c792758324bdf05258,人民医院附近宾馆在哪里,达州市,30.743875,107.201382,mobilitybench:b1d0c3375847ef0e78,悦森·宜美家酒店,四川省 达川区 南外惠安路58号,31.204746,107.510805,59.13076334856437
mobilitybench_q_c792758324bdf05258,人民医院附近宾馆在哪里,达州市,30.743875,107.201382,mobilitybench:595a49a92d689e5112,重庆医科大学附属第一医院达州医院,四川省 达川区 南外镇汉兴北街700号,31.205363,107.516632,59.46900539592463
mobilitybench_q_28c4f04d1f05954352,金沙大道最近的中石化加油站,衢州市,28.916820,118.835812,mobilitybench:6ab9a865de0ccc8530,中国石化幸福桥加油站,浙江省 钱塘区 下沙路395号,30.299341,120.313712,209.86765391934864
mobilitybench_q_28c4f04d1f05954352,金沙大道最近的中石化加油站,衢州市,28.916820,118.835812,mobilitybench:6bf853bed02eff9b04,中国石化学源街加油站,浙江省 钱塘区 德胜东路1555号,30.319712,120.327642,212.4343022237585
mobilitybench_q_28c4f04d1f05954352,金沙大道最近的中石化加油站,衢州市,28.916820,118.835812,mobilitybench:6792d965e31709e2f0,中国石化学源街站爱心驿站,浙江省 钱塘区 德胜东路1555号,30.319739,120.327643,212.43655916937632
mobilitybench_q_28c4f04d1f05954352,金沙大道最近的中石化加油站,衢州市,28.916820,118.835812,mobilitybench:b6ba66de47b5cee972,中国石化杨公加油站,浙江省 上城区 九堡街道杨公村下沙路764号,30.299790,120.294481,208.64311543440468
mobilitybench_q_28c4f04d1f05954352,金沙大道最近的中石化加油站,衢州市,28.916820,118.835812,mobilitybench:43a655d47f78945016,中国石化杭州下沙加油站,浙江省 钱塘区 十一号大街26号,30.285590,120.349573,211.14494645066344
mobilitybench_q_28c4f04d1f05954352,金沙大道最近的中石化加油站,衢州市,28.916820,118.835812,mobilitybench:05865e2bb54dc5eda1,中国石化下沙绕城西加油站,浙江省 钱塘区 二号路与六号路间绕城高速公路西侧,30.307295,120.365463,213.93899992243703
mobilitybench_q_28c4f04d1f05954352,金沙大道最近的中石化加油站,衢州市,28.916820,118.835812,mobilitybench:1e3807bdb74fba5454,中国石化下沙绕城东加油站,浙江省 钱塘区 二号路与六号路间绕城高速公路东侧,30.308395,120.367125,214.13787310827237
mobilitybench_q_28c4f04d1f05954352,金沙大道最近的中石化加油站,衢州市,28.916820,118.835812,mobilitybench:a63496a24b2b69689e,中国石化九堡加油站,浙江省 上城区 上城区九堡街道蚕桑村杭海路950-1号,30.316798,120.266810,208.24668127237408
mobilitybench_q_28c4f04d1f05954352,金沙大道最近的中石化加油站,衢州市,28.916820,118.835812,mobilitybench:94abfe373698dbdd34,中国石化汽车充电站(杭海路加能站)(暂停营业),浙江省 临平区 乔司街道科城街179号,30.327415,120.281890,210.0926459846544
mobilitybench_q_28c4f04d1f05954352,金沙大道最近的中石化加油站,衢州市,28.916820,118.835812,mobilitybench:04aab3918f50b6bb77,中国石化科城街加油站(暂停营业),浙江省 临平区 乔司街道科城街179号,30.327228,120.281426,210.04737310693434
mobilitybench_q_28c4f04d1f05954352,金沙大道最近的中石化加油站,衢州市,28.916820,118.835812,mobilitybench:b6dbd732b9b94caa8d,金沙大道,浙江省 钱塘区 钱塘区,30.309344,120.317379,210.91942338751628
mobilitybench_q_038dec6b03dea302c3,南园宾馆附近的农商行在哪里？,宿州市,33.612881,116.988814,mobilitybench:15dfd6ed9352fdf9ce,萧县农商银行(萧城支行),安徽省 萧县 淮海西路24号,34.184149,116.945419,63.64832730533817
mobilitybench_q_038dec6b03dea302c3,南园宾馆附近的农商行在哪里？,宿州市,33.612881,116.988814,mobilitybench:eb9e4d9dc93e8a0680,工会驿站(萧县农商银行城中支行),安徽省 萧县 龙城镇淮海路8号,34.184457,116.948717,63.66408863238967
mobilitybench_q_038dec6b03dea302c3,南园宾馆附近的农商行在哪里？,宿州市,33.612881,116.988814,mobilitybench:770490b37708608ddb,中共萧县农村商业银行委员会,安徽省 萧县 淮海路与龙湖路交叉口西100米,34.184421,116.948901,63.659107475564376
mobilitybench_q_038dec6b03dea302c3,南园宾馆附近的农商行在哪里？,宿州市,33.612881,116.988814,mobilitybench:1b1f9938e585a16347,萧县农村商业银行(城中支行),安徽省 萧县 龙城镇淮海路8号,34.184508,116.948856,63.66900556070992
mobilitybench_q_038dec6b03dea302c3,南园宾馆附近的农商行在哪里？,宿州市,33.612881,116.988814,mobilitybench:e6a27612860dd0066d,萧县农村商业银行城南支行,安徽省 萧县 健康南路公安局对面,34.168224,116.944188,61.88863820835764
mobilitybench_q_038dec6b03dea302c3,南园宾馆附近的农商行在哪里？,宿州市,33.612881,116.988814,mobilitybench:8481f00992b1cc0b09,萧县农商银行24小时自助银行,安徽省 萧县 健康南路与秀才街八巷交叉口东南60米,34.168171,116.944197,61.88270273370313
mobilitybench_q_038dec6b03dea302c3,南园宾馆附近的农商行在哪里？,宿州市,33.612881,116.988814,mobilitybench:602b9af7b22e063f0e,工会驿站(萧县农商银行城南支行),安徽省 萧县 健康南路1014号,34.168144,116.944197,61.87970716615706
mobilitybench_q_038dec6b03dea302c3,南园宾馆附近的农商行在哪里？,宿州市,33.612881,116.988814,mobilitybench:8a955e76dd57f0c838,萧县农商银行(瑞祥支行),安徽省 萧县 萧县自然资源和规划局西南侧,34.170291,116.953384,62.06746170184621
mobilitybench_q_038dec6b03dea302c3,南园宾馆附近的农商行在哪里？,宿州市,33.612881,116.988814,mobilitybench:80bd9bd2060f2a8f74,萧县农商银行24小时自助银行,安徽省 萧县 淮海西路与交通西路交叉口东北140米,34.182414,116.924962,63.60287834735495
mobilitybench_q_038dec6b03dea302c3,南园宾馆附近的农商行在哪里？,宿州市,33.612881,116.988814,mobilitybench:f4d7f63c53edc0d644,萧县农商银行凤山支行,安徽省 萧县 淮海西路与交通西路交叉口东北140米,34.182394,116.924916,63.60105761077209
mobilitybench_q_038dec6b03dea302c3,南园宾馆附近的农商行在哪里？,宿州市,33.612881,116.988814,mobilitybench:6d86474bb0568ea6b1,南园宾馆,安徽省 萧县 交通西路230号,34.180663,116.942598,63.278497075029776
mobilitybench_q_b1df794a5b2cffd97b,富裕县附近的生物质颗粒厂,齐齐哈尔市,48.170673,124.052151,mobilitybench:7acc3cb08dcb800811,富裕县,黑龙江省 富裕县 富裕县,47.774038,124.474411,54.15965772846524
mobilitybench_q_15330dd1543481e0d9,绵阳中学本部附近的宾馆,遂宁市,30.537172,105.552966,mobilitybench:eacb6fc6b8cc082cfd,凤台庭院,四川省 涪城区 剑门路西段附42号,31.463960,104.724033,129.8539400525815
mobilitybench_q_15330dd1543481e0d9,绵阳中学本部附近的宾馆,遂宁市,30.537172,105.552966,mobilitybench:e06544d9739f31ff62,铂兰酒店,四川省 涪城区 剑门路西段11-5号,31.461270,104.726404,129.47975062445806
mobilitybench_q_15330dd1543481e0d9,绵阳中学本部附近的宾馆,遂宁市,30.537172,105.552966,mobilitybench:46c55722862280f2bd,子予民宿(火车站店),四川省 涪城区 文竹东街翠竹馨座标(东北门)翠竹·馨坐标,31.461333,104.726719,129.4670299835118
mobilitybench_q_15330dd1543481e0d9,绵阳中学本部附近的宾馆,遂宁市,30.537172,105.552966,mobilitybench:7738583ff0f97fd136,绵州山庄2栋,四川省 涪城区 何家山巷与剑门路西段交叉口北100米,31.462875,104.723025,129.81700774926688
mobilitybench_q_15330dd1543481e0d9,绵阳中学本部附近的宾馆,遂宁市,30.537172,105.552966,mobilitybench:e7585152bb1664b024,绵阳子宸民宿(7号店),四川省 涪城区 海珂·三千城-4幢,31.462916,104.722079,129.87556989658194
mobilitybench_q_15330dd1543481e0d9,绵阳中学本部附近的宾馆,遂宁市,30.537172,105.552966,mobilitybench:6284b0f75506c2ede5,绵阳网点轻居酒店(高铁站店),四川省 涪城区 临园路西段8号综合楼2-5层,31.460517,104.727182,129.3683767707943
mobilitybench_q_15330dd1543481e0d9,绵阳中学本部附近的宾馆,遂宁市,30.537172,105.552966,mobilitybench:f13fcfac2e9b701e60,诗舟酒店(绵阳高铁站凯德广场店),四川省 涪城区 三汇路1号,31.462453,104.729415,129.40960127008327
mobilitybench_q_15330dd1543481e0d9,绵阳中学本部附近的宾馆,遂宁市,30.537172,105.552966,mobilitybench:8dd6c973365d8ce09d,BWAMUU民宿(绵阳火车站区域2号店),四川省 涪城区 翠竹·馨坐标-东门2单元2205,31.461333,104.726719,129.4670299835118
mobilitybench_q_15330dd1543481e0d9,绵阳中学本部附近的宾馆,遂宁市,30.537172,105.552966,mobilitybench:6e5ae6a691835367b6,绵阳U+电竞精品酒店,四川省 涪城区 文竹街16号文竹大厦,31.459605,104.724102,129.46706094558564
mobilitybench_q_15330dd1543481e0d9,绵阳中学本部附近的宾馆,遂宁市,30.537172,105.552966,mobilitybench:c3d77b3a699b33bd3a,i9电竞酒店(绵阳高铁站店),四川省 涪城区 临园路西段6号3幢3层,31.460743,104.727696,129.35846993821303
mobilitybench_q_15330dd1543481e0d9,绵阳中学本部附近的宾馆,遂宁市,30.537172,105.552966,mobilitybench:0a036872bc57666a0f,绵阳中学本部(公交站),四川省 涪城区 45路;48路;77路,31.463657,104.724959,129.7735910156366
mobilitybench_q_ee0447552eca5651f2,莲塘地铁站附近平价停车场。,惠州市,22.782661,114.734648,mobilitybench:790d4a3e012d2f4150,莲塘(地铁站),广东省 花都区 9号线,23.389101,113.245149,166.61540031633604
mobilitybench_q_b98eae413077529693,距离紫禁城最近的农业银行办事点,常德市,29.423590,112.184992,mobilitybench:619b4543da0e37605d,紫金城·金色世纪,湖南省 武陵区 荷花路182号,29.062055,111.709239,61.211073233753204
mobilitybench_q_fbcfc01a1ec49c6d4e,附近有没有卖鞋的劳保鞋的,吕梁市,37.444730,110.911303,mobilitybench:a15606e923b04bb19f,鸿飞劳保用品经营部,山西省 汾阳市 鼓楼南路与西府街交叉口西南40米,37.263442,111.782652,79.61178188625847
mobilitybench_q_fbcfc01a1ec49c6d4e,附近有没有卖鞋的劳保鞋的,吕梁市,37.444730,110.911303,mobilitybench:2b597f3698d368c2a3,海天消防家用灭火器(文峰住宅五区店),山西省 汾阳市 文峰东街文峰小区6号门市,37.258420,111.790627,80.4384228580257
mobilitybench_q_fbcfc01a1ec49c6d4e,附近有没有卖鞋的劳保鞋的,吕梁市,37.444730,110.911303,mobilitybench:e242242452bc05b9ac,迈盛五金标准件批发,山西省 汾阳市 天霖路,37.252069,111.784456,80.1006095625596
mobilitybench_q_fbcfc01a1ec49c6d4e,附近有没有卖鞋的劳保鞋的,吕梁市,37.444730,110.911303,mobilitybench:0a7f4e5e87ff05bdda,二东一次性批发(飞龙商贸城店),山西省 汾阳市 飞龙商贸城东南门旁,37.282625,111.789875,79.71070914681513
mobilitybench_q_fbcfc01a1ec49c6d4e,附近有没有卖鞋的劳保鞋的,吕梁市,37.444730,110.911303,mobilitybench:515c0a398ebdfa5aea,顺鑫五金建材(劳保用品 电动工具),山西省 汾阳市 汾酒大道罗城村北门口,37.328497,111.853822,84.26893067963269
mobilitybench_q_fbcfc01a1ec49c6d4e,附近有没有卖鞋的劳保鞋的,吕梁市,37.444730,110.911303,mobilitybench:d291476a4e3f72424c,五金劳保日杂文具(暂停营业),山西省 汾阳市 贾家庄镇朝阳坡,37.340390,111.847463,83.51336685947595
mobilitybench_q_fbcfc01a1ec49c6d4e,附近有没有卖鞋的劳保鞋的,吕梁市,37.444730,110.911303,mobilitybench:1b5ca19782dcc267fb,安踏(州府花园店),山西省 汾阳市 文峰街道北大街8号,37.266945,111.786280,79.82294390277617
mobilitybench_q_4f6f4436841af8c39e,给我找个市区近点的滑雪场,哈尔滨市,45.694955,126.583297,mobilitybench:db4e5160bc340ad26b,五常市,黑龙江省 五常市 五常市,44.932164,127.167501,96.33747213188389
mobilitybench_q_407957c51aad66a1d4,搜一下张居正故居周边的停车场,澳门特别行政区,22.120818,113.551219,mobilitybench:8033c48f0277183307,停车场(荆州市交通运输局东北),湖北省 荆州区 张居正街1-2附近,30.347595,112.215461,924.3995906229602
mobilitybench_q_407957c51aad66a1d4,搜一下张居正故居周边的停车场,澳门特别行政区,22.120818,113.551219,mobilitybench:6f2a14a2b63c8d8b05,张居正故居停车场,湖北省 荆州区 内环北路与荆州南路交叉口北20米,30.346316,112.215497,924.2584515928473
mobilitybench_q_407957c51aad66a1d4,搜一下张居正故居周边的停车场,澳门特别行政区,22.120818,113.551219,mobilitybench:afa4256e08065f1737,停车场(荆州市交通运输局东),湖北省 荆州区 内环北路江陵碑苑,30.346312,112.215480,924.2582554885653
mobilitybench_q_407957c51aad66a1d4,搜一下张居正故居周边的停车场,澳门特别行政区,22.120818,113.551219,mobilitybench:5471a0b606e55a9c95,楚江生活小区停车场,湖北省 荆州区 荆州南路3号楚江生活小区,30.345930,112.214390,924.2318872410192
mobilitybench_q_407957c51aad66a1d4,搜一下张居正故居周边的停车场,澳门特别行政区,22.120818,113.551219,mobilitybench:4f94ff7cda4ecdb5c4,停车场,湖北省 荆州区 内环北路与张居正街交叉口西北160米,30.348859,112.214683,924.549716833209
mobilitybench_q_407957c51aad66a1d4,搜一下张居正故居周边的停车场,澳门特别行政区,22.120818,113.551219,mobilitybench:6687f0e265670edec7,古城东门景区停车场,湖北省 荆州区 荆南路1-1号,30.344897,112.215336,924.1047448023999
mobilitybench_q_407957c51aad66a1d4,搜一下张居正故居周边的停车场,澳门特别行政区,22.120818,113.551219,mobilitybench:9e00739a07e259c758,停车场(张居正街),湖北省 荆州区 张居正街14-3号附近,30.347932,112.212806,924.4747308955965
mobilitybench_q_407957c51aad66a1d4,搜一下张居正故居周边的停车场,澳门特别行政区,22.120818,113.551219,mobilitybench:7e5def1b46289ef2bd,鑫都花园地上停车场,湖北省 荆州区 内环北路6号鑫都花园,30.349513,112.215264,924.6132940250365
mobilitybench_q_407957c51aad66a1d4,搜一下张居正故居周边的停车场,澳门特别行政区,22.120818,113.551219,mobilitybench:83e0fc0debb4dd78d9,中国农业银行客户停车场,湖北省 荆州区 荆南路14号中国农业银行(金穗分理处),30.347013,112.211860,924.3872839320632
mobilitybench_q_407957c51aad66a1d4,搜一下张居正故居周边的停车场,澳门特别行政区,22.120818,113.551219,mobilitybench:cd9c5b5139a8c9a4e2,荆州市广播电视大学停车场,湖北省 荆州区 电大巷4号荆州市广播电视大学(古城校区),30.349804,112.213684,924.6679440269211
mobilitybench_q_407957c51aad66a1d4,搜一下张居正故居周边的停车场,澳门特别行政区,22.120818,113.551219,mobilitybench:dd90cf63497d666d36,张居正故居,湖北省 荆州区 荆州南路2号,30.347028,112.215393,924.3382249681418
mobilitybench_q_0405b6fbff86a18dfd,武侯华西医院附近的亚朵酒店,成都市,30.344002,104.460124,mobilitybench:90b284a542e9c14bef,成都玉林华西亚朵酒店,四川省 武侯区 小天东街5号,30.634877,104.058414,50.27643170929173
mobilitybench_q_0405b6fbff86a18dfd,武侯华西医院附近的亚朵酒店,成都市,30.344002,104.460124,mobilitybench:63832185cf2ed4aa98,成都天府广场华西坝地铁站亚朵酒店,四川省 武侯区 人民南路三段1号(华西坝地铁站C口步行380米),30.646015,104.066772,50.479646507208884
mobilitybench_q_0405b6fbff86a18dfd,武侯华西医院附近的亚朵酒店,成都市,30.344002,104.460124,mobilitybench:ed67a7fbe1d6617ae6,成都锦里武侯祠地铁站亚朵轻居酒店,四川省 武侯区 武侯祠大街113号(江北老灶火锅旁),30.646093,104.052073,51.54529624057599
mobilitybench_q_0405b6fbff86a18dfd,武侯华西医院附近的亚朵酒店,成都市,30.344002,104.460124,mobilitybench:b34ebe8af394c508a4,成都武侯祠宽窄巷子亚朵酒店,四川省 青羊区 锦里中路18号,30.650893,104.055755,51.628718611148074
mobilitybench_q_0405b6fbff86a18dfd,武侯华西医院附近的亚朵酒店,成都市,30.344002,104.460124,mobilitybench:58941192fe7b19d19b,成都太古里银石广场亚朵酒店,四川省 锦江区 王家坝街28号(新南门地铁站C口步行460米),30.648045,104.075609,50.002730703890755
mobilitybench_q_0405b6fbff86a18dfd,武侯华西医院附近的亚朵酒店,成都市,30.344002,104.460124,mobilitybench:c29a5fd3979d72aa33,成都宽窄巷子人民公园地铁站亚朵S酒店,四川省 青羊区 蜀都大道少城路33号(人民公园地铁站D口步行220米),30.659668,104.057564,52.149166759515765
mobilitybench_q_0405b6fbff86a18dfd,武侯华西医院附近的亚朵酒店,成都市,30.344002,104.460124,mobilitybench:cd4183d5845e485e07,四川大学华西医院院本部,四川省 武侯区 国学巷37号,30.641485,104.060517,50.59860345380264
mobilitybench_q_f7e79919f493dcb953,查找一下广东省人民医院附近的停车场,肇庆市,23.076345,112.515826,mobilitybench:1e85ec5d67b3bd7050,广州新兴大厦停车场,广东省 越秀区 逸仙路与中山二路交叉口西南60米,23.125116,113.288562,79.22046171515078
mobilitybench_q_f7e79919f493dcb953,查找一下广东省人民医院附近的停车场,肇庆市,23.076345,112.515826,mobilitybench:1f49919c6ab40fde1c,较场商贸大厦南侧停车场,广东省 越秀区 中山三路与东平一马路交叉口南120米,23.125707,113.285134,78.87504952135018
mobilitybench_q_f7e79919f493dcb953,查找一下广东省人民医院附近的停车场,肇庆市,23.076345,112.515826,mobilitybench:744258bf7eb9a6769e,富力大厦地下停车场,广东省 越秀区 较场东路与云海通津交叉口北160米,23.124500,113.284989,78.85138016849331
mobilitybench_q_f7e79919f493dcb953,查找一下广东省人民医院附近的停车场,肇庆市,23.076345,112.515826,mobilitybench:023be8a2bd811375a4,广州市卫生监督所停车场,广东省 越秀区 较场东路1-2号广州市卫生监督所,23.126448,113.285187,78.88601674339405
mobilitybench_q_f7e79919f493dcb953,查找一下广东省人民医院附近的停车场,肇庆市,23.076345,112.515826,mobilitybench:c0ffd794ddba905829,锦桦大厦地下停车场,广东省 越秀区 东华东路367号锦桦大厦,23.122444,113.288061,79.15032747757385
mobilitybench_q_f7e79919f493dcb953,查找一下广东省人民医院附近的停车场,肇庆市,23.076345,112.515826,mobilitybench:f4103b1ae2f7756d88,广州市公安局越秀区分局大东派出所地上停车场,广东省 越秀区 东华东路355号,23.122364,113.287839,79.12711676437102
mobilitybench_q_f7e79919f493dcb953,查找一下广东省人民医院附近的停车场,肇庆市,23.076345,112.515826,mobilitybench:fa5a494917b15312ad,锦桦大厦停车场,广东省 越秀区 前鉴通津4,23.122139,113.287861,79.12781426792394
mobilitybench_q_f7e79919f493dcb953,查找一下广东省人民医院附近的停车场,肇庆市,23.076345,112.515826,mobilitybench:e315d2ef043d498f9d,东华东路地面停车场,广东省 越秀区 东华东路313号附近东华东,23.122114,113.286830,79.0224108621232
mobilitybench_q_f7e79919f493dcb953,查找一下广东省人民医院附近的停车场,肇庆市,23.076345,112.515826,mobilitybench:7b31b77cd50df41db0,未来城地下停车场,广东省 越秀区 未来城(烈士陵园地铁站A口步行120米),23.126282,113.284162,78.78018899323568
mobilitybench_q_f7e79919f493dcb953,查找一下广东省人民医院附近的停车场,肇庆市,23.076345,112.515826,mobilitybench:e6e904f1635a4e3b97,洛桑美地停车场,广东省 越秀区 东华西路277号,23.122396,113.285589,78.89769192929494
mobilitybench_q_f7e79919f493dcb953,查找一下广东省人民医院附近的停车场,肇庆市,23.076345,112.515826,mobilitybench:ed8ef13f608632eeb9,广东省人民医院,广东省 越秀区 中山二路106号,23.125087,113.287272,79.08861966248564
mobilitybench_q_944476817949b76ed4,最近的LNG加气站的LNG加气站,昌吉回族自治州,44.611736,86.134198,mobilitybench:484a45ee01981e5374,中国石化木垒服务区南侧LNG加油加气站,新疆维吾尔自治区 木垒哈萨克自治县 中国石油木垒服务区LNG加气站西南侧140米,43.837293,90.532926,360.8800305336388
mobilitybench_q_944476817949b76ed4,最近的LNG加气站的LNG加气站,昌吉回族自治州,44.611736,86.134198,mobilitybench:68a35ce9864cf99f32,中石油昌吉木垒香水河北LNG加气站,新疆维吾尔自治区 木垒哈萨克自治县 木垒服务区北40米,43.838438,90.533577,360.8967488638396
mobilitybench_q_944476817949b76ed4,最近的LNG加气站的LNG加气站,昌吉回族自治州,44.611736,86.134198,mobilitybench:1f2e703694187d0e7b,中石油昌吉公司木垒香水河南LNG加油加气站,新疆维吾尔自治区 木垒哈萨克自治县 奇木高速木垒香水河服务区南侧,43.836559,90.536397,361.1700999587055
mobilitybench_q_f5be8a54463d2861e5,北京高博医院附近的宾馆,赤峰市,42.933509,119.001589,mobilitybench:e3c99bde1015bc3062,北京中关村生命科学园亚朵酒店,北京市 昌平区 回龙观镇生命园路4号院1号楼,40.101212,116.267412,388.5443268270292
mobilitybench_q_f5be8a54463d2861e5,北京高博医院附近的宾馆,赤峰市,42.933509,119.001589,mobilitybench:3be22122f0a5cda339,速8酒店(北京生命园国际医院店),北京市 昌平区 回龙观镇生命园路4号院1号楼2层2-01-002,40.101291,116.267161,388.54936151179544
mobilitybench_q_f5be8a54463d2861e5,北京高博医院附近的宾馆,赤峰市,42.933509,119.001589,mobilitybench:db9d58cdd432805a57,全季酒店(北京中关村生命科学园店),北京市 昌平区 回龙观镇中关村生命科学园生命园路8号院一区5号楼,40.100259,116.269245,388.5418787970885
mobilitybench_q_f5be8a54463d2861e5,北京高博医院附近的宾馆,赤峰市,42.933509,119.001589,mobilitybench:b33f5b211fb6c4c765,逸境酒店(中关村生命科学园北大国际医院店),北京市 昌平区 生命科学园4号院1号楼1-26,40.100623,116.267490,388.5942023744087
mobilitybench_q_f5be8a54463d2861e5,北京高博医院附近的宾馆,赤峰市,42.933509,119.001589,mobilitybench:75b4500a4a55ce62c5,北京泰康研修院,北京市 昌平区 中关村生命科学园生命园路12号,40.097511,116.272112,388.65291221708463
mobilitybench_q_f5be8a54463d2861e5,北京高博医院附近的宾馆,赤峰市,42.933509,119.001589,mobilitybench:4bde808c3eb4d0831c,北京海诺康会馆酒店,北京市 昌平区 生命园路16号,40.096014,116.273989,388.6982235208709
mobilitybench_q_f5be8a54463d2861e5,北京高博医院附近的宾馆,赤峰市,42.933509,119.001589,mobilitybench:25c53e96ff90b9f9ba,北京中关村生命园国际会议中心,北京市 昌平区 生命园路20号院3号楼,40.092585,116.277234,388.853647504671
mobilitybench_q_f5be8a54463d2861e5,北京高博医院附近的宾馆,赤峰市,42.933509,119.001589,mobilitybench:bd03fa5f8edd2d4b01,汉庭酒店(北京北清路生命科学园店),北京市 昌平区 北清路一号院8号楼,40.097701,116.286530,387.9354332961353
mobilitybench_q_f5be8a54463d2861e5,北京高博医院附近的宾馆,赤峰市,42.933509,119.001589,mobilitybench:9ccc188d8a59af6a9b,秋果酒店(北京生命科学园店),北京市 昌平区 回龙观镇定福皇庄75号,40.114558,116.283219,386.55785730716804
mobilitybench_q_f5be8a54463d2861e5,北京高博医院附近的宾馆,赤峰市,42.933509,119.001589,mobilitybench:8f02f072a8523325de,朗丽兹太和府酒店(北京超极合生汇店),北京市 昌平区 北清路5号,40.093512,116.285356,388.37513738022733
mobilitybench_q_f5be8a54463d2861e5,北京高博医院附近的宾馆,赤峰市,42.933509,119.001589,mobilitybench:a79cce1343f6d0182c,北京高博医院,北京市 昌平区 玉河南路,40.103892,116.268483,388.24791715866746
mobilitybench_q_98f707bb44a5bb4581,长葛附近的CNG加气站,长治市,36.175171,113.123171,mobilitybench:8eadeff96eb6c48382,汇源CNG加气站,河南省 长葛市 学苑路,34.197351,113.775038,227.7609076731863
mobilitybench_q_98f707bb44a5bb4581,长葛附近的CNG加气站,长治市,36.175171,113.123171,mobilitybench:17a2a581644acda5c9,长葛市,河南省 长葛市 长葛市,34.195458,113.813972,228.90908978991
mobilitybench_q_f0439211e9c68f9c4b,上海浦东机场附近的酒店,北京市,39.917914,116.502571,mobilitybench:6f282ac850780f7cac,上海浦东机场假日酒店,上海市 浦东新区 迎宾大道6009号,31.147333,121.806168,1086.383196596972
mobilitybench_q_f0439211e9c68f9c4b,上海浦东机场附近的酒店,北京市,39.917914,116.502571,mobilitybench:564e59a6d857dc4ce6,上海大众空港宾馆,上海市 浦东新区 迎宾大道6000号上海浦东国际机场2F层,31.150351,121.806044,1086.0733758594633
mobilitybench_q_f0439211e9c68f9c4b,上海浦东机场附近的酒店,北京市,39.917914,116.502571,mobilitybench:5513fb31e8508407c7,上海浦东遨途机场酒店(2号航站楼店),上海市 浦东新区 机场2号航站楼的出发层6-7层,31.151275,121.809875,1086.1324323141241
mobilitybench_q_f0439211e9c68f9c4b,上海浦东机场附近的酒店,北京市,39.917914,116.502571,mobilitybench:963b6a6df5b7ec3003,大众空港宾馆南楼,上海市 浦东新区 浦东机场迎宾大道6001号,31.150049,121.806269,1086.1128316253942
mobilitybench_q_f0439211e9c68f9c4b,上海浦东机场附近的酒店,北京市,39.917914,116.502571,mobilitybench:1e454bfb526b0d2c4b,大众空港宾馆北楼,上海市 浦东新区 浦东机场迎宾大道6001号,31.150931,121.805785,1086.00448422726
mobilitybench_q_f0439211e9c68f9c4b,上海浦东机场附近的酒店,北京市,39.917914,116.502571,mobilitybench:cc594ae8a92e33990c,上海浦东机场华美达广场酒店,上海市 浦东新区 浦东机场启航路1100号,31.160732,121.799480,1084.7636660961912
mobilitybench_q_f0439211e9c68f9c4b,上海浦东机场附近的酒店,北京市,39.917914,116.502571,mobilitybench:4b4b136d71e2a6c39b,猫屋浦东机场公寓(速航路分店),上海市 浦东新区 速航路海霞路135弄1-59号江绣苑,31.158533,121.798968,1084.9654656566854
mobilitybench_q_f0439211e9c68f9c4b,上海浦东机场附近的酒店,北京市,39.917914,116.502571,mobilitybench:fc1d7bb5706c7ab718,如家商旅酒店(上海浦东国际机场东站店),上海市 浦东新区 施湾镇施湾八路1026号,31.136725,121.770299,1086.0340748833892
mobilitybench_q_f0439211e9c68f9c4b,上海浦东机场附近的酒店,北京市,39.917914,116.502571,mobilitybench:a054db7af6e7c5901b,上海浦东机场智选假日酒店,上海市 浦东新区 机场大道850号,31.173223,121.795094,1083.32744622785
mobilitybench_q_f0439211e9c68f9c4b,上海浦东机场附近的酒店,北京市,39.917914,116.502571,mobilitybench:d8aa3ca5292b941cec,春秋航空公寓(贵安公寓),上海市 浦东新区 祝潘公路1号祝潘公路1号小巷直行,31.129470,121.775043,1086.9554397366485
mobilitybench_q_f0439211e9c68f9c4b,上海浦东机场附近的酒店,北京市,39.917914,116.502571,mobilitybench:1a98cf692b6e1790e6,上海浦东国际机场,上海市 浦东新区 迎宾大道6000号,31.142267,121.808682,1086.9949499618435
mobilitybench_q_55c28f888cd12e0d24,查找一下北京市人民医院西直门院区附近的酒店。,临汾市,36.099451,111.505794,mobilitybench:e5c8ecff498dd7c801,京奇酒店(北京西直门地铁站北大人民医院西直门院区店),北京市 西城区 西直门外南路4号,39.937228,116.352094,601.757192396519
mobilitybench_q_55c28f888cd12e0d24,查找一下北京市人民医院西直门院区附近的酒店。,临汾市,36.099451,111.505794,mobilitybench:d4a1ab19cd2d41a394,金泰之家连锁酒店(通华苑店),北京市 西城区 北礼士路101号(车公庄地铁站E西北口步行240米),39.935035,116.352992,601.6443903878975
mobilitybench_q_55c28f888cd12e0d24,查找一下北京市人民医院西直门院区附近的酒店。,临汾市,36.099451,111.505794,mobilitybench:2fe50351dc822fc49e,国二招宾馆,北京市 西城区 西直门南大街6号(西直门地铁站C东南口步行310米),39.938549,116.357396,602.1857689169645
mobilitybench_q_55c28f888cd12e0d24,查找一下北京市人民医院西直门院区附近的酒店。,临汾市,36.099451,111.505794,mobilitybench:3f4bd8c2acbaf6d2f9,云彩宾馆(北京西直门地铁站人民医院店),北京市 西城区 北礼士路甲8号(西直门地铁站D西南口步行300米),39.939110,116.352802,601.9452918093107
mobilitybench_q_55c28f888cd12e0d24,查找一下北京市人民医院西直门院区附近的酒店。,临汾市,36.099451,111.505794,mobilitybench:79ab7e886b3846039c,汉庭酒店(北京官园桥店),北京市 西城区 国英1号东南门旁,39.936476,116.358825,602.1150502102473
mobilitybench_q_55c28f888cd12e0d24,查找一下北京市人民医院西直门院区附近的酒店。,临汾市,36.099451,111.505794,mobilitybench:2c778ff3f701451378,北京国二招宾馆东楼,"北京市 西城区 西直门南大街6号(南门)西直门桥东南角,北大人民医院东侧",39.938553,116.357690,602.2042250265673
mobilitybench_q_55c28f888cd12e0d24,查找一下北京市人民医院西直门院区附近的酒店。,临汾市,36.099451,111.505794,mobilitybench:1967d003cffd2b39cf,北京乐瑞祥宾馆,北京市 西城区 晓安南巷,39.936697,116.357890,602.0742525265566
mobilitybench_q_55c28f888cd12e0d24,查找一下北京市人民医院西直门院区附近的酒店。,临汾市,36.099451,111.505794,mobilitybench:9f2249c965d5cd1ae1,国二招宾馆-北楼,北京市 西城区 西直门南大街6号(西直门地铁站C东南口步行390米),39.938791,116.356757,602.1648856149965
mobilitybench_q_55c28f888cd12e0d24,查找一下北京市人民医院西直门院区附近的酒店。,临汾市,36.099451,111.505794,mobilitybench:c9fdb645c155f9e8ae,速8精选酒店(西直门人民医院店),北京市 西城区 西直门外大街51号(西直门地铁站E1北口步行410米),39.940302,116.350020,601.8651867684598
mobilitybench_q_55c28f888cd12e0d24,查找一下北京市人民医院西直门院区附近的酒店。,临汾市,36.099451,111.505794,mobilitybench:434d3e3628b56e08a5,北京阳光嘉誉金灿酒店,北京市 西城区 西直门内南小街66号,39.936287,116.359518,602.1433631268898
mobilitybench_q_55c28f888cd12e0d24,查找一下北京市人民医院西直门院区附近的酒店。,临汾市,36.099451,111.505794,mobilitybench:853b21c856ab503933,北京大学人民医院(西直门院区),北京市 西城区 西直门南大街11号(西直门地铁站D西南口步行390米),39.936961,116.354215,601.867611168673
mobilitybench_q_0ade3ba6c30c205369,青岛市桔子水晶酒店附近的移中国移动大厅的位置,烟台市,37.795531,120.734698,mobilitybench:7e78de5b1c45d1a579,中国移动,山东省 城阳区 城阳区公寓对面,36.264726,120.272817,175.08555665522957
mobilitybench_q_0ade3ba6c30c205369,青岛市桔子水晶酒店附近的移中国移动大厅的位置,烟台市,37.795531,120.734698,mobilitybench:61f82204979f3e6dcc,中国移动(高新区合心路营业厅),山东省 城阳区 招商海德公学2期76号,36.256707,120.289018,175.62353050054088
mobilitybench_q_0ade3ba6c30c205369,青岛市桔子水晶酒店附近的移中国移动大厅的位置,烟台市,37.795531,120.734698,mobilitybench:a87301ce3c8a4a0595,中国移动(新悦路店),山东省 城阳区 红岛街道新悦路81号,36.245567,120.251106,177.6145682088677
mobilitybench_q_0ade3ba6c30c205369,青岛市桔子水晶酒店附近的移中国移动大厅的位置,烟台市,37.795531,120.734698,mobilitybench:aaa8a85a5a652773bf,中国移动(山东青岛)数据中心,山东省 城阳区 红岛高新区新悦路81号,36.245850,120.250600,177.5948783689832
mobilitybench_q_0ade3ba6c30c205369,青岛市桔子水晶酒店附近的移中国移动大厅的位置,烟台市,37.795531,120.734698,mobilitybench:5c080deddde3149645,中国移动5G手机店(红岛嘉苑北区店),山东省 城阳区 鲁阳路与岙东路交叉口东200米,36.238194,120.258977,178.24384803754774
mobilitybench_q_0ade3ba6c30c205369,青岛市桔子水晶酒店附近的移中国移动大厅的位置,烟台市,37.795531,120.734698,mobilitybench:f626eb1fd757442b2d,中国移动手机专卖店(金旋通讯店),山东省 城阳区 肖家公交站(红岛嘉苑西南),36.236737,120.257091,178.44105591229984
mobilitybench_q_0ade3ba6c30c205369,青岛市桔子水晶酒店附近的移中国移动大厅的位置,烟台市,37.795531,120.734698,mobilitybench:5ba07f58fd1f2273fa,vivo中国移动,山东省 城阳区 上马街道上马利客来超市北门对面,36.268968,120.242489,175.27824633749316
mobilitybench_q_0ade3ba6c30c205369,青岛市桔子水晶酒店附近的移中国移动大厅的位置,烟台市,37.795531,120.734698,mobilitybench:a7c75e1c16bdf6f0d4,中国移动飞鸿达5G手机店,山东省 城阳区 上马街道温州商贸城飞鸿达手机店,36.270095,120.242021,175.16717314793252
mobilitybench_q_0ade3ba6c30c205369,青岛市桔子水晶酒店附近的移中国移动大厅的位置,烟台市,37.795531,120.734698,mobilitybench:999d9cf10ef1194d0b,中国移动子航通5G手机店,山东省 城阳区 岙东中路110号,36.270378,120.241978,175.13763444376102
mobilitybench_q_0ade3ba6c30c205369,青岛市桔子水晶酒店附近的移中国移动大厅的位置,烟台市,37.795531,120.734698,mobilitybench:33282f1d0f5da0abf0,中国移动社区服务站(飞鸿达店),山东省 城阳区 岙东中路与海岙路交叉口东南100米,36.271755,120.241804,174.9931362643514
mobilitybench_q_0ade3ba6c30c205369,青岛市桔子水晶酒店附近的移中国移动大厅的位置,烟台市,37.795531,120.734698,mobilitybench:be7ac2a4192597698c,青岛高新会展中心桔子水晶酒店,山东省 城阳区 火炬路102号,36.257711,120.267619,175.95258527433586
mobilitybench_q_0041cc9d5d3e385322,离人民医院南区最近的建设银行中国建设银行,阜阳市,33.038678,115.282347,mobilitybench:0c50f0a6a3779ef36e,中国建设银行(阜阳市分行),安徽省 颍州区 颍州中路188号,32.891942,115.825509,53.23505355626213
mobilitybench_q_0041cc9d5d3e385322,离人民医院南区最近的建设银行中国建设银行,阜阳市,33.038678,115.282347,mobilitybench:402651eec00ea10af9,中国建设银行(颍州支行),安徽省 颍州区 阜王路537号海丰世纪广场F1层,32.882037,115.809135,52.143227282773466
mobilitybench_q_0041cc9d5d3e385322,离人民医院南区最近的建设银行中国建设银行,阜阳市,33.038678,115.282347,mobilitybench:e6aae4a0f7ca3de7d2,中国建设银行(润河路支行),安徽省 颍州区 保丰路99号,32.850252,115.791595,51.934191592933324
mobilitybench_q_0041cc9d5d3e385322,离人民医院南区最近的建设银行中国建设银行,阜阳市,33.038678,115.282347,mobilitybench:d760cdc745d78593f0,中国建设银行(文峰支行),安徽省 颍泉区 颍州中路利源大厦,32.894447,115.824625,53.07103912674069
mobilitybench_q_0041cc9d5d3e385322,离人民医院南区最近的建设银行中国建设银行,阜阳市,33.038678,115.282347,mobilitybench:5f1b721257674a6d9c,中国建设银行(阜阳花园支行),安徽省 颍泉区 颍州中路117号建银大厦F1层,32.902537,115.825162,52.851935442470854
mobilitybench_q_0041cc9d5d3e385322,离人民医院南区最近的建设银行中国建设银行,阜阳市,33.038678,115.282347,mobilitybench:a8826d9f5c5c2f56ac,中国建设银行(岳家湖支行),安徽省 颍东区 忠孝路与盛兴路交叉口,32.912986,115.891470,58.51352985338089
mobilitybench_q_0041cc9d5d3e385322,离人民医院南区最近的建设银行中国建设银行,阜阳市,33.038678,115.282347,mobilitybench:4199ffad8a8a743fd1,中国建设银行(阜阳颍泉支行),安徽省 颍泉区 界首路260号财富广场F1层,32.929274,115.807898,50.50659964689592
mobilitybench_q_0041cc9d5d3e385322,离人民医院南区最近的建设银行中国建设银行,阜阳市,33.038678,115.282347,mobilitybench:9d33432abfc107c5ae,中国建设银行(一道河中路),安徽省 颍州区 建设银行生活区东北门旁,32.880598,115.820611,53.20664673796162
mobilitybench_q_0041cc9d5d3e385322,离人民医院南区最近的建设银行中国建设银行,阜阳市,33.038678,115.282347,mobilitybench:2d5e418d383bb30bc0,中国建设银行(阜阳清颍支行),安徽省 颍州区 淮河路2166号御景嘉苑3商住楼101商铺,32.875245,115.791774,50.88593228938953
mobilitybench_q_0041cc9d5d3e385322,离人民医院南区最近的建设银行中国建设银行,阜阳市,33.038678,115.282347,mobilitybench:e2009bee8d29bb901d,中国建设银行(阜阳颍西支行),安徽省 颍州区 中南大道与颍河西路交叉口西北50米,32.902109,115.799232,50.553494113592556
mobilitybench_q_0041cc9d5d3e385322,离人民医院南区最近的建设银行中国建设银行,阜阳市,33.038678,115.282347,mobilitybench:1ba513f3d1e4f7baf2,阜阳市人民医院(南区),安徽省 颍州区 三清路501号,32.862738,115.816429,53.536648534899136
mobilitybench_q_924a3fab13f5904376,搜索上海市鹤沙航城附近的自助洗衣房,清迈,18.803985,98.973962,mobilitybench:d0cc4a37f732d4d729,鹤沙航城,上海市 浦东新区 航韵路550弄,31.075713,121.594116,2649.248402818366
mobilitybench_q_059900dd7ab0b04a5e,距离曲靖市最近的服务区,嘉兴市,30.589862,120.335815,mobilitybench:15930370a4cfa6b03d,红庙停车区(杭瑞高速瑞丽方向),云南省 麒麟区 麒麟区,25.466217,103.754005,1722.26209218729
mobilitybench_q_059900dd7ab0b04a5e,距离曲靖市最近的服务区,嘉兴市,30.589862,120.335815,mobilitybench:e2a4c72723e4a31a7e,珠街服务区(杭瑞高速瑞丽方向),云南省 麒麟区 麒麟区,25.488288,103.892775,1708.486375717174
mobilitybench_q_059900dd7ab0b04a5e,距离曲靖市最近的服务区,嘉兴市,30.589862,120.335815,mobilitybench:b884920b7099de31af,珠街服务区(杭瑞高速杭州方向),云南省 麒麟区 麒麟区,25.487327,103.893786,1708.4350305328203
mobilitybench_q_059900dd7ab0b04a5e,距离曲靖市最近的服务区,嘉兴市,30.589862,120.335815,mobilitybench:d9cd6e9d664de63a90,红庙停车区(杭瑞高速杭州方向)(建设中),云南省 麒麟区 麒麟区,25.465128,103.752862,1722.415129697967
mobilitybench_q_059900dd7ab0b04a5e,距离曲靖市最近的服务区,嘉兴市,30.589862,120.335815,mobilitybench:1a36f68cca51019e52,曲靖市,云南省 麒麟区 麒麟区,25.490866,103.796288,1717.2832627848827
mobilitybench_q_8fc3fa6de21846c4ed,兰州有附近有没有那个兰州的拉面馆啊,中山市,22.621960,113.499231,mobilitybench:a7a40305d7719bb06d,兰州市,甘肃省 城关区 城关区,36.060798,103.834228,1761.3413546230943
mobilitybench_q_8fc3fa6de21846c4ed,兰州有附近有没有那个兰州的拉面馆啊,中山市,22.621960,113.499231,mobilitybench:9f058f9888b2cd5230,兰州银行(兰园支行),甘肃省 城关区 张掖路21号(省政府地铁站A口步行270米),36.058733,103.829725,1761.3822174157165
mobilitybench_q_8fc3fa6de21846c4ed,兰州有附近有没有那个兰州的拉面馆啊,中山市,22.621960,113.499231,mobilitybench:d0a3c1ec4ed86fd182,兰州银行(民族支行),甘肃省 城关区 武都路165号(省政府地铁站B口步行390米),36.056552,103.829229,1761.2079543045113
mobilitybench_q_8fc3fa6de21846c4ed,兰州有附近有没有那个兰州的拉面馆啊,中山市,22.621960,113.499231,mobilitybench:3ec3a57811be478558,兰州银行(秦安路支行),甘肃省 城关区 秦安路105号亚盛大厦F1层,36.058914,103.834039,1761.1785522949463
mobilitybench_q_8fc3fa6de21846c4ed,兰州有附近有没有那个兰州的拉面馆啊,中山市,22.621960,113.499231,mobilitybench:28b5480e0bea83d91e,兰州银行(庆阳路支行),甘肃省 城关区 庆阳路316号国贸大厦写字楼F1层,36.054661,103.830009,1760.9950763028241
mobilitybench_q_8fc3fa6de21846c4ed,兰州有附近有没有那个兰州的拉面馆啊,中山市,22.621960,113.499231,mobilitybench:f52e6865f92e180b04,兰州银行(硅谷支行),甘肃省 城关区 广武门街道南昌路1918号,36.057800,103.839574,1760.794109990601
mobilitybench_q_8fc3fa6de21846c4ed,兰州有附近有没有那个兰州的拉面馆啊,中山市,22.621960,113.499231,mobilitybench:73b55fa75100fb2f30,兰州港码头,甘肃省 城关区 兰州港码头(市委斜对面三弦旁),36.063340,103.827973,1761.8932919260017
mobilitybench_q_8fc3fa6de21846c4ed,兰州有附近有没有那个兰州的拉面馆啊,中山市,22.621960,113.499231,mobilitybench:bd4a3a4580228575cb,兰州市中心,甘肃省 城关区 城关区,36.057544,103.828374,1761.342394884776
mobilitybench_q_8fc3fa6de21846c4ed,兰州有附近有没有那个兰州的拉面馆啊,中山市,22.621960,113.499231,mobilitybench:9d7b8d2d6e6a38e28d,兰州公证处,甘肃省 城关区 箭道巷112号依河园西侧临街1-3层,36.061934,103.828235,1761.7512393098095
mobilitybench_q_8fc3fa6de21846c4ed,兰州有附近有没有那个兰州的拉面馆啊,中山市,22.621960,113.499231,mobilitybench:5753d6d0881242756d,兰州市人民政府,甘肃省 城关区 南滨河东路637号,36.060798,103.834228,1761.3413546230943
mobilitybench_q_a2439aed1c4e2c8cfc,马市附近的水果批发市场,松原市,45.183593,124.841278,mobilitybench:26af74e1a6da57bea8,彦清香蕉水果批发(中国供销扶余商贸城店),吉林省 扶余市 扶余商贸城水果厅18号,44.980241,126.045812,97.23768627902659
mobilitybench_q_a2439aed1c4e2c8cfc,马市附近的水果批发市场,松原市,45.183593,124.841278,mobilitybench:95b5c9aad1939da877,梅雨水果批发(中国供销扶余商贸城店),吉林省 扶余市 商贸街与民安路交叉口西160米,44.980541,126.045050,97.17150396163281
mobilitybench_q_a2439aed1c4e2c8cfc,马市附近的水果批发市场,松原市,45.183593,124.841278,mobilitybench:39e9c65951980ebe7c,大勇蔬菜水果批发超市,吉林省 扶余市 经纬街与春华路交叉口西北20米,44.988153,126.031009,95.89825091177336
mobilitybench_q_a2439aed1c4e2c8cfc,马市附近的水果批发市场,松原市,45.183593,124.841278,mobilitybench:5e5848fbf3ab1006a1,宏亮干果水果批发,吉林省 扶余市 经纬街商贸步行街5栋靠近吉林省扶馀市平安医院,44.987644,126.030747,95.89146618538574
mobilitybench_q_a2439aed1c4e2c8cfc,马市附近的水果批发市场,松原市,45.183593,124.841278,mobilitybench:cd512c4cc5c48b1b58,永财张二精品水果批发,吉林省 扶余市 通达街与通铁路交叉口东北80米,44.989349,126.028606,95.68346094282758
mobilitybench_q_a2439aed1c4e2c8cfc,马市附近的水果批发市场,松原市,45.183593,124.841278,mobilitybench:47dde81e4614ada2aa,金利水果副食超市,吉林省 扶余市 太祖路450号,44.989101,126.028469,95.67940929896916
mobilitybench_q_a2439aed1c4e2c8cfc,马市附近的水果批发市场,松原市,45.183593,124.841278,mobilitybench:0dce3d1f3efeeee1db,人和水果蔬菜批发,吉林省 扶余市 通铁路与通达街交叉口东20米,44.988763,126.028313,95.67625051886012
mobilitybench_q_a2439aed1c4e2c8cfc,马市附近的水果批发市场,松原市,45.183593,124.841278,mobilitybench:c5e04456e4535d96d9,彦清香蕉水果批发,吉林省 扶余市 通达街与通铁路交叉口东北80米,44.989450,126.028246,95.65331321878328
mobilitybench_q_a2439aed1c4e2c8cfc,马市附近的水果批发市场,松原市,45.183593,124.841278,mobilitybench:b0a82ab92a394f6a40,诚信精品水果批发,吉林省 扶余市 三岔河镇吉林省扶余市批发城,44.989278,126.028190,95.65348508856292
mobilitybench_q_a2439aed1c4e2c8cfc,马市附近的水果批发市场,松原市,45.183593,124.841278,mobilitybench:b7beb2c53e37a5d34f,老友水果批发,吉林省 扶余市 三岔河镇老批发城内,44.989229,126.028144,95.65123695619073
mobilitybench_q_a2439aed1c4e2c8cfc,马市附近的水果批发市场,松原市,45.183593,124.841278,mobilitybench:30ebfe714672a849d7,马市(公交站),吉林省 扶余市 扶余1路,44.984948,126.117556,102.60641568504602
mobilitybench_q_2d4663542e1ca030c3,石马街附近的中国联通移动公司,潍坊市,36.876358,118.735433,mobilitybench:f41ea0633e06da47c3,中国联通(奎聚路营业厅),山东省 昌邑市 奎聚路120号联通智慧营业厅,36.851882,119.411574,60.21280357254441
mobilitybench_q_2d4663542e1ca030c3,石马街附近的中国联通移动公司,潍坊市,36.876358,118.735433,mobilitybench:cdd5f14a8f88e8ff07,中国联通,山东省 昌邑市,36.848156,119.467118,65.1696591905778
mobilitybench_q_2d4663542e1ca030c3,石马街附近的中国联通移动公司,潍坊市,36.876358,118.735433,mobilitybench:cd3d69904adc0dee63,中国联通营业厅,山东省 昌邑市 奎聚街道利民街229号,36.852825,119.409725,60.04345014165306
mobilitybench_q_2d4663542e1ca030c3,石马街附近的中国联通移动公司,潍坊市,36.876358,118.735433,mobilitybench:b1d75a4fee310ff7b4,中国联通(一中营业厅),山东省 昌邑市 文东路一中西门对面,36.862394,119.432281,62.00858436013929
mobilitybench_q_2d4663542e1ca030c3,石马街附近的中国联通移动公司,潍坊市,36.876358,118.735433,mobilitybench:951708204acf1bb1f5,中国联通城北营业厅,山东省 昌邑市 育新街天水盛和苑沿街中国联通,36.866753,119.397555,58.908053437107256
mobilitybench_q_2d4663542e1ca030c3,石马街附近的中国联通移动公司,潍坊市,36.876358,118.735433,mobilitybench:f02c4bcf1d0a4e3705,中国联通光纤宽带受理中心(仓街营业厅),山东省 昌邑市 中国邮政(东环路东),36.849225,119.513929,69.3238719308889
mobilitybench_q_2d4663542e1ca030c3,石马街附近的中国联通移动公司,潍坊市,36.876358,118.735433,mobilitybench:50b99b3df105821ac2,中国联通(西关营业厅),山东省 昌邑市 城里东街与无名路交叉口西100米,36.856634,119.396641,58.86183604795769
mobilitybench_q_2d4663542e1ca030c3,石马街附近的中国联通移动公司,潍坊市,36.876358,118.735433,mobilitybench:a32645639df9a1864d,中国联通,山东省 昌邑市 北海路与双石路交叉口西北100米,36.883947,119.394540,58.62964983937098
mobilitybench_q_2d4663542e1ca030c3,石马街附近的中国联通移动公司,潍坊市,36.876358,118.735433,mobilitybench:9d648a024454187099,中国联通(潍坊昌邑都昌营业厅),山东省 昌邑市 丽晶纺织有限公司西门北90米,36.823498,119.390391,58.573253309805374
mobilitybench_q_2d4663542e1ca030c3,石马街附近的中国联通移动公司,潍坊市,36.876358,118.735433,mobilitybench:b5dff189ffef1b115f,中国联通智慧生活馆,山东省 昌邑市 利民街439号,36.854106,119.394758,58.706587098322274
mobilitybench_q_2d4663542e1ca030c3,石马街附近的中国联通移动公司,潍坊市,36.876358,118.735433,mobilitybench:3a215d3d26787ac9ad,石马路,山东省 昌邑市 昌邑市,36.850077,119.463466,64.83434774887547
mobilitybench_q_993eb0126fe939b93f,我停车的附近有没有公共厕所,天津市,39.148155,117.317125,mobilitybench:9744ab2ee7506d4f76,白古屯停车区公共厕所,天津市 武清区 白古屯停车区便利店(京津高速公路),39.583447,116.910118,59.724260276960365
mobilitybench_q_993eb0126fe939b93f,我停车的附近有没有公共厕所,天津市,39.148155,117.317125,mobilitybench:f1d054dc7f4ce86f62,白古屯停车区公共厕所,天津市 武清区 S30京津高速与白古屯停车区交叉口西北300米,39.582339,116.908083,59.72744602755492
mobilitybench_q_993eb0126fe939b93f,我停车的附近有没有公共厕所,天津市,39.148155,117.317125,mobilitybench:dd2f5aee8e7e0cab2b,公共厕所,天津市 武清区 沙庄路与王河支路交叉口东南220米,39.621079,116.956961,61.020345501752914
mobilitybench_q_993eb0126fe939b93f,我停车的附近有没有公共厕所,天津市,39.148155,117.317125,mobilitybench:1999827aa34f8eb3c4,公共厕所,天津市 武清区 白庙环路与京津公路交叉口东80米,39.619684,116.962535,60.644741285271365
mobilitybench_q_993eb0126fe939b93f,我停车的附近有没有公共厕所,天津市,39.148155,117.317125,mobilitybench:df883ea9bacd60b726,女洗手间,天津市 武清区 白庙环路与京津公路交叉口东80米,39.619740,116.962715,60.642347274827124
mobilitybench_q_993eb0126fe939b93f,我停车的附近有没有公共厕所,天津市,39.148155,117.317125,mobilitybench:1211b3d3b05d3c8d77,公共厕所,天津市 武清区 白庙环路河西务镇,39.619735,116.962869,60.63522037695946
mobilitybench_q_993eb0126fe939b93f,我停车的附近有没有公共厕所,天津市,39.148155,117.317125,mobilitybench:22c3832d6fd6edfd78,公共卫生间,天津市 武清区 兰城中心小学东南侧100米,39.626464,116.871277,65.55000212031288
mobilitybench_q_993eb0126fe939b93f,我停车的附近有没有公共厕所,天津市,39.148155,117.317125,mobilitybench:23e02e5b4cb62bd9d9,公共厕所,天津市 武清区 沙高路与高台路交叉口东北60米,39.640452,116.882516,66.26694191171438
mobilitybench_q_993eb0126fe939b93f,我停车的附近有没有公共厕所,天津市,39.148155,117.317125,mobilitybench:0cf17d6d59f3b27aa3,后幼庄村公共厕所,天津市 武清区 前幼庄路与幼刘路交叉口南280米,39.549801,116.972006,53.62133908544529
mobilitybench_q_993eb0126fe939b93f,我停车的附近有没有公共厕所,天津市,39.148155,117.317125,mobilitybench:f9431c083ba7f3980e,公共厕所,天津市 武清区 汇海路8号,39.615891,116.856477,65.3639916018313
mobilitybench_q_993eb0126fe939b93f,我停车的附近有没有公共厕所,天津市,39.148155,117.317125,mobilitybench:11219519f23505c6cf,运河不夜城停车场,天津市 武清区 二纬路11号,39.598635,116.930541,60.11081544788055
mobilitybench_q_366c773311cfdff8ca,大连星海公园附近的海鲜饭店,大连市,39.366368,121.867537,mobilitybench:8359814376a44cf7cf,大连湾旭日饭店(星海店),辽宁省 沙河口区 连山街123号A座1层,38.880511,121.569916,59.81495722767628
mobilitybench_q_366c773311cfdff8ca,大连星海公园附近的海鲜饭店,大连市,39.366368,121.867537,mobilitybench:a1561572342d59678f,鱼谦脆皮烤鱼(星海店),辽宁省 沙河口区 中山路595号星海大厦F1层,38.877850,121.563781,60.31059308133402
mobilitybench_q_366c773311cfdff8ca,大连星海公园附近的海鲜饭店,大连市,39.366368,121.867537,mobilitybench:15c7247b7288193b1b,日月明小渔村·海肠捞饭·大连菜(星海广场店),辽宁省 沙河口区 西南路2甲号中山路与交叉口星海大厦一楼,38.878291,121.563753,60.267444728341616
mobilitybench_q_366c773311cfdff8ca,大连星海公园附近的海鲜饭店,大连市,39.366368,121.867537,mobilitybench:bcbeba122b18bd9e56,海味当家·蒸锅海鲜(星海公园店),辽宁省 沙河口区 中山路650号,38.876985,121.563255,60.417008264175784
mobilitybench_q_366c773311cfdff8ca,大连星海公园附近的海鲜饭店,大连市,39.366368,121.867537,mobilitybench:62dce5c7e520e181b0,经典海鲜家常菜馆(医大店),辽宁省 沙河口区 连山街91号(大医二院地铁站B口步行170米),38.881669,121.569480,59.71477693179606
mobilitybench_q_366c773311cfdff8ca,大连星海公园附近的海鲜饭店,大连市,39.366368,121.867537,mobilitybench:1ef9ab2460ead4c36a,金焗儿砂锅焗海鲜,辽宁省 沙河口区 海州街13号,38.880782,121.563429,60.0301418505323
mobilitybench_q_366c773311cfdff8ca,大连星海公园附近的海鲜饭店,大连市,39.366368,121.867537,mobilitybench:163e85d2f150e73f8c,日月昇渔家菜(星海公园店),辽宁省 沙河口区 中山路672号(黑石礁工商银行对面),38.876142,121.560753,60.59547269181963
mobilitybench_q_366c773311cfdff8ca,大连星海公园附近的海鲜饭店,大连市,39.366368,121.867537,mobilitybench:71a1f625903c47e335,海知道海鲜水饺,辽宁省 沙河口区 中山路672号(黑石礁地铁站B口步行220米),38.876047,121.560437,60.61689222650157
mobilitybench_q_366c773311cfdff8ca,大连星海公园附近的海鲜饭店,大连市,39.366368,121.867537,mobilitybench:ebbc240f555a1a1b70,金太阳海鲜烧烤(西南路店),辽宁省 沙河口区 西南路64号,38.882135,121.562229,59.940156926551445
mobilitybench_q_366c773311cfdff8ca,大连星海公园附近的海鲜饭店,大连市,39.366368,121.867537,mobilitybench:650cf5549c1f40c5f3,黑石礁食尚广场(东川麻辣香锅),辽宁省 沙河口区 中山路674号(黑石礁地铁站B口步行190米),38.875890,121.560064,60.64667371303705
mobilitybench_q_366c773311cfdff8ca,大连星海公园附近的海鲜饭店,大连市,39.366368,121.867537,mobilitybench:a72ea636b1f4b78482,星海公园,辽宁省 沙河口区 中山路634号,38.877811,121.568075,60.154499703951316
mobilitybench_q_d74ecbcd199f10f83e,石化车站附近的快捷酒店,上海市,30.759312,121.364978,mobilitybench:914dc63cc71802aa4c,锦江之星(上海人民广场淮海东路店),上海市 黄浦区 云南南路293号(大世界地铁站5号口步行210米),31.225744,121.482126,53.05340122543865
mobilitybench_q_d74ecbcd199f10f83e,石化车站附近的快捷酒店,上海市,30.759312,121.364978,mobilitybench:47c388b4feb369a83d,百时快捷酒店(上海人民广场淮海东路店),上海市 黄浦区 云南南路293号1-2层(大世界地铁站5号口步行210米),31.225777,121.482107,53.05660692686923
mobilitybench_q_d74ecbcd199f10f83e,石化车站附近的快捷酒店,上海市,30.759312,121.364978,mobilitybench:9fd075e7d783b501ce,汉庭酒店(上海外滩大世界地铁站店),上海市 黄浦区 金陵东路547-555号,31.227045,121.481310,53.17854506778984
mobilitybench_q_d74ecbcd199f10f83e,石化车站附近的快捷酒店,上海市,30.759312,121.364978,mobilitybench:83693873e0dfac895f,如家精选酒店(上海外滩金陵东路店),上海市 黄浦区 金陵东路531号(近广西南路),31.227216,121.481492,53.20075834044615
mobilitybench_q_d74ecbcd199f10f83e,石化车站附近的快捷酒店,上海市,30.759312,121.364978,mobilitybench:ba773660eec545b013,Zsmart智尚酒店(上海人民广场店),"上海市 黄浦区 云南南路75号(近金陵东路,距离地铁8号线大世界站1号口100米)",31.227894,121.480629,53.25739394656748
mobilitybench_q_d74ecbcd199f10f83e,石化车站附近的快捷酒店,上海市,30.759312,121.364978,mobilitybench:6a0f4163a509dacb8b,上海璞逸酒店(豫园老西门地铁站店),上海市 黄浦区 复兴东路1117号2楼(老西门地铁站6号口步行110米),31.219610,121.484115,52.42762542215174
mobilitybench_q_d74ecbcd199f10f83e,石化车站附近的快捷酒店,上海市,30.759312,121.364978,mobilitybench:e98be4a036b7e14e88,行羽酒店公寓(上海人民广场地铁站店),上海市 黄浦区 永寿路35号(大世界地铁站5号口步行320米),31.229209,121.481420,53.416056887923624
mobilitybench_q_d74ecbcd199f10f83e,石化车站附近的快捷酒店,上海市,30.759312,121.364978,mobilitybench:101add2824b21d44af,友里酒店(上海人民广场店),上海市 黄浦区 云南中路41-47号(人民广场地铁站1号口步行350米),31.229943,121.478760,53.44385829410061
mobilitybench_q_d74ecbcd199f10f83e,石化车站附近的快捷酒店,上海市,30.759312,121.364978,mobilitybench:b776cccc025bec17af,荣居酒店(上海城隍庙店),上海市 黄浦区 福佑路427号5楼(豫园地铁站1号口步行120米),31.228275,121.488175,53.452235990849495
mobilitybench_q_d74ecbcd199f10f83e,石化车站附近的快捷酒店,上海市,30.759312,121.364978,mobilitybench:6d240894140f931f81,上海良丰宾馆,上海市 黄浦区 浙江南路18号(大世界地铁站5号口步行420米),31.229888,121.481694,53.49532986355797
mobilitybench_q_d74ecbcd199f10f83e,石化车站附近的快捷酒店,上海市,30.759312,121.364978,mobilitybench:394aa22107045a373a,中国石化加油站(云南南路),上海市 黄浦区 人民路888号(大世界地铁站6号口步行470米),31.224726,121.482654,52.95339650841203
mobilitybench_q_39b1ae70a33b88ef71,搜长春吉大一院周边的民宿。,白山市,42.168468,127.487273,mobilitybench:cbbac8a13365d6349f,风范民宿(万宝街1号分店),吉林省 朝阳区 大众大药房上面三楼(建设广场地铁站C口步行370米),43.876584,125.301772,260.057692149735
mobilitybench_q_39b1ae70a33b88ef71,搜长春吉大一院周边的民宿。,白山市,42.168468,127.487273,mobilitybench:3e4e4802cc507a7a63,风范民宿(万宝街分店),吉林省 朝阳区 万宝街(法院宿舍楼二栋),43.876736,125.300852,260.12096198726096
mobilitybench_q_39b1ae70a33b88ef71,搜长春吉大一院周边的民宿。,白山市,42.168468,127.487273,mobilitybench:0e6f31e09d3245075a,长春范范民宿(解放大路分店),吉林省 朝阳区 万宝街青海小区-480B楼,43.876957,125.301384,260.10914872716046
mobilitybench_q_39b1ae70a33b88ef71,搜长春吉大一院周边的民宿。,白山市,42.168468,127.487273,mobilitybench:bec025aff55315407b,七天民宿,吉林省 朝阳区 号吉林大学白求恩第一医院对面交警队家属楼院里,43.878480,125.302317,260.1795640301246
mobilitybench_q_39b1ae70a33b88ef71,搜长春吉大一院周边的民宿。,白山市,42.168468,127.487273,mobilitybench:7a35f7be044a4d4ac5,长春瑞鸿时尚客房,吉林省 朝阳区 青海街538A文化局宿舍一楼,43.876698,125.300458,260.139793471931
mobilitybench_q_39b1ae70a33b88ef71,搜长春吉大一院周边的民宿。,白山市,42.168468,127.487273,mobilitybench:59c9d64c3bdc171e7e,吉大一院优家民宿(云鹤街分店),吉林省 朝阳区 云鹤街武警宿舍(文化广场地铁站A口步行190米),43.878765,125.302416,260.19694675614176
mobilitybench_q_39b1ae70a33b88ef71,搜长春吉大一院周边的民宿。,白山市,42.168468,127.487273,mobilitybench:eff4e1fa969ed1bf39,美居精选民宿(青海街1号分店),吉林省 朝阳区 青海街青海小区-480A楼,43.877140,125.300402,260.17834594824916
mobilitybench_q_39b1ae70a33b88ef71,搜长春吉大一院周边的民宿。,白山市,42.168468,127.487273,mobilitybench:b455949b62469903b8,优家公寓精品住宿,吉林省 朝阳区 解放北胡同与云鹤胡同交叉口西20米,43.878875,125.302175,260.2191439323114
mobilitybench_q_39b1ae70a33b88ef71,搜长春吉大一院周边的民宿。,白山市,42.168468,127.487273,mobilitybench:fe5997debc5bdf05de,长春市朝阳区青柠民宿,吉林省 朝阳区 万宝街726号(建设广场地铁站B口步行290米),43.878310,125.301541,260.20897579570675
mobilitybench_q_39b1ae70a33b88ef71,搜长春吉大一院周边的民宿。,白山市,42.168468,127.487273,mobilitybench:3b42108ad22b2de93d,解忧小屋民宿(长春动植物公园3号店),吉林省 朝阳区 八达宿舍6单元301(建设广场地铁站C口步行190米),43.876793,125.299881,260.1794544242112
mobilitybench_q_39b1ae70a33b88ef71,搜长春吉大一院周边的民宿。,白山市,42.168468,127.487273,mobilitybench:e3f91e4bd096470248,吉林大学白求恩第一医院,吉林省 朝阳区 新民大街1号(文化广场地铁站出入口旁),43.876605,125.304694,259.89721565089076
mobilitybench_q_01df42c4bb075a82c3,水门夜市附近最近的地铁站是哪里,披耶泰县,13.759111,100.537863,mobilitybench:1c901a1e798238ae53,禾花(地铁站),广东省 龙岗区 10号线/坂田线,22.686028,114.121064,1742.7055047094595
mobilitybench_q_01df42c4bb075a82c3,水门夜市附近最近的地铁站是哪里,披耶泰县,13.759111,100.537863,mobilitybench:cc04f848cc22d33a2d,平湖(地铁站),广东省 龙岗区 10号线/坂田线,22.693670,114.125805,1743.5714349032476
mobilitybench_q_01df42c4bb075a82c3,水门夜市附近最近的地铁站是哪里,披耶泰县,13.759111,100.537863,mobilitybench:b269b081c96a090d0d,华南城(地铁站),广东省 龙岗区 10号线/坂田线,22.675974,114.122250,1742.2097252550564
mobilitybench_q_01df42c4bb075a82c3,水门夜市附近最近的地铁站是哪里,披耶泰县,13.759111,100.537863,mobilitybench:a44d63cd258918e2bd,双拥街(地铁站),广东省 龙岗区 10号线/坂田线,22.698648,114.132978,1744.4893199356932
mobilitybench_q_01df42c4bb075a82c3,水门夜市附近最近的地铁站是哪里,披耶泰县,13.759111,100.537863,mobilitybench:a848d61b182b0b11d9,木古(地铁站),广东省 龙岗区 10号线/坂田线,22.670179,114.122472,1741.884213292698
mobilitybench_q_01df42c4bb075a82c3,水门夜市附近最近的地铁站是哪里,披耶泰县,13.759111,100.537863,mobilitybench:04ce8b1faa7f958a7a,上李朗(地铁站),广东省 龙岗区 (在建)17号线/平湖线;10号线/坂田线,22.654048,114.127071,1741.3244111101983
mobilitybench_q_01df42c4bb075a82c3,水门夜市附近最近的地铁站是哪里,披耶泰县,13.759111,100.537863,mobilitybench:4d5c41e59c542c684c,凉帽山(地铁站),广东省 龙岗区 10号线/坂田线,22.646254,114.118572,1740.1242245653052
mobilitybench_q_01df42c4bb075a82c3,水门夜市附近最近的地铁站是哪里,披耶泰县,13.759111,100.537863,mobilitybench:4e7554009f19619f85,甘坑(地铁站),广东省 龙岗区 10号线/坂田线,22.647828,114.105826,1739.1119688893968
mobilitybench_q_01df42c4bb075a82c3,水门夜市附近最近的地铁站是哪里,披耶泰县,13.759111,100.537863,mobilitybench:53a35eaadea5d0e515,牛湖(地铁站),广东省 龙华区 4号线/龙华线,22.724608,114.089254,1742.2565584871504
mobilitybench_q_01df42c4bb075a82c3,水门夜市附近最近的地铁站是哪里,披耶泰县,13.759111,100.537863,mobilitybench:8fa463a5b70eb52ac1,观湖(地铁站),广东省 龙华区 (在建)22号线/中轴线,22.689538,114.070953,1738.5765032125803
mobilitybench_q_01df42c4bb075a82c3,水门夜市附近最近的地铁站是哪里,披耶泰县,13.759111,100.537863,mobilitybench:4c13310620738eddc9,水门路,广东省 龙岗区 龙岗区,22.688674,114.122148,1742.9570207045983
mobilitybench_q_87103c288c16fa81d6,高青附近的中国移动手机店,广安市,30.277176,106.734407,mobilitybench:e214c5c5210ee683db,中国移动手机专卖店(海燕通讯店),山东省 高青县 文化路17号,37.170826,117.831015,1279.3694236006827
mobilitybench_q_87103c288c16fa81d6,高青附近的中国移动手机店,广安市,30.277176,106.734407,mobilitybench:abe653e49b2330903f,中国移动(高青-高青文化路营业厅),山东省 高青县 文化路25号,37.167166,117.827765,1278.9044787351613
mobilitybench_q_87103c288c16fa81d6,高青附近的中国移动手机店,广安市,30.277176,106.734407,mobilitybench:50227230442cd5684d,中国移动,山东省 高青县 众成悦园西门南90米,37.165667,117.828363,1278.8565144228694
mobilitybench_q_87103c288c16fa81d6,高青附近的中国移动手机店,广安市,30.277176,106.734407,mobilitybench:0e2d90adc1adedf2fe,中国移动手机专卖店(珊珊店),山东省 高青县 悦诚花沟加油站东北侧70米,37.136714,117.755266,1271.6787582066088
mobilitybench_q_87103c288c16fa81d6,高青附近的中国移动手机店,广安市,30.277176,106.734407,mobilitybench:9846f5b0ab971ad2e1,中国移动宽带电视全业务受理中心,山东省 高青县 赵记拉面馆对面,37.170869,117.832657,1279.4933036024252
mobilitybench_q_87103c288c16fa81d6,高青附近的中国移动手机店,广安市,30.277176,106.734407,mobilitybench:a692b386a8bc771e8e,中国移动(高青-高苑路营业厅),山东省 高青县 高苑路营业厅,37.166066,117.849954,1280.4760375479577
mobilitybench_q_87103c288c16fa81d6,高青附近的中国移动手机店,广安市,30.277176,106.734407,mobilitybench:f53d46d153eeefde78,中国移动(铁通社区店),山东省 高青县 清河路与蒲台路交叉口西100米,37.161138,117.837228,1279.2332234077342
mobilitybench_q_87103c288c16fa81d6,高青附近的中国移动手机店,广安市,30.277176,106.734407,mobilitybench:58a119b8ad4fe3ccc7,中国移动便利店,山东省 高青县 文化路迎宾馆对面,37.164146,117.828194,1278.7505738088746
mobilitybench_q_87103c288c16fa81d6,高青附近的中国移动手机店,广安市,30.277176,106.734407,mobilitybench:c511e92705272112a1,中国移动(花沟乡镇营业厅),山东省 高青县 花沟镇十字路口东北角,37.136636,117.752696,1271.4842798195448
mobilitybench_q_87103c288c16fa81d6,高青附近的中国移动手机店,广安市,30.277176,106.734407,mobilitybench:8b85c63e8955aa804d,云帆手机卖场,山东省 高青县 花沟镇云帆通讯,37.136479,117.751068,1271.354464184112
mobilitybench_q_87103c288c16fa81d6,高青附近的中国移动手机店,广安市,30.277176,106.734407,mobilitybench:b69d501a7fdad5b26a,高青县,山东省 高青县 高青县,37.171042,117.826743,1279.06731309312
mobilitybench_q_271d430e21cd09fbf0,请搜索曲阜三孔景区附近的酒店,天津市,39.123071,117.141320,mobilitybench:b940f4a59bdd044c88,阙里宾舍,山东省 曲阜市 阙里街1号,35.594906,116.991986,392.53635539716424
mobilitybench_q_271d430e21cd09fbf0,请搜索曲阜三孔景区附近的酒店,天津市,39.123071,117.141320,mobilitybench:51d2af42a0908de525,曲阜子曰漫居酒店(三孔景区孔庙店),山东省 曲阜市 鼓楼北街,35.596576,116.993481,392.34634103425446
mobilitybench_q_271d430e21cd09fbf0,请搜索曲阜三孔景区附近的酒店,天津市,39.123071,117.141320,mobilitybench:a9c8d7e44e18321656,喆·啡酒店(曲阜三孔店),山东省 曲阜市 鼓楼北街2号,35.595871,116.993514,392.4245950781779
mobilitybench_q_271d430e21cd09fbf0,请搜索曲阜三孔景区附近的酒店,天津市,39.123071,117.141320,mobilitybench:fc1cd6d97995e4e725,白玉兰酒店(曲阜景区鼓楼大街旗舰店),山东省 曲阜市 鼓楼东街3号,35.595710,116.994063,392.440877226684
mobilitybench_q_271d430e21cd09fbf0,请搜索曲阜三孔景区附近的酒店,天津市,39.123071,117.141320,mobilitybench:ce88f79f7654363c79,曲阜天悦酒店(孔府店),山东省 曲阜市 鼓楼街,35.595324,116.992923,392.4871271742035
mobilitybench_q_271d430e21cd09fbf0,请搜索曲阜三孔景区附近的酒店,天津市,39.123071,117.141320,mobilitybench:d0f8c260ade024a6e0,兰舍酒店(曲阜三孔景区店),山东省 曲阜市 鲁城街道鼓楼南街6-1号3楼,35.595060,116.993323,392.5152883356323
mobilitybench_q_271d430e21cd09fbf0,请搜索曲阜三孔景区附近的酒店,天津市,39.123071,117.141320,mobilitybench:47b6d51f28f0d5e2ee,儒光阁电竞宾馆(曲阜孔府店),山东省 曲阜市 鼓楼大街中段12号,35.594535,116.993293,392.5737231106084
mobilitybench_q_271d430e21cd09fbf0,请搜索曲阜三孔景区附近的酒店,天津市,39.123071,117.141320,mobilitybench:c36ffa37617cf56e70,丽迪酒店,山东省 曲阜市 鲁城街道鼓楼南街6号,35.595080,116.993610,392.51222184647577
mobilitybench_q_271d430e21cd09fbf0,请搜索曲阜三孔景区附近的酒店,天津市,39.123071,117.141320,mobilitybench:60c4a341286ac87f6f,曲阜绿发JW万豪酒店(三孔景区店),山东省 曲阜市 鲁城街道半壁街99号,35.596610,116.988255,392.35820276256516
mobilitybench_q_271d430e21cd09fbf0,请搜索曲阜三孔景区附近的酒店,天津市,39.123071,117.141320,mobilitybench:05a85221765d29f804,梧桐树民宿小院(曲阜三孔景区店),山东省 曲阜市 喆啡酒店三孔景区店东南门东50米,35.595390,116.994264,392.47585278788324
mobilitybench_q_271d430e21cd09fbf0,请搜索曲阜三孔景区附近的酒店,天津市,39.123071,117.141320,mobilitybench:233fd7d21336740b97,曲阜明故城(三孔)旅游区,山东省 曲阜市 静轩中路北鼓楼南街,35.596283,116.992007,392.3832600115264
mobilitybench_q_494347a025d6088f1f,小爱同学帮我找一下附近的火车站,上饶市,28.679856,117.819393,mobilitybench:95737ee371bcc6390a,江山站,浙江省 江山市 礼贤路88号,28.771670,118.644027,81.05566461053765
mobilitybench_q_494347a025d6088f1f,小爱同学帮我找一下附近的火车站,上饶市,28.679856,117.819393,mobilitybench:c86b3ece23d8e214cf,小爱同学,浙江省 江山市 解放路30-9号,28.734900,118.626575,78.95983453062865
mobilitybench_q_2ae4c0edc06612c1f5,豫峰最近的银行在哪里？,安顺市,26.218881,105.894555,mobilitybench:c7aff14691551b1ad7,中国邮政储蓄银行(科技支行),河南省 红旗区 新飞大道与金穗大道交叉路口往东南约50米,35.295086,113.901384,1265.3578094698466
mobilitybench_q_2ae4c0edc06612c1f5,豫峰最近的银行在哪里？,安顺市,26.218881,105.894555,mobilitybench:adeec384413e345c06,中国邮政储蓄银行24小时自助银行(新乡市科技支行),河南省 红旗区 新飞大道(南)与新延路交叉口东北60米,35.295198,113.901391,1265.3678497267867
mobilitybench_q_2ae4c0edc06612c1f5,豫峰最近的银行在哪里？,安顺市,26.218881,105.894555,mobilitybench:d67070cedd459f110e,中国建设银行(新乡城南支行),河南省 红旗区 金穗大道(中)东98,35.296125,113.903775,1265.5846511746415
mobilitybench_q_2ae4c0edc06612c1f5,豫峰最近的银行在哪里？,安顺市,26.218881,105.894555,mobilitybench:6e9fff0d49bf6154de,中信银行(新乡金穗大道支行),河南省 红旗区 金穗大道(东)与新飞大道(中)交叉口东北100米,35.296521,113.901405,1265.4825058381323
mobilitybench_q_2ae4c0edc06612c1f5,豫峰最近的银行在哪里？,安顺市,26.218881,105.894555,mobilitybench:ea53f88beb3c1fe9ef,中国工商银行(新乡开发支行),河南省 红旗区 新乡市新飞大道与向阳路交叉口东南角,35.287025,113.901375,1264.663747503765
mobilitybench_q_2ae4c0edc06612c1f5,豫峰最近的银行在哪里？,安顺市,26.218881,105.894555,mobilitybench:3c2189d4cdea29623d,新乡新中农商银行(振中路支行),河南省 红旗区 向阳路与振中路交叉口西北角,35.287579,113.894318,1264.3056552362352
mobilitybench_q_2ae4c0edc06612c1f5,豫峰最近的银行在哪里？,安顺市,26.218881,105.894555,mobilitybench:65dd666e339ef45fd4,郑州银行(新乡分行),河南省 红旗区 向阳路与振中街交叉口东南60米,35.286796,113.895044,1264.2800088591587
mobilitybench_q_2ae4c0edc06612c1f5,豫峰最近的银行在哪里？,安顺市,26.218881,105.894555,mobilitybench:444318a4f4996fc0b5,郑州银行24小时自助银行(新乡分行),河南省 红旗区 向阳路278号,35.286608,113.894993,1264.2608997607576
mobilitybench_q_2ae4c0edc06612c1f5,豫峰最近的银行在哪里？,安顺市,26.218881,105.894555,mobilitybench:1e1e8d84c90add9598,中国民生银行明大佳苑社区支行,河南省 红旗区 新乡明大·拉斐国际南1门旁,35.287376,113.893437,1264.2375471904977
mobilitybench_q_2ae4c0edc06612c1f5,豫峰最近的银行在哪里？,安顺市,26.218881,105.894555,mobilitybench:358790d4fa1a87426d,中原银行(开发区支行),河南省 红旗区 新飞大道中段市公安局北邻,35.283582,113.901310,1264.3638591761785
mobilitybench_q_2ae4c0edc06612c1f5,豫峰最近的银行在哪里？,安顺市,26.218881,105.894555,mobilitybench:8ecec9b80b04de2985,豫峰朗庭,河南省 红旗区 新飞大道南18号,35.291862,113.901923,1265.1113850746422
mobilitybench_q_b00838f2ff5a3923dd,天津滨海新区的最近的万达,保定市,39.386908,115.710199,mobilitybench:004dd020f3e72d120e,万达影城(天津滨海万达广场店),天津市 滨海新区 上海道与洞庭路交叉口,39.016349,117.680737,174.7212115637177
mobilitybench_q_b00838f2ff5a3923dd,天津滨海新区的最近的万达,保定市,39.386908,115.710199,mobilitybench:2a2fa067792ecc2527,万达广场(天津滨海店),天津市 滨海新区 洞庭路4572号,39.015602,117.680368,174.71079887653553
mobilitybench_q_b00838f2ff5a3923dd,天津滨海新区的最近的万达,保定市,39.386908,115.710199,mobilitybench:9d87ce1bddfad6efd6,滨海新区,天津市 滨海新区 滨海新区,39.017809,117.696410,175.99418205974573
mobilitybench_q_0418b0a651d3b49bb2,张张家湾附近的花烛饭店,哈尔滨市,45.615038,126.657614,mobilitybench:6edb07e588bcfbf5aa,张家湾桥,黑龙江省 尚志市 尚志市,45.067833,127.682234,100.57330803860415
mobilitybench_q_190e424095a68f25a3,世纪公园附近的慢充电桩,绵阳市,31.498803,104.735219,mobilitybench:3fd2c311ac9828326e,特来电汽车充电站(特来电上海世纪公园充电站),上海市 浦东新区 锦绣路1001号(1号门)锦绣路701号(3号门)花木路809号(7号门),31.210960,121.550400,1595.4630923046336
mobilitybench_q_190e424095a68f25a3,世纪公园附近的慢充电桩,绵阳市,31.498803,104.735219,mobilitybench:f1603c7f384563b571,依威能源汽车充电站(金鹰大厦),上海市 浦东新区 民生路1518号金鹰大厦停车场内,31.220379,121.549761,1595.3018681641379
mobilitybench_q_190e424095a68f25a3,世纪公园附近的慢充电桩,绵阳市,31.498803,104.735219,mobilitybench:20910948b93335d0fb,上海浦东金隆大厦(简单冲),上海市 浦东新区 民生路1433号金隆大厦(世纪珀丽酒店)地下停车库16-21号车位,31.223322,121.550683,1595.3577987388448
mobilitybench_q_190e424095a68f25a3,世纪公园附近的慢充电桩,绵阳市,31.498803,104.735219,mobilitybench:cf3cca775e6b446652,特来电汽车充电站(上海世纪公园),上海市 浦东新区 锦绣路1001号,31.220918,121.559670,1596.2340449139876
mobilitybench_q_190e424095a68f25a3,世纪公园附近的慢充电桩,绵阳市,31.498803,104.735219,mobilitybench:59f9503eab94f3f8e4,依威能源汽车充电站(太平人寿大厦),上海市 浦东新区 太平人寿大厦停车场(杨高中路地铁站7号口步行240米),31.223789,121.550747,1595.3588893634635
mobilitybench_q_190e424095a68f25a3,世纪公园附近的慢充电桩,绵阳市,31.498803,104.735219,mobilitybench:8e5a824f34c5714da7,依威能源汽车充电站(上海信息大厦),上海市 浦东新区 上海市民生路14号附近证大立方,31.223970,121.551244,1595.4040068903696
mobilitybench_q_190e424095a68f25a3,世纪公园附近的慢充电桩,绵阳市,31.498803,104.735219,mobilitybench:a8064fb10a52194deb,小桔充电汽车充电站(华速达浦东紫竹国际慢充站),上海市 浦东新区 花木街道芳甸路1088号紫竹国际大厦B2层橙色区域小桔充电,31.211502,121.561485,1596.5065503260298
mobilitybench_q_190e424095a68f25a3,世纪公园附近的慢充电桩,绵阳市,31.498803,104.735219,mobilitybench:9b415d1022018f9e8c,依威能源汽车充电站(御翠园宝马私人),上海市 浦东新区 花木路1883弄131号御翠园(宝马私人),31.213976,121.563000,1596.6234285887087
mobilitybench_q_190e424095a68f25a3,世纪公园附近的慢充电桩,绵阳市,31.498803,104.735219,mobilitybench:4c81de8619a5b346c0,捷顺充汽车充电站(汇商大厦),上海市 浦东新区 花木街道汇商大厦汇商大厦(民生路),31.224674,121.549010,1595.185069894849
mobilitybench_q_190e424095a68f25a3,世纪公园附近的慢充电桩,绵阳市,31.498803,104.735219,mobilitybench:6e6e0d33c71f28de16,依威能源汽车充电站(宝马私人专用联洋年华),上海市 浦东新区 丁香路910弄9-2202室(宝马私人专用)联洋年华,31.225344,121.553980,1595.648371191683
mobilitybench_q_190e424095a68f25a3,世纪公园附近的慢充电桩,绵阳市,31.498803,104.735219,mobilitybench:0c9682fe71e58f486c,上海世纪公园,上海市 浦东新区 锦绣路1001号,31.215725,121.552563,1595.6167851534713
mobilitybench_q_47a52d168cf5fb2b0a,万达广场百色万达广场附近全季酒店,黔西南布依族苗族自治州,24.979697,105.447693,mobilitybench:7b5764052b27a8d1b4,万达广场,广西壮族自治区 右江区 七塘路康达小区东北侧约260米,23.885123,106.652727,172.32382979092625
mobilitybench_q_f8f41e2954198a0e0f,搜索汕尾城区附近的华为体验店,广州市,22.772372,113.588895,mobilitybench:4fa963e0419d957ec1,华为授权体验店(KOKOPark),广东省 城区 香洲路777号显达时代广场F1层,22.776474,115.378281,183.4578101875924
mobilitybench_q_f8f41e2954198a0e0f,搜索汕尾城区附近的华为体验店,广州市,22.772372,113.588895,mobilitybench:5c00e0e01f8941c68c,城区,广东省 城区 城区,22.779204,115.365220,182.11793967904785
mobilitybench_q_625bcbb21973f59f84,石家庄东三环和世纪大道附近交流充电桩,衡水市,37.743342,115.642620,mobilitybench:c7ee20565cffc3adc1,叮叮汽车充电站(博云科技园东门1),河北省 藁城区 石家庄经济技术开发区博云大厦博云科技园,38.014954,114.682360,89.52680424592623
mobilitybench_q_625bcbb21973f59f84,石家庄东三环和世纪大道附近交流充电桩,衡水市,37.743342,115.642620,mobilitybench:30f29c831d395b91f7,小麦电站汽车充电站(华远·海蓝和光-AJ013车位),河北省 藁城区 世纪大道66号,38.010586,114.663830,90.90189598540671
mobilitybench_q_625bcbb21973f59f84,石家庄东三环和世纪大道附近交流充电桩,衡水市,37.743342,115.642620,mobilitybench:a535b51f5783fe1f2a,特来电汽车充电站(石家庄保利时光印象充电站),河北省 藁城区 丘头镇圆拓住房石家庄金刚科技工业园,38.014539,114.663736,91.05213885950008
mobilitybench_q_625bcbb21973f59f84,石家庄东三环和世纪大道附近交流充电桩,衡水市,37.743342,115.642620,mobilitybench:68bb53c92036154881,驴充充汽车充电站(河北沃姆斯节能科技有限公司电动汽车),河北省 藁城区 金沙路河北沃姆斯节能科技有限公司,38.019886,114.691800,88.93280227101383
mobilitybench_q_625bcbb21973f59f84,石家庄东三环和世纪大道附近交流充电桩,衡水市,37.743342,115.642620,mobilitybench:5150800ebfee06ef14,永科北席综合市场站汽车充电站(北席综合市场),河北省 藁城区 东三环与海南路交口,38.024030,114.675860,90.40254933193037
mobilitybench_q_625bcbb21973f59f84,石家庄东三环和世纪大道附近交流充电桩,衡水市,37.743342,115.642620,mobilitybench:14d68abf0e08fe65ae,蔚享天成汽车充电站(石家庄万科新都会停车场),河北省 藁城区 世纪大道66号万科新都会停车场,38.010605,114.659840,91.23360027062503
mobilitybench_q_625bcbb21973f59f84,石家庄东三环和世纪大道附近交流充电桩,衡水市,37.743342,115.642620,mobilitybench:501f69af7e8db7a944,云快充目的地充电站(通合智能交流充电站),河北省 裕华区 高新区漓江道350号,38.021126,114.663610,91.30411406457326
mobilitybench_q_625bcbb21973f59f84,石家庄东三环和世纪大道附近交流充电桩,衡水市,37.743342,115.642620,mobilitybench:26e1d635aa591cbd91,通合智能汽车充电站,河北省 裕华区 漓江道350号通合电子门口地面停车场东侧,38.021227,114.663289,91.33436834862832
mobilitybench_q_625bcbb21973f59f84,石家庄东三环和世纪大道附近交流充电桩,衡水市,37.743342,115.642620,mobilitybench:ed88cabb07d11bdd97,星星充电汽车充电站(藁城金源充电站二站),河北省 藁城区 丘头镇英杰幼儿园,37.996543,114.697678,87.59283022133398
mobilitybench_q_625bcbb21973f59f84,石家庄东三环和世纪大道附近交流充电桩,衡水市,37.743342,115.642620,mobilitybench:c8c1ab0c373343c02c,驴充充汽车充电站(河北天鹿科技有限公司电动汽车),河北省 藁城区 世纪大道辅路河北天鹿科技有限公司,38.010320,114.707020,87.3183247785366
mobilitybench_q_625bcbb21973f59f84,石家庄东三环和世纪大道附近交流充电桩,衡水市,37.743342,115.642620,mobilitybench:162f7b2d31d82a7388,世纪大道与东三环路辅路交叉口,河北省 藁城区 藁城区,38.009158,114.679700,89.534929306187
mobilitybench_q_1e38760eaaa7d16844,帮我查一下顺县附近的五金店在哪？,鹤壁市,35.687328,114.545213,mobilitybench:2a90e3ce1d7c080bd0,新刚水暖电焊门市部,山西省 平顺县 中国共产党平顺县纪律检查委员会南侧,36.197057,113.432628,115.08388828734287
mobilitybench_q_1e38760eaaa7d16844,帮我查一下顺县附近的五金店在哪？,鹤壁市,35.687328,114.545213,mobilitybench:ace19a0afbdd0875ff,城西水暖五金,山西省 平顺县 城西西汽道站牌,36.196361,113.430599,115.20523355136885
mobilitybench_q_1e38760eaaa7d16844,帮我查一下顺县附近的五金店在哪？,鹤壁市,35.687328,114.545213,mobilitybench:5c15d52b36bf6343bd,五金油漆涂料,山西省 平顺县 325省道西50米,36.203996,113.442190,114.71617557382874
mobilitybench_q_1e38760eaaa7d16844,帮我查一下顺县附近的五金店在哪？,鹤壁市,35.687328,114.545213,mobilitybench:dfe9f5ce9d63a6c0b0,顺发水暖门市,山西省 平顺县 青羊镇旧交通局,36.204103,113.442227,114.7191933702898
mobilitybench_q_1e38760eaaa7d16844,帮我查一下顺县附近的五金店在哪？,鹤壁市,35.687328,114.545213,mobilitybench:308b4ae2087aa8aa28,庆余水暖,山西省 平顺县 青羊镇商务中心一楼,36.199213,113.443988,114.31297383329195
mobilitybench_q_1e38760eaaa7d16844,帮我查一下顺县附近的五金店在哪？,鹤壁市,35.687328,114.545213,mobilitybench:9ecc8e02ddf782c25f,小勇水暖,山西省 平顺县 住房保障和城乡建设管理局西南侧90米,36.195359,113.428840,115.28910359170251
mobilitybench_q_1e38760eaaa7d16844,帮我查一下顺县附近的五金店在哪？,鹤壁市,35.687328,114.545213,mobilitybench:251dd7d4a53d9ef3f7,万鑫五金土产日杂(美特好广场店),山西省 平顺县 美特好广场,36.206046,113.443495,114.72782229038218
mobilitybench_q_1e38760eaaa7d16844,帮我查一下顺县附近的五金店在哪？,鹤壁市,35.687328,114.545213,mobilitybench:7654f63d28273e8149,亿诺水暖五金店,山西省 平顺县 紫东路与状元路交叉口北180米,36.202654,113.447397,114.23651221684135
mobilitybench_q_1e38760eaaa7d16844,帮我查一下顺县附近的五金店在哪？,鹤壁市,35.687328,114.545213,mobilitybench:7ae46e58fa1c0b4f3b,鑫淼五金水电(滨河湾·花苑店),山西省 平顺县 滨河湾14号商铺,36.214361,113.450408,114.65563759374614
mobilitybench_q_1e38760eaaa7d16844,帮我查一下顺县附近的五金店在哪？,鹤壁市,35.687328,114.545213,mobilitybench:83b039c9479572ee1f,平顺县,山西省 平顺县 平顺县,36.200370,113.435859,115.01128945843288
mobilitybench_q_c140d10fa0d4b7fcde,亿丰购物广场附近的新郑园,苏州市,31.317917,120.602556,mobilitybench:bc828d7f6cdb8cdf2e,亿丰农贸市场(嘉阳生活购物广场店),江苏省 惠山区 嘉阳生活购物广场(中兴西路),31.646167,120.183007,53.991252550387394
mobilitybench_q_ac3a3490f50cd54939,衡水深州市附近粮食收购站,安阳市,35.991368,114.858967,mobilitybench:608464292bbe879533,深州市,河北省 深州市 深州市,38.001536,115.559574,232.01672927636352
mobilitybench_q_c172b30f9497b0b07d,帮我搜索百色市人民医院附近有没有广隆蛋挞王,南宁市,22.830923,108.216031,mobilitybench:024cb2e4a171e8e7e6,广西壮族自治区百色市人民医院,广西壮族自治区 右江区 城乡路8号,23.892480,106.620763,201.1220600798991
mobilitybench_q_8afe8d3dc1849cedd3,搜索在城外嘉园附近的马连店,忻州市,38.416922,112.725021,mobilitybench:f3211cc762b62657c7,城外城,河北省 霸州市 武平道与芳蒲道交叉口南240米,39.077225,116.741875,355.9737867957032
mobilitybench_q_c7baa74050b6c63069,东老店衣服附近的麻辣烫,吉安市,27.128122,115.008917,mobilitybench:4b9415ab2161d15448,糊涂婶麻辣烫·炸串(亿达生活广场店),北京市 门头沟区 北京城区城子街道亿达生活广场,39.951069,116.099092,1429.3893956068885
mobilitybench_q_c7baa74050b6c63069,东老店衣服附近的麻辣烫,吉安市,27.128122,115.008917,mobilitybench:c947ac780aa4af6a9d,张亮麻辣烫(北京中昂时代店),北京市 门头沟区 门头沟路中昂时代广场2-1-066,39.943975,116.095698,1428.5808676636407
mobilitybench_q_c7baa74050b6c63069,东老店衣服附近的麻辣烫,吉安市,27.128122,115.008917,mobilitybench:44c815ac8dbe8c2e3e,小谷姐姐麻辣拌·麻辣烫(门头沟店),北京市 门头沟区 黑山大街42号物美便利店一楼,39.937577,116.096928,1427.8794648888436
mobilitybench_q_c7baa74050b6c63069,东老店衣服附近的麻辣烫,吉安市,27.128122,115.008917,mobilitybench:3ab6f06b92f3b4b0ea,围炉麻辣烫,北京市 门头沟区 黑山大街42号,39.936526,116.094582,1427.7477433868307
mobilitybench_q_c7baa74050b6c63069,东老店衣服附近的麻辣烫,吉安市,27.128122,115.008917,mobilitybench:8514f124685076e79d,小街麻辣烫,北京市 门头沟区 新桥大街与双峪路交叉口东南40米,39.934923,116.106046,1427.6445788015906
mobilitybench_q_c7baa74050b6c63069,东老店衣服附近的麻辣烫,吉安市,27.128122,115.008917,mobilitybench:18ce9943946d85bc05,刘文祥麻辣烫(门头沟梨园店),北京市 门头沟区 大峪梨园平房52号院,39.934382,116.109031,1427.6041440779916
mobilitybench_q_c7baa74050b6c63069,东老店衣服附近的麻辣烫,吉安市,27.128122,115.008917,mobilitybench:0c4d2fa4e4317c4b71,韩记麻辣烫云南过桥米线,北京市 门头沟区 新桥大街与双峪路交叉口东300米,39.934345,116.109060,1427.6002321832318
mobilitybench_q_c7baa74050b6c63069,东老店衣服附近的麻辣烫,吉安市,27.128122,115.008917,mobilitybench:71653aaa36eab888c4,鸡汁麻辣烫,北京市 门头沟区 梨园26排1号,39.932890,116.109530,1427.442005179807
mobilitybench_q_c7baa74050b6c63069,东老店衣服附近的麻辣烫,吉安市,27.128122,115.008917,mobilitybench:3295ca878b6d603cc1,东北大碗麻辣烫,北京市 门头沟区 新桥大街与育园路交叉口东280米,39.932683,116.109683,1427.4200598492184
mobilitybench_q_c7baa74050b6c63069,东老店衣服附近的麻辣烫,吉安市,27.128122,115.008917,mobilitybench:35759032ee1caf6c8f,老杨铁板烧麻辣烫,北京市 门头沟区 菜家府路与三温路交叉口西北100米,39.962963,116.110074,1430.7796447464527
mobilitybench_q_c7baa74050b6c63069,东老店衣服附近的麻辣烫,吉安市,27.128122,115.008917,mobilitybench:7c7fdb23fb5d7709a9,永兴奥特莱斯服装城(雨润发购物广场店),北京市 门头沟区 雨润发二层,39.947825,116.100345,1429.0378614173385
mobilitybench_q_2cc803895c2fcf50b1,新民附近304国道加油站,锦州市,41.432212,121.781162,mobilitybench:db2cdf57244647adb6,中国石油新民蓝天加油站,"辽宁省 新民市 京哈公路与304国道交汇处向西路南,沈阳恒丰源集团产业园附近",42.005566,122.786178,104.98705097921481
mobilitybench_q_2cc803895c2fcf50b1,新民附近304国道加油站,锦州市,41.432212,121.781162,mobilitybench:df53a323fad61d0f28,新民市,辽宁省 新民市 新民市,41.985757,122.835964,107.02826941446571
mobilitybench_q_d147ea63cbe8b90d15,苏庄附近延庆苏庄附近的,北京市,40.514112,116.023509,mobilitybench:ebb00115bf0fc55892,苏庄(地铁站),北京市 房山区 房山线,39.723188,116.125306,88.3717869554672
mobilitybench_q_5e2629781b8dc2625a,上海静安区文水路附近的医院,嘉兴市,30.908150,120.958938,mobilitybench:7599d9cbb77228c83e,彭浦镇社区卫生服务中心白遗桥卫生服务站,上海市 静安区 永和路1119(行知路地铁站1号口步行470米),31.286156,121.425275,61.1415576227953
mobilitybench_q_5e2629781b8dc2625a,上海静安区文水路附近的医院,嘉兴市,30.908150,120.958938,mobilitybench:5dc83bf8aa30989d2d,上海市静安区彭浦镇社区卫生服务中心原平路331号服务站,上海市 静安区 永和丽园东门南160米,31.284245,121.431954,61.46049019973201
mobilitybench_q_5e2629781b8dc2625a,上海静安区文水路附近的医院,嘉兴市,30.908150,120.958938,mobilitybench:77ef2cdf311d640327,上海市公惠医院,上海市 静安区 汶水路450号,31.288959,121.436515,62.134634569976306
mobilitybench_q_5e2629781b8dc2625a,上海静安区文水路附近的医院,嘉兴市,30.908150,120.958938,mobilitybench:ec88adca9789467469,一济堂悬灸馆,上海市 静安区 永和路572.578号1幢218室,31.287264,121.436704,62.01984065186606
mobilitybench_q_5e2629781b8dc2625a,上海静安区文水路附近的医院,嘉兴市,30.908150,120.958938,mobilitybench:21dedeac19e1e29e60,上海好望角医院,上海市 静安区 沪太支路566弄1-4号,31.291870,121.422519,61.3901756896138
mobilitybench_q_5e2629781b8dc2625a,上海静安区文水路附近的医院,嘉兴市,30.908150,120.958938,mobilitybench:f9fcbdd3d1688dbf0e,彭浦镇第二社区卫生服务中心中药房,上海市 静安区 中星馨恒苑东南1门东60米,31.295931,121.426862,62.000652532425576
mobilitybench_q_5e2629781b8dc2625a,上海静安区文水路附近的医院,嘉兴市,30.908150,120.958938,mobilitybench:3a385f4d7f2690dd85,彭浦镇第二社区卫生服务中心,上海市 静安区 高平路1011号宝华寺西边,31.297289,121.427271,62.13347492405721
mobilitybench_q_5e2629781b8dc2625a,上海静安区文水路附近的医院,嘉兴市,30.908150,120.958938,mobilitybench:cbfa5cf6781e7e9b36,上海市宝山区大场镇大场社区卫生服务中心,上海市 宝山区 汶水路1662号(近沪太路),31.287347,121.417207,60.67773487829296
mobilitybench_q_5e2629781b8dc2625a,上海静安区文水路附近的医院,嘉兴市,30.908150,120.958938,mobilitybench:f19fd83f3b3bae522b,上海申江医院,上海市 静安区 沪太路1238号,31.278856,121.425264,60.58688468702155
mobilitybench_q_5e2629781b8dc2625a,上海静安区文水路附近的医院,嘉兴市,30.908150,120.958938,mobilitybench:6a51211b125204c71e,第三社区卫生服务中心,上海市 宝山区 少年村路218号甲,31.299746,121.425956,62.23412109507868
mobilitybench_q_5e2629781b8dc2625a,上海静安区文水路附近的医院,嘉兴市,30.908150,120.958938,mobilitybench:65c493f5c98c1ca751,汶水路,上海市 静安区 静安区,31.289129,121.429764,61.6787336252585
mobilitybench_q_39f66e29629ce21725,搜索河南工业贸易职业学院北校区附近的瑞幸咖啡,西安市,34.262240,109.035514,mobilitybench:caee42bcb5e8371dcc,瑞幸咖啡(健康路体育场店),河南省 金水区 健康路体育场西门北侧99号-2,34.768223,113.664226,427.7677894313232
mobilitybench_q_39f66e29629ce21725,搜索河南工业贸易职业学院北校区附近的瑞幸咖啡,西安市,34.262240,109.035514,mobilitybench:986da36bc042220316,瑞幸咖啡,河南省 金水区 任寨北街与文化路交叉口西北20米,34.770835,113.666745,428.0281675942092
mobilitybench_q_39f66e29629ce21725,搜索河南工业贸易职业学院北校区附近的瑞幸咖啡,西安市,34.262240,109.035514,mobilitybench:3c4d5a304f0ee4d75e,luckin coffee 瑞幸咖啡(黄河路店),河南省 金水区 黄河路369号(郑州人民医院地铁站A口步行60米),34.774326,113.667835,428.1697198144096
mobilitybench_q_39f66e29629ce21725,搜索河南工业贸易职业学院北校区附近的瑞幸咖啡,西安市,34.262240,109.035514,mobilitybench:f72319006b8a49f2ab,瑞幸咖啡(建文新世界商厦店),河南省 金水区 黄河路96号建文新世界商厦底商,34.774329,113.669286,428.30147913385315
mobilitybench_q_39f66e29629ce21725,搜索河南工业贸易职业学院北校区附近的瑞幸咖啡,西安市,34.262240,109.035514,mobilitybench:4982c2af3592353ea0,luckin coffee 瑞幸咖啡(二七路店),河南省 金水区 二七路94号,34.762388,113.666761,427.92797622408943
mobilitybench_q_39f66e29629ce21725,搜索河南工业贸易职业学院北校区附近的瑞幸咖啡,西安市,34.262240,109.035514,mobilitybench:8757b2f0ba3742b11e,瑞幸咖啡(新田360广场太康路店),河南省 金水区 西太康路58号TK360新田360广场郑州太康F1层,34.757905,113.662620,427.49869301107293
mobilitybench_q_39f66e29629ce21725,搜索河南工业贸易职业学院北校区附近的瑞幸咖啡,西安市,34.262240,109.035514,mobilitybench:d770cf88bf4f4bc52b,瑞幸咖啡(大卫城B1店),河南省 金水区 西太康路与二七路大卫城6楼M004号商铺,34.757999,113.665853,427.79348382550586
mobilitybench_q_39f66e29629ce21725,搜索河南工业贸易职业学院北校区附近的瑞幸咖啡,西安市,34.262240,109.035514,mobilitybench:cca1f603bc65e05cb1,luckin coffee 瑞幸咖啡(丹尼斯·大卫城店),河南省 金水区 丹尼斯·大卫城(二七广场地铁站A口步行490米),34.756937,113.666257,427.8176786869542
mobilitybench_q_39f66e29629ce21725,搜索河南工业贸易职业学院北校区附近的瑞幸咖啡,西安市,34.262240,109.035514,mobilitybench:e995b9839d2fbb2b8c,瑞幸咖啡(华润大厦店),河南省 二七区 民主路10号华润大厦一层大堂北侧,34.755453,113.660869,427.31077259520663
mobilitybench_q_39f66e29629ce21725,搜索河南工业贸易职业学院北校区附近的瑞幸咖啡,西安市,34.262240,109.035514,mobilitybench:febde48d0cf30d5c5c,瑞幸咖啡(郑州百货大楼店),河南省 管城回族区 郑州百货大楼(二七广场地铁站A口步行470米),34.756750,113.667416,427.92076844892824
mobilitybench_q_39f66e29629ce21725,搜索河南工业贸易职业学院北校区附近的瑞幸咖啡,西安市,34.262240,109.035514,mobilitybench:3ee6feedee011993cf,河南工业贸易职业学院,河南省 金水区 优胜北路4号,34.770137,113.659889,427.3972060372887
mobilitybench_q_42f57776147678ded0,帮我搜一下明月园附近的派出所,天津市,39.218062,117.158962,mobilitybench:4ee70e88cbbc17a391,槐香河派出所,河北省 容城县 八于街与兴贤东路交口,39.071981,115.937554,106.57531856209998
mobilitybench_q_42f57776147678ded0,帮我搜一下明月园附近的派出所,天津市,39.218062,117.158962,mobilitybench:4ed20f9135cc8f1495,八于派出所,河北省 容城县 小康路19号,39.091901,115.935014,106.46261374225035
mobilitybench_q_42f57776147678ded0,帮我搜一下明月园附近的派出所,天津市,39.218062,117.158962,mobilitybench:f89acbf7c88ccebfb4,容城镇派出所,河北省 容城县 容城镇,39.039378,115.873642,112.63357016925258
mobilitybench_q_42f57776147678ded0,帮我搜一下明月园附近的派出所,天津市,39.218062,117.158962,mobilitybench:ba736bf8b124cffc8c,大河镇派出所,河北省 容城县 东部社区服务中心1号楼东侧,39.020074,115.972898,104.66153782604513
mobilitybench_q_42f57776147678ded0,帮我搜一下明月园附近的派出所,天津市,39.218062,117.158962,mobilitybench:27decfb2aa1fd4beb8,贾光乡派出所,河北省 容城县 229乡道与红星路交叉口南340米,39.115590,115.869560,111.74172221026876
mobilitybench_q_42f57776147678ded0,帮我搜一下明月园附近的派出所,天津市,39.218062,117.158962,mobilitybench:0fb9b24c74b5e2de3d,容城县公安局龙泉河派出所,河北省 容城县,39.050228,115.832414,115.92662608546058
mobilitybench_q_42f57776147678ded0,帮我搜一下明月园附近的派出所,天津市,39.218062,117.158962,mobilitybench:3c17b2a399272d96ef,北南蔡派出所,河北省 定兴县 北南蔡乡,39.129753,115.907764,108.30097738879198
mobilitybench_q_42f57776147678ded0,帮我搜一下明月园附近的派出所,天津市,39.218062,117.158962,mobilitybench:7e1133c1ba3bb91ee1,容城县公安局晾马台镇派出所,河北省 容城县 晾马台镇津保路,39.092388,116.005627,100.4225307380339
mobilitybench_q_42f57776147678ded0,帮我搜一下明月园附近的派出所,天津市,39.218062,117.158962,mobilitybench:3edfbd8f5b00a59096,容城县公安局桥南派出所,河北省 容城县 晾马台镇桥南轻纺城2K区16号,39.093004,116.006318,100.3535860256123
mobilitybench_q_42f57776147678ded0,帮我搜一下明月园附近的派出所,天津市,39.218062,117.158962,mobilitybench:78c835dcba346712f4,东马营派出所,河北省 高碑店市 东马营镇(人民政府东侧),39.123040,115.987949,101.4992102348476
mobilitybench_q_42f57776147678ded0,帮我搜一下明月园附近的派出所,天津市,39.218062,117.158962,mobilitybench:33186ac8442bde2c54,明月园,河北省 容城县 乐安街与甘棠路交叉口东南360米,39.062305,115.915919,108.59326403438776
mobilitybench_q_354a10fb18bd7039f6,小爱同学附近哪里有厕所,绍兴市,30.149234,120.377423,mobilitybench:d9012258d17d5b15c2,公共厕所,江苏省 吴江区 寺浜路与横港路交叉口东北100米,30.976344,120.642299,95.40307141279574
mobilitybench_q_354a10fb18bd7039f6,小爱同学附近哪里有厕所,绍兴市,30.149234,120.377423,mobilitybench:0307ae711a21c0dfb5,女洗手间,江苏省 吴江区 南大街与通运东路交叉口北160米,30.978573,120.643164,95.66394596729533
mobilitybench_q_354a10fb18bd7039f6,小爱同学附近哪里有厕所,绍兴市,30.149234,120.377423,mobilitybench:41047201278ddf9786,公共厕所,江苏省 吴江区 二中弄3号平望镇船民小学附近,30.981464,120.641066,95.9207145892929
mobilitybench_q_354a10fb18bd7039f6,小爱同学附近哪里有厕所,绍兴市,30.149234,120.377423,mobilitybench:06979d3fce892d12d7,公共厕所,江苏省 吴江区 平望镇通运东路小九华寺(时代广场东),30.977259,120.644581,95.55937860086232
mobilitybench_q_354a10fb18bd7039f6,小爱同学附近哪里有厕所,绍兴市,30.149234,120.377423,mobilitybench:24ef586f79169ac9f7,公共厕所,江苏省 吴江区 南大街与通运东路交叉口东南160米,30.976181,120.644954,95.45350558469505
mobilitybench_q_354a10fb18bd7039f6,小爱同学附近哪里有厕所,绍兴市,30.149234,120.377423,mobilitybench:1d00e26bfeda9c70f5,公共厕所,江苏省 吴江区 运河路与524国道交叉口东120米,30.981668,120.642799,95.98637848717645
mobilitybench_q_354a10fb18bd7039f6,小爱同学附近哪里有厕所,绍兴市,30.149234,120.377423,mobilitybench:830630ce7b644f09e9,公共厕所,江苏省 吴江区 九华路頔塘新渡,30.974232,120.643527,95.20816849828728
mobilitybench_q_354a10fb18bd7039f6,小爱同学附近哪里有厕所,绍兴市,30.149234,120.377423,mobilitybench:85c8c24b3e898d9473,公共厕所,江苏省 吴江区 南大街与护僧街交叉口东南60米,30.974501,120.643967,95.24825895227461
mobilitybench_q_354a10fb18bd7039f6,小爱同学附近哪里有厕所,绍兴市,30.149234,120.377423,mobilitybench:5070a2fbde314c1a86,公共厕所,江苏省 吴江区 九华宾馆(横港东),30.973754,120.642651,95.13455062899354
mobilitybench_q_354a10fb18bd7039f6,小爱同学附近哪里有厕所,绍兴市,30.149234,120.377423,mobilitybench:24e4d25a6ae2f36751,公共厕所,江苏省 吴江区 通运西路与新建四弄交叉口南60米,30.975931,120.635479,95.1872355649819
mobilitybench_q_354a10fb18bd7039f6,小爱同学附近哪里有厕所,绍兴市,30.149234,120.377423,mobilitybench:1fbf99f4d60fa7ab20,小爱同学眼镜店,江苏省 吴江区 524国道与宜滨弄交叉口东20米,30.977938,120.640480,95.52782978847137
mobilitybench_q_b9faad31c1479cec1d,邓县县附近的CNG加气站,定西市,35.712219,104.528091,mobilitybench:41f1fa011e04e48e36,春阳能源CNG加气站,河南省 邓州市 248省道西50米,32.693447,112.057878,769.2261775726606
mobilitybench_q_b9faad31c1479cec1d,邓县县附近的CNG加气站,定西市,35.712219,104.528091,mobilitybench:a5ac58536c91430426,鑫海石油福腾燃气LNG加气站,河南省 邓州市 龙堰乡张营村邓襄路西侧,32.623453,112.090816,775.6172592715471
mobilitybench_q_b9faad31c1479cec1d,邓县县附近的CNG加气站,定西市,35.712219,104.528091,mobilitybench:de0a8b50ec5faab948,邓州市,河南省 邓州市 邓州市,32.687732,112.087450,771.968929089713
mobilitybench_q_471317738986c495e9,人才公寓附近洗车的地方,南通市,31.749987,121.683807,mobilitybench:a686888208ab7e105e,途虎养车工场店(南通啬园店),江苏省 崇川区 安富路58号,31.959282,120.916462,76.11888496014036
mobilitybench_q_471317738986c495e9,人才公寓附近洗车的地方,南通市,31.749987,121.683807,mobilitybench:052aa5439204fefef6,通城自助洗车(源兴站),江苏省 崇川区 通富南路44号,31.956127,120.921431,75.56620590860892
mobilitybench_q_471317738986c495e9,人才公寓附近洗车的地方,南通市,31.749987,121.683807,mobilitybench:d0bbbafca1561ee1c4,南通大学教职工自助洗车点,江苏省 崇川区 崇川路与星城路交叉口东140米,31.976503,120.913376,76.99494334116089
mobilitybench_q_471317738986c495e9,人才公寓附近洗车的地方,南通市,31.749987,121.683807,mobilitybench:894744853af0f9a926,便民自助洗车,江苏省 崇川区 星城路与崇川路交叉口东北80米,31.977208,120.912275,77.11859033615679
mobilitybench_q_471317738986c495e9,人才公寓附近洗车的地方,南通市,31.749987,121.683807,mobilitybench:da17c91c486e9a6f84,耀江广场自助洗车站,江苏省 崇川区 附小路与常青路交叉口东南100米,31.950250,120.918993,75.59277349371473
mobilitybench_q_471317738986c495e9,人才公寓附近洗车的地方,南通市,31.749987,121.683807,mobilitybench:bac8944997a55f714e,通城自助洗车(世纪新城店),江苏省 崇川区 世伦路63号,31.983969,120.915738,77.05773105772676
mobilitybench_q_471317738986c495e9,人才公寓附近洗车的地方,南通市,31.749987,121.683807,mobilitybench:a241a0380d96ae3e59,驰加汽车服务中心(中南体育会展中心店),江苏省 崇川区 中南体育会展中心北4门,31.968702,120.899548,77.95817830843396
mobilitybench_q_471317738986c495e9,人才公寓附近洗车的地方,南通市,31.749987,121.683807,mobilitybench:fe9a809b375963b3f9,天猫养车(星城路店),江苏省 崇川区 星城路268号(世纪广场)B幢102,31.985326,120.910520,77.57199724536706
mobilitybench_q_471317738986c495e9,人才公寓附近洗车的地方,南通市,31.749987,121.683807,mobilitybench:7eaffa8ba1b1dc1bcc,丰途汽车服务有限公司,江苏省 崇川区 常青路18号格林兄弟幼儿园南门,31.946129,120.915369,75.78836150949321
mobilitybench_q_471317738986c495e9,人才公寓附近洗车的地方,南通市,31.749987,121.683807,mobilitybench:dcd3fa53c2efdc4ae6,通城惠民自助洗车常青菜市场站,江苏省 崇川区 常青路12号,31.945684,120.914553,75.84813607414834
mobilitybench_q_471317738986c495e9,人才公寓附近洗车的地方,南通市,31.749987,121.683807,mobilitybench:fd3ad8a2b973e0213b,紫琅人才公寓二期,江苏省 崇川区 通富南路与兴通路东南角,31.967137,120.924325,75.68335431367645
mobilitybench_q_848dd26a65458a526b,寻找疃里附近的快递站点,临沂市,35.128417,119.187230,mobilitybench:9c90122207f01f4888,京东快递,山东省 嘉祥县 沿湖路与迎宾路交叉口西200米,35.441536,116.397566,255.58384223789542
mobilitybench_q_848dd26a65458a526b,寻找疃里附近的快递站点,临沂市,35.128417,119.187230,mobilitybench:30d2f852eb1b8a27d3,顺丰速运(疃里合作店),山东省 嘉祥县 迎疃里镇农业银行往西150米路南,35.441593,116.398361,255.51313755891772
mobilitybench_q_848dd26a65458a526b,寻找疃里附近的快递站点,临沂市,35.128417,119.187230,mobilitybench:a8de0bae8ee6535caf,申通快递(迎宾路店),山东省 嘉祥县 迎宾路与沿湖路交叉口南180米,35.440075,116.399625,255.37888775206247
mobilitybench_q_848dd26a65458a526b,寻找疃里附近的快递站点,临沂市,35.128417,119.187230,mobilitybench:59894534755fd6c7d5,圆通快递妈妈驿站,山东省 嘉祥县 迎宾路与沿湖路交叉口南240米,35.439619,116.399614,255.37370944605829
mobilitybench_q_848dd26a65458a526b,寻找疃里附近的快递站点,临沂市,35.128417,119.187230,mobilitybench:195681d210339b6eb1,菜鸟疃里极兔申通韵达公共服务站,山东省 嘉祥县 迎宾路与沿湖路交叉口南340米,35.438798,116.400058,255.32270289745088
mobilitybench_q_848dd26a65458a526b,寻找疃里附近的快递站点,临沂市,35.128417,119.187230,mobilitybench:6eaab3e6625a936220,疃里镇快递服务站,山东省 嘉祥县 迎宾路与沿湖路交叉口南460米,35.437725,116.400125,255.30224335134048
mobilitybench_q_848dd26a65458a526b,寻找疃里附近的快递站点,临沂市,35.128417,119.187230,mobilitybench:9dc7dba678dece8cfd,圆通申通韵达快递,山东省 嘉祥县 济宁经济开发区郭小燕口腔诊所东北侧50米,35.437181,116.400178,255.2901795951007
mobilitybench_q_848dd26a65458a526b,寻找疃里附近的快递站点,临沂市,35.128417,119.187230,mobilitybench:fe6d91771005036a64,进士张快递点,山东省 嘉祥县 小牛饭店北侧,35.449555,116.396335,255.80500226476684
mobilitybench_q_848dd26a65458a526b,寻找疃里附近的快递站点,临沂市,35.128417,119.187230,mobilitybench:c320c6e818b5225692,菜鸟驿站(诚祥·太阳城店),山东省 嘉祥县 疃里镇吉祥路诚祥太阳城,35.417380,116.393330,255.65084679616015
mobilitybench_q_848dd26a65458a526b,寻找疃里附近的快递站点,临沂市,35.128417,119.187230,mobilitybench:ef26b04669733192b7,顺丰速运(徐汇枫景店),山东省 嘉祥县 319省道与048县道交叉口东120米,35.418916,116.382765,256.62131301817624
mobilitybench_q_848dd26a65458a526b,寻找疃里附近的快递站点,临沂市,35.128417,119.187230,mobilitybench:2e439d29c8c144399b,疃里,山东省 嘉祥县 沿湖路与迎宾路交叉口西180米,35.441894,116.397779,255.56956095981778
mobilitybench_q_8b6e32dd2f06bb238f,福建。  附近加油站。,开封市,34.806884,114.292143,mobilitybench:4dfa4af0788b822925,中石化森美福州北门加油站,福建省 鼓楼区 福飞南路4号,26.100506,119.292083,1079.8090805886256
mobilitybench_q_8b6e32dd2f06bb238f,福建。  附近加油站。,开封市,34.806884,114.292143,mobilitybench:3670df15fd4bc731c2,中石化森美福州泉塘加油站,福建省 鼓楼区 二环北路101号,26.106578,119.291818,1079.1864827712577
mobilitybench_q_8b6e32dd2f06bb238f,福建。  附近加油站。,开封市,34.806884,114.292143,mobilitybench:01e1f3d728763aa282,中国石油象山加油站(北梦山路),福建省 鼓楼区 西二环北路383号,26.089400,119.282686,1080.5300752477867
mobilitybench_q_8b6e32dd2f06bb238f,福建。  附近加油站。,开封市,34.806884,114.292143,mobilitybench:806993e6528eba997d,中石化森美福州新店加油站,福建省 晋安区 福飞北路1号,26.121673,119.299369,1077.9875749628118
mobilitybench_q_8b6e32dd2f06bb238f,福建。  附近加油站。,开封市,34.806884,114.292143,mobilitybench:4760e3d8be7c9b6aee,中石化森美福州东浦加油站,福建省 晋安区 西园村东浦路56号(福州火车站地铁站B口步行370米),26.115065,119.314488,1079.2953406322592
mobilitybench_q_8b6e32dd2f06bb238f,福建。  附近加油站。,开封市,34.806884,114.292143,mobilitybench:c257101959d0617ab2,中石化森美福州金鸡山加油站,福建省 晋安区 北环东路11号(福州火车站地铁站H口步行460米),26.106892,119.320028,1080.353239799432
mobilitybench_q_8b6e32dd2f06bb238f,福建。  附近加油站。,开封市,34.806884,114.292143,mobilitybench:1ef3841650c254dfe3,中石化森美西门加油站,福建省 鼓楼区 洪山镇西洪路460号,26.080913,119.275661,1081.0886994657048
mobilitybench_q_8b6e32dd2f06bb238f,福建。  附近加油站。,开封市,34.806884,114.292143,mobilitybench:5d383f9b07e2923092,中石化森美西园加油站,福建省 晋安区 北三环快速路北侧西园路西侧,26.118166,119.321224,1079.2704078874842
mobilitybench_q_8b6e32dd2f06bb238f,福建。  附近加油站。,开封市,34.806884,114.292143,mobilitybench:fcc1afcc89f7756945,中石化森美梅峰加油站,福建省 鼓楼区 梅峰路与保福路交叉口东40米,26.094272,119.264781,1079.2833683734086
mobilitybench_q_8b6e32dd2f06bb238f,福建。  附近加油站。,开封市,34.806884,114.292143,mobilitybench:38caaed1fc4e42e464,中国石油鹤林加油站,福建省 晋安区 三八路30号,26.098597,119.328861,1081.5636992142552
mobilitybench_q_8b6e32dd2f06bb238f,福建。  附近加油站。,开封市,34.806884,114.292143,mobilitybench:81f30b5a171ab54954,福建省,福建省 鼓楼区 鼓楼区,26.101082,119.296194,1079.9253046735782
mobilitybench_q_e2699c81c526d5622f,搜索山东临清附近的火车站,保定市,38.860800,115.449648,mobilitybench:f74834cdec7bfd4270,临清站,山东省 临清市 站前路,36.842304,115.737000,225.8599551750004
mobilitybench_q_e2699c81c526d5622f,搜索山东临清附近的火车站,保定市,38.860800,115.449648,mobilitybench:6e7218be597ebcbeba,临清市,山东省 临清市 临清市,36.838280,115.704982,226.0086191820459
mobilitybench_q_1ba3a5764c67d8459f,搜索莱芜雪野湖附近的充电桩,临沂市,35.516710,118.172542,mobilitybench:63b1bd3c6945449b17,豪充汽车充电站(梅花山鱼头老店宾馆雪野湖充电站),山东省 莱芜区 雪野大道梅花山鱼头老店,36.433219,117.568481,115.50112176397438
mobilitybench_q_1ba3a5764c67d8459f,搜索莱芜雪野湖附近的充电桩,临沂市,35.516710,118.172542,mobilitybench:c8534b6399d8d33b9a,国家电网汽车充电站(山东省莱芜市莱城区雪野旅游区公共充电站),山东省 莱芜区 旅游区航空体育公园A路口南侧,36.438208,117.565661,116.10920900785108
mobilitybench_q_1ba3a5764c67d8459f,搜索莱芜雪野湖附近的充电桩,临沂市,35.516710,118.172542,mobilitybench:4c0c7ea678f24095bf,汽车充电站(豪充莱芜周家鱼馆站),山东省 莱芜区 雪野街道雪野湖休闲渔业公园东侧200米,36.421467,117.607900,112.70858572884221
mobilitybench_q_1ba3a5764c67d8459f,搜索莱芜雪野湖附近的充电桩,临沂市,35.516710,118.172542,mobilitybench:7ca7316f4eeb910671,豪充汽车充电站(栖湖居站),山东省 莱芜区 雪野街道北双王村西峪街16号,36.419872,117.608420,112.52941931731455
mobilitybench_q_1ba3a5764c67d8459f,搜索莱芜雪野湖附近的充电桩,临沂市,35.516710,118.172542,mobilitybench:de5a18ecfe4343b750,豪充汽车充电站(雪野湖向阳鱼头老店充电站),山东省 莱芜区 雪野街道办事处北双王村环湖路北,36.420100,117.609620,112.50334464785632
mobilitybench_q_1ba3a5764c67d8459f,搜索莱芜雪野湖附近的充电桩,临沂市,35.516710,118.172542,mobilitybench:82ee9a37e1aa2cb72e,特来电汽车充电站(济莱高铁雪野站社会充电站),山东省 莱芜区 雪野街道雪野站(建设中),36.460400,117.588684,117.34729211750152
mobilitybench_q_1ba3a5764c67d8459f,搜索莱芜雪野湖附近的充电桩,临沂市,35.516710,118.172542,mobilitybench:1f06829b2b89eecf68,汽车充电站(豪充莱芜张家小院站),山东省 莱芜区 雪野街道环湖南路16号张家小院鱼馆,36.420567,117.611000,112.49380238993518
mobilitybench_q_1ba3a5764c67d8459f,搜索莱芜雪野湖附近的充电桩,临沂市,35.516710,118.172542,mobilitybench:bd645781f9230b122b,汽车充电站(雪野湖儒居度假酒店新能源充电区),山东省 莱芜区 环湖南路104号,36.420029,117.614040,112.31774854022854
mobilitybench_q_1ba3a5764c67d8459f,搜索莱芜雪野湖附近的充电桩,临沂市,35.516710,118.172542,mobilitybench:dd2e30bb8f80818701,国家电网汽车充电站(山东省莱芜市莱城区雪野充电站),山东省 莱芜区 国家电网(雪野供电营业厅),36.451525,117.561909,117.57326957999463
mobilitybench_q_1ba3a5764c67d8459f,搜索莱芜雪野湖附近的充电桩,临沂市,35.516710,118.172542,mobilitybench:a4e3de5b88318030dc,汽车充电站,山东省 莱芜区 环湖南路100号,36.418954,117.614810,112.1799963323609
mobilitybench_q_1ba3a5764c67d8459f,搜索莱芜雪野湖附近的充电桩,临沂市,35.516710,118.172542,mobilitybench:200de3fcb1b437e67a,雪野湖,山东省 莱芜区 雪野航空科技体育公园,36.436621,117.588943,114.98198892499627
mobilitybench_q_0fdd38d920d4e7db03,帮我寻找一下昆明站附近的网吧,红河哈尼族彝族自治州,23.536386,103.170851,mobilitybench:c948abf733187f7dd4,万紫千红网咖,云南省 官渡区 北京路昆明火车站广场邮局二楼,25.016742,102.720546,170.8188347349881
mobilitybench_q_0fdd38d920d4e7db03,帮我寻找一下昆明站附近的网吧,红河哈尼族彝族自治州,23.536386,103.170851,mobilitybench:7681b04bd12fe39eb9,网鱼电竞(昆明官渡火车站店),云南省 官渡区 永平路11号(三元宾馆二楼),25.018351,102.720486,170.9927945087931
mobilitybench_q_0fdd38d920d4e7db03,帮我寻找一下昆明站附近的网吧,红河哈尼族彝族自治州,23.536386,103.170851,mobilitybench:48e796958ab78c46c7,驿站网咖(永平路店),云南省 官渡区 永平路3号新光世纪城F3层,25.018452,102.725214,170.87631523339385
mobilitybench_q_0fdd38d920d4e7db03,帮我寻找一下昆明站附近的网吧,红河哈尼族彝族自治州,23.536386,103.170851,mobilitybench:880abe21cc5de710e0,酷酷娱乐(网咖电竞舱台球棋牌),云南省 官渡区 鑫都韵城5栋2楼,25.017781,102.718530,170.98479327531024
mobilitybench_q_0fdd38d920d4e7db03,帮我寻找一下昆明站附近的网吧,红河哈尼族彝族自治州,23.536386,103.170851,mobilitybench:12f48a41776398a720,华建网咖(网柜店),云南省 官渡区 永安路120号-1号(环城南路地铁站B口步行490米),25.021353,102.719966,171.3284158792786
mobilitybench_q_0fdd38d920d4e7db03,帮我寻找一下昆明站附近的网吧,红河哈尼族彝族自治州,23.536386,103.170851,mobilitybench:54466ef339d53a5353,浩宇网咖(双龙·逸品店),云南省 官渡区 北京路35号双龙·逸品F3层,25.022774,102.720751,171.4594487026839
mobilitybench_q_0fdd38d920d4e7db03,帮我寻找一下昆明站附近的网吧,红河哈尼族彝族自治州,23.536386,103.170851,mobilitybench:5eca42695139bf007c,华悦网络,云南省 官渡区 长润街6幢4-6号,25.017421,102.730844,170.61575196509446
mobilitybench_q_0fdd38d920d4e7db03,帮我寻找一下昆明站附近的网吧,红河哈尼族彝族自治州,23.536386,103.170851,mobilitybench:4830bd8ece3ab15141,网鱼电竞(昆明西山大悦城店),云南省 西山区 环城南路大悦城商场B区5楼网鱼电竞,25.022118,102.714121,171.56925810446702
mobilitybench_q_0fdd38d920d4e7db03,帮我寻找一下昆明站附近的网吧,红河哈尼族彝族自治州,23.536386,103.170851,mobilitybench:ca5105b009e012aaf5,NX电竞,云南省 官渡区 百富琪商业广场A1座2楼2-4号,25.025734,102.725916,171.63831668594486
mobilitybench_q_0fdd38d920d4e7db03,帮我寻找一下昆明站附近的网吧,红河哈尼族彝族自治州,23.536386,103.170851,mobilitybench:2dbf78900efe252be3,乐众电竞,云南省 官渡区 吴井街道天城园林商铺20号,25.022985,102.730925,171.2106105908338
mobilitybench_q_0fdd38d920d4e7db03,帮我寻找一下昆明站附近的网吧,红河哈尼族彝族自治州,23.536386,103.170851,mobilitybench:4c471319639fb388ac,昆明站,云南省 官渡区 北京路1号,25.015257,102.722277,170.61295192745112
mobilitybench_q_ba48a290ec7db06713,广州白云机场第一航站楼附近宾馆,惠州市,23.203549,114.259120,mobilitybench:9d99358e8400138ad8,优品美宿24H免费接送机场美宿,广东省 花都区 机场大道东与机场大道一横路交叉口西南400米,23.386414,113.303263,99.71714904533832
mobilitybench_q_ba48a290ec7db06713,广州白云机场第一航站楼附近宾馆,惠州市,23.203549,114.259120,mobilitybench:fdad8c4c41db7fc872,广州白云机场铂尔曼大酒店,广东省 花都区 机场大道一横路2号,23.388713,113.303679,99.72719339256635
mobilitybench_q_ba48a290ec7db06713,广州白云机场第一航站楼附近宾馆,惠州市,23.203549,114.259120,mobilitybench:bed1e65b39f9ca3f0f,广州白云机场诺富特酒店,广东省 花都区 机场大道一横路2号,23.389283,113.302637,99.84420755913031
mobilitybench_q_ba48a290ec7db06713,广州白云机场第一航站楼附近宾馆,惠州市,23.203549,114.259120,mobilitybench:d8f87ce1306a533fec,广州慕私计时酒店,广东省 花都区 白云国际机场二号航站楼出发厅三楼43号左侧商业区166号,23.396769,113.305953,99.6862992809132
mobilitybench_q_ba48a290ec7db06713,广州白云机场第一航站楼附近宾馆,惠州市,23.203549,114.259120,mobilitybench:be9a2f9611368d76bf,广州白云机场T2航站楼拾眠休息舱民宿,广东省 花都区 机场大道东888号白云机场T2航站楼出发厅,23.397554,113.306327,99.66757778450224
mobilitybench_q_ba48a290ec7db06713,广州白云机场第一航站楼附近宾馆,惠州市,23.203549,114.259120,mobilitybench:ec8105035553729665,广州云窝窝休闲服务中心,广东省 花都区 广州白云国际机场二号航站楼国内空侧二楼商业集中区T22R29铺位,23.399018,113.303411,99.9930710489417
mobilitybench_q_ba48a290ec7db06713,广州白云机场第一航站楼附近宾馆,惠州市,23.203549,114.259120,mobilitybench:da302b6bbde74cd9bb,南航明珠大酒店,广东省 白云区 新白云国际机场南工作区空港五路,23.372047,113.296830,100.05421598951149
mobilitybench_q_ba48a290ec7db06713,广州白云机场第一航站楼附近宾馆,惠州市,23.203549,114.259120,mobilitybench:26100f22cc770c6e73,广州白云国际机场建发公寓,广东省 白云区 空港六路与横七路交汇处,23.375400,113.294101,100.39710084086661
mobilitybench_q_ba48a290ec7db06713,广州白云机场第一航站楼附近宾馆,惠州市,23.203549,114.259120,mobilitybench:00f15756e907172824,广州白云机场澳斯特精选酒店(T1航站楼店),广东省 白云区 白云国际机场南工作区空港三路与横二路交汇,23.367761,113.302154,99.43304528907353
mobilitybench_q_ba48a290ec7db06713,广州白云机场第一航站楼附近宾馆,惠州市,23.203549,114.259120,mobilitybench:6bed2bc503163d5395,南航明珠大酒店1号楼,广东省 白云区 空港南五路与空港南横三路交叉口西北200米,23.371692,113.297275,100.0023112514335
mobilitybench_q_ba48a290ec7db06713,广州白云机场第一航站楼附近宾馆,惠州市,23.203549,114.259120,mobilitybench:7f6ea43241ca8ce0c4,广州白云国际机场T1航站楼,广东省 花都区 机场大道东888号广州白云国际机场,23.386583,113.303087,99.73851845614169
mobilitybench_q_bbaa31ce091d91b038,请帮我查找一下武汉猫爪酒店附近旁边的美容院。,荆州市,29.931831,112.184222,mobilitybench:e40e17ebb744f75498,有间.美学,湖北省 洪山区 东湖金茂府售楼部下沉广场,30.602733,114.421393,227.42939822410443
mobilitybench_q_bbaa31ce091d91b038,请帮我查找一下武汉猫爪酒店附近旁边的美容院。,荆州市,29.931831,112.184222,mobilitybench:ce225b34209a7cb76d,丸碧科技护肤中心(武汉站西广场),湖北省 洪山区 丸碧科技护肤中心(武汉站西广场店)1栋211从1B进或1A进上2楼,30.602786,114.422536,227.53496920791872
mobilitybench_q_bbaa31ce091d91b038,请帮我查找一下武汉猫爪酒店附近旁边的美容院。,荆州市,29.931831,112.184222,mobilitybench:1e82d4e615f343493c,武汉媄妲医疗美容门诊部,湖北省 洪山区 杨春湖路与桂万路交叉口东北220米,30.603326,114.419196,227.25114080285854
mobilitybench_q_bbaa31ce091d91b038,请帮我查找一下武汉猫爪酒店附近旁边的美容院。,荆州市,29.931831,112.184222,mobilitybench:1813d3c38536a9ca6d,芳芳美容美发(站前路),湖北省 洪山区 厂前街肖家湾自建三村268号,30.611053,114.436597,229.1037696206316
mobilitybench_q_bbaa31ce091d91b038,请帮我查找一下武汉猫爪酒店附近旁边的美容院。,荆州市,29.931831,112.184222,mobilitybench:f888ff317a0bba1ac1,秋拾美护中心(杨春湖畔店),湖北省 洪山区 杨春湖畔境遇5栋1001,30.618505,114.414240,227.34723021556772
mobilitybench_q_bbaa31ce091d91b038,请帮我查找一下武汉猫爪酒店附近旁边的美容院。,荆州市,29.931831,112.184222,mobilitybench:9b517e18f659fea4f0,塬布方孝道美容养生馆,湖北省 青山区 现代花园B区,30.617775,114.407175,226.68176836915652
mobilitybench_q_bbaa31ce091d91b038,请帮我查找一下武汉猫爪酒店附近旁边的美容院。,荆州市,29.931831,112.184222,mobilitybench:e3b839ea385f7a9f24,九正美容养生馆(现代花园B区店),湖北省 青山区 友谊大道现代花园B区,30.617766,114.406020,226.577002753081
mobilitybench_q_bbaa31ce091d91b038,请帮我查找一下武汉猫爪酒店附近旁边的美容院。,荆州市,29.931831,112.184222,mobilitybench:901d19c3b32af88706,悦莱悦美护肤造型(东方雅园三期店),湖北省 洪山区 东方雅园3期西门北70米,30.613472,114.400724,225.9419955502761
mobilitybench_q_bbaa31ce091d91b038,请帮我查找一下武汉猫爪酒店附近旁边的美容院。,荆州市,29.931831,112.184222,mobilitybench:e42a8d3a256c4bf573,玖泰益肩颈美容养生堂,湖北省 洪山区 和平港路237号附7号,30.615036,114.401909,226.10595872413603
mobilitybench_q_bbaa31ce091d91b038,请帮我查找一下武汉猫爪酒店附近旁边的美容院。,荆州市,29.931831,112.184222,mobilitybench:f273d2cec8f795e4f3,呆呆黛美甲美睫(东方丽锦东区店),湖北省 洪山区 和平港路235号附6商铺,30.615014,114.401079,226.0300928365483
mobilitybench_q_bbaa31ce091d91b038,请帮我查找一下武汉猫爪酒店附近旁边的美容院。,荆州市,29.931831,112.184222,mobilitybench:9b6ba7c28fffb8b401,猫爪酒店(武汉高铁站西广场店),湖北省 洪山区 黄鹤路与和谐路交叉口西100米,30.602514,114.421218,227.40576329666803
mobilitybench_q_b98f4e283125400f7c,漳浦最近的轴承大全在哪,苏州市,31.285894,120.945510,mobilitybench:6aece74f5a3519d530,漳浦县,福建省 漳浦县 漳浦县,24.117410,117.613783,861.7974876054474
mobilitybench_q_2782c9b57731d5495c,搜一下镇江下蜀镇附近的KTV,常州市,32.040541,119.856158,mobilitybench:7240a80c06eeba4ebc,迪云畅KTV,江苏省 句容市 西街202县,32.169933,119.236505,60.11247636596004
mobilitybench_q_2782c9b57731d5495c,搜一下镇江下蜀镇附近的KTV,常州市,32.040541,119.856158,mobilitybench:c74500aa92ca0ea929,下蜀镇人民政府,江苏省 句容市 下蜀镇南大街78号,32.169273,119.190641,64.2989954597294
mobilitybench_q_25819a612552173d86,晋州市中医院附近充电桩,石家庄市,38.014923,114.444061,mobilitybench:a92edad410dc9960ee,云快充目的地充电站(仿唐众成交流充电站),河北省 晋州市 仿唐街社区服务中心南行60米右转(道闸绿牌可进),38.031376,115.017235,50.2405623681193
mobilitybench_q_25819a612552173d86,晋州市中医院附近充电桩,石家庄市,38.014923,114.444061,mobilitybench:b1338b707de67345e5,云快充超级充电站(仿唐众泰快充站),河北省 晋州市 仿唐街社区服务中心南行60米右转(道闸绿牌可进),38.030970,115.017620,50.272780551349406
mobilitybench_q_25819a612552173d86,晋州市中医院附近充电桩,石家庄市,38.014923,114.444061,mobilitybench:59b60ba7c50ebc6d93,国家电网汽车充电站(河北省石家庄市晋州市新时代汽车广场充电站),河北省 晋州市 308国道新时代汽车广场地面停车场,38.023086,115.019714,50.43540988085382
mobilitybench_q_25819a612552173d86,晋州市中医院附近充电桩,石家庄市,38.014923,114.444061,mobilitybench:d258a1ed95b9df478c,云快充汽车充电站(307国道孙家庄充电站),河北省 晋州市 工业路国家电网,38.020493,115.017685,50.2542072410617
mobilitybench_q_25819a612552173d86,晋州市中医院附近充电桩,石家庄市,38.014923,114.444061,mobilitybench:ad40eaf93bf4b2999b,国家电网汽车充电站(河北省石家庄市晋州市工业路赵卫供电所充电站),河北省 晋州市 工业路西段赵卫供电所,38.020437,115.017465,50.23487921396048
mobilitybench_q_25819a612552173d86,晋州市中医院附近充电桩,石家庄市,38.014923,114.444061,mobilitybench:e78bdb53fb6d94de6f,闪开汽车充电站(安民小区),河北省 晋州市 育才路安民14号,38.030063,115.032951,51.61180736656222
mobilitybench_q_25819a612552173d86,晋州市中医院附近充电桩,石家庄市,38.014923,114.444061,mobilitybench:45013693c538c1d425,晋州市中医院,河北省 晋州市 朝阳路南,38.030779,115.015769,50.1100580324477
mobilitybench_q_9cf4357da49ae73dd4,白云机场附近有没有地铁,肇庆市,23.050718,112.626443,mobilitybench:a2abf2b0a54dd44d12,机场南(1号航站楼)(地铁站),广东省 花都区 (在建)22号线北延段;3号线,23.386690,113.303097,78.59310686806569
mobilitybench_q_9cf4357da49ae73dd4,白云机场附近有没有地铁,肇庆市,23.050718,112.626443,mobilitybench:ee40b96833d737bf57,机场北(2号航站楼)(地铁站),广东省 花都区 (在建)22号线北延段;3号线,23.395529,113.305140,79.24565472832325
mobilitybench_q_9cf4357da49ae73dd4,白云机场附近有没有地铁,肇庆市,23.050718,112.626443,mobilitybench:7610e1d4ba827d8a54,高增(地铁站),广东省 白云区 3号线;9号线,23.355162,113.295504,76.29962428631553
mobilitybench_q_9cf4357da49ae73dd4,白云机场附近有没有地铁,肇庆市,23.050718,112.626443,mobilitybench:89bf19630eee889153,清塘(地铁站),广东省 花都区 9号线,23.372206,113.262858,74.21488076349964
mobilitybench_q_9cf4357da49ae73dd4,白云机场附近有没有地铁,肇庆市,23.050718,112.626443,mobilitybench:bcd5ed3e88ca8b4c37,人和(地铁站),广东省 白云区 (在建)22号线北延段;3号线,23.335224,113.295995,75.39237438743355
mobilitybench_q_9cf4357da49ae73dd4,白云机场附近有没有地铁,肇庆市,23.050718,112.626443,mobilitybench:ace4557d36ed489d30,清布(地铁站),广东省 花都区 9号线,23.378122,113.250989,73.47672419963858
mobilitybench_q_9cf4357da49ae73dd4,白云机场附近有没有地铁,肇庆市,23.050718,112.626443,mobilitybench:790d4a3e012d2f4150,莲塘(地铁站),广东省 花都区 9号线,23.389101,113.245149,73.57346587430018
mobilitybench_q_9cf4357da49ae73dd4,白云机场附近有没有地铁,肇庆市,23.050718,112.626443,mobilitybench:daaf5145596df53727,马鞍山公园(地铁站),广东省 花都区 (在建)18号线北延段;9号线,23.399457,113.237792,73.52710900771675
mobilitybench_q_9cf4357da49ae73dd4,白云机场附近有没有地铁,肇庆市,23.050718,112.626443,mobilitybench:ff00f94c4a7a3b1e03,竹料(地铁站),广东省 白云区 14号线,23.348496,113.368332,82.73799722175455
mobilitybench_q_9cf4357da49ae73dd4,白云机场附近有没有地铁,肇庆市,23.050718,112.626443,mobilitybench:1586f7136c026b2f3d,花都广场(地铁站),广东省 花都区 9号线,23.401307,113.222628,72.32555213446342
mobilitybench_q_9cf4357da49ae73dd4,白云机场附近有没有地铁,肇庆市,23.050718,112.626443,mobilitybench:6049bd047ce56b8cfc,广州白云国际机场,广东省 花都区 机场大道东888号,23.377894,113.304651,78.27552786407
mobilitybench_q_d41a3c3f3ac21087b3,平度市附近的LNG加气站,青岛市,36.490038,120.442395,mobilitybench:990bf0ff0b3fea612b,平度市,山东省 平度市 平度市,36.753895,119.970192,51.34866387628356
mobilitybench_q_821a71ff5938e24a5e,长春绿园区附近家政公司,沈阳市,41.774690,123.362717,mobilitybench:9fcc80601258ae6013,融合家政服务部(融和嘉苑店),吉林省 绿园区 锦阳路融和嘉苑,43.879824,125.265877,280.84082562856526
mobilitybench_q_821a71ff5938e24a5e,长春绿园区附近家政公司,沈阳市,41.774690,123.362717,mobilitybench:41d2c0c33379b9ef60,阿姨到家家政服务中心,吉林省 绿园区 松辽委37栋104,43.891287,125.263414,281.78553058815453
mobilitybench_q_821a71ff5938e24a5e,长春绿园区附近家政公司,沈阳市,41.774690,123.362717,mobilitybench:dcc2c1d9c87c8e9864,万众梁硕家政服务(一汽16街区店),吉林省 绿园区 创业大街与昆仑一路交叉口东120米,43.868529,125.257851,279.4404828793543
mobilitybench_q_821a71ff5938e24a5e,长春绿园区附近家政公司,沈阳市,41.774690,123.362717,mobilitybench:53041299bbe4b5f546,云朵阿姨 • 保姆• 月嫂• 育儿嫂,吉林省 绿园区 吾悦国际中心B座537室,43.888670,125.273767,282.0097909566658
mobilitybench_q_821a71ff5938e24a5e,长春绿园区附近家政公司,沈阳市,41.774690,123.362717,mobilitybench:433ccec84a7fc48048,欧捷朗保洁(华瀚四季花园店),吉林省 绿园区 和平大街辅路华瀚四季花园,43.896496,125.257354,281.9949375038343
mobilitybench_q_821a71ff5938e24a5e,长春绿园区附近家政公司,沈阳市,41.774690,123.362717,mobilitybench:fd0c30785b3675ceb8,绿园区净美测漏家政服务部(绿地·长春上海城店),吉林省 绿园区 上海城A区东1门旁,43.878206,125.233509,279.2418057677682
mobilitybench_q_821a71ff5938e24a5e,长春绿园区附近家政公司,沈阳市,41.774690,123.362717,mobilitybench:fc28701b8cfa1388d6,长春市绿森保洁服务有限公司,吉林省 绿园区 东风大街2061号一汽综合楼F1层,43.859253,125.249758,278.2227259977353
mobilitybench_q_821a71ff5938e24a5e,长春绿园区附近家政公司,沈阳市,41.774690,123.362717,mobilitybench:e5ad3596f5bf64da16,松雅家政(东北地理所辽阳小区东区店),吉林省 绿园区 普阳街东北地理所辽阳小区-辽阳东区,43.890597,125.284189,282.65702389134503
mobilitybench_q_821a71ff5938e24a5e,长春绿园区附近家政公司,沈阳市,41.774690,123.362717,mobilitybench:d4a62640840de316a2,长春市绿园区环卫保洁处,吉林省 绿园区 皓月大路5557号,43.891346,125.226497,280.1473187777929
mobilitybench_q_821a71ff5938e24a5e,长春绿园区附近家政公司,沈阳市,41.774690,123.362717,mobilitybench:dc06389d8e2828f7da,东方亨德家政服务公司,吉林省 绿园区 升阳街574号吉业花园,43.896725,125.281925,283.1180307707829
mobilitybench_q_821a71ff5938e24a5e,长春绿园区附近家政公司,沈阳市,41.774690,123.362717,mobilitybench:281867953d430510fa,绿园区,吉林省 绿园区 绿园区,43.881047,125.256214,280.5189805681716
mobilitybench_q_5f1d3732df261a6d5f,平昌县火车站附近的旅馆,达州市,31.198574,107.452604,mobilitybench:6a46451f382012c0e5,平昌水香情宾馆,四川省 平昌县 旅游集散中心D栋,31.553702,107.075824,53.280290585681215
mobilitybench_q_5f1d3732df261a6d5f,平昌县火车站附近的旅馆,达州市,31.198574,107.452604,mobilitybench:14cecb7c37dc957339,平昌思源宾馆(金星大道一段店),四川省 平昌县 金宝大道五段思源怡城2栋2楼,31.557202,107.085486,52.960871733009256
mobilitybench_q_5f1d3732df261a6d5f,平昌县火车站附近的旅馆,达州市,31.198574,107.452604,mobilitybench:4db0ecb3cb72173f30,平昌宏达智居酒店(新平街西段金佛花园店),四川省 平昌县 同州办事处新平街西段17号,31.562279,107.099632,52.519851811623774
mobilitybench_q_5f1d3732df261a6d5f,平昌县火车站附近的旅馆,达州市,31.198574,107.452604,mobilitybench:6f144bfa2476011fa0,平昌君雅宾馆,四川省 平昌县 北滨路龙锦湾5号楼1楼2号商铺,31.571795,107.067573,55.30026008369513
mobilitybench_q_5f1d3732df261a6d5f,平昌县火车站附近的旅馆,达州市,31.198574,107.452604,mobilitybench:67ed05cba3270846c3,星悦宾馆,四川省 平昌县 金宝新区金域华府9-1商业楼1楼2楼,31.572292,107.084048,54.32154448677883
mobilitybench_q_5f1d3732df261a6d5f,平昌县火车站附近的旅馆,达州市,31.198574,107.452604,mobilitybench:bd20d3636fa9a850ee,江口醇·酒乡宾馆,四川省 平昌县 信义大道,31.573716,107.067997,55.433978652927344
mobilitybench_q_5f1d3732df261a6d5f,平昌县火车站附近的旅馆,达州市,31.198574,107.452604,mobilitybench:e0e752774dbb2cc45a,平昌瑞峰宾馆(金平广场店),四川省 平昌县 同州街道新平街西段阳光小区1号楼7楼A号,31.565354,107.097105,52.93585209126633
mobilitybench_q_5f1d3732df261a6d5f,平昌县火车站附近的旅馆,达州市,31.198574,107.452604,mobilitybench:eee0bf600236f6a467,平昌西西里酒店(金平广场购物中心店),四川省 平昌县 新平街东段老国税局院内,31.562313,107.101369,52.41771694282578
mobilitybench_q_5f1d3732df261a6d5f,平昌县火车站附近的旅馆,达州市,31.198574,107.452604,mobilitybench:bc91faac54f4fd48aa,平昌善源宾馆,四川省 平昌县 新平街西段83号,31.565170,107.096912,52.93179690779912
mobilitybench_q_5f1d3732df261a6d5f,平昌县火车站附近的旅馆,达州市,31.198574,107.452604,mobilitybench:fdb41dd99d5e8fbb29,平昌盛元宾馆,四川省 平昌县 同州街道办事处新平街西段金佛花园六号楼(三江电器楼上),31.564358,107.098398,52.77239539875031
mobilitybench_q_5f1d3732df261a6d5f,平昌县火车站附近的旅馆,达州市,31.198574,107.452604,mobilitybench:986c1dc081708ccd7a,平昌站,四川省 平昌县 金宝大道附近,31.552752,107.076208,53.177665628988805
mobilitybench_q_ac8d931102fdfe7390,西宁市红星天铂附近有哪些可以适合运动的体育场馆体育场馆,上海市,30.911834,121.465573,mobilitybench:669c712688657c7aa6,市民中心篮球馆,青海省 城中区 时代大道西宁市市民中心,36.589078,101.747442,1924.944012242795
mobilitybench_q_ac8d931102fdfe7390,西宁市红星天铂附近有哪些可以适合运动的体育场馆体育场馆,上海市,30.911834,121.465573,mobilitybench:9fde84b4744c4ddd89,奔跑篮球俱乐部,青海省 城中区 南川西路152-2号,36.589057,101.747441,1924.9435581189534
mobilitybench_q_ac8d931102fdfe7390,西宁市红星天铂附近有哪些可以适合运动的体育场馆体育场馆,上海市,30.911834,121.465573,mobilitybench:c2ca3247a80512533f,西宁市民中心冰球馆(西宁冰上体育中心),青海省 城中区 市民中心,36.588810,101.747574,1924.925643875364
mobilitybench_q_ac8d931102fdfe7390,西宁市红星天铂附近有哪些可以适合运动的体育场馆体育场馆,上海市,30.911834,121.465573,mobilitybench:75dfff88476a3f5f5d,西宁世纪星冰上体育中心(西宁冰上体育中心),青海省 城中区 南川西路158号,36.588815,101.747078,1924.968852062727
mobilitybench_q_ac8d931102fdfe7390,西宁市红星天铂附近有哪些可以适合运动的体育场馆体育场馆,上海市,30.911834,121.465573,mobilitybench:0a040554687cab0b7a,青奥飞羽羽毛球馆,青海省 城中区 南川西路143号市民中心b馆四楼,36.588339,101.747486,1924.9211549696156
mobilitybench_q_ac8d931102fdfe7390,西宁市红星天铂附近有哪些可以适合运动的体育场馆体育场馆,上海市,30.911834,121.465573,mobilitybench:d5b918274c9c4f9647,国卓体育运动中心羽球馆,青海省 城中区 南川西路与文峰街交叉口东南380米,36.596337,101.764352,1923.662820254795
mobilitybench_q_ac8d931102fdfe7390,西宁市红星天铂附近有哪些可以适合运动的体育场馆体育场馆,上海市,30.911834,121.465573,mobilitybench:ab133da9a6b8d995ab,蜗牛篮球公园,青海省 城中区 南川东路12号幸福优鲜城市供配中心4楼3区,36.595997,101.764779,1923.6169579963496
mobilitybench_q_ac8d931102fdfe7390,西宁市红星天铂附近有哪些可以适合运动的体育场馆体育场馆,上海市,30.911834,121.465573,mobilitybench:0a58acecf04c4ea72d,奕瑞篮球,青海省 城中区 南川东路与南酉山路交叉口东北380米,36.596300,101.764802,1923.6227909337492
mobilitybench_q_ac8d931102fdfe7390,西宁市红星天铂附近有哪些可以适合运动的体育场馆体育场馆,上海市,30.911834,121.465573,mobilitybench:4e046145f17dc9dfc3,青海奕瑞体育训练基地,青海省 城中区 南川东路15号,36.596270,101.765002,1923.6046498165053
mobilitybench_q_ac8d931102fdfe7390,西宁市红星天铂附近有哪些可以适合运动的体育场馆体育场馆,上海市,30.911834,121.465573,mobilitybench:660d3964cbd2cd9da3,西宁亚美健身管理有限公司(香格里拉会所),青海省 城中区 香格里拉路与砖厂路交叉口西120米,36.609712,101.755027,1924.8184015141478
mobilitybench_q_ac8d931102fdfe7390,西宁市红星天铂附近有哪些可以适合运动的体育场馆体育场馆,上海市,30.911834,121.465573,mobilitybench:9a26bde12b2c1902bc,红星天铂售楼部,青海省 城中区 南川西路福禄巷15号,36.595706,101.751463,1924.7657124246302
mobilitybench_q_836b381b5fa4fc3928,江门鹤山附近哪里有卖钢筋套丝机,深圳市,22.625713,114.040027,mobilitybench:0e260ae5d863cc46b9,鹤山市,广东省 鹤山市 鹤山市,22.765912,112.964203,111.45855520808723
mobilitybench_q_f2e426df0790cdc556,济南齐鲁二院附近的宾馆,济宁市,35.722396,116.506166,mobilitybench:1dd9055b8b3e638b2e,济南溪谷美宿民宿(大明湖景区1号店),山东省 天桥区 标山南路与七一路交叉口西40米,36.691793,117.038893,117.91346249774634
mobilitybench_q_f2e426df0790cdc556,济南齐鲁二院附近的宾馆,济宁市,35.722396,116.506166,mobilitybench:2a65f760562ff57ca1,济南温馨园旅馆,山东省 天桥区 北园大街近张家村161号(历山路地铁站H口旁),36.687875,117.040945,117.59082202618661
mobilitybench_q_f2e426df0790cdc556,济南齐鲁二院附近的宾馆,济宁市,35.722396,116.506166,mobilitybench:dd5a6491ad9ba9c9c9,明湖美宿,山东省 天桥区 标山南路与七一路交叉口西120米,36.691264,117.038084,117.83034205014248
mobilitybench_q_f2e426df0790cdc556,济南齐鲁二院附近的宾馆,济宁市,35.722396,116.506166,mobilitybench:82fd20efc6fa1723c7,云鹏旅馆(北园大街山大二院店),山东省 天桥区 张家村29号山大二院对面(历山路地铁站G口步行80米),36.687463,117.041676,117.57583663856381
mobilitybench_q_f2e426df0790cdc556,济南齐鲁二院附近的宾馆,济宁市,35.722396,116.506166,mobilitybench:cab5fd34f88a727302,居瑞祥旅馆,山东省 天桥区 北园大街张家村158号(历山路地铁站H口旁),36.687619,117.040924,117.56409753650644
mobilitybench_q_f2e426df0790cdc556,济南齐鲁二院附近的宾馆,济宁市,35.722396,116.506166,mobilitybench:cb50e02fe0f7054ea9,品阁酒店(济南大明湖站山大二院店),山东省 天桥区 历山北路97号(近山东二院地铁2号线历山路站),36.694252,117.042248,118.285236499417
mobilitybench_q_f2e426df0790cdc556,济南齐鲁二院附近的宾馆,济宁市,35.722396,116.506166,mobilitybench:e4bd04e77539f27a44,悦名轩酒店,山东省 天桥区 北园大街256-1号(历山路地铁站F口步行280米),36.688773,117.044698,117.81956602374403
mobilitybench_q_f2e426df0790cdc556,济南齐鲁二院附近的宾馆,济宁市,35.722396,116.506166,mobilitybench:b77ed1ad31ce241245,济南顺发旅馆,山东省 天桥区 北园大街沃家庄23号(历山路地铁站K口步行90米),36.686775,117.039026,117.40908697813815
mobilitybench_q_f2e426df0790cdc556,济南齐鲁二院附近的宾馆,济宁市,35.722396,116.506166,mobilitybench:c021b420e50cd4a9e4,悦己酒店(北园大街红星美凯龙店),山东省 天桥区 北园街道北园大街240号,36.689826,117.046135,117.9791140542573
mobilitybench_q_f2e426df0790cdc556,济南齐鲁二院附近的宾馆,济宁市,35.722396,116.506166,mobilitybench:dee266527f79aa1a9d,周巧玲的投影民宿(北园商圈店),山东省 天桥区 金地和风雅苑7号楼1-1304,36.692067,117.037484,117.89010876878305
mobilitybench_q_f2e426df0790cdc556,济南齐鲁二院附近的宾馆,济宁市,35.722396,116.506166,mobilitybench:2849f0bc481311d1e5,山东大学齐鲁第二医院,山东省 天桥区 北园街道北园大街247号(历山路地铁站A口旁),36.690283,117.040276,117.8105957336606
mobilitybench_q_5d7d8d8ce15cf3a9c9,搜索澄江镇附近的轴承油封店,惠州市,23.007546,114.318028,mobilitybench:a479a80ff5d03c2b2d,澄江镇人民政府,江西省 寻乌县 澄江镇附近(中国农业银行ATM旁),25.061567,115.724571,269.37894448642425
mobilitybench_q_cac45035ca837942be,呃离无锡机场最近的高铁站,南宁市,22.831270,108.180687,mobilitybench:3241f06869bbd6fce1,无锡新区站,江苏省 新吴区 新华路与珠江路交汇处,31.498044,120.391900,1543.3652840473974
mobilitybench_q_cac45035ca837942be,呃离无锡机场最近的高铁站,南宁市,22.831270,108.180687,mobilitybench:976051f5094dd0ca7e,无锡硕放机场,江苏省 新吴区 机场路1号,31.498880,120.434011,1546.6660820138093
mobilitybench_q_8d45bfa34c5b864353,萨拉齐皮革城附近充电桩,鄂尔多斯市,39.802763,109.956665,mobilitybench:f741b92c9629c71800,特来电目的地充电站(土右旗交投诺宝龙悦城充电站),内蒙古自治区 土默特右旗 萨拉齐镇诺宝龙悦城,40.581486,110.527245,99.23008747786996
mobilitybench_q_8d45bfa34c5b864353,萨拉齐皮革城附近充电桩,鄂尔多斯市,39.802763,109.956665,mobilitybench:d748b49d4786b514db,蒙电e充汽车充电站(蒙电敕勒川国际大酒店站),内蒙古自治区 土默特右旗 内蒙古自治区包头市土默特右旗萨拉齐镇科技大街敕勒川国际大酒店,40.579478,110.531977,99.23297371568545
mobilitybench_q_8d45bfa34c5b864353,萨拉齐皮革城附近充电桩,鄂尔多斯市,39.802763,109.956665,mobilitybench:29db3e288250c280f0,蒙电e充汽车充电站(蒙电沟门供电所站),内蒙古自治区 土默特右旗 沟门镇敕勒川大街,40.587494,110.533590,100.07529493544665
mobilitybench_q_8d45bfa34c5b864353,萨拉齐皮革城附近充电桩,鄂尔多斯市,39.802763,109.956665,mobilitybench:9ce9ada79fa059c261,特来电目的地充电站(土右旗交投敕勒川电子商务中心充电站),内蒙古自治区 土默特右旗 沟门镇敕勒川电子商务园区交通运输局,40.583450,110.537780,99.85960523035341
mobilitybench_q_8d45bfa34c5b864353,萨拉齐皮革城附近充电桩,鄂尔多斯市,39.802763,109.956665,mobilitybench:4e61834fc1919e5ea2,特来电汽车充电站(特来电土右旗交投税务局停车场充电站),内蒙古自治区 土默特右旗 萨拉齐镇华艺舞蹈工作室地面停车场,40.577119,110.531216,98.97329238818476
mobilitybench_q_8d45bfa34c5b864353,萨拉齐皮革城附近充电桩,鄂尔多斯市,39.802763,109.956665,mobilitybench:5d3c79e4582f6bc1db,蒙电e充汽车充电站(蒙电宝丽来尚品嘉宴站),内蒙古自治区 土默特右旗 萨拉齐镇土默特右旗尚品嘉宴嘉宝利来尚品嘉宴,40.580460,110.537610,99.56410665087743
mobilitybench_q_8d45bfa34c5b864353,萨拉齐皮革城附近充电桩,鄂尔多斯市,39.802763,109.956665,mobilitybench:a321aac5c9b9ff2edb,蔚来能源汽车充电站(包头土右旗敕勒川国际大酒店),内蒙古自治区 土默特右旗 萨拉齐镇新区科技大街南侧欧美路西地面停车场,40.577150,110.532380,99.0250738081089
mobilitybench_q_8d45bfa34c5b864353,萨拉齐皮革城附近充电桩,鄂尔多斯市,39.802763,109.956665,mobilitybench:35be757b4be8a87899,特来电汽车充电站(特来电土右旗交投西部煤炭大厦停车场充电站),内蒙古自治区 土默特右旗 萨拉齐镇内蒙古西部煤炭交易中心地面停车场,40.577235,110.533208,99.06802480718754
mobilitybench_q_8d45bfa34c5b864353,萨拉齐皮革城附近充电桩,鄂尔多斯市,39.802763,109.956665,mobilitybench:be027dd6784525ab59,特来电汽车充电站(土右旗交投博物馆充电站),内蒙古自治区 土默特右旗 萨拉齐镇府东路天晟嘉园地面停车场,40.575937,110.527170,98.68997577211356
mobilitybench_q_8d45bfa34c5b864353,萨拉齐皮革城附近充电桩,鄂尔多斯市,39.802763,109.956665,mobilitybench:cf33d721a63d71579d,蒙电e充汽车充电站(蒙电土右供电公司站),内蒙古自治区 土默特右旗 萨拉齐镇包头供电局土右供电分局,40.575640,110.533000,98.90543350810415
mobilitybench_q_8d45bfa34c5b864353,萨拉齐皮革城附近充电桩,鄂尔多斯市,39.802763,109.956665,mobilitybench:5251d521078d879a32,前丞皮草,内蒙古自治区 土默特右旗 萨拉齐辛集皮革城3楼3005号,40.583391,110.530002,99.52901544751154
mobilitybench_q_fcddfdfe1cdb277322,查询解放碑附近的菜鸟驿站,台湾省,25.072846,121.488296,mobilitybench:83bf7524a4eb52b319,菜鸟驿站(重庆大井巷11号店),重庆市 渝中区 大井巷菜鸟驿站重庆大井巷11号店,29.559237,106.571560,1554.375505150467
mobilitybench_q_fcddfdfe1cdb277322,查询解放碑附近的菜鸟驿站,台湾省,25.072846,121.488296,mobilitybench:d08bf919f1ad72b549,菜鸟驿站(得意潮馆店),重庆市 渝中区 重庆市解放碑街道得意世界负一楼商铺乡村基旁边,29.553375,106.575425,1553.844307849568
mobilitybench_q_fcddfdfe1cdb277322,查询解放碑附近的菜鸟驿站,台湾省,25.072846,121.488296,mobilitybench:e017f16ce2698c2e55,菜鸟驿站(日月光中心广场店),重庆市 渝中区 民权路88号日月光中心广场8F层,29.554533,106.571370,1554.256554813327
mobilitybench_q_fcddfdfe1cdb277322,查询解放碑附近的菜鸟驿站,台湾省,25.072846,121.488296,mobilitybench:6556d41da83127fb25,菜鸟驿站(九尺坎联谊家园店),重庆市 渝中区 解放碑街道重庆市渝中区九尺坎51号,29.561125,106.579625,1553.677544845095
mobilitybench_q_fcddfdfe1cdb277322,查询解放碑附近的菜鸟驿站,台湾省,25.072846,121.488296,mobilitybench:176922a28109406411,菜鸟驿站(融创白象街店),重庆市 渝中区 凯旋路16号融创白象街F1层,29.552041,106.577565,1553.6057518359592
mobilitybench_q_fcddfdfe1cdb277322,查询解放碑附近的菜鸟驿站,台湾省,25.072846,121.488296,mobilitybench:8346c96a140f57ac3f,菜鸟驿站(华庭锦园店),重庆市 渝中区 解放碑街道嘉滨路132号华庭锦园T1栋1楼监控室旁,29.560880,106.570210,1554.5493132625618
mobilitybench_q_fcddfdfe1cdb277322,查询解放碑附近的菜鸟驿站,台湾省,25.072846,121.488296,mobilitybench:ac607797e14c04c104,菜鸟驿站(德兴里小区店),重庆市 渝中区 重庆市解放碑街道德兴里13号楼1-3中通快递超市旁边,29.555875,106.568825,1554.5331537466338
mobilitybench_q_fcddfdfe1cdb277322,查询解放碑附近的菜鸟驿站,台湾省,25.072846,121.488296,mobilitybench:0c1836d7ec3b8a6f44,菜鸟驿站(重庆一号桥店),重庆市 渝中区 重庆市七星岗街道聚丰锦绣盛世C栋左侧50米,29.558918,106.568739,1554.6295967443605
mobilitybench_q_fcddfdfe1cdb277322,查询解放碑附近的菜鸟驿站,台湾省,25.072846,121.488296,mobilitybench:e2f812b3e172082c77,菜鸟驿站(翠景阁店),重庆市 渝中区 南纪门街道文化街41号(文化小区6号楼),29.553215,106.580560,1553.360209396275
mobilitybench_q_fcddfdfe1cdb277322,查询解放碑附近的菜鸟驿站,台湾省,25.072846,121.488296,mobilitybench:fa68b3d12e59270927,菜鸟驿站(巴渝世家店),重庆市 渝中区 解放碑街道民生路318号巴渝世家3号楼,29.557654,106.568076,1554.6547635556708
mobilitybench_q_fcddfdfe1cdb277322,查询解放碑附近的菜鸟驿站,台湾省,25.072846,121.488296,mobilitybench:349c7d11d105279bc3,解放碑步行街,重庆市 渝中区 民族路177号,29.557253,106.575329,1553.9659540776936
mobilitybench_q_2ba487ae03c214151d,比较近的经济实惠的鲜花店,白山市,42.336034,127.272066,mobilitybench:3c5256d3b805b97747,花萃鲜花店,江苏省 惠山区 华润橡树湾437号,31.674604,120.289078,1336.6833422669636
mobilitybench_q_2ba487ae03c214151d,比较近的经济实惠的鲜花店,白山市,42.336034,127.272066,mobilitybench:fe28ba7e3db08093d7,明升花艺花店(惠山万达店),江苏省 惠山区 欣惠路152号,31.672576,120.298035,1336.5212601042751
mobilitybench_q_2ba487ae03c214151d,比较近的经济实惠的鲜花店,白山市,42.336034,127.272066,mobilitybench:dc2c4d508ca7eff3c2,一路花开(百好锦园),江苏省 惠山区 欣惠路154号,31.672604,120.298156,1336.5135154355512
mobilitybench_q_2ba487ae03c214151d,比较近的经济实惠的鲜花店,白山市,42.336034,127.272066,mobilitybench:a6be22df23434501c8,骑士花店(惠山万达店),江苏省 惠山区 欣惠路174号,31.672646,120.299245,1336.4648871001148
mobilitybench_q_2ba487ae03c214151d,比较近的经济实惠的鲜花店,白山市,42.336034,127.272066,mobilitybench:75a1a6d8d33729f2bd,鲜花烟酒超市,江苏省 惠山区 欣惠路216号,31.672604,120.301873,1336.3619428098389
mobilitybench_q_2ba487ae03c214151d,比较近的经济实惠的鲜花店,白山市,42.336034,127.272066,mobilitybench:a93429ea0f98fac24f,YOUYOU花店,江苏省 惠山区 欣惠路228号,31.672625,120.302375,1336.3393696984804
mobilitybench_q_2ba487ae03c214151d,比较近的经济实惠的鲜花店,白山市,42.336034,127.272066,mobilitybench:518532e1ffac3f231c,康夏花卉超市,江苏省 惠山区 堰桥街道天丰社区天石路88-19西(西漳公园内),31.652991,120.300404,1338.3901937731027
mobilitybench_q_2ba487ae03c214151d,比较近的经济实惠的鲜花店,白山市,42.336034,127.272066,mobilitybench:11529149efa07ec93b,爱尚鲜花(清水湾人家店),江苏省 惠山区 欣惠路268号,31.672604,120.302899,1336.3201155399452
mobilitybench_q_2ba487ae03c214151d,比较近的经济实惠的鲜花店,白山市,42.336034,127.272066,mobilitybench:5d8e90c1311902a7f5,无锡梦园景观园艺(原迎春园艺),江苏省 惠山区 西漳公园康夏花卉超市内南侧,31.652832,120.300371,1338.407497567267
mobilitybench_q_2ba487ae03c214151d,比较近的经济实惠的鲜花店,白山市,42.336034,127.272066,mobilitybench:71d3bf1f286cca4c1f,紫藤万花阁,江苏省 惠山区 天石路88号,31.654775,120.302775,1338.1145660146872
mobilitybench_q_2ba487ae03c214151d,比较近的经济实惠的鲜花店,白山市,42.336034,127.272066,mobilitybench:d15163ddd4891d2c96,无锡上实惠投环保有限公司,江苏省 惠山区 无锡惠山经济开发区中惠大道609号,31.663901,120.289405,1337.7437200124239
mobilitybench_q_bef3540195e75c241b,江陵县附近的酒业有限公司,武汉市,30.502068,113.852705,mobilitybench:f38e20d4c18a19a99b,张三吨酒厂,湖北省 江陵县 荆河路与市场路交叉口东南40米,30.033131,112.424924,146.69813533776852
mobilitybench_q_bef3540195e75c241b,江陵县附近的酒业有限公司,武汉市,30.502068,113.852705,mobilitybench:0d4b36f397084ca0fe,江北酒厂,湖北省 江陵县 仙鹤路与建设路交叉口北260米,30.032635,112.415290,147.5831028785684
mobilitybench_q_bef3540195e75c241b,江陵县附近的酒业有限公司,武汉市,30.502068,113.852705,mobilitybench:92bc63b4b99339a252,大康酒厂,湖北省 江陵县 郝穴镇建设路102号,30.030775,112.413375,147.82954784170343
mobilitybench_q_bef3540195e75c241b,江陵县附近的酒业有限公司,武汉市,30.502068,113.852705,mobilitybench:34917688f549c84bca,湖北津江啤酒有限公司,湖北省 江陵县 江陵大道,30.042933,112.443067,144.67640389339945
mobilitybench_q_bef3540195e75c241b,江陵县附近的酒业有限公司,武汉市,30.502068,113.852705,mobilitybench:1434daf5a7fbe8a386,大兴酒厂,湖北省 江陵县 郝穴镇大兴村一组,30.017730,112.451744,144.93098981506213
mobilitybench_q_bef3540195e75c241b,江陵县附近的酒业有限公司,武汉市,30.502068,113.852705,mobilitybench:f426746e001046e267,人和酒厂,湖北省 江陵县 103省道与熊彭路交叉口北40米,30.083044,112.448005,142.68910026821368
mobilitybench_q_bef3540195e75c241b,江陵县附近的酒业有限公司,武汉市,30.502068,113.852705,mobilitybench:2692fcd0ee223c9ef8,陈记酒业江陵酒厂(建设中),湖北省 江陵县 浦江路62号,30.079782,112.421781,145.19024610676334
mobilitybench_q_bef3540195e75c241b,江陵县附近的酒业有限公司,武汉市,30.502068,113.852705,mobilitybench:7a0c8d78fbe98e47c4,江陵县,湖北省 江陵县 江陵县,30.042227,112.424581,146.36661671725182
mobilitybench_q_11a161f4a211887922,石排附近有什么喝茶的地方,广州市,23.119631,113.360544,mobilitybench:69d0134c767cc33c06,1号茶室(下沙店),广东省 东莞市 石排镇下沙路260号,23.058649,113.966237,62.32498721744357
mobilitybench_q_11a161f4a211887922,石排附近有什么喝茶的地方,广州市,23.119631,113.360544,mobilitybench:1d8fd7e1936cd4389f,茶艺室,广东省 东莞市 龙田路与工业大道交叉口南440米,23.069727,113.956515,61.210107875430786
mobilitybench_q_11a161f4a211887922,石排附近有什么喝茶的地方,广州市,23.119631,113.360544,mobilitybench:d34d7092f47d7779de,鲜果茶吧,广东省 东莞市 里仁路与龙腾路交叉口东南260米,23.072870,113.944298,59.93373764020497
mobilitybench_q_11a161f4a211887922,石排附近有什么喝茶的地方,广州市,23.119631,113.360544,mobilitybench:366ecf00c9c5ba7664,丽枫茶艺棋牌室,广东省 东莞市 石排大道与石横大道交叉口西南140米,23.075951,113.961114,61.618759988363436
mobilitybench_q_11a161f4a211887922,石排附近有什么喝茶的地方,广州市,23.119631,113.360544,mobilitybench:c78f761e9898652a6b,一盏茶坊,广东省 东莞市 石排镇龙田路277号,23.078089,113.957123,61.19294597998965
mobilitybench_q_11a161f4a211887922,石排附近有什么喝茶的地方,广州市,23.119631,113.360544,mobilitybench:ee8c4ea3731f8cd568,四朋友自助棋牌茶室,广东省 东莞市 石排镇石兴路482号101室,23.079107,113.958006,61.27434300091622
mobilitybench_q_11a161f4a211887922,石排附近有什么喝茶的地方,广州市,23.119631,113.360544,mobilitybench:12b379857303347397,桃小茶园筑铺,广东省 东莞市 半仙山桃园街与天桥路交叉口南140米,23.022484,113.959304,62.1992886030327
mobilitybench_q_11a161f4a211887922,石排附近有什么喝茶的地方,广州市,23.119631,113.360544,mobilitybench:b09d4e663e7cda9d0f,叶·青年茶馆·石排店,广东省 东莞市 石排龙腾路73号1107室、1108室,23.078016,113.940742,59.52305402154996
mobilitybench_q_11a161f4a211887922,石排附近有什么喝茶的地方,广州市,23.119631,113.360544,mobilitybench:6895f7d8c7505f51c1,有财茶档,广东省 东莞市 石排大道与龙腾路交叉口西160米,23.080075,113.943775,59.814609190166394
mobilitybench_q_11a161f4a211887922,石排附近有什么喝茶的地方,广州市,23.119631,113.360544,mobilitybench:97f4ac527e226801c0,乐在棋中24小时自助棋牌茶室,广东省 东莞市 新村路10号,23.020275,113.954675,61.77693156248153
mobilitybench_q_11a161f4a211887922,石排附近有什么喝茶的地方,广州市,23.119631,113.360544,mobilitybench:bfa6b50f9d1472b9ab,石排立交,广东省 东莞市 东莞市,23.051524,113.956941,61.47402456898281
mobilitybench_q_55af6e72372d6bb7bd,老东家 附近的丽江3号门在哪里？,东莞市,23.018618,114.120245,mobilitybench:d486ede79a45c6d8b8,老东家设计,广东省 东莞市 家具大道179-1号,22.906387,113.638392,50.88795329938885
mobilitybench_q_ae7335ef8dfb1e7255,云南昭通附近的超限检测站,咸阳市,35.170044,107.869108,mobilitybench:c5c21a1cb4ed9e1390,昭通市,云南省 昭阳区 昭阳区,27.338185,103.717078,955.8502405575639
mobilitybench_q_4f237739dab39cf333,泰安红门附近的全季酒店,滨州市,37.397835,117.923736,mobilitybench:a5d7184c5d146c290e,全季酒店(泰安泰山景区店),山东省 泰山区 环山路256号,36.205938,117.112757,150.92429349199148
mobilitybench_q_4f237739dab39cf333,泰安红门附近的全季酒店,滨州市,37.397835,117.923736,mobilitybench:9c0186333d7c1efa4b,全季酒店(泰安岱庙店),山东省 泰山区 东岳大街252号联通大楼,36.190131,117.124095,151.99807736813278
mobilitybench_q_4f237739dab39cf333,泰安红门附近的全季酒店,滨州市,37.397835,117.923736,mobilitybench:16ec690a9d7878c992,全季酒店(泰安天外村店),山东省 泰山区 迎胜路117号,36.196674,117.096169,152.53963730183122
mobilitybench_q_4f237739dab39cf333,泰安红门附近的全季酒店,滨州市,37.397835,117.923736,mobilitybench:30e79fe614f30256c9,全季酒店(泰安泰山大街光彩店),山东省 岱岳区 货场路24号,36.191964,117.065662,154.3260382599846
mobilitybench_q_4f237739dab39cf333,泰安红门附近的全季酒店,滨州市,37.397835,117.923736,mobilitybench:2d40c318be33d6c621,全季酒店(泰安站高铁北街店),山东省 岱岳区 桃花源路与高铁北街交叉口望岳广场账目A区2-5楼,36.176082,117.035133,157.21726036984637
mobilitybench_q_4f237739dab39cf333,泰安红门附近的全季酒店,滨州市,37.397835,117.923736,mobilitybench:ee5a0888c824ace4c6,全季酒店(泰安万达广场店)(暂停营业),山东省 泰山区 泰山大街586号,36.182565,117.084659,154.41168995725806
mobilitybench_q_4f237739dab39cf333,泰安红门附近的全季酒店,滨州市,37.397835,117.923736,mobilitybench:4b7ff175b57e0dc3aa,红门,山东省 泰山区 泰山风景名胜区内(南侧),36.210221,117.128382,149.8429520885824
mobilitybench_q_f2efbf07b5d67375dc,新北区万达广场附近文浦酒店,滁州市,32.715937,117.658541,mobilitybench:3f3545cf26310aa76f,常州新北万达广场,江苏省 新北区 三井街道通江中路88号,31.817982,119.969503,239.11936969729115
mobilitybench_q_444067677b38f828ae,找一下范公亭公园附近停车场,济南市,36.749619,117.240937,mobilitybench:e6286aa7830209fe3a,范公亭公园停车场,山东省 青州市 范公亭西路65号范公亭公园,36.684529,118.463650,109.22424387347476
mobilitybench_q_444067677b38f828ae,找一下范公亭公园附近停车场,济南市,36.749619,117.240937,mobilitybench:7bcdb5f6cf856437e6,范公亭宾馆(青州古城景区店)地上停车场,山东省 青州市 范公亭西路198号青州范公亭宾馆,36.684020,118.465038,109.35180853385293
mobilitybench_q_444067677b38f828ae,找一下范公亭公园附近停车场,济南市,36.749619,117.240937,mobilitybench:2e3235ecf2b002e8f0,青州惠达宾馆地面停车场,山东省 青州市 衡王府西街与范公亭南街交叉口西140米,36.681965,118.462275,109.12305263771283
mobilitybench_q_444067677b38f828ae,找一下范公亭公园附近停车场,济南市,36.749619,117.240937,mobilitybench:9a71be9b5372dc5a6d,悦客景行长城大酒店地面停车场,山东省 青州市 王府街道范公亭西路299号悦客景行长城大酒店,36.684874,118.466098,109.43918524432799
mobilitybench_q_444067677b38f828ae,找一下范公亭公园附近停车场,济南市,36.749619,117.240937,mobilitybench:0e9f6be196db13b2db,易安假日酒店古城景区店停车场,山东省 青州市 驼山南路与衡王府西街交叉口西北160米,36.682891,118.465393,109.39262296414145
mobilitybench_q_444067677b38f828ae,找一下范公亭公园附近停车场,济南市,36.749619,117.240937,mobilitybench:fa47023136ef522ecb,停车场(农贸市场),山东省 青州市 西关路与衡王府西街交叉口东北20米,36.683858,118.457195,108.65563663034786
mobilitybench_q_444067677b38f828ae,找一下范公亭公园附近停车场,济南市,36.749619,117.240937,mobilitybench:1fcf837da4d05a0dac,停车场(西凤火锅鸡),山东省 青州市 西关路与衡王府西街交叉口北120米,36.684794,118.456864,108.61858584113892
mobilitybench_q_444067677b38f828ae,找一下范公亭公园附近停车场,济南市,36.749619,117.240937,mobilitybench:986264ee5c593caaf0,地面停车场,山东省 青州市 衡王府西街与西关路交叉口东南360米,36.681398,118.459779,108.9058792255207
mobilitybench_q_444067677b38f828ae,找一下范公亭公园附近停车场,济南市,36.749619,117.240937,mobilitybench:04745ed71299fd0a8a,停车场(衡王府花园小高层北区西北),山东省 青州市 范公亭西路与驼山南路交叉口东100米,36.684318,118.466989,109.5229054838484
mobilitybench_q_444067677b38f828ae,找一下范公亭公园附近停车场,济南市,36.749619,117.240937,mobilitybench:e179a398d14d7ac228,中国青州农民画画院东门停车场,山东省 青州市 衡王府西街与驼山南路交叉口西北60米,36.681917,118.465463,109.40693662540696
mobilitybench_q_444067677b38f828ae,找一下范公亭公园附近停车场,济南市,36.749619,117.240937,mobilitybench:2a850776bde31d84a6,范公亭公园,山东省 青州市 范公亭西路65号(近青州美术馆),36.685123,118.461843,109.05875424970858
mobilitybench_q_fdaee9f4e2f56af617,找寻最近的苏泊尔维修店,宿州市,33.971967,117.264993,mobilitybench:74407759a4117d8e8f,苏泊尔售后维修中心,湖北省 武昌区 和平大道铁四院公交站宝岛眼镜店与家家美超市之间进停车场50即到苏泊尔艾美特售后维修中心,30.598580,114.340667,464.99444789863895
mobilitybench_q_fdaee9f4e2f56af617,找寻最近的苏泊尔维修店,宿州市,33.971967,117.264993,mobilitybench:7f7ca8cc7a912c9b71,苏泊尔(武汉徐家棚京东MALL店),湖北省 武昌区 武汉长江公铁隧道与和平大道交叉口西60米,30.589240,114.330462,466.4070915188492
mobilitybench_q_fdaee9f4e2f56af617,找寻最近的苏泊尔维修店,宿州市,33.971967,117.264993,mobilitybench:d7346f776aff002fc7,苏泊尔家电维修(华乐山庄店),湖北省 洪山区 珞瑜路716号光谷鲁巷华乐山庄内苏泊尔售后服务部,30.508969,114.392947,470.30645149557904
mobilitybench_q_fdaee9f4e2f56af617,找寻最近的苏泊尔维修店,宿州市,33.971967,117.264993,mobilitybench:778004a73ff55becf7,找寻,湖北省 洪山区 欢乐大道10号楼,30.594286,114.420546,460.9908758051668
mobilitybench_q_bd78f0fa4170e21f9e,衢州世纪联华附近的宾馆,丽水市,28.609037,119.319166,mobilitybench:1d9c33d27b6c5f49f9,汉庭酒店(衢州水亭门店),浙江省 柯城区 县西街水亭门旁,28.960876,118.868744,58.79988945351291
mobilitybench_q_bd78f0fa4170e21f9e,衢州世纪联华附近的宾馆,丽水市,28.609037,119.319166,mobilitybench:4f002f24fd45f228a7,衢州衢府官邸酒店,浙江省 柯城区 皂木巷15号,28.960253,118.867376,58.85358906445688
mobilitybench_q_bd78f0fa4170e21f9e,衢州世纪联华附近的宾馆,丽水市,28.609037,119.319166,mobilitybench:480a00567de83fe86d,微家青年公寓,浙江省 柯城区 棋杆巷与县西街交叉口东60米,28.960562,118.869068,58.753136306045086
mobilitybench_q_bd78f0fa4170e21f9e,衢州世纪联华附近的宾馆,丽水市,28.609037,119.319166,mobilitybench:f29c88392fe5d7f151,隐园酒店(国金中心水亭门店),浙江省 柯城区 府山街道小柴家巷2号,28.960606,118.868104,58.82655275494806
mobilitybench_q_bd78f0fa4170e21f9e,衢州世纪联华附近的宾馆,丽水市,28.609037,119.319166,mobilitybench:1d5b0d0bd60d35bcfa,AA连锁酒店(衢州国金中心水亭门店),浙江省 柯城区 天宁巷37号,28.960430,118.870443,58.643401552472625
mobilitybench_q_bd78f0fa4170e21f9e,衢州世纪联华附近的宾馆,丽水市,28.609037,119.319166,mobilitybench:dd98f700fa2199814b,WEN温创酒店(衢州国金中心水亭门店),浙江省 柯城区 府山街道县学街37号101室,28.961868,118.869831,58.794242660169985
mobilitybench_q_bd78f0fa4170e21f9e,衢州世纪联华附近的宾馆,丽水市,28.609037,119.319166,mobilitybench:90ff15712976229acb,衢州欧景精品酒店(水亭门孔庙店),浙江省 柯城区 南街27号,28.958800,118.870710,58.50361019483956
mobilitybench_q_bd78f0fa4170e21f9e,衢州世纪联华附近的宾馆,丽水市,28.609037,119.319166,mobilitybench:1cf339cb1b14cf6b7d,江南贡院(衢州水亭门国金中心店),浙江省 柯城区 府山街道皂木巷15-1号,28.961200,118.867242,58.93312548497933
mobilitybench_q_bd78f0fa4170e21f9e,衢州世纪联华附近的宾馆,丽水市,28.609037,119.319166,mobilitybench:7aae4dcae3a098cdff,如家酒店(衢州水亭门景区店),浙江省 柯城区 县学街府邸景苑1幢,28.962443,118.869301,58.875287844440805
mobilitybench_q_bd78f0fa4170e21f9e,衢州世纪联华附近的宾馆,丽水市,28.609037,119.319166,mobilitybench:6d2f51ea699d6ca0d7,衢州嘉里精品酒店(国金中心水亭门店),浙江省 柯城区 小狮子巷1号,28.960143,118.871343,58.55678894289418
mobilitybench_q_bd78f0fa4170e21f9e,衢州世纪联华附近的宾馆,丽水市,28.609037,119.319166,mobilitybench:d98aaff8846ebca985,世纪联华收货区(衢州时代生活广场店),浙江省 柯城区 县西街16号衢州时代生活广场B1层,28.959917,118.868845,58.72178744751802
mobilitybench_q_67d78188fa063c5090,崂山海之恋PARK附近的海景房,济南市,36.685974,117.551450,mobilitybench:e72e4340303fbd0198,青岛海景潮汐酒店(极地海洋世界青岛大学店),山东省 崂山区 东海东路58号5号楼,36.067050,120.439720,267.568213068174
mobilitybench_q_67d78188fa063c5090,崂山海之恋PARK附近的海景房,济南市,36.685974,117.551450,mobilitybench:282b1606b9e0fc388a,青岛U酒店,山东省 崂山区 东海东路58号C17极地金岸娱乐港院内,36.067371,120.440328,267.61111885043596
mobilitybench_q_67d78188fa063c5090,崂山海之恋PARK附近的海景房,济南市,36.685974,117.551450,mobilitybench:781ffb1bedfce361b6,星漫客栈(崂山店),山东省 崂山区 东海东路58号5号楼108,36.066793,120.439976,267.59811965741227
mobilitybench_q_67d78188fa063c5090,崂山海之恋PARK附近的海景房,济南市,36.685974,117.551450,mobilitybench:3a61d0664d4918de98,或与海宿,山东省 崂山区 东海东路58号5号楼112,36.067157,120.440294,267.6146366428232
mobilitybench_q_67d78188fa063c5090,崂山海之恋PARK附近的海景房,济南市,36.685974,117.551450,mobilitybench:7de44e2b13e47ea2c2,尚客优酒店(青岛极地海洋公园店),山东省 崂山区 东海东路58号1号楼205,36.068129,120.441572,267.6958825102448
mobilitybench_q_67d78188fa063c5090,崂山海之恋PARK附近的海景房,济南市,36.685974,117.551450,mobilitybench:2be971c925222351e0,极地1号酒店(青岛极地海洋世界店),山东省 崂山区 东海东路58号2号楼,36.068700,120.441637,267.68430660597875
mobilitybench_q_67d78188fa063c5090,崂山海之恋PARK附近的海景房,济南市,36.685974,117.551450,mobilitybench:450367538d8aae07ae,柏睿海公寓(青岛五四广场青岛大学店),山东省 崂山区 海口路33号麦岛家园6号楼西侧,36.065078,120.426703,266.5022079558798
mobilitybench_q_67d78188fa063c5090,崂山海之恋PARK附近的海景房,济南市,36.685974,117.551450,mobilitybench:56b573d42e2703400b,清新幽舍民宿(青岛大学2号店),山东省 崂山区 麦岛家园1单元2703,36.065190,120.427304,266.550768220533
mobilitybench_q_67d78188fa063c5090,崂山海之恋PARK附近的海景房,济南市,36.685974,117.551450,mobilitybench:a41a71abf139b4ee55,小船酒店(青岛极地海洋世界店),山东省 崂山区 东海东路极地海洋世界酒吧街11号,36.068884,120.444483,267.92502244033835
mobilitybench_q_67d78188fa063c5090,崂山海之恋PARK附近的海景房,济南市,36.685974,117.551450,mobilitybench:7ce489f78d20100eba,世纪文华酒店,山东省 崂山区 海江路10号,36.072783,120.442560,267.6416194134741
mobilitybench_q_67d78188fa063c5090,崂山海之恋PARK附近的海景房,济南市,36.685974,117.551450,mobilitybench:2b358836956902a007,海之恋Park,山东省 崂山区 东海东路与海兴路交叉口,36.065361,120.434592,267.1757830022152
mobilitybench_q_6f2f0c77183576e68f,南京鼓楼医院附近有宾馆吗,盐城市,33.462276,119.799256,mobilitybench:972a876ce5fa9566db,新纪元大酒店,江苏省 鼓楼区 中山路251-1号,32.053212,118.783350,183.22823810216562
mobilitybench_q_6f2f0c77183576e68f,南京鼓楼医院附近有宾馆吗,盐城市,33.462276,119.799256,mobilitybench:34b4b0ef555268f402,南京泗州旅馆(鼓楼医院店),江苏省 玄武区 中山路318号1-2层(鼓楼地铁站1号口步行370米),32.055706,118.785314,182.8952111223717
mobilitybench_q_6f2f0c77183576e68f,南京鼓楼医院附近有宾馆吗,盐城市,33.462276,119.799256,mobilitybench:6a61b9db2eafe407f1,南京龙瑞旅社,江苏省 玄武区 新街口街道双龙巷5号202室,32.056516,118.785351,182.81618042999827
mobilitybench_q_6f2f0c77183576e68f,南京鼓楼医院附近有宾馆吗,盐城市,33.462276,119.799256,mobilitybench:6eb04e3b88049c6c5e,南京德基广场珠江路轻居酒店,江苏省 玄武区 中山路286号1楼(珠江路地铁站3号口步行490米),32.054675,118.785825,182.96878741035448
mobilitybench_q_6f2f0c77183576e68f,南京鼓楼医院附近有宾馆吗,盐城市,33.462276,119.799256,mobilitybench:a2b026228669651020,南京阿本旅社,江苏省 玄武区 尖角营与双龙街交汇处(鼓楼地铁站1号口步行410米),32.056185,118.786072,182.8127962002556
mobilitybench_q_6f2f0c77183576e68f,南京鼓楼医院附近有宾馆吗,盐城市,33.462276,119.799256,mobilitybench:3f5b3bbcfecd682621,南京三杯茶青年公寓,江苏省 玄武区 丹凤街双龙巷1号南京人民药店旁边楼梯通道上楼左拐2单元203室,32.056552,118.786436,182.7601575048785
mobilitybench_q_6f2f0c77183576e68f,南京鼓楼医院附近有宾馆吗,盐城市,33.462276,119.799256,mobilitybench:0561fde498304f1270,全季酒店(南京新街口珠江路地铁站店),江苏省 鼓楼区 中山路239号地铁大厦对面,32.052364,118.783516,183.3010641360918
mobilitybench_q_6f2f0c77183576e68f,南京鼓楼医院附近有宾馆吗,盐城市,33.462276,119.799256,mobilitybench:de96ef5867e3d4a209,汉庭酒店(南京丹凤街店),江苏省 玄武区 唱经楼西街28号(珠江路地铁站3号口步行490米),32.053533,118.786525,183.04386664137942
mobilitybench_q_6f2f0c77183576e68f,南京鼓楼医院附近有宾馆吗,盐城市,33.462276,119.799256,mobilitybench:1ee2f5b4b981a8045e,南京鼓楼晶丽酒店,江苏省 鼓楼区 北京西路7号(鼓楼地铁站6号口步行340米),32.058737,118.779335,182.89712767640506
mobilitybench_q_6f2f0c77183576e68f,南京鼓楼医院附近有宾馆吗,盐城市,33.462276,119.799256,mobilitybench:82f637d50a8273351e,文驿·晋酒店(南京鼓楼广场鸡鸣寺店),江苏省 玄武区 北京东路8-1号(鼓楼地铁站1号口步行440米),32.057484,118.787363,182.6263561316255
mobilitybench_q_6f2f0c77183576e68f,南京鼓楼医院附近有宾馆吗,盐城市,33.462276,119.799256,mobilitybench:ffea4bd935332f5260,南京鼓楼医院,江苏省 鼓楼区 中山路321号,32.056180,118.783042,182.96025212700593
mobilitybench_q_d0240b366431bc58bf,马陵山附近。水平会所。,临沂市,34.890839,118.283781,mobilitybench:18714b5ad612f5e4fc,马陵山,山东省 郯城县 郯城县,34.450439,118.411364,50.34105743962356
mobilitybench_q_28d0658722925689e1,小德小德青浦港附近的杂牌洗衣机门店,肇庆市,23.062099,112.424190,mobilitybench:962cadf5b0c8dd7f20,青浦界泾港新邨,上海市 青浦区 浦仓路648弄,31.153392,121.121850,1244.2380453796918
mobilitybench_q_fa03b4d5a7e2860cda,西双版纳双星塔附近宾馆,楚雄彝族自治州,26.048639,101.690159,mobilitybench:affc0cf149fcb22f68,景洪上品酒店,云南省 景洪市 万达二期A5栋05号,22.017179,100.759447,458.1283499972417
mobilitybench_q_fa03b4d5a7e2860cda,西双版纳双星塔附近宾馆,楚雄彝族自治州,26.048639,101.690159,mobilitybench:89cac88aa968957ebe,房东志谦公寓(万景大道分店),云南省 景洪市 万景大道万达雀灵秘语住宅2期融创二期雀灵秘语,22.016328,100.759453,458.22087923011645
mobilitybench_q_fa03b4d5a7e2860cda,西双版纳双星塔附近宾馆,楚雄彝族自治州,26.048639,101.690159,mobilitybench:75d8595717d6608d3d,景洪纳福汇民宿(融创国际度假区店),云南省 景洪市 万景大道万达20期a8栋,22.015673,100.759269,458.29604633712535
mobilitybench_q_fa03b4d5a7e2860cda,西双版纳双星塔附近宾馆,楚雄彝族自治州,26.048639,101.690159,mobilitybench:4fa8c720c2e87e1d89,栖迟民宿,云南省 景洪市 万达国际度假区2期A4栋-4号,22.017396,100.759230,458.1092680997584
mobilitybench_q_fa03b4d5a7e2860cda,西双版纳双星塔附近宾馆,楚雄彝族自治州,26.048639,101.690159,mobilitybench:0cfd3b22212bcec330,腾润智能酒店,云南省 景洪市 万景大道7号万达3期4栋一楼商铺,22.017660,100.759857,458.06739625477553
mobilitybench_q_fa03b4d5a7e2860cda,西双版纳双星塔附近宾馆,楚雄彝族自治州,26.048639,101.690159,mobilitybench:64d221390229072c4e,西双版纳云庐莲心居,云南省 景洪市 景洪工业园国际旅游度假区1-1期7幢5号,22.015947,100.760951,458.23102907388005
mobilitybench_q_fa03b4d5a7e2860cda,西双版纳双星塔附近宾馆,楚雄彝族自治州,26.048639,101.690159,mobilitybench:e35edabbd08dc70b78,西双版纳蓝雨美鑫酒店,云南省 景洪市 万达国际度假区万景大道4号雀灵谜语A-2栋04号,22.018033,100.758723,458.0505375177363
mobilitybench_q_fa03b4d5a7e2860cda,西双版纳双星塔附近宾馆,楚雄彝族自治州,26.048639,101.690159,mobilitybench:22a5722cf5bae8712c,苏苏家民宿(万达广场融创国际店),云南省 景洪市 景洪万达国际度假区万景大道5号大宅26幢102号,22.016575,100.760725,458.16737374646027
mobilitybench_q_fa03b4d5a7e2860cda,西双版纳双星塔附近宾馆,楚雄彝族自治州,26.048639,101.690159,mobilitybench:4191cb6f220160ca33,景洪寻梦栖客栈欢迎您(万景大道1号分店),云南省 景洪市 万达二期雀灵秘语A4栋209室,22.017187,100.758974,458.13738537254244
mobilitybench_q_fa03b4d5a7e2860cda,西双版纳双星塔附近宾馆,楚雄彝族自治州,26.048639,101.690159,mobilitybench:f80c8f1bf5ce24f900,一呆公寓(西双版纳万达),云南省 景洪市 万景大道万达国际度假区二期A10-3号,22.015193,100.760202,458.3287868741581
mobilitybench_q_fa03b4d5a7e2860cda,西双版纳双星塔附近宾馆,楚雄彝族自治州,26.048639,101.690159,mobilitybench:1ed4afd586f6c35b0e,双兴百货(万达国际度假区2期店),云南省 景洪市 景洪工业园区万达度假区2-1期A6-11号,22.016561,100.759735,458.18960770550405
mobilitybench_q_832d5f270eaf8f6c36,搜索一下东坑出口附近的药店,榆林市,37.561853,109.598633,mobilitybench:85db644e07cbe11d7a,信德康大药房,陕西省 靖边县 建设路与旺琴北路交叉口西80米,37.572975,108.569425,90.71957192693145
mobilitybench_q_832d5f270eaf8f6c36,搜索一下东坑出口附近的药店,榆林市,37.561853,109.598633,mobilitybench:f99b8aa0761092d74c,广生堂大药房(中心街店),陕西省 靖边县 旺琴北路与建设路交叉口北280米,37.575459,108.570744,90.6060119027448
mobilitybench_q_832d5f270eaf8f6c36,搜索一下东坑出口附近的药店,榆林市,37.561853,109.598633,mobilitybench:d2f66711ff7cc2d6dc,荣泰大药房,陕西省 靖边县 东坑镇中心小学北,37.577339,108.570018,90.6725735910912
mobilitybench_q_832d5f270eaf8f6c36,搜索一下东坑出口附近的药店,榆林市,37.561853,109.598633,mobilitybench:47b149129ed1170e11,仁爱大药房,陕西省 靖边县 中心街与市场路交叉口东60米,37.575001,108.567639,90.87907728207603
mobilitybench_q_832d5f270eaf8f6c36,搜索一下东坑出口附近的药店,榆林市,37.561853,109.598633,mobilitybench:39ee3082e3311d35bd,得医康医药,陕西省 靖边县 中心街与市场路交叉口东北60米,37.575269,108.567496,90.89199964441714
mobilitybench_q_832d5f270eaf8f6c36,搜索一下东坑出口附近的药店,榆林市,37.561853,109.598633,mobilitybench:c2689a1bc7b578c9c4,丽康医药,陕西省 靖边县 市场路与中心街交叉口西120米,37.574911,108.565548,91.06323814415774
mobilitybench_q_832d5f270eaf8f6c36,搜索一下东坑出口附近的药店,榆林市,37.561853,109.598633,mobilitybench:ad72d947324ece0bfa,东坑出口(G20青银高速西向),陕西省 靖边县 靖边县,37.567207,108.585215,89.3249172709777
mobilitybench_q_dde25e09cf5497f42e,池州高铁站附近的清真饭店,长沙市,28.173701,112.980235,mobilitybench:293f942802d3ef50d8,君临楼传统牛肉面,安徽省 贵池区 永明路辅路与双溪路交叉口东北100米,30.620725,117.519525,517.048268774243
mobilitybench_q_dde25e09cf5497f42e,池州高铁站附近的清真饭店,长沙市,28.173701,112.980235,mobilitybench:b4653524b2c95be61d,兰州拉面(世纪广场店),安徽省 贵池区 火车站汽车站对面前排门面房,30.620766,117.519366,517.0374971693307
mobilitybench_q_dde25e09cf5497f42e,池州高铁站附近的清真饭店,长沙市,28.173701,112.980235,mobilitybench:1f89060317b30f3cc6,兰州拉面,安徽省 贵池区 桂花城,30.619877,117.506706,515.9449150483326
mobilitybench_q_dde25e09cf5497f42e,池州高铁站附近的清真饭店,长沙市,28.173701,112.980235,mobilitybench:46dfdb8973dec605e7,兰州拉面,安徽省 贵池区 仁盛·世纪星城西门旁,30.646287,117.498134,516.7466428874499
mobilitybench_q_dde25e09cf5497f42e,池州高铁站附近的清真饭店,长沙市,28.173701,112.980235,mobilitybench:84583fae3e53336c74,兰州拉面,安徽省 贵池区 和谐路313号兰州拉面,30.640926,117.489607,515.740365091561
mobilitybench_q_dde25e09cf5497f42e,池州高铁站附近的清真饭店,长沙市,28.173701,112.980235,mobilitybench:3402fbb0341e142571,兰州牛肉拉面,安徽省 贵池区 静安新城5幢105,30.633617,117.484293,514.8861010800925
mobilitybench_q_dde25e09cf5497f42e,池州高铁站附近的清真饭店,长沙市,28.173701,112.980235,mobilitybench:1e24b88bb51ac4d2d6,穆蓝拉面,安徽省 贵池区 安徽卫生健康职业学院学生公寓北侧250米,30.638075,117.568875,522.0951112469876
mobilitybench_q_dde25e09cf5497f42e,池州高铁站附近的清真饭店,长沙市,28.173701,112.980235,mobilitybench:3ad7d8e6118de88c09,兰州拉面(秀山路店),安徽省 贵池区 秀山南路秀山美地A组团2幢101,30.651263,117.480937,515.6236001881928
mobilitybench_q_dde25e09cf5497f42e,池州高铁站附近的清真饭店,长沙市,28.173701,112.980235,mobilitybench:5db42ecc9812aa3d1d,银峰兰州牛肉拉面,安徽省 贵池区 建设东路与翠柏中路交叉口东南40米,30.661334,117.491310,517.0523553096552
mobilitybench_q_dde25e09cf5497f42e,池州高铁站附近的清真饭店,长沙市,28.173701,112.980235,mobilitybench:3369afa2408fc67bd0,兰州牛肉面,安徽省 贵池区 山泉家园东门东南60米,30.657818,117.479353,515.8716802714979
mobilitybench_q_dde25e09cf5497f42e,池州高铁站附近的清真饭店,长沙市,28.173701,112.980235,mobilitybench:ce2ddc0d3970810dd4,池州站,安徽省 贵池区 国定车城3栋101,30.619288,117.522637,517.2232490662209
mobilitybench_q_a6e1c07cb4eae92e48,请搜索重庆市巫溪县田坝镇附近的玻璃店,苏州市,31.215117,121.033932,mobilitybench:c2f9db9b57d096f67e,田坝镇人民政府,重庆市 巫溪县 田坝镇田茶街12号,31.397498,108.868245,1155.3931303561155
mobilitybench_q_07e8539e339eb60f6d,小爱同学附近京东快递在哪里,淮安市,33.141705,118.293661,mobilitybench:122997d657635c2d96,京东快递(苏州平望营业部),江苏省 吴江区 梅堰双龙手套厂斜对面院内,30.970802,120.579103,323.49119546524537
mobilitybench_q_07e8539e339eb60f6d,小爱同学附近京东快递在哪里,淮安市,33.141705,118.293661,mobilitybench:1fbf99f4d60fa7ab20,小爱同学眼镜店,江苏省 吴江区 524国道与宜滨弄交叉口东20米,30.977938,120.640480,326.77913892642465
mobilitybench_q_49a89898d07f0aa75b,五峰附近的酒业有限公司,荆州市,30.060959,112.215803,mobilitybench:e68a0c9edf922c97ad,五峰牛井坊酒厂,湖北省 五峰土家族自治县 渔洋关镇三房坪村6组106号,30.124327,111.093046,108.24704517248702
mobilitybench_q_49a89898d07f0aa75b,五峰附近的酒业有限公司,荆州市,30.060959,112.215803,mobilitybench:cf23c60bf69002b43d,裕红酒厂,湖北省 五峰土家族自治县 桥河村五组,30.187996,111.097094,108.5166496847163
mobilitybench_q_49a89898d07f0aa75b,五峰附近的酒业有限公司,荆州市,30.060959,112.215803,mobilitybench:0448b0b48b72e161e7,沙淌酒厂,湖北省 五峰土家族自治县 渔洋关镇沙埫村八组68号,30.113904,111.074353,109.97933549139098
mobilitybench_q_49a89898d07f0aa75b,五峰附近的酒业有限公司,荆州市,30.060959,112.215803,mobilitybench:bc54c7296231cd14e3,五峰土家族自治县,湖北省 五峰土家族自治县 五峰土家族自治县,30.156741,111.073740,110.371871465733
mobilitybench_q_05bc4a935a912e489a,看一下梅州市周边的景区,上海市,31.218075,121.432744,mobilitybench:01f837a596d6bef5fc,野樱花,广东省 梅江区 江南街道梅新路163号,24.288479,116.120935,930.7467152688503
mobilitybench_q_05bc4a935a912e489a,看一下梅州市周边的景区,上海市,31.218075,121.432744,mobilitybench:8222f4831c1ca25d68,广东梅州叶氏崇本堂,广东省 梅江区 白马八巷,24.289034,116.119773,930.7589872834849
mobilitybench_q_05bc4a935a912e489a,看一下梅州市周边的景区,上海市,31.218075,121.432744,mobilitybench:824ef1e0e3d5ccfbb8,丹峰公祠,广东省 梅江区 新苑路41-3号,24.288670,116.124367,930.5397530663931
mobilitybench_q_05bc4a935a912e489a,看一下梅州市周边的景区,上海市,31.218075,121.432744,mobilitybench:b30169905923524b4e,麓湖山,广东省 梅江区 华苑路与三华街交叉口西北40米,24.286580,116.125148,930.6917971804321
mobilitybench_q_05bc4a935a912e489a,看一下梅州市周边的景区,上海市,31.218075,121.432744,mobilitybench:317c467c137edf85ce,白马巷德馨堂,广东省 梅江区 白马四巷,24.291680,116.118964,930.5567339718403
mobilitybench_q_05bc4a935a912e489a,看一下梅州市周边的景区,上海市,31.218075,121.432744,mobilitybench:45b63163cf3d0b7634,熊氏德敬公祠,广东省 梅江区 富奇路54-1号,24.283529,116.121682,931.1675027568217
mobilitybench_q_05bc4a935a912e489a,看一下梅州市周边的景区,上海市,31.218075,121.432744,mobilitybench:b36e2b7b0f8ccc68fc,念祖居,广东省 梅江区 梅江大道与华苑路交叉口东南120米,24.282886,116.124356,931.0802374049423
mobilitybench_q_05bc4a935a912e489a,看一下梅州市周边的景区,上海市,31.218075,121.432744,mobilitybench:9da26040121194cf52,梅州市全民健身广场,广东省 梅江区 沿江西路与新中路交叉口南320米,24.286719,116.115392,931.2165509550539
mobilitybench_q_05bc4a935a912e489a,看一下梅州市周边的景区,上海市,31.218075,121.432744,mobilitybench:35ca78fcdaf5f32244,嘉印拾光乐园,广东省 梅江区 嘉应路与白马一巷交叉口,24.294039,116.117917,930.3944350526144
mobilitybench_q_05bc4a935a912e489a,看一下梅州市周边的景区,上海市,31.218075,121.432744,mobilitybench:72e68c3c60cd5705b2,潮玩游乐园·乐摇摇,广东省 梅江区 嘉运路与白马二巷交叉口西北80米,24.294043,116.117911,930.3943929806323
mobilitybench_q_05bc4a935a912e489a,看一下梅州市周边的景区,上海市,31.218075,121.432744,mobilitybench:50aced7fbd112b2313,梅州市,广东省 梅江区 梅江区,24.288832,116.122046,930.6525383519731
mobilitybench_q_a263066f93ecc89702,碗窑村附近的足浴店有哪些,丽江市,26.887984,100.224574,mobilitybench:2178495401faea8ed1,建水益足堂足浴店,云南省 建水县 盛世临安巅峰10幢2号商铺,23.628180,102.806039,445.8126447388068
mobilitybench_q_a263066f93ecc89702,碗窑村附近的足浴店有哪些,丽江市,26.887984,100.224574,mobilitybench:b6228309351af6c63d,足心堂甲沟沟,云南省 建水县 盛世临安一期1号门41副商铺龙井大药房隔壁,23.627361,102.806158,445.89414958933054
mobilitybench_q_a263066f93ecc89702,碗窑村附近的足浴店有哪些,丽江市,26.887984,100.224574,mobilitybench:e8259ae6eeadfc4747,君泰足浴(建水店),云南省 建水县 泽园路桃源湾小区14栋14-1号商铺,23.632052,102.798835,445.03873821769645
mobilitybench_q_a263066f93ecc89702,碗窑村附近的足浴店有哪些,丽江市,26.887984,100.224574,mobilitybench:18127dc889e7a965a8,清风徐来足浴SPA,云南省 建水县 紫陶博物馆东南侧170米,23.637408,102.805923,444.96638668745254
mobilitybench_q_a263066f93ecc89702,碗窑村附近的足浴店有哪些,丽江市,26.887984,100.224574,mobilitybench:6cd8846db0a8d84e07,建水县尊尚足浴会所,云南省 建水县 临安镇青山路大宅门十一组4层7-14号,23.627495,102.809442,446.0742269724899
mobilitybench_q_a263066f93ecc89702,碗窑村附近的足浴店有哪些,丽江市,26.887984,100.224574,mobilitybench:9cc8d22cb61501ffba,御足坊足浴店(青山路店),云南省 建水县 泰和花园7幢西北门旁,23.627576,102.810090,446.1048169547641
mobilitybench_q_a263066f93ecc89702,碗窑村附近的足浴店有哪些,丽江市,26.887984,100.224574,mobilitybench:9390b3975a830a8664,彩红轩足浴,云南省 建水县 临安镇清远路七彩城二期6幢2-3层,23.624944,102.804438,446.01357504692254
mobilitybench_q_a263066f93ecc89702,碗窑村附近的足浴店有哪些,丽江市,26.887984,100.224574,mobilitybench:d47ce610a55cb5bfe9,康成足浴,云南省 建水县 永祯路与紫陶大道交叉口东南140米,23.627990,102.811617,446.15663845168
mobilitybench_q_a263066f93ecc89702,碗窑村附近的足浴店有哪些,丽江市,26.887984,100.224574,mobilitybench:38e7755d8b23d071cc,足缘浴养生堂分店,云南省 建水县 青山路新邦花城15-1,23.624432,102.807865,446.2606391402807
mobilitybench_q_a263066f93ecc89702,碗窑村附近的足浴店有哪些,丽江市,26.887984,100.224574,mobilitybench:a6a89408e94b90a3c4,过足瘾,云南省 建水县 紫陶大道与清远路交叉口东北100米,23.624419,102.807887,446.26310976948696
mobilitybench_q_a263066f93ecc89702,碗窑村附近的足浴店有哪些,丽江市,26.887984,100.224574,mobilitybench:3a51f7306ef8d84a01,碗窑村活动室,云南省 建水县 碗窑段盛世临安·巅峰北侧约110米,23.631666,102.804510,445.40590100834737
mobilitybench_q_6d77ee45a0cb015e5e,哈尔滨方向最近的服务区,兴安盟,46.089866,122.415661,mobilitybench:492ebaa15934debe8f,松北服务区,黑龙江省 松北区 松北区,45.861821,126.570626,322.04295558070595
mobilitybench_q_6d77ee45a0cb015e5e,哈尔滨方向最近的服务区,兴安盟,46.089866,122.415661,mobilitybench:1aa3e112984dfcd974,松北服务区,黑龙江省 松北区 松北区,45.860570,126.570693,322.0627039511517
mobilitybench_q_6d77ee45a0cb015e5e,哈尔滨方向最近的服务区,兴安盟,46.089866,122.415661,mobilitybench:b12a9464f66a5b0d4a,服务区(绥满高速满洲里方向),黑龙江省 呼兰区 呼兰区,45.847051,126.520717,318.3767198095257
mobilitybench_q_6d77ee45a0cb015e5e,哈尔滨方向最近的服务区,兴安盟,46.089866,122.415661,mobilitybench:ac0e2c7329bb0f00b9,G1001哈尔滨绕城高速入口(满洲里方向),黑龙江省 松北区 松北区,45.863676,126.605405,324.6999120654971
mobilitybench_q_39e823556e835db90d,莒县周边炒鸡莒县周边炒鸡,日照市,35.385280,119.527591,mobilitybench:93fe5c7a7778c5b270,莒县临沂炒鸡店,山东省 莒县 城阳街道青年北路后营街沿街房278号,35.602806,118.830643,67.5734452793999
mobilitybench_q_39e823556e835db90d,莒县周边炒鸡莒县周边炒鸡,日照市,35.385280,119.527591,mobilitybench:69f20653ee6764041d,莒县正宗蒙阴炒鸡光棍鸡(沂蒙农家乐),山东省 莒县 莒县沭东维也纳酒店南80米路西沿街楼,35.565736,118.889045,61.204975699391774
mobilitybench_q_39e823556e835db90d,莒县周边炒鸡莒县周边炒鸡,日照市,35.385280,119.527591,mobilitybench:70204acd1d976136e3,花宝街石锅鸡公煲(山东日照莒县如意桃园店),山东省 莒县 如意桃园北区,35.601214,118.859361,65.08751507121079
mobilitybench_q_39e823556e835db90d,莒县周边炒鸡莒县周边炒鸡,日照市,35.385280,119.527591,mobilitybench:bd1283039b271141d8,莒县,山东省 莒县 莒县,35.591250,118.869059,63.87009246636548
mobilitybench_q_081c68b21b3a56a03c,长垣哪里有LNG加气站,菏泽市,35.081439,115.695100,mobilitybench:b80892e8f7bcc5d418,长垣市,河南省 长垣市 长垣市,35.201628,114.668850,94.2664172513368
mobilitybench_q_3ee7d91442d5bb3c8c,睢宁9月广场附近的邮局邮政储蓄所,徐州市,33.898590,117.955022,mobilitybench:76b1562b4c30e38680,中国邮政储蓄银行(西湖营业所),江苏省 邗江区 西湖镇司徒庙路6号,32.426337,119.403338,212.06739737587247
mobilitybench_q_3ee7d91442d5bb3c8c,睢宁9月广场附近的邮局邮政储蓄所,徐州市,33.898590,117.955022,mobilitybench:7cda64937ac5a9f489,中国邮政储蓄银行(扬州市开发区支行),江苏省 邗江区 维扬路89-2-103号,32.369737,119.413300,217.56695927092102
mobilitybench_q_3ee7d91442d5bb3c8c,睢宁9月广场附近的邮局邮政储蓄所,徐州市,33.898590,117.955022,mobilitybench:c5c55f8034247c5410,中国邮政储蓄银行(扬州市分行),江苏省 邗江区 翠岗路1号金菊商务楼1幢,32.396622,119.401697,214.54655834498627
mobilitybench_q_3ee7d91442d5bb3c8c,睢宁9月广场附近的邮局邮政储蓄所,徐州市,33.898590,117.955022,mobilitybench:fdbbab1d27da72727b,中国邮政储蓄银行(广陵区支行),江苏省 广陵区 运河西路176号,32.388880,119.463193,218.84918462600157
mobilitybench_q_3ee7d91442d5bb3c8c,睢宁9月广场附近的邮局邮政储蓄所,徐州市,33.898590,117.955022,mobilitybench:804893fceacd4e4b80,中国邮政储蓄银行(维扬营业所),江苏省 邗江区 维扬路103号,32.373314,119.412503,217.20824567720624
mobilitybench_q_3ee7d91442d5bb3c8c,睢宁9月广场附近的邮局邮政储蓄所,徐州市,33.898590,117.955022,mobilitybench:5c4b31ef3fb3971aae,中国邮政储蓄银行(邗江区支行),江苏省 邗江区 邗江中路367-3号新世纪商务楼,32.372685,119.400925,216.5915219459135
mobilitybench_q_3ee7d91442d5bb3c8c,睢宁9月广场附近的邮局邮政储蓄所,徐州市,33.898590,117.955022,mobilitybench:df3fd578d80001bc4b,中国邮政储蓄银行(四季园支行),江苏省 邗江区 维扬路240-1号,32.390616,119.408736,215.48064041646026
mobilitybench_q_3ee7d91442d5bb3c8c,睢宁9月广场附近的邮局邮政储蓄所,徐州市,33.898590,117.955022,mobilitybench:39cf5500a5629bab4c,中国邮政储蓄银行(广陵营业所),江苏省 广陵区 广陵路283号,32.388707,119.444718,217.76464710335802
mobilitybench_q_3ee7d91442d5bb3c8c,睢宁9月广场附近的邮局邮政储蓄所,徐州市,33.898590,117.955022,mobilitybench:125c05c1144ed36341,中国邮政储蓄银行(邗城营业所),江苏省 邗江区 文汇西路与邗江中路交叉口东南100米,32.380451,119.400198,215.86986011315048
mobilitybench_q_3ee7d91442d5bb3c8c,睢宁9月广场附近的邮局邮政储蓄所,徐州市,33.898590,117.955022,mobilitybench:9a31e9938b8d73b78a,中国邮政储蓄银行(文峰支行),江苏省 广陵区 渡江南路116号邮政局旁电信公司,32.370641,119.446385,219.42423105427875
mobilitybench_q_3ee7d91442d5bb3c8c,睢宁9月广场附近的邮局邮政储蓄所,徐州市,33.898590,117.955022,mobilitybench:0fd18b2937c749ef95,九月森林(京华城),江苏省 邗江区 京华城路168号Living Mall全生活广场1楼,32.385246,119.374429,213.96097674807262
mobilitybench_q_46efd08db200804805,洛阳龙门站附近的加油站,郑州市,34.457131,113.037786,mobilitybench:5e2e2e365b175178e4,中国石化洛阳第五十三加油站,河南省 洛龙区 厚载门衔与伊洛路交叉口东南角,34.598932,112.464143,54.86470187145576
mobilitybench_q_46efd08db200804805,洛阳龙门站附近的加油站,郑州市,34.457131,113.037786,mobilitybench:eaba40295fe12a08a9,中国石化合资第五十二加油站,河南省 洛龙区 永泰街与香山路交叉口北50米路西,34.602017,112.450518,56.15783675855387
mobilitybench_q_46efd08db200804805,洛阳龙门站附近的加油站,郑州市,34.457131,113.037786,mobilitybench:20b4a2778f2836a801,中国石化第四十二加油站,河南省 洛龙区 长兴街与翠云路交叉口东北侧,34.608777,112.459611,55.581742924608605
mobilitybench_q_46efd08db200804805,洛阳龙门站附近的加油站,郑州市,34.457131,113.037786,mobilitybench:dd7b804e5211b67a62,中国石化第二十二加油站,河南省 洛龙区 龙门大道780号,34.591945,112.474693,53.71984020800545
mobilitybench_q_46efd08db200804805,洛阳龙门站附近的加油站,郑州市,34.457131,113.037786,mobilitybench:27b96a08bd32ec2408,龙达石油加油站,河南省 洛龙区 伊洛路与龙门大道交叉口西南,34.599348,112.473941,54.01901245851209
mobilitybench_q_46efd08db200804805,洛阳龙门站附近的加油站,郑州市,34.457131,113.037786,mobilitybench:ab0afa5c75e7cdd02d,中图石油加油站(李屯站),河南省 洛龙区 王城大道李屯桥南400米路西,34.582858,112.440633,56.46712606560684
mobilitybench_q_46efd08db200804805,洛阳龙门站附近的加油站,郑州市,34.457131,113.037786,mobilitybench:521ef7e7a681a30196,中国石化第五十六加油站,河南省 洛龙区 龙门大道与南环路交叉口东100米路南,34.588291,112.480669,53.082346129807114
mobilitybench_q_46efd08db200804805,洛阳龙门站附近的加油站,郑州市,34.457131,113.037786,mobilitybench:8a5eed7a051e05e95e,中国石油洛阳第23加油站,河南省 洛龙区 龙门大道87号,34.575828,112.475680,53.164797112060654
mobilitybench_q_46efd08db200804805,洛阳龙门站附近的加油站,郑州市,34.457131,113.037786,mobilitybench:f35c55cb5358780f58,中国石化第四十九加油站,河南省 洛龙区 新区瀛洲东路与关林路交叉口向南200米,34.593092,112.424059,58.22123586612827
mobilitybench_q_46efd08db200804805,洛阳龙门站附近的加油站,郑州市,34.457131,113.037786,mobilitybench:957b463b9a0bf2df4e,中国石化关林加油站,河南省 洛龙区 关圣街2号,34.617726,112.480560,54.07416339660228
mobilitybench_q_46efd08db200804805,洛阳龙门站附近的加油站,郑州市,34.457131,113.037786,mobilitybench:c62de2324b76274ba9,洛阳龙门站,河南省 洛龙区 通衢路19号,34.593842,112.456291,55.39763051554264
mobilitybench_q_85de3196702d7c3ed7,娄底市娄星区创业一路附近旺达创业园,南昌市,28.729263,115.862382,mobilitybench:e13f6a71c4b87d6de1,旺达创业园,湖南省 娄星区 创业一路附近,27.773778,112.034866,389.64369019470865
mobilitybench_q_85de3196702d7c3ed7,娄底市娄星区创业一路附近旺达创业园,南昌市,28.729263,115.862382,mobilitybench:38a7a933eb50f4daa4,娄底市旺达创业园办公楼,湖南省 娄星区 湘阳街1095号,27.734500,112.026602,391.69922776302576
mobilitybench_q_85de3196702d7c3ed7,娄底市娄星区创业一路附近旺达创业园,南昌市,28.729263,115.862382,mobilitybench:1e2b703621833ffcc0,娄底市旺达企业孵化基地,湖南省 娄星区 创业一路6号,27.773932,112.032464,389.86509680364804
mobilitybench_q_85de3196702d7c3ed7,娄底市娄星区创业一路附近旺达创业园,南昌市,28.729263,115.862382,mobilitybench:6e1653d2b049024c35,国家电网汽车充电站(娄底旺达工业园公共充电站),湖南省 娄星区 旺达创业园地面停车场,27.773358,112.032485,389.8814762438105
mobilitybench_q_85de3196702d7c3ed7,娄底市娄星区创业一路附近旺达创业园,南昌市,28.729263,115.862382,mobilitybench:9398b9498b55213695,娄底市星升机械制造有限公司,湖南省 娄星区 创业一路旺达创业园18栋,27.773200,112.036850,389.47525971769454
mobilitybench_q_85de3196702d7c3ed7,娄底市娄星区创业一路附近旺达创业园,南昌市,28.729263,115.862382,mobilitybench:cb2fa7d2f11e278ed4,湖南娄晟建材有限公司,湖南省 娄星区 创业一路旺达创业园14栋,27.773173,112.034003,389.7443650938899
mobilitybench_q_85de3196702d7c3ed7,娄底市娄星区创业一路附近旺达创业园,南昌市,28.729263,115.862382,mobilitybench:cd5e33d86d226e9e82,娄底市洪申科技有限公司,湖南省 娄星区 娄星区经济开发区旺达创业园5号厂房,27.774719,112.036303,389.4781881948313
mobilitybench_q_85de3196702d7c3ed7,娄底市娄星区创业一路附近旺达创业园,南昌市,28.729263,115.862382,mobilitybench:5e01726ca59dc961b0,锦鸿钢结构有限公司,湖南省 娄星区 S312(娄涟公路)旺达创业园6栋,27.774031,112.036558,389.47616912585835
mobilitybench_q_85de3196702d7c3ed7,娄底市娄星区创业一路附近旺达创业园,南昌市,28.729263,115.862382,mobilitybench:060c0cb042c3588981,奥农科技有限公司,湖南省 娄星区 经济开发区第二工业园旺达创业园第十栋,27.773542,112.033715,389.7596929761674
mobilitybench_q_85de3196702d7c3ed7,娄底市娄星区创业一路附近旺达创业园,南昌市,28.729263,115.862382,mobilitybench:efbd914bf61844e4d8,湖南明德新材料科技有限公司,湖南省 娄星区 涟滨街道经济开发区旺达创业园007栋,27.773904,112.033695,389.74999742677375
mobilitybench_q_85de3196702d7c3ed7,娄底市娄星区创业一路附近旺达创业园,南昌市,28.729263,115.862382,mobilitybench:c8f271aafb61de119b,创业一路,湖南省 娄星区 娄星区,27.770447,112.037334,389.51794591512555
mobilitybench_q_33011b84d9404b4b06,沈阳市王家沟附近的重汽修配厂,哈尔滨市,45.716606,126.797747,mobilitybench:64d17ac54ce45ca141,顺源发重汽配件修理厂,辽宁省 大东区 中福石油加油站东北侧250米,41.866200,123.552428,501.0607134348052
mobilitybench_q_33011b84d9404b4b06,沈阳市王家沟附近的重汽修配厂,哈尔滨市,45.716606,126.797747,mobilitybench:280b96246babfe8cf3,新曙光重型汽车修配厂,辽宁省 大东区 二台子屠宰厂现烤牛肉干西南侧120米,41.849505,123.506835,504.5694897226628
mobilitybench_q_33011b84d9404b4b06,沈阳市王家沟附近的重汽修配厂,哈尔滨市,45.716606,126.797747,mobilitybench:5c2f9e099007137470,小白重汽维修有限公司,辽宁省 大东区 虎石台南大街198号,41.903172,123.494325,499.9642343682778
mobilitybench_q_33011b84d9404b4b06,沈阳市王家沟附近的重汽修配厂,哈尔滨市,45.716606,126.797747,mobilitybench:f74ee50817e1ff5a29,志诚重汽修配厂,辽宁省 皇姑区 佳佳安停车管理办公室西南侧140米,41.885407,123.467646,502.7935691923721
mobilitybench_q_33011b84d9404b4b06,沈阳市王家沟附近的重汽修配厂,哈尔滨市,45.716606,126.797747,mobilitybench:4e54c2864d412c26f7,鑫隆货车维修,辽宁省 沈北新区 陵园街收费站(G1京哈高速出口)附近,41.905028,123.452800,501.5593502971054
mobilitybench_q_33011b84d9404b4b06,沈阳市王家沟附近的重汽修配厂,哈尔滨市,45.716606,126.797747,mobilitybench:4107117faa370a6114,小包重汽修理厂,辽宁省 沈北新区 蒲河路与雅园街交叉口西100米,41.953189,123.594435,490.95639655925896
mobilitybench_q_33011b84d9404b4b06,沈阳市王家沟附近的重汽修配厂,哈尔滨市,45.716606,126.797747,mobilitybench:30b76166f019d21e3b,小包重汽修配厂,辽宁省 浑南区 雪松骨科医院东100米,41.800571,123.597891,505.5180961092338
mobilitybench_q_33011b84d9404b4b06,沈阳市王家沟附近的重汽修配厂,哈尔滨市,45.716606,126.797747,mobilitybench:a8a6b0d23c2f98b21b,王家沟收费站(G1京哈高速入口),辽宁省 大东区 大东区,41.878522,123.542707,500.28336921182927
mobilitybench_q_f502f1e09a00fea2ee,淮安东站附近有什么好玩的地方,淮安市,33.038604,118.991143,mobilitybench:f8381f1beaa008e08e,乌沙河公园,江苏省 淮安区 淮盛路1号,33.567786,119.181880,61.45435783929538
mobilitybench_q_f502f1e09a00fea2ee,淮安东站附近有什么好玩的地方,淮安市,33.038604,118.991143,mobilitybench:8e2f0bc30fbc6a221c,流纱河沙滩,江苏省 淮安区 枚皋路与东站高架辅路交叉口西南320米,33.566317,119.174980,61.11566511126629
mobilitybench_q_f502f1e09a00fea2ee,淮安东站附近有什么好玩的地方,淮安市,33.038604,118.991143,mobilitybench:971c7a85b870708faf,高铁商务区站前滨水休闲区,江苏省 淮安区 淮启路,33.565116,119.173512,60.94941059526026
mobilitybench_q_f502f1e09a00fea2ee,淮安东站附近有什么好玩的地方,淮安市,33.038604,118.991143,mobilitybench:9de3d97c580e0f3347,山阳街道席桥镇烈士陵园,江苏省 淮安区 八方路18号,33.585557,119.193180,63.65024675187661
mobilitybench_q_f502f1e09a00fea2ee,淮安东站附近有什么好玩的地方,淮安市,33.038604,118.991143,mobilitybench:093ef61055b5eb0684,沈营基督教堂,江苏省 淮安区 承恩大道51号,33.548927,119.176842,59.31216279274516
mobilitybench_q_f502f1e09a00fea2ee,淮安东站附近有什么好玩的地方,淮安市,33.038604,118.991143,mobilitybench:0f70c52bf83e5be409,望前程一帆风顺,江苏省 淮安区 边寿民路,33.541983,119.183754,58.76659342520926
mobilitybench_q_f502f1e09a00fea2ee,淮安东站附近有什么好玩的地方,淮安市,33.038604,118.991143,mobilitybench:c867bd2a136e6399b6,沈坤城市公园,江苏省 淮安区 沈坤路与藏军洞路交叉口东北180米,33.539406,119.166141,58.01368814415928
mobilitybench_q_f502f1e09a00fea2ee,淮安东站附近有什么好玩的地方,淮安市,33.038604,118.991143,mobilitybench:d86e758a782b8506a8,徐杨公园,江苏省 清江浦区 达方路与白果路交叉口西北200米,33.570544,119.146301,60.88127054592907
mobilitybench_q_f502f1e09a00fea2ee,淮安东站附近有什么好玩的地方,淮安市,33.038604,118.991143,mobilitybench:9509018953451d8260,杜康城市生态公园,江苏省 淮安区 翔宇大道1051号,33.533730,119.188618,58.03486854305929
mobilitybench_q_f502f1e09a00fea2ee,淮安东站附近有什么好玩的地方,淮安市,33.038604,118.991143,mobilitybench:ea85cb693d29db334b,行之园公园,江苏省 淮安区 杜康桥路32号,33.534990,119.175698,57.80002493477996
mobilitybench_q_f502f1e09a00fea2ee,淮安东站附近有什么好玩的地方,淮安市,33.038604,118.991143,mobilitybench:6b718e9fcf1cc1f620,淮安东站,江苏省 淮安区 高铁路,33.568734,119.188233,61.72787493000507
mobilitybench_q_e9c7ed6b0c20403787,绵山市场附近的别墅区。,昆明市,25.033170,102.688183,mobilitybench:bc4e2086d581572824,绵山林场,山西省 介休市 X378(介秦线),36.979093,111.988083,1594.8836439894862
mobilitybench_q_9e15ace44d433db67d,海淀四道口附近的地铁站,承德市,40.936976,117.800868,mobilitybench:924aff6bde9743284f,大钟寺(地铁站),北京市 海淀区 12号线;13号线,39.966612,116.345139,163.74672381323188
mobilitybench_q_9e15ace44d433db67d,海淀四道口附近的地铁站,承德市,40.936976,117.800868,mobilitybench:1035430a74eca3903e,蓟门桥(地铁站),北京市 海淀区 12号线;昌平线,39.967747,116.355970,162.9742869509308
mobilitybench_q_9e15ace44d433db67d,海淀四道口附近的地铁站,承德市,40.936976,117.800868,mobilitybench:208b428e2fa1780220,魏公村(地铁站),北京市 海淀区 4号线/大兴线,39.957904,116.323220,165.78650886936288
mobilitybench_q_9e15ace44d433db67d,海淀四道口附近的地铁站,承德市,40.936976,117.800868,mobilitybench:102fb4831b5979d01c,知春路(地铁站),北京市 海淀区 10号线;13号线,39.976476,116.339960,163.35057960400476
mobilitybench_q_9e15ace44d433db67d,海淀四道口附近的地铁站,承德市,40.936976,117.800868,mobilitybench:b533b301a3d9a873b0,西直门(地铁站),北京市 西城区 13号线;2号线;4号线/大兴线,39.940474,116.355426,165.04772019437686
mobilitybench_q_9e15ace44d433db67d,海淀四道口附近的地铁站,承德市,40.936976,117.800868,mobilitybench:a1de3df32e0f617dde,西土城(地铁站),北京市 海淀区 10号线;昌平线,39.976372,116.354314,162.4413436389079
mobilitybench_q_9e15ace44d433db67d,海淀四道口附近的地铁站,承德市,40.936976,117.800868,mobilitybench:274c6c723cb584af21,北太平庄(地铁站),北京市 海淀区 12号线;19号线,39.967882,116.370037,162.07334401887456
mobilitybench_q_9e15ace44d433db67d,海淀四道口附近的地铁站,承德市,40.936976,117.800868,mobilitybench:6a0f54b90c4c66e6fc,动物园(地铁站),北京市 西城区 4号线/大兴线,39.938250,116.339031,166.24519546842805
mobilitybench_q_9e15ace44d433db67d,海淀四道口附近的地铁站,承德市,40.936976,117.800868,mobilitybench:0803fb41b83572da2e,人民大学(地铁站),北京市 海淀区 12号线;4号线/大兴线,39.966934,116.321371,165.2410695494564
mobilitybench_q_9e15ace44d433db67d,海淀四道口附近的地铁站,承德市,40.936976,117.800868,mobilitybench:bd74dd18e41f987b35,国家图书馆(地铁站),北京市 海淀区 16号线;4号线/大兴线;9号线,39.943174,116.325141,166.75503441364384
mobilitybench_q_9e15ace44d433db67d,海淀四道口附近的地铁站,承德市,40.936976,117.800868,mobilitybench:ecf1b5ad1f78ee298a,四道口,北京市 海淀区 海淀区,39.958178,116.346138,164.3086037764412
mobilitybench_q_97a69fea874ce869b7,火车站附近的免费停车场,铜陵市,30.695777,117.247688,mobilitybench:f02c8d6bc49a3c8673,铜陵西站,安徽省 铜官区 北京西路与铜官大道北段交叉口东北,30.944371,117.818339,61.10271572434389
mobilitybench_q_c7733fa05ac902395c,长春市附近的LNG加气站,延边朝鲜族自治州,43.010398,129.679409,mobilitybench:e94239706a8fa06dee,中国石油LNG-CNG净月加气站,吉林省 南关区 金宝街与银阜路交汇,43.835461,125.442158,354.24276795872026
mobilitybench_q_c7733fa05ac902395c,长春市附近的LNG加气站,延边朝鲜族自治州,43.010398,129.679409,mobilitybench:719afcbeffa7f1ec4e,长春市,吉林省 南关区 南关区,43.816996,125.323643,363.0323630855644
mobilitybench_q_253bf84fc4f760db51,福田湿地公园附近的饭店。,深圳市,22.525445,114.022172,mobilitybench:cdca6cae5ec37dc4c6,酒酒饭馆(CBD旗舰店),浙江省 义乌市 商城大道298号浙丰大厦F2层,29.328275,120.115387,970.9221601491583
mobilitybench_q_253bf84fc4f760db51,福田湿地公园附近的饭店。,深圳市,22.525445,114.022172,mobilitybench:7bb038b74cd9a28117,牛久哥牛肉盖饭(义乌商贸城店),浙江省 义乌市 福田街道金融七街140号一楼(自主申报),29.327443,120.115890,970.8830298574858
mobilitybench_q_253bf84fc4f760db51,福田湿地公园附近的饭店。,深圳市,22.525445,114.022172,mobilitybench:797131a7d471e18cca,抓饭新生PilauMan(滨江壹品店),浙江省 义乌市 金融八街352号,29.327578,120.117304,970.9830402779133
mobilitybench_q_253bf84fc4f760db51,福田湿地公园附近的饭店。,深圳市,22.525445,114.022172,mobilitybench:bad377eb409be7ca43,八婺饭堂·自选店(福田二店),浙江省 义乌市 国际商贸城二区30号门2楼,29.333103,120.106306,970.7640129942215
mobilitybench_q_253bf84fc4f760db51,福田湿地公园附近的饭店。,深圳市,22.525445,114.022172,mobilitybench:8ff836f8a7bdc94ebc,八婺饭堂·自选店(金融店),浙江省 义乌市 金融七街100号,29.326479,120.115744,970.7920607213268
mobilitybench_q_253bf84fc4f760db51,福田湿地公园附近的饭店。,深圳市,22.525445,114.022172,mobilitybench:25bdcaf4ee432d17de,名都饭堂(义乌国际商贸城四区店),浙江省 义乌市 义乌国际商贸城F区(国际商贸城地铁站A口步行320米),29.332356,120.105623,970.657833075819
mobilitybench_q_253bf84fc4f760db51,福田湿地公园附近的饭店。,深圳市,22.525445,114.022172,mobilitybench:06de057b17d594816c,八婺饭堂·自选店(新光汇店),浙江省 义乌市 福田街道城北路与福田路交叉口世贸中心新光汇B1层-东门外,29.326411,120.108615,970.3399848404661
mobilitybench_q_253bf84fc4f760db51,福田湿地公园附近的饭店。,深圳市,22.525445,114.022172,mobilitybench:0200200a44f757795b,江西饭店,浙江省 义乌市 福田四区21幢10号,29.338594,120.105728,971.1945515424223
mobilitybench_q_253bf84fc4f760db51,福田湿地公园附近的饭店。,深圳市,22.525445,114.022172,mobilitybench:b6479491652896ad6a,何文田·白切鸡·卤肉饭(新光汇购物中心店),浙江省 义乌市 福田路6号新光汇购物中心B1层,29.325975,120.108225,970.2785516654903
mobilitybench_q_253bf84fc4f760db51,福田湿地公园附近的饭店。,深圳市,22.525445,114.022172,mobilitybench:6ffe079f36dce57d16,婺州饭堂(义乌中国进口商品城店),浙江省 义乌市 国际商贸城五区107号门二层,29.339936,120.120709,972.245375061608
mobilitybench_q_253bf84fc4f760db51,福田湿地公园附近的饭店。,深圳市,22.525445,114.022172,mobilitybench:4df78963090d4ad363,义乌市福田湿地公园,浙江省 义乌市 稠城街道商城大道,29.333328,120.113795,971.2515606863253
mobilitybench_q_553298c214d39153ad,静安区附近有没有加油站,三亚市,18.249032,109.504807,mobilitybench:0cb6096dc0186d51d9,中国石油加油站(常德路站),上海市 静安区 常德路557号(新闸路与武定路中间静安枫景苑对面),31.230329,121.445540,1877.9224695611445
mobilitybench_q_553298c214d39153ad,静安区附近有没有加油站,三亚市,18.249032,109.504807,mobilitybench:2df1b02201949c709e,中国石化第三加油站,上海市 静安区 康定路358号,31.235073,121.449661,1878.5760294642303
mobilitybench_q_553298c214d39153ad,静安区附近有没有加油站,三亚市,18.249032,109.504807,mobilitybench:d82185ca946e02b840,中国石化延安中路加油站,上海市 静安区 延安中路990号,31.224246,121.455460,1878.0626391095523
mobilitybench_q_553298c214d39153ad,静安区附近有没有加油站,三亚市,18.249032,109.504807,mobilitybench:61523352711415e1b9,华江石油加油站,上海市 长宁区 镇宁路555号(万航渡路)武定路地铁站2口步行420米,31.224869,121.435187,1876.809497748833
mobilitybench_q_553298c214d39153ad,静安区附近有没有加油站,三亚市,18.249032,109.504807,mobilitybench:5d47df8c396093b98c,中国石化武宁路加油站,上海市 静安区 余姚路589号(武宁路地铁站5A口步行150米),31.232071,121.433517,1877.2922392090563
mobilitybench_q_553298c214d39153ad,静安区附近有没有加油站,三亚市,18.249032,109.504807,mobilitybench:4fdb785bd79b04df80,中国石化长乐加油站,上海市 黄浦区 长乐路398号(淮海中路地铁站3号口步行290米),31.221037,121.461018,1878.157835367082
mobilitybench_q_553298c214d39153ad,静安区附近有没有加油站,三亚市,18.249032,109.504807,mobilitybench:daddd09ce0e645ff13,中国石化大田路加油站,上海市 静安区 大田路180号(自然博物馆地铁站1号口步行300米),31.233671,121.464342,1879.405718364492
mobilitybench_q_553298c214d39153ad,静安区附近有没有加油站,三亚市,18.249032,109.504807,mobilitybench:b67761cc5d5f8f9afb,中国石油曹家堰路加油站,上海市 长宁区 曹家堰路38号,31.213948,121.434119,1875.8463058081472
mobilitybench_q_553298c214d39153ad,静安区附近有没有加油站,三亚市,18.249032,109.504807,mobilitybench:808eb348eea083aac4,中国石化成都路加油站,上海市 黄浦区 成都北路118号,31.226161,121.468157,1879.0367754174038
mobilitybench_q_553298c214d39153ad,静安区附近有没有加油站,三亚市,18.249032,109.504807,mobilitybench:af33f94d19911678b2,中国石化第七加油站,上海市 黄浦区 陕西南路173号(陕西南路地铁站6号口步行240米),31.213892,121.460637,1877.5487506733234
mobilitybench_q_553298c214d39153ad,静安区附近有没有加油站,三亚市,18.249032,109.504807,mobilitybench:3f356978bcfc49eb2e,静安区,上海市 静安区 静安区,31.227718,121.447348,1877.8249290757226
mobilitybench_q_d57b27a7bd1926f099,兴泽园小区附近的充电站,大同市,40.091936,113.404550,mobilitybench:1ee516514a0a0cde7c,驴充充汽车充电站(云南省林业调查规划院昆明分院),云南省 官渡区 双桥路318号云南省林业调查规划院(昆明分院),25.009537,102.743645,1948.6856275374184
mobilitybench_q_d57b27a7bd1926f099,兴泽园小区附近的充电站,大同市,40.091936,113.404550,mobilitybench:324ba31fbce1dc6aba,AI快充汽车充电站(云南昆明融城金阶),云南省 官渡区 关上街道民航路38号融城金阶,25.008662,102.747117,1948.6070974816676
mobilitybench_q_d57b27a7bd1926f099,兴泽园小区附近的充电站,大同市,40.091936,113.404550,mobilitybench:db03e278c902527a73,特斯拉超级充电站(昆明温莎KTV官上店),云南省 官渡区 民航路400号温莎KTV官上店门口,25.016100,102.740975,1948.1680055953482
mobilitybench_q_d57b27a7bd1926f099,兴泽园小区附近的充电站,大同市,40.091936,113.404550,mobilitybench:9a64e2cf9217eb5379,南方电网汽车充电站(南网电动昆明关上顺新时代大厦充电站),云南省 官渡区 吴井街道金汁路127号顺新时代,25.016400,102.740820,1948.1459096253698
mobilitybench_q_d57b27a7bd1926f099,兴泽园小区附近的充电站,大同市,40.091936,113.404550,mobilitybench:f6b6c3741884a587af,云南云享宝海公园充电站,云南省 官渡区 宝海公园西北门地面停车场,25.016272,102.736611,1948.357934373285
mobilitybench_q_d57b27a7bd1926f099,兴泽园小区附近的充电站,大同市,40.091936,113.404550,mobilitybench:faa0b3b212c3fc88b6,小桔充电汽车充电站(关上会展中心充电站二期),云南省 官渡区 关上会展中心地面停车场,25.012210,102.730836,1949.0302584396159
mobilitybench_q_d57b27a7bd1926f099,兴泽园小区附近的充电站,大同市,40.091936,113.404550,mobilitybench:34e1687f6b2d16552b,中国石化汽车充电站(官渡宝海站),云南省 官渡区 关上街道高家村,25.015876,102.732428,1948.5950781078534
mobilitybench_q_d57b27a7bd1926f099,兴泽园小区附近的充电站,大同市,40.091936,113.404550,mobilitybench:fbef98440bba9b665c,汽车充电站邦驰充电泰丽宫充电站,云南省 官渡区 福德路66号(福德地铁站D口步行280米),25.004219,102.730331,1949.8383151843611
mobilitybench_q_d57b27a7bd1926f099,兴泽园小区附近的充电站,大同市,40.091936,113.404550,mobilitybench:eee42be041df6caa9a,云快充超级充电站(华为液冷帅达超充站),云南省 官渡区 日新村一号院内,25.001754,102.732556,1949.9747773105646
mobilitybench_q_d57b27a7bd1926f099,兴泽园小区附近的充电站,大同市,40.091936,113.404550,mobilitybench:b3721d9af28315f7c9,中国石化宝海充换电加能站,云南省 官渡区 二环南路344号,25.015811,102.732098,1948.6171011168292
mobilitybench_q_d57b27a7bd1926f099,兴泽园小区附近的充电站,大同市,40.091936,113.404550,mobilitybench:697da94ebe6910a0c9,兴泽园小区,云南省 官渡区 寅峰街道12号,25.008937,102.739181,1948.9559624778458
mobilitybench_q_08770fdb1d18249334,青山附近的酒业有限公司,荆门市,31.032526,113.102495,mobilitybench:cdaef0076ec6919cd2,兄妹五粮酒厂,湖北省 东宝区 象山中学家属区东北门旁,31.050049,112.204378,85.5868964668965
mobilitybench_q_08770fdb1d18249334,青山附近的酒业有限公司,荆门市,31.032526,113.102495,mobilitybench:02ca0bbc0c6ed7f096,咸宁苞谷高梁酒厂,湖北省 东宝区 竹园街67号,31.047942,112.205125,85.51167630293408
mobilitybench_q_08770fdb1d18249334,青山附近的酒业有限公司,荆门市,31.032526,113.102495,mobilitybench:f8d9647da37206c8b5,金海五粮酒厂,湖北省 东宝区 竹园北路与丁香路交叉口南180米,31.053971,112.204628,85.57236506750172
mobilitybench_q_08770fdb1d18249334,青山附近的酒业有限公司,荆门市,31.032526,113.102495,mobilitybench:5ecd5c80fda3e0b737,荆门云都酒店管理有限公司,湖北省 东宝区 泉口一路与泉口北巷交叉口东120米,31.058246,112.207983,85.26557009200322
mobilitybench_q_08770fdb1d18249334,青山附近的酒业有限公司,荆门市,31.032526,113.102495,mobilitybench:ac6094b4e525f11bbb,红高粱酒厂(果园菜场店),湖北省 东宝区 果园二路官堰巷果园菜市场,31.043658,112.211479,84.90007049898425
mobilitybench_q_08770fdb1d18249334,青山附近的酒业有限公司,荆门市,31.032526,113.102495,mobilitybench:cf4a5062d62bdba2e3,咸宁高粱包谷酒厂,湖北省 东宝区 老莱子路22号,31.041178,112.210920,84.95085871602018
mobilitybench_q_08770fdb1d18249334,青山附近的酒业有限公司,荆门市,31.032526,113.102495,mobilitybench:788d857bdada90f646,金龙泉啤酒厂外省销售公司,湖北省 东宝区 长宁大道89号附3号,31.059558,112.209686,85.10786403352914
mobilitybench_q_08770fdb1d18249334,青山附近的酒业有限公司,荆门市,31.032526,113.102495,mobilitybench:db3b96ab954906b90b,荆楚大地酒厂,湖北省 掇刀区 水产路156号,31.045159,112.214325,84.63088856345554
mobilitybench_q_08770fdb1d18249334,青山附近的酒业有限公司,荆门市,31.032526,113.102495,mobilitybench:926c33303b485ebfe2,佳信酒店用品有限公司,湖北省 东宝区 老莱子路31号1栋,31.038926,112.209999,85.03714282392895
mobilitybench_q_08770fdb1d18249334,青山附近的酒业有限公司,荆门市,31.032526,113.102495,mobilitybench:f2582a17b556edd37a,冯记红高梁酒厂,湖北省 东宝区 白龙路五十号,31.033969,112.197158,86.26000214588333
mobilitybench_q_08770fdb1d18249334,青山附近的酒业有限公司,荆门市,31.032526,113.102495,mobilitybench:d6aebeb9dd2b6f7779,荆门市东宝区青山小学,湖北省 东宝区 象山大道9号,31.049555,112.198022,86.1912805432998
mobilitybench_q_2b3defd5b5dc9bd5ea,德清服务区有没有肯德基,衢州市,29.090032,118.341401,mobilitybench:6ee05aebe343d36c83,肯德基(德清服务区南店),浙江省 德清县 申嘉湖杭高速公路德清服务区南区(上海方向),30.580819,120.303603,251.58830461140303
mobilitybench_q_2b3defd5b5dc9bd5ea,德清服务区有没有肯德基,衢州市,29.090032,118.341401,mobilitybench:77c937d461ff8ffcc0,肯德基(德清服务区北店),浙江省 德清县 申嘉湖杭高速公路德清服务区北区,30.582275,120.303175,251.66291747861482
mobilitybench_q_2b3defd5b5dc9bd5ea,德清服务区有没有肯德基,衢州市,29.090032,118.341401,mobilitybench:ef415c5faf1e5388ff,新市古镇肯德基,浙江省 德清县 新市镇南昌街135号,30.613231,120.288020,252.8365064245044
mobilitybench_q_2b3defd5b5dc9bd5ea,德清服务区有没有肯德基,衢州市,29.090032,118.341401,mobilitybench:1e9675890033958089,肯德基(新市银河城店),浙江省 德清县 新市镇银河城市广场,30.617011,120.283512,252.79336327477657
mobilitybench_q_2b3defd5b5dc9bd5ea,德清服务区有没有肯德基,衢州市,29.090032,118.341401,mobilitybench:c3d54e4cf6c18be820,肯德基(禹悦府小区店),浙江省 德清县 禹悦府小区,30.514891,120.260303,243.67930710378747
mobilitybench_q_2b3defd5b5dc9bd5ea,德清服务区有没有肯德基,衢州市,29.090032,118.341401,mobilitybench:685f4fffb8d54d4725,肯德基新安必胜客,浙江省 德清县 裕华路2283号,30.535168,120.225987,242.64658531980925
mobilitybench_q_2b3defd5b5dc9bd5ea,德清服务区有没有肯德基,衢州市,29.090032,118.341401,mobilitybench:9bd0b961f5e8b97f9b,德清服务区(练杭高速练市方向),浙江省 德清县 德清县,30.580513,120.303103,251.5298307383163
mobilitybench_q_deda1ebcace9da1546,给我找一个广元市高速路口附近的酒店,陇南市,32.858449,105.314503,mobilitybench:2b29c2367e2e80ae14,逸居云舍民宿,四川省 青川县 青平路83-85号,32.455669,104.834996,63.41114801308037
mobilitybench_q_deda1ebcace9da1546,给我找一个广元市高速路口附近的酒店,陇南市,32.858449,105.314503,mobilitybench:02f167d5af068913d8,矿奇酒店(青溪古城店),四川省 青川县 青溪镇龙州街17号,32.455735,104.835384,63.38024256657086
mobilitybench_q_deda1ebcace9da1546,给我找一个广元市高速路口附近的酒店,陇南市,32.858449,105.314503,mobilitybench:24e133ad9c5da88a66,广元唐家河嘉怡客栈,四川省 青川县 青溪古镇广武街嘉怡客栈,32.457351,104.834541,63.30911265628968
mobilitybench_q_deda1ebcace9da1546,给我找一个广元市高速路口附近的酒店,陇南市,32.858449,105.314503,mobilitybench:40aaf820e1a2533c02,栖云民宿酒店,四川省 青川县 青溪镇青溪村堰街1号,32.456394,104.835888,63.2949658554569
mobilitybench_q_deda1ebcace9da1546,给我找一个广元市高速路口附近的酒店,陇南市,32.858449,105.314503,mobilitybench:260976e149184575fd,流客居,四川省 青川县 青溪镇广武街96号,32.457397,104.834966,63.277268435856094
mobilitybench_q_deda1ebcace9da1546,给我找一个广元市高速路口附近的酒店,陇南市,32.858449,105.314503,mobilitybench:fb835aa1244b0846f0,北欧风情民宿,四川省 青川县 青溪镇龙州街68-70号(青溪古城西门外第一家),32.456184,104.836488,63.27175917724356
mobilitybench_q_deda1ebcace9da1546,给我找一个广元市高速路口附近的酒店,陇南市,32.858449,105.314503,mobilitybench:7b3b9efc59be53a846,青川醍醐阁酒店,四川省 青川县 广武路83号,32.458102,104.835964,63.15561433716046
mobilitybench_q_deda1ebcace9da1546,给我找一个广元市高速路口附近的酒店,陇南市,32.858449,105.314503,mobilitybench:4d37bb686bc11a7dea,浩月轩民宿,四川省 青川县 青溪镇龙州街144号,32.456709,104.838349,63.10723124028938
mobilitybench_q_deda1ebcace9da1546,给我找一个广元市高速路口附近的酒店,陇南市,32.858449,105.314503,mobilitybench:0940c2c258eec111a3,青川揽岳居,四川省 青川县 清溪镇龙州街四组134号附5号,32.456414,104.838332,63.13163077360219
mobilitybench_q_deda1ebcace9da1546,给我找一个广元市高速路口附近的酒店,陇南市,32.858449,105.314503,mobilitybench:215049ad9629a7cd71,青川青溪古镇博远宾馆,四川省 青川县 广武街160号,32.458511,104.836823,63.06644880400967
mobilitybench_q_deda1ebcace9da1546,给我找一个广元市高速路口附近的酒店,陇南市,32.858449,105.314503,mobilitybench:d87629ac5ab10cdab9,唐家河收费站(S18广平高速入口),四川省 青川县 青川县,32.454598,104.833305,63.60752368757147
mobilitybench_q_e69589ecbf12dc44fe,帮我搜一下横琴新家园附近的菜鸟驿站,台湾省,24.178153,120.595737,mobilitybench:b59c003dec589b06d3,菜鸟驿站(彩虹苑店),广东省 香洲区 横琴镇彩虹苑负一楼45号物业用房,22.127875,113.540725,756.3462151880303
mobilitybench_q_e69589ecbf12dc44fe,帮我搜一下横琴新家园附近的菜鸟驿站,台湾省,24.178153,120.595737,mobilitybench:5b1315ff5bdbcfe5ad,菜鸟驿站(横琴国际休闲旅游岛店),广东省 香洲区 粗沙环18号,22.122532,113.541490,756.4644067561608
mobilitybench_q_e69589ecbf12dc44fe,帮我搜一下横琴新家园附近的菜鸟驿站,台湾省,24.178153,120.595737,mobilitybench:715b4bdc1c55858bea,菜鸟驿站(琴海湾花园店),广东省 香洲区 横琴镇濠江路8号华融琴海湾8栋负一层,22.135625,113.541925,755.9504385575717
mobilitybench_q_e69589ecbf12dc44fe,帮我搜一下横琴新家园附近的菜鸟驿站,台湾省,24.178153,120.595737,mobilitybench:bc422716934ff92a3c,菜鸟驿站(灏怡财富中心店),广东省 香洲区 横琴镇新区福临道99号灏怡财富中心一楼,22.135840,113.545950,755.5503799081364
mobilitybench_q_e69589ecbf12dc44fe,帮我搜一下横琴新家园附近的菜鸟驿站,台湾省,24.178153,120.595737,mobilitybench:caaa09ec1132fbe70e,菜鸟驿站(龙光·玖龙玺店),广东省 香洲区 横琴镇琴鸣路龙光玖龙玺1栋负1楼,22.138777,113.542669,755.7647506002688
mobilitybench_q_e69589ecbf12dc44fe,帮我搜一下横琴新家园附近的菜鸟驿站,台湾省,24.178153,120.595737,mobilitybench:ec31df599502e81558,菜鸟驿站(珠海横琴口岸大厦89号),广东省 香洲区 横琴镇港澳大道横琴购口岸商业广场89号,22.140040,113.546530,755.3430358527595
mobilitybench_q_e69589ecbf12dc44fe,帮我搜一下横琴新家园附近的菜鸟驿站,台湾省,24.178153,120.595737,mobilitybench:da9a0fd974c0d1e7eb,菜鸟驿站(珠海横琴保利南塔1楼115号店),广东省 香洲区 横琴镇保利国际广场南塔1楼115号,22.137425,113.534175,756.6413341071191
mobilitybench_q_e69589ecbf12dc44fe,帮我搜一下横琴新家园附近的菜鸟驿站,台湾省,24.178153,120.595737,mobilitybench:19aa30cbaa32f4cf43,菜鸟驿站(珠海横琴银鑫花园35号店),广东省 香洲区 横琴镇南山嘴路138号横琴新区银鑫花园35号车库,22.141690,113.545023,755.4307847753192
mobilitybench_q_e69589ecbf12dc44fe,帮我搜一下横琴新家园附近的菜鸟驿站,台湾省,24.178153,120.595737,mobilitybench:421fd3ea7aac4a550b,菜鸟驿站(珠海横琴保利中海名钻119号店),广东省 香洲区 横琴镇保利广场主塔一楼119号,22.138275,113.533025,756.7229744543129
mobilitybench_q_e69589ecbf12dc44fe,帮我搜一下横琴新家园附近的菜鸟驿站,台湾省,24.178153,120.595737,mobilitybench:c25e196c68056ede13,菜鸟驿站(银鑫花园店),广东省 香洲区 银鑫花园49号商铺,22.142428,113.546217,755.2879208776186
mobilitybench_q_e69589ecbf12dc44fe,帮我搜一下横琴新家园附近的菜鸟驿站,台湾省,24.178153,120.595737,mobilitybench:441b44ab0f520caa7b,横琴新家园,广东省 香洲区 横琴镇彩虹路2号,22.127601,113.543710,756.0652165400406
mobilitybench_q_a507329276c0611688,查找附近可以停车的厕所,兰州市,36.069241,103.777039,mobilitybench:2228c0e0fc3b0f88be,公共厕所,甘肃省 永登县 大灶台柴火鸡东南侧200米,36.734584,103.248082,87.83237515342368
mobilitybench_q_a507329276c0611688,查找附近可以停车的厕所,兰州市,36.069241,103.777039,mobilitybench:f4d54d120c3090631b,公共厕所,甘肃省 永登县 滨河大道与341国道交叉口西北40米,36.734047,103.251341,87.62522335363626
mobilitybench_q_a507329276c0611688,查找附近可以停车的厕所,兰州市,36.069241,103.777039,mobilitybench:a2b16f08b859a08cf6,公共厕所,甘肃省 永登县 滨河大道人民公园(西南角),36.720917,103.260384,85.96116286851449
mobilitybench_q_a507329276c0611688,查找附近可以停车的厕所,兰州市,36.069241,103.777039,mobilitybench:155581890b8fa5d688,公共卫生间,甘肃省 永登县 老佰姓大药房附近,36.734595,103.262538,87.1429162311397
mobilitybench_q_a507329276c0611688,查找附近可以停车的厕所,兰州市,36.069241,103.777039,mobilitybench:99d417cdb743246543,女洗手间(供销商场),甘肃省 永登县 解放街180号供销商场B1层,36.735425,103.262056,87.24393533037674
mobilitybench_q_a507329276c0611688,查找附近可以停车的厕所,兰州市,36.069241,103.777039,mobilitybench:c5557853b0cc5f426c,男洗手间(供销商场),甘肃省 永登县 解放街180号供销商场B1层,36.735415,103.262068,87.24242543854584
mobilitybench_q_a507329276c0611688,查找附近可以停车的厕所,兰州市,36.069241,103.777039,mobilitybench:04cb25d8863d4a78f8,女洗手间(供销商场),甘肃省 永登县 解放街180号供销商场F1层,36.735671,103.262387,87.25148184169142
mobilitybench_q_a507329276c0611688,查找附近可以停车的厕所,兰州市,36.069241,103.777039,mobilitybench:d715aabb63a8de8a07,男洗手间(供销商场),甘肃省 永登县 解放街180号供销商场F2层,36.735665,103.262394,87.25058544306589
mobilitybench_q_a507329276c0611688,查找附近可以停车的厕所,兰州市,36.069241,103.777039,mobilitybench:bca6ba7c36a3c5a514,公共厕所,甘肃省 永登县 引大路与青龙路交叉口西南60米,36.726885,103.269530,86.08564237265024
mobilitybench_q_a507329276c0611688,查找附近可以停车的厕所,兰州市,36.069241,103.777039,mobilitybench:953796a4744260efb0,公共厕所,甘肃省 永登县 解放街与青龙路交叉口东北100米,36.737719,103.265963,87.2765113510885
mobilitybench_q_a507329276c0611688,查找附近可以停车的厕所,兰州市,36.069241,103.777039,mobilitybench:fba0d4320d98e69ff6,永登北站北停车场,甘肃省 永登县 永登北站充电汽车充电站(永登北站站前广场充电站)东北侧80米,36.723608,103.246237,86.89884163512131
mobilitybench_q_ff3455d47c265bcdf1,帮我查下宜兴湖地铁站周围的打印店。,成都市,30.885379,104.103426,mobilitybench:a207b8d471e1d7c2ac,儿童时刻摄影工作室,天津市 北辰区 耀津商业中心5号楼5楼-520,39.200511,117.218701,1507.3913735998738
mobilitybench_q_ff3455d47c265bcdf1,帮我查下宜兴湖地铁站周围的打印店。,成都市,30.885379,104.103426,mobilitybench:798e81275608c2dc4f,优印堂数码印刷连锁,天津市 北辰区 宜兴路与贵富道交叉口南220米,39.200542,117.216954,1507.2682323428548
mobilitybench_q_ff3455d47c265bcdf1,帮我查下宜兴湖地铁站周围的打印店。,成都市,30.885379,104.103426,mobilitybench:7a6c75665e37695b8b,恒创广告,天津市 北辰区 宜兴路与贵富道交口南150米,39.201222,117.216687,1507.29121288086
mobilitybench_q_ff3455d47c265bcdf1,帮我查下宜兴湖地铁站周围的打印店。,成都市,30.885379,104.103426,mobilitybench:1b4ce71e80fefa5e2e,百步印社24H自助打印(宜兴埠镇宜兴路与贵富道交口西南侧新乐汇商业中心3-105-106天津老百姓瑞祥大药房),天津市 北辰区 宜兴埠镇宜兴路与贵富道交口西南侧新乐汇商业中心3-105-106天津老百姓瑞祥大药房,39.202069,117.216286,1507.3149451121506
mobilitybench_q_ff3455d47c265bcdf1,帮我查下宜兴湖地铁站周围的打印店。,成都市,30.885379,104.103426,mobilitybench:d395cda4949b932bf9,舟洁标牌图文快印,天津市 北辰区 玉琢里底商2-4西1号(张兴庄地铁站D口步行340米),39.193581,117.212234,1506.499506858394
mobilitybench_q_ff3455d47c265bcdf1,帮我查下宜兴湖地铁站周围的打印店。,成都市,30.885379,104.103426,mobilitybench:6472fe875283102f3b,博岩广告,天津市 北辰区 三千路今日家园1-A区9号专业门头制作发光字灯箱牌匾打印复印广告设计印刷,39.193601,117.209833,1506.3288355885443
mobilitybench_q_ff3455d47c265bcdf1,帮我查下宜兴湖地铁站周围的打印店。,成都市,30.885379,104.103426,mobilitybench:0fec56634b0450dda2,鑫跃广告,天津市 北辰区 普东街国宜道富宜里19号楼底商,39.194736,117.207705,1506.2467391818302
mobilitybench_q_ff3455d47c265bcdf1,帮我查下宜兴湖地铁站周围的打印店。,成都市,30.885379,104.103426,mobilitybench:0f3c13708661389c8c,百步印社24H自助打印(天津市北辰区远洋未来城明煦园东门爱回收旁),天津市 北辰区 津围路lg厂(天士力地铁站D口步行380米),39.206470,117.219130,1507.7909880293564
mobilitybench_q_ff3455d47c265bcdf1,帮我查下宜兴湖地铁站周围的打印店。,成都市,30.885379,104.103426,mobilitybench:afc53df04a1544205c,振兴广告·印刷,天津市 北辰区 津围路16号广告设计门头招牌艺术雕刻广告牌发光字写真喷绘灯箱牌匾纸品印刷标识标牌广告字亚克力字,39.187470,117.222720,1506.8726430218446
mobilitybench_q_ff3455d47c265bcdf1,帮我查下宜兴湖地铁站周围的打印店。,成都市,30.885379,104.103426,mobilitybench:e867a0c3f9d63b36bd,弛成图文设计中心,天津市 河北区 振宜里东南1门旁,39.189745,117.209089,1506.0369574436854
mobilitybench_q_ff3455d47c265bcdf1,帮我查下宜兴湖地铁站周围的打印店。,成都市,30.885379,104.103426,mobilitybench:79bbb82ddd0439463c,宜兴埠(地铁站),天津市 北辰区 3号线,39.197556,117.218600,1507.201275422288
mobilitybench_q_a766ca19bed0b8de1d,秦栏镇附近附近的照相馆,文昌市,19.560268,110.812877,mobilitybench:ed009a4beae7f47d5a,巴黎风情专业儿童摄影(格力电器全国4S专卖店),安徽省 天长市 寿昌路圆通速递旁,32.599576,119.173281,1671.5260378710884
mobilitybench_q_a766ca19bed0b8de1d,秦栏镇附近附近的照相馆,文昌市,19.560268,110.812877,mobilitybench:45415b252ab5993ee2,童话镇儿童摄影(天成商业广场店),安徽省 天长市 秦栏镇天成商业广场,32.603221,119.171152,1671.7648763651262
mobilitybench_q_a766ca19bed0b8de1d,秦栏镇附近附近的照相馆,文昌市,19.560268,110.812877,mobilitybench:ac1e91b68a35bd8a4b,华影照相馆,安徽省 天长市 秦栏镇包祠街12号,32.600053,119.184018,1672.1026280428775
mobilitybench_q_a766ca19bed0b8de1d,秦栏镇附近附近的照相馆,文昌市,19.560268,110.812877,mobilitybench:0a9b7f72881bbbf1d5,青年照相影像制作中心,安徽省 天长市 仁和镇人民东路17号,32.624918,119.120540,1671.3200558271178
mobilitybench_q_a766ca19bed0b8de1d,秦栏镇附近附近的照相馆,文昌市,19.560268,110.812877,mobilitybench:45b23cfb1e2cdde910,仁中照相馆,安徽省 天长市 仁和中学西南门旁,32.625953,119.118714,1671.328243216282
mobilitybench_q_a766ca19bed0b8de1d,秦栏镇附近附近的照相馆,文昌市,19.560268,110.812877,mobilitybench:55e149c8a05acf23fd,秦栏镇人民政府,安徽省 天长市 寿昌路,32.601555,119.175489,1671.8221469237758
mobilitybench_q_5549413790a10f4066,搜索一下长沙黄花机场附近的充电桩,常德市,29.634384,111.804281,mobilitybench:244012ada4b7ef4a5d,国家电网汽车充电站(长沙市黄花机场货运站橘洲壹号公用充电站),湖南省 长沙县 厦航路南150米黄花机场货运,28.180270,113.219383,212.4046580154755
mobilitybench_q_5549413790a10f4066,搜索一下长沙黄花机场附近的充电桩,常德市,29.634384,111.804281,mobilitybench:a8a914006e16a99438,小桔汽车充电站(长沙市黄花机场白鹭停车场充电站),湖南省 长沙县 黄花镇黄花数字贸易港厦门航空,28.179991,113.216560,212.2503328898287
mobilitybench_q_5549413790a10f4066,搜索一下长沙黄花机场附近的充电桩,常德市,29.634384,111.804281,mobilitybench:b18af35f481f692aa5,小桔充电汽车充电站(长沙县驱动源黄花机场出租车充电站),湖南省 长沙县 厦门航空北侧停车场桐叶出租车停车场,28.183191,113.215935,211.93854436094907
mobilitybench_q_5549413790a10f4066,搜索一下长沙黄花机场附近的充电桩,常德市,29.634384,111.804281,mobilitybench:a320aa26ac65e0505d,新电途汽车充电站(长沙市长沙县黄花机场充电站),湖南省 长沙县 黄花镇高岸村民委员会,28.167165,113.219098,213.50366638532955
mobilitybench_q_5549413790a10f4066,搜索一下长沙黄花机场附近的充电桩,常德市,29.634384,111.804281,mobilitybench:1ac10cfcfd7fffd76d,小桔充电站(长沙市长沙县黄花机场),湖南省 长沙县 黄花镇高岸村竹山坪组,28.167222,113.218877,213.48492318739267
mobilitybench_q_5549413790a10f4066,搜索一下长沙黄花机场附近的充电桩,常德市,29.634384,111.804281,mobilitybench:420339f399b8c3c108,小桔充电汽车充电站(长沙县机场航站楼充电站),湖南省 长沙县 机宾大酒店西门南360米,28.191857,113.218429,211.3601021194803
mobilitybench_q_5549413790a10f4066,搜索一下长沙黄花机场附近的充电桩,常德市,29.634384,111.804281,mobilitybench:6e69f55cda32e1ec19,小桔充电汽车充电站(华远汽车充电站黄花站),湖南省 长沙县 黄花镇华远石化高岸加油站,28.186733,113.214355,211.53752001467151
mobilitybench_q_5549413790a10f4066,搜索一下长沙黄花机场附近的充电桩,常德市,29.634384,111.804281,mobilitybench:ba101def0697db5656,星星充电汽车充电站(长沙机场凯悦嘉轩酒店充电桩),湖南省 长沙县 黄花镇临空路长沙机场凯悦嘉轩酒店内停车场,28.189457,113.215096,211.35281637353117
mobilitybench_q_5549413790a10f4066,搜索一下长沙黄花机场附近的充电桩,常德市,29.634384,111.804281,mobilitybench:a6e6c53288f0df436e,星星充电汽车充电站(长沙机场凯悦嘉轩酒店充电桩二期),湖南省 长沙县 黄花镇临空路长沙机场凯悦嘉轩酒店,28.189589,113.215030,211.33742907188991
mobilitybench_q_5549413790a10f4066,搜索一下长沙黄花机场附近的充电桩,常德市,29.634384,111.804281,mobilitybench:1e6b31575f3ed41a25,蔚景云汽车充电站(黄之花新能源汽车充电站),湖南省 长沙县 黄花镇机场大道辅路金鹏名都,28.197227,113.215233,210.7021550342222
mobilitybench_q_5549413790a10f4066,搜索一下长沙黄花机场附近的充电桩,常德市,29.634384,111.804281,mobilitybench:0054a3f03373ec3b06,长沙黄花国际机场,湖南省 长沙县 黄花镇机场大道308号,28.179749,113.235474,213.46774363267608
mobilitybench_q_68b43adb707f2c5683,西宁市湟华联超市湟中店附近民宿,海南藏族自治州,36.366340,100.211241,mobilitybench:b72640afc5e709312b,西宁藏乡之家住宿,青海省 湟中区 新民巷与通宁路交叉口南120米,36.495638,101.577143,123.0415642256203
mobilitybench_q_68b43adb707f2c5683,西宁市湟华联超市湟中店附近民宿,海南藏族自治州,36.366340,100.211241,mobilitybench:d2a5a265faeca052d6,西宁湟中圣洁家庭宾馆,青海省 湟中区 鲁沙尔镇城楼巷42号,36.497965,101.579846,123.31034628651918
mobilitybench_q_68b43adb707f2c5683,西宁市湟华联超市湟中店附近民宿,海南藏族自治州,36.366340,100.211241,mobilitybench:9f2a8677aa06e1800f,湟中安逸客栈(塔尔寺店),青海省 湟中区 林秀路1号,36.493072,101.570578,122.42711538576889
mobilitybench_q_68b43adb707f2c5683,西宁市湟华联超市湟中店附近民宿,海南藏族自治州,36.366340,100.211241,mobilitybench:9d8f918e479ace92d6,祥福客栈,青海省 湟中区 东拉巷40号,36.491529,101.569080,122.27553972119794
mobilitybench_q_68b43adb707f2c5683,西宁市湟华联超市湟中店附近民宿,海南藏族自治州,36.366340,100.211241,mobilitybench:220bf7ffd5e343a791,东拉客栈,青海省 湟中区 鲁沙尔镇东山村东拉路塔尔寺广场北约120米,36.491522,101.569135,122.28034512885131
mobilitybench_q_68b43adb707f2c5683,西宁市湟华联超市湟中店附近民宿,海南藏族自治州,36.366340,100.211241,mobilitybench:fe37f514c507e2ce24,多尼善缘客栈,青海省 湟中区 商业街东北30米,36.491428,101.569152,122.2807399398206
mobilitybench_q_68b43adb707f2c5683,西宁市湟华联超市湟中店附近民宿,海南藏族自治州,36.366340,100.211241,mobilitybench:99f36f2934904db1f2,西宁辰熙公寓(迎宾路分店),青海省 湟中区 教育局(教育局迎宾路185号),36.492494,101.582186,123.45190028826377
mobilitybench_q_68b43adb707f2c5683,西宁市湟华联超市湟中店附近民宿,海南藏族自治州,36.366340,100.211241,mobilitybench:27ab6acaf8e650dd9a,圣山宾馆(塔尔寺店),青海省 湟中区 鲁沙尔镇庄隆路81号,36.505548,101.573697,122.8616205247271
mobilitybench_q_68b43adb707f2c5683,西宁市湟华联超市湟中店附近民宿,海南藏族自治州,36.366340,100.211241,mobilitybench:203425b2ed2365b7a2,西宁玉海青年客栈,青海省 湟中区 鲁沙尔镇黄茨湾巷8号,36.488072,101.575694,122.82317633758589
mobilitybench_q_68b43adb707f2c5683,西宁市湟华联超市湟中店附近民宿,海南藏族自治州,36.366340,100.211241,mobilitybench:3f80dd68e7f624c8b9,塔尔寺蕊鑫民宿,青海省 湟中区 拉欠边巷4号,36.487574,101.573026,122.5802229233979
mobilitybench_q_68b43adb707f2c5683,西宁市湟华联超市湟中店附近民宿,海南藏族自治州,36.366340,100.211241,mobilitybench:d43b62337ccae4ffca,华联超市(湟中店),青海省 湟中区 和平路与通宁路交叉口西40米,36.496882,101.574517,122.82354790162732
mobilitybench_q_f2fb68e6627ae24d20,深山比亚迪工厂附近有什么健身房,郑州市,34.820473,113.562439,mobilitybench:f7a8770d7358603543,郑州航空港纤韵健身服务店,河南省 新郑市 航空港区岗李乡临港大道012号,34.369081,113.919723,59.906745391823236
mobilitybench_q_f2fb68e6627ae24d20,深山比亚迪工厂附近有什么健身房,郑州市,34.820473,113.562439,mobilitybench:0b8c51d9175226a51f,兴运娱乐俱乐部,河南省 新郑市 航空港区岗李乡刘合集高铁往东50米路南,34.323933,113.905990,63.5442671463786
mobilitybench_q_f2fb68e6627ae24d20,深山比亚迪工厂附近有什么健身房,郑州市,34.820473,113.562439,mobilitybench:704155ce84c0dc8742,比亚迪新能源工厂,河南省 新郑市 航空港区030乡道,34.385086,113.942274,59.60178855327959
mobilitybench_q_ad87a5d612631324aa,下西坊附近的汽车充电站,焦作市,35.185414,112.946983,mobilitybench:dca483ccd7495641cc,越捷充汽车充电站(越城公用运河人家霞西坊),浙江省 越城区 北海街道运河人家霞西坊2幢停车位,30.019503,120.557130,914.9678113459681
mobilitybench_q_ad87a5d612631324aa,下西坊附近的汽车充电站,焦作市,35.185414,112.946983,mobilitybench:19813e373858c7b24b,越捷充汽车充电站(越城公用运河人家梅仙坊1幢北侧),浙江省 越城区 运河人家·梅仙坊停车场,30.020548,120.559000,915.027961687828
mobilitybench_q_ad87a5d612631324aa,下西坊附近的汽车充电站,焦作市,35.185414,112.946983,mobilitybench:73ee36616a8f93901e,小桔充电汽车充电站(灵芝小区东侧新能源汽车充电站),浙江省 越城区 灵芝街道灵芝小区,30.022780,120.557880,914.7840630221893
mobilitybench_q_ad87a5d612631324aa,下西坊附近的汽车充电站,焦作市,35.185414,112.946983,mobilitybench:4577d45bfbc08ecb1f,小桔充电汽车充电站(灵芝小区西侧新能源汽车充电站),浙江省 越城区 灵芝小区,30.023151,120.556850,914.6820678997339
mobilitybench_q_ad87a5d612631324aa,下西坊附近的汽车充电站,焦作市,35.185414,112.946983,mobilitybench:b4f798a74a10de8a57,云快充目的地充电站(绍兴市越城区青甸路青湖园小区9栋),浙江省 越城区 青甸路青湖园小区9栋,30.017761,120.550620,914.6206955566146
mobilitybench_q_ad87a5d612631324aa,下西坊附近的汽车充电站,焦作市,35.185414,112.946983,mobilitybench:8a95026a9e99afc4d1,云快充目的地充电站(绍兴市越城区青甸路青湖园小区7栋),浙江省 越城区 青甸路青湖园小区7栋,30.017141,120.550510,914.6578271614004
mobilitybench_q_ad87a5d612631324aa,下西坊附近的汽车充电站,焦作市,35.185414,112.946983,mobilitybench:c325fddf55af55ae33,昊铂超级充电站(绍兴金德隆文创园站),浙江省 越城区 越西路与朝皇路交叉口南180米,30.020221,120.563835,915.4038829352156
mobilitybench_q_ad87a5d612631324aa,下西坊附近的汽车充电站,焦作市,35.185414,112.946983,mobilitybench:ab61f30f094092a1d8,万城万充充电站(金德隆文创园),浙江省 越城区 越西路与朝皇路交叉口南180米,30.020222,120.563836,915.40388306123
mobilitybench_q_ad87a5d612631324aa,下西坊附近的汽车充电站,焦作市,35.185414,112.946983,mobilitybench:9bd58a0451f1b0cf4f,理想超级充电站(理想超充站绍兴金德隆文化创意园),浙江省 越城区 北海街道越西路292号金德隆文化创意园东区,30.020483,120.563880,915.3881100488161
mobilitybench_q_ad87a5d612631324aa,下西坊附近的汽车充电站,焦作市,35.185414,112.946983,mobilitybench:13a7f72394f462267e,蔚来能源超级充电站(绍兴第六空间国际家居),浙江省 越城区 明辉国际家居北停车场,30.026030,120.558210,914.571790325298
mobilitybench_q_ad87a5d612631324aa,下西坊附近的汽车充电站,焦作市,35.185414,112.946983,mobilitybench:eb5821e7a8e9c9e188,运河人家·霞西坊,浙江省 越城区 霞西路与绍大线交叉口西北180米,30.019779,120.556695,914.9160588216891
mobilitybench_q_ccc9459bb691210cd7,小高山口综合农贸市场附近的浴池,金华市,29.308823,120.205010,mobilitybench:84c8685164318cf4a4,藏奥堂熏蒸馆,浙江省 婺城区 董宅路与董康巷交叉口西40米,29.072757,119.645202,60.349956716852454
mobilitybench_q_ccc9459bb691210cd7,小高山口综合农贸市场附近的浴池,金华市,29.308823,120.205010,mobilitybench:928e705ed149fc9a64,汗城汤泉,浙江省 婺城区 婺州街818号,29.074771,119.638028,60.88123064203355
mobilitybench_q_ccc9459bb691210cd7,小高山口综合农贸市场附近的浴池,金华市,29.308823,120.205010,mobilitybench:2c997e915e1c316a2e,悦公馆轻奢SPA推拿,浙江省 婺城区 金磐路458号兰亭·悦公馆,29.068311,119.660810,59.2120109088927
mobilitybench_q_ccc9459bb691210cd7,小高山口综合农贸市场附近的浴池,金华市,29.308823,120.205010,mobilitybench:fffb267ebcd7afa747,苏氏推拿,浙江省 婺城区 金磐路与南市街交叉口西南120米,29.067945,119.665288,58.84309850926202
mobilitybench_q_ccc9459bb691210cd7,小高山口综合农贸市场附近的浴池,金华市,29.308823,120.205010,mobilitybench:941595f791596ef8cf,尚汤泉,浙江省 婺城区 双龙南街与宾虹路交叉口南160米,29.082106,119.644542,59.960989976628184
mobilitybench_q_ccc9459bb691210cd7,小高山口综合农贸市场附近的浴池,金华市,29.308823,120.205010,mobilitybench:567f08485238206434,唯度汗疗(金华旗舰店),浙江省 婺城区 东阳街862号,29.073069,119.667329,58.40766335544535
mobilitybench_q_ccc9459bb691210cd7,小高山口综合农贸市场附近的浴池,金华市,29.308823,120.205010,mobilitybench:0898563b0fbc9cb3eb,馨意推拿足浴养生馆(新世纪花园店),浙江省 婺城区 宾虹路996号新世纪花园,29.083836,119.640930,60.19867079096883
mobilitybench_q_ccc9459bb691210cd7,小高山口综合农贸市场附近的浴池,金华市,29.308823,120.205010,mobilitybench:0c6c58e9a7af9149a1,蓝天浴室,浙江省 婺城区 汪下滩正善路12号,29.077246,119.665630,58.34767943978386
mobilitybench_q_ccc9459bb691210cd7,小高山口综合农贸市场附近的浴池,金华市,29.308823,120.205010,mobilitybench:7f70d44800941915ce,藏奥堂熏蒸馆,浙江省 婺城区 社塘路与秋涛街交叉口东北100米,29.068634,119.616816,63.03650807000974
mobilitybench_q_ccc9459bb691210cd7,小高山口综合农贸市场附近的浴池,金华市,29.308823,120.205010,mobilitybench:5c6234d0926414da29,玉清浴场(陆村小区店),浙江省 婺城区 秋滨街道陆村小区35幢,29.068229,119.612640,63.42302702187302
mobilitybench_q_ccc9459bb691210cd7,小高山口综合农贸市场附近的浴池,金华市,29.308823,120.205010,mobilitybench:b605c7bc84fae223c5,金华农贸市场,浙江省 婺城区 双龙南街1656号永盛·新阳光,29.063010,119.646049,60.758051333036036
mobilitybench_q_3d5ba8e4c8c325bd79,帮我找一下泊寓院草桥社区的好利来附近的好利来,保定市,38.929440,115.944209,mobilitybench:66e9a7017ef4a0069c,好利来(西宸广场店),北京市 丰台区 北京城区芳菲路60号院2号楼103,39.844702,116.321166,106.80394316232349
mobilitybench_q_3d5ba8e4c8c325bd79,帮我找一下泊寓院草桥社区的好利来附近的好利来,保定市,38.929440,115.944209,mobilitybench:003bab2ebd970f4d2e,好利来(马家堡店),北京市 丰台区 马家堡西居住区明日商厦40号楼一层111号,39.845477,116.365476,108.10099535376041
mobilitybench_q_3d5ba8e4c8c325bd79,帮我找一下泊寓院草桥社区的好利来附近的好利来,保定市,38.929440,115.944209,mobilitybench:4b983c619d52a4125f,好利来(西铁营万达),北京市 丰台区 南苑乡西铁营中路1号万达广场一层1013,39.860852,116.355287,109.426319828039
mobilitybench_q_3d5ba8e4c8c325bd79,帮我找一下泊寓院草桥社区的好利来附近的好利来,保定市,38.929440,115.944209,mobilitybench:c9d8b4a7a1e531361e,好利来(丽泽天街店),北京市 丰台区 丽泽路300号龙湖北京丽泽天街B1层B1-10,39.866719,116.334658,109.48743386011598
mobilitybench_q_3d5ba8e4c8c325bd79,帮我找一下泊寓院草桥社区的好利来附近的好利来,保定市,38.929440,115.944209,mobilitybench:a06d64cee4e788a798,好利来(三环新城店),北京市 丰台区 丰桥路七号院16号楼1层商业101-02号,39.850516,116.305496,107.02137439711348
mobilitybench_q_3d5ba8e4c8c325bd79,帮我找一下泊寓院草桥社区的好利来附近的好利来,保定市,38.929440,115.944209,mobilitybench:e5f339137a104aa421,好利来(丰益桥店),北京市 丰台区 丰管路5号院鑫嘉园5号楼一层,39.858090,116.303059,107.76703062341112
mobilitybench_q_3d5ba8e4c8c325bd79,帮我找一下泊寓院草桥社区的好利来附近的好利来,保定市,38.929440,115.944209,mobilitybench:9ea1e5fec958995a25,好利来(槐房路万达),北京市 丰台区 槐房南路6号院万达广场1层1001B,39.814939,116.367224,104.96227808360813
mobilitybench_q_3d5ba8e4c8c325bd79,帮我找一下泊寓院草桥社区的好利来附近的好利来,保定市,38.929440,115.944209,mobilitybench:d2069a23e7f553ad50,好利来(丰科万达),北京市 丰台区 丰科路15号地铁9号线丰台科技园站C口出万达广场,39.824662,116.299935,104.13389262984103
mobilitybench_q_3d5ba8e4c8c325bd79,帮我找一下泊寓院草桥社区的好利来附近的好利来,保定市,38.929440,115.944209,mobilitybench:9233e75edafd8bdaa0,好利来(新光界店),北京市 丰台区 北京城区丰台北路18号院5号楼1层102内新光界30、36,39.866232,116.304545,108.67063070345539
mobilitybench_q_3d5ba8e4c8c325bd79,帮我找一下泊寓院草桥社区的好利来附近的好利来,保定市,38.929440,115.944209,mobilitybench:fe16f501824c169acb,好利来(西罗园店),北京市 丰台区 马家堡东路27号1层南侧(西罗园路口),39.861023,116.386524,110.33983533412184
mobilitybench_q_3d5ba8e4c8c325bd79,帮我找一下泊寓院草桥社区的好利来附近的好利来,保定市,38.929440,115.944209,mobilitybench:385126af0cc4a5a40b,泊寓·院,北京市 丰台区 玉泉营南街6号院,39.842861,116.341442,107.15137187658398
mobilitybench_q_34c2b1032331d042f0,吉首煜龙国际酒店周边有什么好玩的,湘潭市,27.837806,112.917039,mobilitybench:cd547583bbabb0344c,天之道足浴(煜龙店),湖南省 吉首市 开发路12号(煜龙酒店五楼),28.218139,109.665750,321.90639281405345
mobilitybench_q_34c2b1032331d042f0,吉首煜龙国际酒店周边有什么好玩的,湘潭市,27.837806,112.917039,mobilitybench:f559d55961fc3c55dd,湘西文化公园,湖南省 吉首市 湘西文化公园(工业大道南),28.219161,109.665494,321.94474046351206
mobilitybench_q_34c2b1032331d042f0,吉首煜龙国际酒店周边有什么好玩的,湘潭市,27.837806,112.917039,mobilitybench:29f0713adafbaac653,玲子自助棋牌室,湖南省 吉首市 开发路与长潭路交叉口北40米,28.215125,109.664225,322.0153786959412
mobilitybench_q_34c2b1032331d042f0,吉首煜龙国际酒店周边有什么好玩的,湘潭市,27.837806,112.917039,mobilitybench:899fbfdd65004a7f20,一筒江湖自助棋牌室(高新区店),湖南省 吉首市 吉首市高新区木林坪社区长潭路特色街B区051号,28.215713,109.662694,322.1720132152291
mobilitybench_q_34c2b1032331d042f0,吉首煜龙国际酒店周边有什么好玩的,湘潭市,27.837806,112.917039,mobilitybench:b9200348a1066b4894,桥,湖南省 吉首市 武陵山大道22号,28.217269,109.670094,321.4723219153138
mobilitybench_q_34c2b1032331d042f0,吉首煜龙国际酒店周边有什么好玩的,湘潭市,27.837806,112.917039,mobilitybench:c4acdc94f867885de2,把把胡24h棋牌室(老营盘店),湖南省 吉首市 长潭西路6号老营盘安置区B区田根生自建房,28.216291,109.661392,322.30623991490705
mobilitybench_q_34c2b1032331d042f0,吉首煜龙国际酒店周边有什么好玩的,湘潭市,27.837806,112.917039,mobilitybench:f6d79bce1b74e4b85e,足养元养生馆,湖南省 吉首市 武陵山大道26号红星爱琴海城市广场底9幢1层109.110室,28.213999,109.667287,321.70277544050606
mobilitybench_q_34c2b1032331d042f0,吉首煜龙国际酒店周边有什么好玩的,湘潭市,27.837806,112.917039,mobilitybench:0df261dc9e787e1c25,紫雀阁棋牌室,湖南省 吉首市 丰达路与武陵山大道交叉口西北160米,28.218882,109.671397,321.3667693700419
mobilitybench_q_34c2b1032331d042f0,吉首煜龙国际酒店周边有什么好玩的,湘潭市,27.837806,112.917039,mobilitybench:e69fe7114315df0f96,球阿妹24小时自助台球,湖南省 吉首市 湘西高新区爱琴海城市广场第7幢2F,28.213963,109.670043,321.4341134117461
mobilitybench_q_34c2b1032331d042f0,吉首煜龙国际酒店周边有什么好玩的,湘潭市,27.837806,112.917039,mobilitybench:51a870a05630854af1,鸿远足浴(经开区店),湖南省 吉首市 湘西高新区丰达路2号湘西州开明商务大酒店4楼,28.218233,109.672321,321.2683213971646
mobilitybench_q_34c2b1032331d042f0,吉首煜龙国际酒店周边有什么好玩的,湘潭市,27.837806,112.917039,mobilitybench:778092d0672cc27be0,煜龙国际酒店,湖南省 吉首市 湘西经开区开发路6号,28.218176,109.665836,321.8985114743134
mobilitybench_q_e569f2aab30940fc78,锦州附近离我最近的CNG加气站,大连市,39.052862,121.628672,mobilitybench:c0e47524a42da291d0,泰和石油CNG加油加气站(泰山站),辽宁省 太和区 凌西大街131号,41.086628,121.109742,230.41418309897512
mobilitybench_q_e569f2aab30940fc78,锦州附近离我最近的CNG加气站,大连市,39.052862,121.628672,mobilitybench:a5b045325e319d6701,中国燃气CNG加气站,辽宁省 太和区,41.066084,121.109613,228.17598102302028
mobilitybench_q_e569f2aab30940fc78,锦州附近离我最近的CNG加气站,大连市,39.052862,121.628672,mobilitybench:4b577f54b14a8e280a,CNG加气站,辽宁省 凌河区 锦义街63号,41.142293,121.159569,235.73469540484788
mobilitybench_q_e569f2aab30940fc78,锦州附近离我最近的CNG加气站,大连市,39.052862,121.628672,mobilitybench:c32ab8a5e2b0d0a1be,中国石油锦南LNG加油加气站,辽宁省 太和区 凌西南街140号,41.024583,121.105271,223.7263559378415
mobilitybench_q_e569f2aab30940fc78,锦州附近离我最近的CNG加气站,大连市,39.052862,121.628672,mobilitybench:c65a00d6761f165133,锦州市,辽宁省 太和区 太和区,41.096114,121.126859,231.17558585919048
mobilitybench_q_297fa08b4b66a00694,搜索大连站附近的麦当劳,沈阳市,41.741193,123.451258,mobilitybench:26baf6f36fe8b44165,麦当劳(荣盛餐厅),辽宁省 中山区 荣盛街38长波大厦(青泥洼桥地铁站E1口步行190米),38.917245,121.633567,349.75294791061106
mobilitybench_q_297fa08b4b66a00694,搜索大连站附近的麦当劳,沈阳市,41.741193,123.451258,mobilitybench:2c194e4f9f9cbe916f,麦当劳(天和广场餐厅),辽宁省 中山区 天津街207-16号天石大楼,38.923496,121.640263,348.8760476931216
mobilitybench_q_297fa08b4b66a00694,搜索大连站附近的麦当劳,沈阳市,41.741193,123.451258,mobilitybench:9653534381dde3c489,麦当劳(大都会快速时尚中心店),辽宁省 中山区 武汉街71号大都会1层西门,38.916532,121.637779,349.66747150862443
mobilitybench_q_297fa08b4b66a00694,搜索大连站附近的麦当劳,沈阳市,41.741193,123.451258,mobilitybench:bfd780a47f2a169c28,麦当劳汇邦中心餐厅,辽宁省 中山区 解放街7B号,38.918575,121.646025,349.1557410229672
mobilitybench_q_297fa08b4b66a00694,搜索大连站附近的麦当劳,沈阳市,41.741193,123.451258,mobilitybench:40a708eedcd2a664b6,麦当劳(人民路餐厅),辽宁省 中山区 人民路13号(中山广场地铁站B1口步行200米),38.922825,121.647366,348.67911636011684
mobilitybench_q_297fa08b4b66a00694,搜索大连站附近的麦当劳,沈阳市,41.741193,123.451258,mobilitybench:24eb508f8ed45b9d53,麦当劳(泰华大厦店),辽宁省 西岗区 新开路89号泰华大厦A座F1层,38.917290,121.616647,350.3822236423667
mobilitybench_q_297fa08b4b66a00694,搜索大连站附近的麦当劳,沈阳市,41.741193,123.451258,mobilitybench:a7be88ffd71a827a36,麦当劳(汇智云顶店),辽宁省 西岗区 胜利东路302号,38.908479,121.622090,351.0609590957075
mobilitybench_q_297fa08b4b66a00694,搜索大连站附近的麦当劳,沈阳市,41.741193,123.451258,mobilitybench:84dc7d41e4e38f052b,麦当劳(鲁迅路餐厅),辽宁省 中山区 鲁迅路29-5号三八广场家乐福中山店1层,38.919985,121.654288,348.70781892548666
mobilitybench_q_297fa08b4b66a00694,搜索大连站附近的麦当劳,沈阳市,41.741193,123.451258,mobilitybench:1a2bbd3218814b89d5,麦当劳甜品站(鲁迅路餐厅),辽宁省 中山区 鲁迅路29-5号三八广场家乐福中山店1层,38.919795,121.654357,348.72436326664416
mobilitybench_q_297fa08b4b66a00694,搜索大连站附近的麦当劳,沈阳市,41.741193,123.451258,mobilitybench:01cd2109bbdf016f9c,麦当劳(大连港湾街丰悦城餐厅),辽宁省 中山区 港湾街中信丰悦城(港湾广场地铁站D口步行230米),38.923819,121.661829,348.04365783461486
mobilitybench_q_297fa08b4b66a00694,搜索大连站附近的麦当劳,沈阳市,41.741193,123.451258,mobilitybench:cf1a646a77b57719b5,大连站,辽宁省 中山区 长江路259号,38.922471,121.633200,349.2424872741866
mobilitybench_q_bfc46d10ed609fc9e0,体育中心附近的公共厕所,成都市,30.402446,104.552560,mobilitybench:d68035519b5712b2a5,女卫生间(环球中心),四川省 武侯区 天府大道北段1700号环球中心B1层,30.571040,104.063859,50.441313781606524
mobilitybench_q_bfc46d10ed609fc9e0,体育中心附近的公共厕所,成都市,30.402446,104.552560,mobilitybench:21eb9a5ac1532de614,男卫生间(环球中心),四川省 武侯区 天府大道北段1700号环球中心B1层,30.570962,104.063860,50.438019459107394
mobilitybench_q_bfc46d10ed609fc9e0,体育中心附近的公共厕所,成都市,30.402446,104.552560,mobilitybench:c29becd32e21440102,女卫生间(环球中心),四川省 武侯区 天府大道北段1700号环球中心2F层,30.570710,104.063840,50.42945211762793
mobilitybench_q_bfc46d10ed609fc9e0,体育中心附近的公共厕所,成都市,30.402446,104.552560,mobilitybench:fa7d9c03c3a9c35017,女卫生间(环球中心),四川省 武侯区 天府大道北段1700号环球中心1F层,30.570701,104.063848,50.42837097801707
mobilitybench_q_bfc46d10ed609fc9e0,体育中心附近的公共厕所,成都市,30.402446,104.552560,mobilitybench:9de70b1baf5be18c61,男卫生间(环球中心),四川省 武侯区 天府大道北段1700号环球中心2F层,30.570635,104.063842,50.426197386525004
mobilitybench_q_bfc46d10ed609fc9e0,体育中心附近的公共厕所,成都市,30.402446,104.552560,mobilitybench:7c0be62b20aa67f875,女卫生间(环球中心),四川省 武侯区 天府大道北段1700号环球中心4F层,30.570679,104.063872,50.425332741346445
mobilitybench_q_bfc46d10ed609fc9e0,体育中心附近的公共厕所,成都市,30.402446,104.552560,mobilitybench:7437be9a149b4f7ce6,孵化园充电桩轻松驿站-公共厕所,四川省 武侯区 成都高新科技孵化园9号园区E座西北门南90米,30.572567,104.059689,50.87503031237117
mobilitybench_q_bfc46d10ed609fc9e0,体育中心附近的公共厕所,成都市,30.402446,104.552560,mobilitybench:86dd2ec538c542d120,男卫生间(环球中心),四川省 武侯区 天府大道北段1700号环球中心4F层,30.570653,104.063873,50.424177121765275
mobilitybench_q_bfc46d10ed609fc9e0,体育中心附近的公共厕所,成都市,30.402446,104.552560,mobilitybench:dae1d3d11cb3b98e34,男卫生间(环球中心),四川省 武侯区 天府大道北段1700号环球中心3F层,30.570692,104.063882,50.42497628079906
mobilitybench_q_bfc46d10ed609fc9e0,体育中心附近的公共厕所,成都市,30.402446,104.552560,mobilitybench:41e598dbbd858e5665,女卫生间(环球中心),四川省 武侯区 天府大道北段1700号环球中心3F层,30.570662,104.063883,50.423656472769785
mobilitybench_q_bfc46d10ed609fc9e0,体育中心附近的公共厕所,成都市,30.402446,104.552560,mobilitybench:fb006fdc8f5cfacf0e,DFUN潮玩水运动-成都环球中心旗舰店,四川省 武侯区 环球中心N5旁边,30.571085,104.061454,50.65717214621276
mobilitybench_q_db9d580ad19a25c695,沙坡头附近停车场充电桩,银川市,38.471045,106.281518,mobilitybench:5d6bd7d15cca3802fa,西北故事酒店停车场汽车充电站,宁夏回族自治区 沙坡头区 西北故事情景体验创意酒店停车场,37.495696,105.092213,150.41977763384438
mobilitybench_q_db9d580ad19a25c695,沙坡头附近停车场充电桩,银川市,38.471045,106.281518,mobilitybench:ef701ccc1861f99449,沙坡头旅游景区,宁夏回族自治区 沙坡头区 腾格里沙漠南缘,37.474597,105.002033,157.65162347350875
mobilitybench_q_42f57c98ae70c4a303,帮我找一下天津宝坻站附近的大超市,张家口市,40.402486,115.511233,mobilitybench:66357209e2c08429ff,守龙百货超市,天津市 宝坻区 布莱德新材料有限公司东北门西80米,39.643277,117.278659,172.55470335573256
mobilitybench_q_42f57c98ae70c4a303,帮我找一下天津宝坻站附近的大超市,张家口市,40.402486,115.511233,mobilitybench:1aecc1c6dbf39b93da,五号库生活超市(金地·新城大境店),天津市 宝坻区 宝平街道艺馨佳苑东门底商6-101/102,39.686856,117.293525,171.31384210315284
mobilitybench_q_42f57c98ae70c4a303,帮我找一下天津宝坻站附近的大超市,张家口市,40.402486,115.511233,mobilitybench:cfed5aa09381f2f809,永顺超市(金地·新城大境店),天津市 宝坻区 宝平街道私家牛肉丸子面金地·新城大境,39.689190,117.292300,171.0987667256714
mobilitybench_q_42f57c98ae70c4a303,帮我找一下天津宝坻站附近的大超市,张家口市,40.402486,115.511233,mobilitybench:f33d1147edd95770f1,劝宝超市(泽润店),天津市 宝坻区 广阳路与朝霞路交叉口西180米,39.695307,117.276228,169.56539723324792
mobilitybench_q_42f57c98ae70c4a303,帮我找一下天津宝坻站附近的大超市,张家口市,40.402486,115.511233,mobilitybench:eda765b4591309b080,作丹百货超市,天津市 宝坻区 烧角路与铸华路交叉口东40米,39.627882,117.273259,173.01429052798048
mobilitybench_q_42f57c98ae70c4a303,帮我找一下天津宝坻站附近的大超市,张家口市,40.402486,115.511233,mobilitybench:1d7ca30042f377fcf2,劝宝超市(河景馨园店),天津市 宝坻区 宝平街道河景馨园小区17号楼一层南侧公共配建,39.702035,117.289355,170.2058461419567
mobilitybench_q_42f57c98ae70c4a303,帮我找一下天津宝坻站附近的大超市,张家口市,40.402486,115.511233,mobilitybench:1d9fb7acb3d2cec787,果然一家人超市,天津市 宝坻区 龙熙中路与渠阳大街交叉口东40米,39.702155,117.304358,171.33601689937777
mobilitybench_q_42f57c98ae70c4a303,帮我找一下天津宝坻站附近的大超市,张家口市,40.402486,115.511233,mobilitybench:86c4572ac0f9fcf882,华润万家(宝坻店),天津市 宝坻区 环城南路26号怡购商业广场1层,39.705725,117.297714,170.64841435253868
mobilitybench_q_42f57c98ae70c4a303,帮我找一下天津宝坻站附近的大超市,张家口市,40.402486,115.511233,mobilitybench:eee80d69a68d5df3a4,天爱超市(蝶恋家园店),天津市 宝坻区 潮阳大道蝶恋家园10号楼,39.715942,117.282238,168.94957876229026
mobilitybench_q_42f57c98ae70c4a303,帮我找一下天津宝坻站附近的大超市,张家口市,40.402486,115.511233,mobilitybench:c2798e9bd527a1f289,宝立发冷食批发(金玉三园店),天津市 宝坻区 钰华街道金玉三园配建1-3-101,39.712061,117.315136,171.64824968827045
mobilitybench_q_42f57c98ae70c4a303,帮我找一下天津宝坻站附近的大超市,张家口市,40.402486,115.511233,mobilitybench:fb4fd265eb9d87cd6a,宝坻站,天津市 宝坻区 建铨道8号,39.663635,117.284326,171.86262519071718
mobilitybench_q_c97d71ef15966f463c,枣庄三中附近的教育咨询升学机构,济南市,36.660264,117.130301,mobilitybench:fe245f05098cfb0436,枣庄市第三中学,山东省 市中区 建华西路121号,34.855851,117.543935,204.08312419562463
mobilitybench_q_ed76f913c7a5b0adf5,眉山附近养殖场我靠的路好远,遵义市,28.609781,106.903103,mobilitybench:5db42ce19861fbe94a,观音生态畜禽养殖合作社,四川省 东坡区 眉山大市场西1门南100米,30.067842,103.856916,336.83764456978605
mobilitybench_q_ed76f913c7a5b0adf5,眉山附近养殖场我靠的路好远,遵义市,28.609781,106.903103,mobilitybench:c6f4d520b050ca7d55,眉山市嘉锦观赏鱼养殖基地,四川省 东坡区 科工园三路7号,30.101977,103.835109,340.48086397344326
mobilitybench_q_ed76f913c7a5b0adf5,眉山附近养殖场我靠的路好远,遵义市,28.609781,106.903103,mobilitybench:871310dbd2c0bbf03e,眉山众欣养猪专业合作社,四川省 东坡区 一环西路与金象大道交叉口西南80米,30.044811,103.820344,338.7651873387221
mobilitybench_q_ed76f913c7a5b0adf5,眉山附近养殖场我靠的路好远,遵义市,28.609781,106.903103,mobilitybench:08836c419a7f912847,东坡区丽君家离养殖场,四川省 东坡区 太和镇龙石7组,30.134577,103.842748,341.5773497728616
mobilitybench_q_ed76f913c7a5b0adf5,眉山附近养殖场我靠的路好远,遵义市,28.609781,106.903103,mobilitybench:fdaf8aa5c4bd0542ec,四川省眉山市强和水产养殖专业合作社基地,四川省 东坡区 松江镇新民村二组强和水产养殖专业合作社基地,30.029221,103.811065,338.76823267157096
mobilitybench_q_ed76f913c7a5b0adf5,眉山附近养殖场我靠的路好远,遵义市,28.609781,106.903103,mobilitybench:f7454619d52856879e,斯特佳水产养殖技术服务中心(七里二期B区店),四川省 东坡区 G351七里小区,30.070963,103.781385,343.43227757296694
mobilitybench_q_ed76f913c7a5b0adf5,眉山附近养殖场我靠的路好远,遵义市,28.609781,106.903103,mobilitybench:89c5fdc316092068a1,台鳅养殖基地,四川省 东坡区 永丰村,30.145841,103.847529,341.7850581885604
mobilitybench_q_ed76f913c7a5b0adf5,眉山附近养殖场我靠的路好远,遵义市,28.609781,106.903103,mobilitybench:71e89c896e8d337322,眉山市众能水产养殖专业合作社,四川省 东坡区 悦兴镇远光村一组,30.139893,103.812270,344.4286374446738
mobilitybench_q_ed76f913c7a5b0adf5,眉山附近养殖场我靠的路好远,遵义市,28.609781,106.903103,mobilitybench:9cc9522513896588fc,东坡种鸡场,四川省 东坡区 滑罗沟西侧,30.133021,103.903017,336.435483550493
mobilitybench_q_ed76f913c7a5b0adf5,眉山附近养殖场我靠的路好远,遵义市,28.609781,106.903103,mobilitybench:17dcaf456a7e32bf30,天盛种兔养殖场,四川省 东坡区 大学路1号,30.046544,103.927365,329.7417834993857
mobilitybench_q_ed76f913c7a5b0adf5,眉山附近养殖场我靠的路好远,遵义市,28.609781,106.903103,mobilitybench:e6ca76783e2f1d9efa,眉山市,四川省 东坡区 东坡区,30.077113,103.848417,338.0442732113512
mobilitybench_q_1ad37cae433df32adc,人民出版社家属院旁边的五金店,呼和浩特市,40.848177,111.714410,mobilitybench:90b35a7e1a77c270a3,理家五交化,河南省 金水区 丰产路44-11号,34.783820,113.677071,695.9603340773567
mobilitybench_q_1ad37cae433df32adc,人民出版社家属院旁边的五金店,呼和浩特市,40.848177,111.714410,mobilitybench:c825774479e1c64583,五交化商店(工行家属院店),河南省 金水区 红专路与经五路交叉路口西北角,34.779760,113.677506,696.4082985281786
mobilitybench_q_1ad37cae433df32adc,人民出版社家属院旁边的五金店,呼和浩特市,40.848177,111.714410,mobilitybench:3bb03e30867f82dab0,五交化,河南省 金水区 花园路红专路向西300米53号东隔壁五交化,34.779890,113.680120,696.4510009155465
mobilitybench_q_1ad37cae433df32adc,人民出版社家属院旁边的五金店,呼和浩特市,40.848177,111.714410,mobilitybench:a9637bb2c3336179b3,文达五交化(畜牧局家属院店),河南省 金水区 红专路23-5号,34.779761,113.677188,696.401292417447
mobilitybench_q_1ad37cae433df32adc,人民出版社家属院旁边的五金店,呼和浩特市,40.848177,111.714410,mobilitybench:a629be10fc85fbef80,锦成五金电料超市,河南省 金水区 红专路55号,34.779775,113.680525,696.4722192648009
mobilitybench_q_1ad37cae433df32adc,人民出版社家属院旁边的五金店,呼和浩特市,40.848177,111.714410,mobilitybench:d425f438c19a8bbfc1,五交化,河南省 金水区 经八路街道经五路13号河南省通信公司家属院,34.778136,113.677886,696.5919548867165
mobilitybench_q_1ad37cae433df32adc,人民出版社家属院旁边的五金店,呼和浩特市,40.848177,111.714410,mobilitybench:fc9fb7b6598b6924e2,公牛装饰开关(丰产路店),河南省 金水区 文化路街道丰产路27号丰产路27号院,34.783555,113.674120,695.9249623208906
mobilitybench_q_1ad37cae433df32adc,人民出版社家属院旁边的五金店,呼和浩特市,40.848177,111.714410,mobilitybench:eb2cd607e76b46794b,北方五交化(丰产路27号院店),河南省 金水区 丰产路27-21号,34.783604,113.673875,695.9143604112134
mobilitybench_q_1ad37cae433df32adc,人民出版社家属院旁边的五金店,呼和浩特市,40.848177,111.714410,mobilitybench:1a5dc34c07309ff17a,德施曼指纹锁(苏宁Max花园路超级体验店),河南省 金水区 花园路59号邮政大厦SuningMax一楼店内,34.778056,113.681035,696.6689569047926
mobilitybench_q_1ad37cae433df32adc,人民出版社家属院旁边的五金店,呼和浩特市,40.848177,111.714410,mobilitybench:3a08965cf6c9ac8b23,五交化,河南省 金水区 经七路红专路口南80米路西,34.779117,113.672081,696.360225560843
mobilitybench_q_1ad37cae433df32adc,人民出版社家属院旁边的五金店,呼和浩特市,40.848177,111.714410,mobilitybench:4dd546fcde01860a50,河南人民出版社家属院,河南省 金水区 文化路街道经五路16号,34.781933,113.678526,696.195729268011
mobilitybench_q_7377f38c46c8c4ffa9,鞍山市南沟村附近充电桩,沈阳市,41.821090,123.483498,mobilitybench:71fb912153bde055b3,南沟,辽宁省 千山区 千山区,40.928402,123.061518,105.32206437806079
mobilitybench_q_05e36d7575e9df2583,搜搜一下龙岩森林水乡附近的餐厅,漳州市,24.493209,117.668518,mobilitybench:8c4cb90c30ead6b362,新罗区海燕农家乐餐厅,福建省 新罗区 小池镇培斜村1号店,25.109740,116.856616,106.84540777654601
mobilitybench_q_05e36d7575e9df2583,搜搜一下龙岩森林水乡附近的餐厅,漳州市,24.493209,117.668518,mobilitybench:1064b8eb6bce493210,德宁餐厅(德熙酒业体验店),福建省 新罗区 小池镇培斜村幸福路518号,25.117635,116.857578,107.33472702926728
mobilitybench_q_05e36d7575e9df2583,搜搜一下龙岩森林水乡附近的餐厅,漳州市,24.493209,117.668518,mobilitybench:d680d81615a2730b92,忠兰客家餐馆(洋畲村店),福建省 新罗区 龙门镇洋畲村46号,25.084584,116.930046,99.40559148954085
mobilitybench_q_05e36d7575e9df2583,搜搜一下龙岩森林水乡附近的餐厅,漳州市,24.493209,117.668518,mobilitybench:01139aa1fb6b79e939,发秀餐馆,福建省 新罗区 花果村农家乐东南侧,25.084235,116.930392,99.35380559956552
mobilitybench_q_05e36d7575e9df2583,搜搜一下龙岩森林水乡附近的餐厅,漳州市,24.493209,117.668518,mobilitybench:b5ca9cdb75a297cb4e,洋畲村月龙餐馆,福建省 新罗区 龙门镇洋畲村洋畲路53号,25.084400,116.930658,99.34577073219094
mobilitybench_q_05e36d7575e9df2583,搜搜一下龙岩森林水乡附近的餐厅,漳州市,24.493209,117.668518,mobilitybench:77b16f679e54e54659,冬兰餐馆,福建省 新罗区 龙门镇洋畲村洋畲路8号,25.084732,116.930989,99.34508349397223
mobilitybench_q_05e36d7575e9df2583,搜搜一下龙岩森林水乡附近的餐厅,漳州市,24.493209,117.668518,mobilitybench:7b5190468c849d1440,阿古餐馆,福建省 新罗区 龙门镇洋畲村洋畲路11号,25.084587,116.931319,99.30947607394432
mobilitybench_q_05e36d7575e9df2583,搜搜一下龙岩森林水乡附近的餐厅,漳州市,24.493209,117.668518,mobilitybench:6d4a89929614e07e7b,剑宇餐馆,福建省 新罗区 龙门镇洋畲村66号,25.083652,116.932134,99.17919495986635
mobilitybench_q_05e36d7575e9df2583,搜搜一下龙岩森林水乡附近的餐厅,漳州市,24.493209,117.668518,mobilitybench:5e36caca6925286158,龙岩森林水乡景区,福建省 新罗区 319国道小池镇培斜村幸福路82号,25.094972,116.865884,105.080043662865
mobilitybench_q_432ec1ea95bde744c2,沈阳水岸福邸附近的物流,辽阳市,41.295479,123.236130,mobilitybench:e7707760c072a4dc0d,顺丰速运(新龙店),辽宁省 大东区 津桥街道北边城路19号5门翰林家园,41.816131,123.471934,61.1283717919199
mobilitybench_q_432ec1ea95bde744c2,沈阳水岸福邸附近的物流,辽阳市,41.295479,123.236130,mobilitybench:138680534a5c17c9ef,顺丰速运(津桥路店),辽宁省 大东区 草仓路19号2门,41.809130,123.469699,60.33178085795675
mobilitybench_q_432ec1ea95bde744c2,沈阳水岸福邸附近的物流,辽阳市,41.295479,123.236130,mobilitybench:bb6bdac42d309d96ba,菜鸟驿站(沈阳新龙街6号店),辽宁省 大东区 津桥街道新龙街6号312,41.810446,123.468341,60.43404256355423
mobilitybench_q_432ec1ea95bde744c2,沈阳水岸福邸附近的物流,辽阳市,41.295479,123.236130,mobilitybench:d99e48239de3e6888b,三志物流(龙之梦网点),辽宁省 大东区 龙之梦北侧捷安泊停车场院内,41.808547,123.484120,60.66805019958576
mobilitybench_q_432ec1ea95bde744c2,沈阳水岸福邸附近的物流,辽阳市,41.295479,123.236130,mobilitybench:3eb3835d2fc2577c31,辽西物流(龙之梦店),辽宁省 大东区 文中堂街与讲武堂路交叉口东100米,41.808072,123.484349,60.62490011493018
mobilitybench_q_432ec1ea95bde744c2,沈阳水岸福邸附近的物流,辽阳市,41.295479,123.236130,mobilitybench:d588026813aaaf2656,长吉物流(东边城街店),辽宁省 大东区 东边城街18号,41.802717,123.478617,59.90335605171373
mobilitybench_q_432ec1ea95bde744c2,沈阳水岸福邸附近的物流,辽阳市,41.295479,123.236130,mobilitybench:f529ccf6c4b32ad155,顺丰速运(小北店),辽宁省 大东区 大北街道联合路99-11号锦联左岸北区,41.821620,123.466880,61.57405865523812
mobilitybench_q_432ec1ea95bde744c2,沈阳水岸福邸附近的物流,辽阳市,41.295479,123.236130,mobilitybench:bc444b2abcd7c2b8e9,辽西物流,辽宁省 大东区 东边城街16号,41.802535,123.478938,59.89331770607434
mobilitybench_q_432ec1ea95bde744c2,沈阳水岸福邸附近的物流,辽阳市,41.295479,123.236130,mobilitybench:e9a9ffec2c336f5c95,顺丰速运(沈阳大悦城快递服务中心),辽宁省 大东区 万泉街道沈阳市大东区小东路7号大悦城E魔方1层4门,41.803076,123.469268,59.68351676521326
mobilitybench_q_432ec1ea95bde744c2,沈阳水岸福邸附近的物流,辽阳市,41.295479,123.236130,mobilitybench:c244e30aaddf81df5d,沈阳市来兴运输有限公司,辽宁省 大东区 洮昌小区西门西南100米,41.825742,123.467737,62.03164116717842
mobilitybench_q_432ec1ea95bde744c2,沈阳水岸福邸附近的物流,辽阳市,41.295479,123.236130,mobilitybench:22a770303fa3eadacc,大华·水岸福邸,辽宁省 大东区 中学堂路16号,41.812973,123.475269,60.88618513276558
mobilitybench_q_89b74a99459eb459a4,惠东县多祝镇附近的温泉,惠州市,23.065603,114.426076,mobilitybench:15042210d5edf96504,星弘宇药蒸露营民宿,广东省 惠东县 白盆珠镇新和村新珠小组3号,23.051138,115.028461,61.65173088415632
mobilitybench_q_89b74a99459eb459a4,惠东县多祝镇附近的温泉,惠州市,23.065603,114.426076,mobilitybench:916790f9ec48a51391,多祝镇人民政府,广东省 惠东县 平安中路68号,23.027439,114.950422,53.81877827153858
mobilitybench_q_4d8ca776e252950396,上海市浦东新区最近的火车站,金华市,29.287115,120.054314,mobilitybench:0c7ee8b85d2b89150c,上海站,上海市 静安区 秣陵路303号,31.249650,121.455768,256.3836791735388
mobilitybench_q_4d8ca776e252950396,上海市浦东新区最近的火车站,金华市,29.287115,120.054314,mobilitybench:24eba689d3a958632a,浦东新区,上海市 浦东新区 浦东新区,31.221461,121.544346,258.3448232531343
mobilitybench_q_23c7bc872463995559,东大明宫附近的民生苑苑小区,咸阳市,34.528525,108.255394,mobilitybench:d97e2966b7eef98cd6,西铁大明宫住宅小区东区,陕西省 未央区 太华北路304号(余家寨地铁站A西北口步行220米),34.315464,108.968526,69.5696163981381
mobilitybench_q_6e6383033b82918eef,五指山市附近的房车营地,海口市,20.018739,110.287325,mobilitybench:491ea3bfa78b483232,五指山露营谷,海南省 五指山市 露营谷,18.840175,109.517475,153.91885115749815
mobilitybench_q_6e6383033b82918eef,五指山市附近的房车营地,海口市,20.018739,110.287325,mobilitybench:e4b315afbbcc41b3b2,五指山市,海南省 五指山市 五指山市,18.774827,109.516784,160.19560059559265
mobilitybench_q_037dc2278231c0adcd,义马街附近的情客情火锅店,四平市,43.341189,125.311913,mobilitybench:5d7d17aca339c11413,义马市,河南省 义马市 义马市,34.747563,111.874726,1499.9222985950194
mobilitybench_q_1760e92b4d83bfa3a9,彩票店找一个附近彩票店,临沂市,35.273886,118.249531,mobilitybench:0c86286c7a033e7bdd,中国体育彩票,山东省 兰陵县 新庄路与育才路交叉口东180米,34.848049,118.068592,50.133112038738936
mobilitybench_q_1760e92b4d83bfa3a9,彩票店找一个附近彩票店,临沂市,35.273886,118.249531,mobilitybench:cc5b706a698e6b3321,中国福利彩票(佳园路店),山东省 兰陵县 育才路交佳园路口东150米路南,34.849247,118.068654,50.0054143489032
mobilitybench_q_1760e92b4d83bfa3a9,彩票店找一个附近彩票店,临沂市,35.273886,118.249531,mobilitybench:2c377dc3d26cfd5c69,中国体育彩票(佳园路店),山东省 兰陵县 佳园路与育才路交叉口东140米,34.849251,118.068613,50.0062229107033
mobilitybench_q_ce364220a5fda0e9e2,阳山植物园附近的渔具店,信阳市,32.146370,114.079667,mobilitybench:90b44b0ee6e6c02455,望江亭国际钓具,广东省 阳山县 海逸华庭F栋08号铺位,24.476573,112.635909,864.4431791044346
mobilitybench_q_ce364220a5fda0e9e2,阳山植物园附近的渔具店,信阳市,32.146370,114.079667,mobilitybench:cfa4ef14ab42dc1806,连阳渔具店,广东省 阳山县 阳城镇城南大道55号,24.472433,112.642084,864.7994662444685
mobilitybench_q_ce364220a5fda0e9e2,阳山植物园附近的渔具店,信阳市,32.146370,114.079667,mobilitybench:3c3a85a6e031f6e1f1,李军渔具渔网百货店,广东省 阳山县 城南大道东60号,24.472171,112.642418,864.8229329772212
mobilitybench_q_ce364220a5fda0e9e2,阳山植物园附近的渔具店,信阳市,32.146370,114.079667,mobilitybench:66bfa10749f373efba,神草乐园,广东省 阳山县 御景新城西北门东北50米,24.472147,112.634752,864.9476368526099
mobilitybench_q_87502e4802f443b4b1,搜索云南省文山州附近的飞机场,黔西南布依族苗族自治州,25.060782,105.385496,mobilitybench:5026ccec187d53f9d3,文山壮族苗族自治州,云南省 文山市 文山市,23.400983,104.215670,219.38938219778458
mobilitybench_q_36aa1dcb1bdaf988a8,帮我查询一下扬州市附近有多少超市,汕头市,23.302776,116.742671,mobilitybench:e8fecd090bc7605896,美宜佳(中集紫金广场店),江苏省 邗江区 文昌西路10号中集紫金广场,32.393839,119.411033,1044.2406385773402
mobilitybench_q_36aa1dcb1bdaf988a8,帮我查询一下扬州市附近有多少超市,汕头市,23.302776,116.742671,mobilitybench:79abd2f1ce45c33924,美团优选(扬子江北路店),江苏省 邗江区 扬子江北路与四望亭路交叉口南160米,32.395867,119.414788,1044.5506886670175
mobilitybench_q_36aa1dcb1bdaf988a8,帮我查询一下扬州市附近有多少超市,汕头市,23.302776,116.742671,mobilitybench:5ac91fe95d3f21a91f,兆烨超市(宰庄小区市级机关住宅楼店),江苏省 邗江区 宰庄小区1幢110室,32.392174,119.412756,1044.1043810729775
mobilitybench_q_36aa1dcb1bdaf988a8,帮我查询一下扬州市附近有多少超市,汕头市,23.302776,116.742671,mobilitybench:f9915cf5a899eb69f7,宰庄烟酒百货,江苏省 邗江区 宰庄巷与康乐街交叉口东北40米,32.392101,119.411977,1044.0773693525555
mobilitybench_q_36aa1dcb1bdaf988a8,帮我查询一下扬州市附近有多少超市,汕头市,23.302776,116.742671,mobilitybench:440f4d9f18797a8325,玉宏超市(梅庄新村西区店),江苏省 邗江区 双桥街道陈家牛羊肉汤梅庄新村西区,32.396784,119.413382,1044.6144663581556
mobilitybench_q_36aa1dcb1bdaf988a8,帮我查询一下扬州市附近有多少超市,汕头市,23.302776,116.742671,mobilitybench:d3b3cabd2008836a8a,析木超市,江苏省 邗江区 康乐街与宰庄巷交叉口北20米,32.392110,119.411698,1044.071467554174
mobilitybench_q_36aa1dcb1bdaf988a8,帮我查询一下扬州市附近有多少超市,汕头市,23.302776,116.742671,mobilitybench:c9a720ce2cb4947ae4,买买乐超市(扬子江北路店),江苏省 邗江区 维扬经济开发区扬子江北路2号梅庄组综合楼,32.394499,119.415790,1044.4285891627758
mobilitybench_q_36aa1dcb1bdaf988a8,帮我查询一下扬州市附近有多少超市,汕头市,23.302776,116.742671,mobilitybench:0308797bcee8bee5d9,西门超市(四望亭路店),江苏省 邗江区 四望亭路弘扬花园对面333号,32.396936,119.411926,1044.5949468082692
mobilitybench_q_36aa1dcb1bdaf988a8,帮我查询一下扬州市附近有多少超市,汕头市,23.302776,116.742671,mobilitybench:342fcc0df5a7935206,皇庭超市(四望亭路店),江苏省 邗江区 四望亭路319号,32.397099,119.413091,1044.641105223977
mobilitybench_q_36aa1dcb1bdaf988a8,帮我查询一下扬州市附近有多少超市,汕头市,23.302776,116.742671,mobilitybench:fe3cf602a59bd97b93,福寿大街严选食品超市,江苏省 邗江区 四望亭路343号豪斯顿精品酒店西侧,32.396796,119.410744,1044.5508492021881
mobilitybench_q_36aa1dcb1bdaf988a8,帮我查询一下扬州市附近有多少超市,汕头市,23.302776,116.742671,mobilitybench:222357a78ccb23acbc,扬州市,江苏省 邗江区 邗江区,32.394404,119.412834,1044.3455900601082
mobilitybench_q_f63cd9864eafb7f209,东关方向有国家电网充电桩吗,承德市,40.998503,117.904518,mobilitybench:41cdbdbfdfaf29a059,凤山服务区国家电网电动汽车充电站,河北省 丰宁满族自治县 张承高速凤山服务区(张家口方向)地面停车场,41.263914,117.182354,67.29900466766875
mobilitybench_q_f63cd9864eafb7f209,东关方向有国家电网充电桩吗,承德市,40.998503,117.904518,mobilitybench:9ab36a76f33eced680,国家电网汽车充电站(张承高速凤山服务区充电站承德方向),河北省 丰宁满族自治县 张承高速凤山服务区(承德方向),41.263231,117.179431,67.4862259207957
mobilitybench_q_f63cd9864eafb7f209,东关方向有国家电网充电桩吗,承德市,40.998503,117.904518,mobilitybench:51e066487cdf8bf93c,东关前街,河北省 丰宁满族自治县 丰宁满族自治县,41.231369,117.209761,63.701967063804915
mobilitybench_q_ef8d8eca526db86d9f,帮我找三林家园边的鲜啤,金华市,29.321164,120.062156,mobilitybench:feef1f008432cddf3b,桃小二精酿啤酒屋(东书房路店),上海市 浦东新区 东书房路308-318号,31.166624,121.534164,249.198965063226
mobilitybench_q_ef8d8eca526db86d9f,帮我找三林家园边的鲜啤,金华市,29.321164,120.062156,mobilitybench:ef8d7fd348f050572b,鲜啤达精酿啤酒屋(海阳路店),上海市 浦东新区 板泉路与上南路交叉口东80米,31.159441,121.499347,246.6574783008868
mobilitybench_q_ef8d8eca526db86d9f,帮我找三林家园边的鲜啤,金华市,29.321164,120.062156,mobilitybench:75035cacc7d080ca93,30公里鲜啤酒馆,上海市 浦东新区 上南路1232号(成山路地铁站4号口步行240米),31.172781,121.495420,247.6729699723946
mobilitybench_q_ef8d8eca526db86d9f,帮我找三林家园边的鲜啤,金华市,29.321164,120.062156,mobilitybench:369e6916e61e7ebd1e,鲜啤30公里精酿酒馆(太平洋中环广场店),上海市 浦东新区 太平洋中环广场西门东北230米,31.152316,121.580577,250.46622774913152
mobilitybench_q_ef8d8eca526db86d9f,帮我找三林家园边的鲜啤,金华市,29.321164,120.062156,mobilitybench:4887a9abfa001f1b1f,爱啤士精酿啤酒(前滩店),上海市 浦东新区 杨新路281弄22号G区,31.160334,121.486392,246.0453651007721
mobilitybench_q_ef8d8eca526db86d9f,帮我找三林家园边的鲜啤,金华市,29.321164,120.062156,mobilitybench:d31a3bd0816456e128,魔女喝喝&三年酒班鲜啤打酒站(蓝村店),上海市 浦东新区 东方路1498号-3底室(蓝村路地铁站3号口步行80米),31.211220,121.527249,252.90977253776651
mobilitybench_q_ef8d8eca526db86d9f,帮我找三林家园边的鲜啤,金华市,29.321164,120.062156,mobilitybench:12c05eb02cfbfc6808,30公里鲜啤酒馆(蓝村路店),上海市 浦东新区 蓝村路514-6号(蓝村路地铁站3号口步行340米),31.211609,121.523863,252.76485301213015
mobilitybench_q_ef8d8eca526db86d9f,帮我找三林家园边的鲜啤,金华市,29.321164,120.062156,mobilitybench:0f1e03f76fb6cb5678,公里鲜啤(博览汇广场店),上海市 浦东新区 梅花路1099号博览汇广场1F层,31.210343,121.558912,254.5336044173407
mobilitybench_q_ef8d8eca526db86d9f,帮我找三林家园边的鲜啤,金华市,29.321164,120.062156,mobilitybench:d84b50f1395340c603,鲜啤30公里精酿酒馆(康桥店),上海市 浦东新区 上南路与周康路交叉口东北100米,31.118375,121.571098,246.88714869924547
mobilitybench_q_ef8d8eca526db86d9f,帮我找三林家园边的鲜啤,金华市,29.321164,120.062156,mobilitybench:7809c96f3852366698,上海力波精酿鲜啤馆,上海市 黄浦区 西藏南路1671号,31.200453,121.490765,249.98022536180764
mobilitybench_q_ef8d8eca526db86d9f,帮我找三林家园边的鲜啤,金华市,29.321164,120.062156,mobilitybench:621368fdb27869940b,三林世博家园,上海市 浦东新区 新浦路251弄,31.162723,121.535764,248.93086988516166
mobilitybench_q_66279bf0716412f5b3,吴圩菜场附近的好再来馒头,马鞍山市,31.689287,118.496467,mobilitybench:5b629511b1044ce8b2,吴圩蓝天农贸市场,广西壮族自治区 江南区 吴圩镇蓝天市场,22.644389,108.218867,1428.5895199570243
mobilitybench_q_72bf28fade56f6ad5a,搜索深圳市沿江高速附近的物流园,广州市,23.144918,113.490707,mobilitybench:a825459660237df11c,深圳市飞达物流发展有限公司,广东省 南山区 航海路1092号,22.513034,113.881678,80.88430434021139
mobilitybench_q_72bf28fade56f6ad5a,搜索深圳市沿江高速附近的物流园,广州市,23.144918,113.490707,mobilitybench:88fc6f969287776d51,天地华宇(鼎太风华南区7期店),广东省 南山区 东滨路4230号,22.514700,113.907942,82.09259391954363
mobilitybench_q_72bf28fade56f6ad5a,搜索深圳市沿江高速附近的物流园,广州市,23.144918,113.490707,mobilitybench:3e4ae0324b389b02ae,深圳市卡铁联合物流(集团)有限公司,广东省 南山区 南山街道自贸西街151号招商局前海经贸中心一期B座603,22.503014,113.887330,82.13985514834046
mobilitybench_q_72bf28fade56f6ad5a,搜索深圳市沿江高速附近的物流园,广州市,23.144918,113.490707,mobilitybench:95c97aaaa06115f35d,大洋物流集团(卓越前海壹号T3栋写字楼店),广东省 南山区 梦海大道5109号卓越前海壹T3写字楼22层,22.529920,113.899134,80.17659723594863
mobilitybench_q_72bf28fade56f6ad5a,搜索深圳市沿江高速附近的物流园,广州市,23.144918,113.490707,mobilitybench:740035f107a71e795e,东方嘉盛西部物流仓库,广东省 南山区 临海大道88号,22.499575,113.886581,82.43480638337665
mobilitybench_q_72bf28fade56f6ad5a,搜索深圳市沿江高速附近的物流园,广州市,23.144918,113.490707,mobilitybench:c350eefd337eb4fc90,深国际西部物流,广东省 南山区 怡海大道88号,22.499133,113.884554,82.37562865374397
mobilitybench_q_72bf28fade56f6ad5a,搜索深圳市沿江高速附近的物流园,广州市,23.144918,113.490707,mobilitybench:9d1df96fa6899ca424,西部物流商务中心,广东省 南山区 蛇口临海大道88号,22.499296,113.882239,82.24379406656996
mobilitybench_q_72bf28fade56f6ad5a,搜索深圳市沿江高速附近的物流园,广州市,23.144918,113.490707,mobilitybench:6c1227321bfed4d572,祥乐物流南山营业部,广东省 南山区 北头村西街14-1号,22.521787,113.915282,81.81788165609703
mobilitybench_q_72bf28fade56f6ad5a,搜索深圳市沿江高速附近的物流园,广州市,23.144918,113.490707,mobilitybench:c342c0cc667e16133b,前海深国际西部物流,广东省 南山区 月亮湾大道辅路与棉山路交叉口西北260米,22.496628,113.882407,82.51144674076927
mobilitybench_q_72bf28fade56f6ad5a,搜索深圳市沿江高速附近的物流园,广州市,23.144918,113.490707,mobilitybench:4fa42fa2123d451a23,深圳市新天地国际物流有限公司,广东省 南山区 南山大道华联城市中心T3栋1903-1907,22.514740,113.916456,82.54665753618845
mobilitybench_q_72bf28fade56f6ad5a,搜索深圳市沿江高速附近的物流园,广州市,23.144918,113.490707,mobilitybench:b805d11c5a9abac4cd,S3广深沿江高速,广东省 南山区 南山区,22.516627,113.892524,81.09595190233343
mobilitybench_q_356a21d90f71653345,湖北公安县附近的酒业有限公司,成都市,30.525352,103.487876,mobilitybench:5aba2466a6fda8e7e7,湖北虎东酒业有限公司,湖北省 公安县 新建街165号,30.059184,112.233668,841.0952659367937
mobilitybench_q_356a21d90f71653345,湖北公安县附近的酒业有限公司,成都市,30.525352,103.487876,mobilitybench:b1033c3a1396f07757,咸宁正宗苞谷酒厂,湖北省 公安县 文明巷与荆江河路交叉口东南240米,30.055425,112.236325,841.3915604636858
mobilitybench_q_356a21d90f71653345,湖北公安县附近的酒业有限公司,成都市,30.525352,103.487876,mobilitybench:7eb9123e421c36073c,荆州丽枫酒店管理有限公司,湖北省 公安县 瓦池湾路与东风路交叉口东北60米,30.050324,112.226059,840.4656661161553
mobilitybench_q_356a21d90f71653345,湖北公安县附近的酒业有限公司,成都市,30.525352,103.487876,mobilitybench:13086f87903e5b0a3b,荆粮仓酒厂,湖北省 公安县 斗湖堤楚丰农贸市场A3-121号,30.058443,112.208183,838.6631072465364
mobilitybench_q_356a21d90f71653345,湖北公安县附近的酒业有限公司,成都市,30.525352,103.487876,mobilitybench:2bf34fc8fb7eec384d,公安县先平酒厂,湖北省 公安县 斗湖堤镇瑞阳路瑞阳步行街E3栋第一层107号,30.064366,112.208646,838.6417830581389
mobilitybench_q_356a21d90f71653345,湖北公安县附近的酒业有限公司,成都市,30.525352,103.487876,mobilitybench:98b20232fac85da602,高梁王酒厂,湖北省 公安县 斗湖堤镇王岗村马嘶桥路育苗中学对面,30.072172,112.213879,839.0571478592451
mobilitybench_q_356a21d90f71653345,湖北公安县附近的酒业有限公司,成都市,30.525352,103.487876,mobilitybench:8b749c6e5e1e3e229d,富强酒厂,湖北省 公安县 斗湖堤镇马嘶桥路20号,30.071970,112.213341,839.0078357584441
mobilitybench_q_356a21d90f71653345,湖北公安县附近的酒业有限公司,成都市,30.525352,103.487876,mobilitybench:1b967b4b35a61ca777,小桥酒厂,湖北省 公安县 桥江源超市南侧260米,30.028795,112.231028,841.1868039864797
mobilitybench_q_356a21d90f71653345,湖北公安县附近的酒业有限公司,成都市,30.525352,103.487876,mobilitybench:cff6156174de9c8aa8,公安县竹园酒厂,湖北省 公安县 夹竹园镇金猫口村五组,30.045785,112.184627,836.5495656916486
mobilitybench_q_356a21d90f71653345,湖北公安县附近的酒业有限公司,成都市,30.525352,103.487876,mobilitybench:effe8c622b05470746,湖北虎东酒业有限公司,湖北省 公安县 兴业路与青吉路交叉口西南160米,30.029251,112.271024,845.0111453535619
mobilitybench_q_356a21d90f71653345,湖北公安县附近的酒业有限公司,成都市,30.525352,103.487876,mobilitybench:997c1893afe6911139,公安县,湖北省 公安县 公安县,30.058519,112.229742,840.7267100991287
mobilitybench_q_669bb12e3aa1d7b8e6,我找的是普宁的那个燎原市场附近有没有住宿,珠海市,22.282345,113.568544,mobilitybench:2a8473b91bcb6f4fdb,普宁优家公寓,广东省 普宁市 泥沟乡门对面燎原东路南侧第一栋第3-5层,23.333765,116.161328,290.33277658448674
mobilitybench_q_669bb12e3aa1d7b8e6,我找的是普宁的那个燎原市场附近有没有住宿,珠海市,22.282345,113.568544,mobilitybench:87743c8ff5c3081d28,宝利商务公寓,广东省 普宁市 燎原街道普宁职校对面北二环大道光南乡门南侧,23.330014,116.160183,290.06097839087795
mobilitybench_q_669bb12e3aa1d7b8e6,我找的是普宁的那个燎原市场附近有没有住宿,珠海市,22.282345,113.568544,mobilitybench:1fefaf69f6417f9796,宝莉·欢致公寓(普宁服装城店),广东省 普宁市 燎原街道光南乡门南侧,23.330173,116.160041,290.0546074299627
mobilitybench_q_669bb12e3aa1d7b8e6,我找的是普宁的那个燎原市场附近有没有住宿,珠海市,22.282345,113.568544,mobilitybench:a2c861b7fb7021496d,鸿德楼,广东省 普宁市 燎原镇果陇村陶熏幼儿园背后200米河厝沟,23.347478,116.166869,291.4565874863166
mobilitybench_q_669bb12e3aa1d7b8e6,我找的是普宁的那个燎原市场附近有没有住宿,珠海市,22.282345,113.568544,mobilitybench:1dbbec1844cf7fcfdc,拼多多驿站,广东省 普宁市 光南村委会东侧140米,23.334017,116.170902,291.24227108121755
mobilitybench_q_669bb12e3aa1d7b8e6,我找的是普宁的那个燎原市场附近有没有住宿,珠海市,22.282345,113.568544,mobilitybench:51ecbc506403610a41,普宁1号主题公寓(普宁广场店),广东省 普宁市 燎原东路1号(普宁广场、国际服装城附近),23.326771,116.162155,290.10447777681645
mobilitybench_q_669bb12e3aa1d7b8e6,我找的是普宁的那个燎原市场附近有没有住宿,珠海市,22.282345,113.568544,mobilitybench:02c32dac20b3583c05,明德公寓,广东省 普宁市 燎原东路与北二环大道交叉口南240米,23.327006,116.162232,290.1219591105027
mobilitybench_q_669bb12e3aa1d7b8e6,我找的是普宁的那个燎原市场附近有没有住宿,珠海市,22.282345,113.568544,mobilitybench:d20f264192b61c2f1c,星辰丽致酒店(普宁国际服装城店),广东省 普宁市 燎原街道环市北路与燎原东路交汇处国际服装城正对面,23.319258,116.159416,289.5203100873228
mobilitybench_q_669bb12e3aa1d7b8e6,我找的是普宁的那个燎原市场附近有没有住宿,珠海市,22.282345,113.568544,mobilitybench:20073b01c3baba2668,八方酒店(普宁广场店),广东省 普宁市 燎原东路群飞大厦旁,23.320399,116.159971,289.62200238607693
mobilitybench_q_669bb12e3aa1d7b8e6,我找的是普宁的那个燎原市场附近有没有住宿,珠海市,22.282345,113.568544,mobilitybench:88fde3d7eaf1923337,稀.小院,广东省 普宁市 辉煌商厦东侧150米,23.323378,116.168405,290.54417969285197
mobilitybench_q_669bb12e3aa1d7b8e6,我找的是普宁的那个燎原市场附近有没有住宿,珠海市,22.282345,113.568544,mobilitybench:e39d55a5673f25a6a7,燎原市场,广东省 普宁市 236省道与燎原东路交叉口西北240米,23.338975,116.161275,290.556878049145
mobilitybench_q_9495d1eff5c7891bc5,帮我找一个属于开封的最近的联通营业厅,郑州市,34.569099,113.723634,mobilitybench:0ab8b1a9413311c345,中国联通大杰营业厅,河南省 龙亭区 汉兴路46号三毛未来购物广场,34.792746,114.315283,59.541902824206836
mobilitybench_q_9495d1eff5c7891bc5,帮我找一个属于开封的最近的联通营业厅,郑州市,34.569099,113.723634,mobilitybench:f6028ef1e03a1f7985,中国联通智慧生活馆,河南省 龙亭区 万胜路70号宏泰竹韵邨,34.803508,114.317001,60.189932200962325
mobilitybench_q_9495d1eff5c7891bc5,帮我找一个属于开封的最近的联通营业厅,郑州市,34.569099,113.723634,mobilitybench:0c40ab04110b8bee58,中国联通(自有旗下晋安苑营业厅),河南省 龙亭区 晋安苑小区10号楼一楼,34.797863,114.321563,60.300400751167196
mobilitybench_q_9495d1eff5c7891bc5,帮我找一个属于开封的最近的联通营业厅,郑州市,34.569099,113.723634,mobilitybench:699a008171777a7476,手机快修中国联通,河南省 龙亭区 黄河大街25号营业房西西花园小区门口南隔壁中国联通手机快修,34.798015,114.321625,60.312626342733914
mobilitybench_q_9495d1eff5c7891bc5,帮我找一个属于开封的最近的联通营业厅,郑州市,34.569099,113.723634,mobilitybench:24ff7e9524e135048b,中国联通智慧生活馆(大圣金明营业厅),河南省 龙亭区 金明东街31号联通营业厅,34.792812,114.306135,58.785996560559866
mobilitybench_q_9495d1eff5c7891bc5,帮我找一个属于开封的最近的联通营业厅,郑州市,34.569099,113.723634,mobilitybench:5958c55a163bebe6cc,中国联通(金明营业厅),河南省 龙亭区 晋安路231号,34.796788,114.303606,58.76451748387194
mobilitybench_q_9495d1eff5c7891bc5,帮我找一个属于开封的最近的联通营业厅,郑州市,34.569099,113.723634,mobilitybench:15673a3cb9752047bf,中国联通(晋安路营业厅),河南省 龙亭区 晋安路231号东边第一间,34.796725,114.303598,58.76085778483315
mobilitybench_q_9495d1eff5c7891bc5,帮我找一个属于开封的最近的联通营业厅,郑州市,34.569099,113.723634,mobilitybench:8ea99a3a64b9cb7aec,中国联通智慧生活馆(康乐南街店),河南省 龙亭区 赵屯农贸市场联通营业厅(康乐幼儿园对面),34.789080,114.315435,59.386560169630926
mobilitybench_q_9495d1eff5c7891bc5,帮我找一个属于开封的最近的联通营业厅,郑州市,34.569099,113.723634,mobilitybench:f2b9ec2865b7011489,中国联通金明营业厅(自有旗舰营业厅),河南省 龙亭区 晋安路231号(东边第二间)门右边有标识牌,34.796763,114.303254,58.73428279196979
mobilitybench_q_9495d1eff5c7891bc5,帮我找一个属于开封的最近的联通营业厅,郑州市,34.569099,113.723634,mobilitybench:395ecfae11461f044b,中国联通(智慧生活馆),河南省 龙亭区 土城新街与土城老街交叉口北20米,34.807273,114.313138,60.05409713546466
mobilitybench_q_9495d1eff5c7891bc5,帮我找一个属于开封的最近的联通营业厅,郑州市,34.569099,113.723634,mobilitybench:32b1724591181b364f,开封市,河南省 龙亭区 龙亭区,34.798083,114.314278,59.70748280468335
mobilitybench_q_78611cce8286c889ee,盈江客运站附近酒店民宿,德宏傣族景颇族自治州,24.446178,98.598365,mobilitybench:2431261bc1cd2726b2,一叶云端客栈,云南省 盈江县 棒桑响路45号,24.700416,97.941453,72.19469382626056
mobilitybench_q_78611cce8286c889ee,盈江客运站附近酒店民宿,德宏傣族景颇族自治州,24.446178,98.598365,mobilitybench:231f0b06b12fdfcbaf,木缘楼住宿部,云南省 盈江县 永盛路182号,24.703359,97.936745,72.76027504663975
mobilitybench_q_78611cce8286c889ee,盈江客运站附近酒店民宿,德宏傣族景颇族自治州,24.446178,98.598365,mobilitybench:05ff99068b6d4e65d5,盈江县欢喜客栈,云南省 盈江县 蜜回路133号,24.697350,97.942096,72.00269183698803
mobilitybench_q_78611cce8286c889ee,盈江客运站附近酒店民宿,德宏傣族景颇族自治州,24.446178,98.598365,mobilitybench:44aed058a03403dd74,盈江县胜迎酒店,云南省 盈江县 平原镇民安路盈江花园西南门北50米,24.700934,97.933125,72.9925516180692
mobilitybench_q_78611cce8286c889ee,盈江客运站附近酒店民宿,德宏傣族景颇族自治州,24.446178,98.598365,mobilitybench:44ec40e5968c681691,六间胡桃巷民宿(德宏傣族景颇族自治州盈江汽车客运站店),云南省 盈江县 平原镇蜜回路45号,24.704872,97.937505,72.7555934121285
mobilitybench_q_78611cce8286c889ee,盈江客运站附近酒店民宿,德宏傣族景颇族自治州,24.446178,98.598365,mobilitybench:f3f38b7fca603d7642,盈江湖畔小舍(盈江汽车客运站店),云南省 盈江县 蜜回路116号,24.706350,97.936800,72.88579376998234
mobilitybench_q_78611cce8286c889ee,盈江客运站附近酒店民宿,德宏傣族景颇族自治州,24.446178,98.598365,mobilitybench:d7dc0d456f0712c282,盈江莉源公寓,云南省 盈江县 蜜回路116号,24.706394,97.936795,72.88818912259029
mobilitybench_q_78611cce8286c889ee,盈江客运站附近酒店民宿,德宏傣族景颇族自治州,24.446178,98.598365,mobilitybench:d3701d4845592697ec,盈江珍馨精品酒店,云南省 盈江县 永盛路280号,24.703417,97.945328,71.96554592667958
mobilitybench_q_78611cce8286c889ee,盈江客运站附近酒店民宿,德宏傣族景颇族自治州,24.446178,98.598365,mobilitybench:cc8f00f04efbed2efe,永和公寓(盈湖公园店),云南省 盈江县 平原镇目瑙纵歌路178号,24.706756,97.936690,72.91383205101464
mobilitybench_q_78611cce8286c889ee,盈江客运站附近酒店民宿,德宏傣族景颇族自治州,24.446178,98.598365,mobilitybench:8b233f6b5dfc6794d4,皇佳公寓,云南省 盈江县 林业局旁,24.706155,97.938902,72.68216755588362
mobilitybench_q_78611cce8286c889ee,盈江客运站附近酒店民宿,德宏傣族景颇族自治州,24.446178,98.598365,mobilitybench:1d1a63bded80a01d99,盈江汽车客运站,云南省 盈江县 蜜回路下段,24.699674,97.938478,72.43964627265834
mobilitybench_q_95e0f1b353eb7decc5,南大街呃最近的快递在哪里,泸州市,28.166378,105.440015,mobilitybench:0ee9ac638e2ae1fe1e,顺丰速运(北大街店),四川省 泸县 214省道与209乡道交叉口南20米,29.161980,105.547072,111.19769527160638
mobilitybench_q_95e0f1b353eb7decc5,南大街呃最近的快递在哪里,泸州市,28.166378,105.440015,mobilitybench:c015f52f6b38b93949,中国邮政(玉河邮政所),四川省 泸县 南大街11号,29.161238,105.546966,111.11458541036009
mobilitybench_q_95e0f1b353eb7decc5,南大街呃最近的快递在哪里,泸州市,28.166378,105.440015,mobilitybench:205f8abf1ff952649f,顺丰速运(交通街三段店),四川省 泸县 004县道,29.127521,105.524967,107.19538958484745
mobilitybench_q_95e0f1b353eb7decc5,南大街呃最近的快递在哪里,泸州市,28.166378,105.440015,mobilitybench:dcd23a2b30532717db,奇峰镇宝峰花园兔喜生活,四川省 泸县 奇峰镇宝峰花园,29.126461,105.523061,107.06364087488362
mobilitybench_q_95e0f1b353eb7decc5,南大街呃最近的快递在哪里,泸州市,28.166378,105.440015,mobilitybench:75a309394d950d0c2b,中通快递奇峰营业部,四川省 泸县 奇峰镇宝峰花园兔喜生活超市妈妈驿站,29.126406,105.523056,107.05750592149214
mobilitybench_q_95e0f1b353eb7decc5,南大街呃最近的快递在哪里,泸州市,28.166378,105.440015,mobilitybench:ac7ec35493451bb8fc,曹市圆通快递,四川省 泸县 大桥街与225乡道交叉口东北100米,29.152178,105.497733,109.76067548427747
mobilitybench_q_95e0f1b353eb7decc5,南大街呃最近的快递在哪里,泸州市,28.166378,105.440015,mobilitybench:ed3a9cd342148dd4bc,驿收发快递驿站(玄滩镇店),四川省 泸县 学园路与北大街交叉口西南420米,29.204680,105.567538,116.12225719548051
mobilitybench_q_95e0f1b353eb7decc5,南大街呃最近的快递在哪里,泸州市,28.166378,105.440015,mobilitybench:b3b3cddabea02c19a4,顺丰速运(玄滩镇店),四川省 泸县 玄滩镇五中对面,29.204672,105.567645,116.1224913481346
mobilitybench_q_95e0f1b353eb7decc5,南大街呃最近的快递在哪里,泸州市,28.166378,105.440015,mobilitybench:56eb06175c4749d6a5,极兔速递(学园路店),四川省 泸县 学园路80号,29.205501,105.570072,116.23973552532723
mobilitybench_q_95e0f1b353eb7decc5,南大街呃最近的快递在哪里,泸州市,28.166378,105.440015,mobilitybench:d76f2801736d42cc23,玄滩京东快递服务站,四川省 泸县 学园路76号,29.205621,105.569904,116.25121124648362
mobilitybench_q_95e0f1b353eb7decc5,南大街呃最近的快递在哪里,泸州市,28.166378,105.440015,mobilitybench:63dc4c75ec287c4456,南大街,四川省 泸县 泸县,29.162103,105.543188,111.17636066615842
mobilitybench_q_28ad34eaba81935113,距离南澳派出所最近的地铁站,深圳市,22.570273,113.872454,mobilitybench:8e71ca7252579501b7,南澳派出所,广东省 龙岗区 海港路73号,22.530172,114.490690,63.64517770180354
mobilitybench_q_5ead82373ce69a18cc,北京生物科技有限公司附近的邮局,保定市,38.465803,114.988157,mobilitybench:5b0960507555bf9b5e,阜盛西街邮政支局,北京市 房山区 长阳镇阜盛西街3号院1号楼,39.741932,116.186481,175.57233355541084
mobilitybench_q_5ead82373ce69a18cc,北京生物科技有限公司附近的邮局,保定市,38.465803,114.988157,mobilitybench:5bf0d2bc37c12f21a3,良乡邮政所,北京市 房山区 拱辰街道昊天大街63/65号21号楼,39.739783,116.149634,173.52489249651452
mobilitybench_q_5ead82373ce69a18cc,北京生物科技有限公司附近的邮局,保定市,38.465803,114.988157,mobilitybench:9c4c2435bfdf62240a,知兴西路邮政所,北京市 房山区 知兴西路1号院6号楼1层6-1,39.721257,116.180937,173.44437653208013
mobilitybench_q_5ead82373ce69a18cc,北京生物科技有限公司附近的邮局,保定市,38.465803,114.988157,mobilitybench:d2d8ca0dfbfd11a264,良乡城内邮政所,北京市 房山区 拱辰街道良乡中路24号,39.730779,116.143684,172.41485790433902
mobilitybench_q_5ead82373ce69a18cc,北京生物科技有限公司附近的邮局,保定市,38.465803,114.988157,mobilitybench:57dda979db3224958d,长阳邮政所,北京市 房山区 长阳镇悦盛路5号院芭蕾雨悦都苑2号楼,39.761170,116.185479,177.24697651313653
mobilitybench_q_5ead82373ce69a18cc,北京生物科技有限公司附近的邮局,保定市,38.465803,114.988157,mobilitybench:746dec0edd65b50696,行宫园邮政所,北京市 房山区 行宫西街2号院12号楼106,39.753941,116.144733,174.56458093714005
mobilitybench_q_5ead82373ce69a18cc,北京生物科技有限公司附近的邮局,保定市,38.465803,114.988157,mobilitybench:65dff1739abb90dbca,西路邮政支局,北京市 房山区 西路良乡西路11号,39.731479,116.130650,171.83036073698167
mobilitybench_q_5ead82373ce69a18cc,北京生物科技有限公司附近的邮局,保定市,38.465803,114.988157,mobilitybench:cda0b5b79d402e13b1,长阳西街邮政所,北京市 房山区 长阳镇悦都新苑四区2,39.771697,116.184926,178.16734074035173
mobilitybench_q_5ead82373ce69a18cc,北京生物科技有限公司附近的邮局,保定市,38.465803,114.988157,mobilitybench:3fcf802a49d5aaa287,福泽路邮政所,北京市 房山区 长阳镇福泽路3号院1号楼(长阳地铁站A北口步行480米),39.766060,116.209728,178.9111053141892
mobilitybench_q_5ead82373ce69a18cc,北京生物科技有限公司附近的邮局,保定市,38.465803,114.988157,mobilitybench:103cdb14df33dcfbaf,葫芦垡邮政所,北京市 房山区 长阳镇葫芦垡村,39.704284,116.215178,173.72194156302956
mobilitybench_q_5ead82373ce69a18cc,北京生物科技有限公司附近的邮局,保定市,38.465803,114.988157,mobilitybench:fd4abcb9f79a18e1fe,北京中科纳泰生物科技有限公司,北京市 房山区 良乡北京高校大学生创业园文昌路1号,39.740174,116.171485,174.6556277167134
mobilitybench_q_8fe927a5ebb2bd724b,小爱同学我这附近有没有伊利呃奥乐齐商店奥乐齐商店奥乐齐商店,上海市,31.191572,121.404120,mobilitybench:75830836ebdffa7b34,伊利金和冷冻食品配送站(金桂小区C区店),湖南省 天心区 金桂小区C区,28.094010,113.000194,881.8495459458703
mobilitybench_q_8fe927a5ebb2bd724b,小爱同学我这附近有没有伊利呃奥乐齐商店奥乐齐商店奥乐齐商店,上海市,31.191572,121.404120,mobilitybench:0ea96befed67a44f6b,伊利冰批,湖南省 长沙县 黄兴新镇黄兴新村树新路,28.131155,113.120360,869.4234875381898
mobilitybench_q_8fe927a5ebb2bd724b,小爱同学我这附近有没有伊利呃奥乐齐商店奥乐齐商店奥乐齐商店,上海市,31.191572,121.404120,mobilitybench:0ccb3f46a39834ee83,伊利冰淇淋批发(德润汽车城店),湖南省 天心区 雀园路德润汽车城,28.088984,112.991325,882.8743053873201
mobilitybench_q_8fe927a5ebb2bd724b,小爱同学我这附近有没有伊利呃奥乐齐商店奥乐齐商店奥乐齐商店,上海市,31.191572,121.404120,mobilitybench:97fc43f080349d2035,璨果伊利冰淇淋批发(龙凤小区店),湖南省 雨花区 黎托街道龙凤小区2栋2门1层门面,28.168288,113.056541,873.365466697107
mobilitybench_q_8fe927a5ebb2bd724b,小爱同学我这附近有没有伊利呃奥乐齐商店奥乐齐商店奥乐齐商店,上海市,31.191572,121.404120,mobilitybench:e59e675f4e70576580,伊利大好品质生活馆(新姚南路店),湖南省 天心区 湘府西路31号鑫远·尚玺,28.109386,112.978478,883.0596122068695
mobilitybench_q_8fe927a5ebb2bd724b,小爱同学我这附近有没有伊利呃奥乐齐商店奥乐齐商店奥乐齐商店,上海市,31.191572,121.404120,mobilitybench:d88e256f2e195c2a20,伊利,湖南省 长沙县 高塘坪路与礼宾路交叉口东南180米,28.146391,113.098793,870.6251965944117
mobilitybench_q_8fe927a5ebb2bd724b,小爱同学我这附近有没有伊利呃奥乐齐商店奥乐齐商店奥乐齐商店,上海市,31.191572,121.404120,mobilitybench:b22a798ebc7b4a78ad,伊利冰工厂,湖南省 雨花区 嘉智路与紫薇路交叉口东120米,28.160296,113.022486,876.7702747136728
mobilitybench_q_8fe927a5ebb2bd724b,小爱同学我这附近有没有伊利呃奥乐齐商店奥乐齐商店奥乐齐商店,上海市,31.191572,121.404120,mobilitybench:013426c1cba7c8e925,大好品质生活馆(加加大街店),湖南省 天心区 加加大街华景苑,28.139009,112.996658,880.059574706563
mobilitybench_q_8fe927a5ebb2bd724b,小爱同学我这附近有没有伊利呃奥乐齐商店奥乐齐商店奥乐齐商店,上海市,31.191572,121.404120,mobilitybench:491adea8495cb90925,伊丽雪颜问题性肌肤管理中心,湖南省 雨花区 玉竹路60号仁和·雨花家园,28.132229,113.040132,876.5057291904412
mobilitybench_q_8fe927a5ebb2bd724b,小爱同学我这附近有没有伊利呃奥乐齐商店奥乐齐商店奥乐齐商店,上海市,31.191572,121.404120,mobilitybench:929377c25a152d5cc8,湖南亿利达实业有限公司,湖南省 雨花区 万家丽南路2段98号,28.076935,113.033085,879.7338365745613
mobilitybench_q_8fe927a5ebb2bd724b,小爱同学我这附近有没有伊利呃奥乐齐商店奥乐齐商店奥乐齐商店,上海市,31.191572,121.404120,mobilitybench:bc33650d9093e3bb5d,兴旺小爱同学营销中心,湖南省 雨花区 李家塘枢纽与G0401长沙绕城高速交叉口南260米,28.090532,113.064833,876.2719415989538
mobilitybench_q_d4b7781f763b2d6e52,重庆市三八区凤鸣山附近的健身房有哪些？,重庆市,30.190702,105.831409,mobilitybench:c4865b47d9964819b5,Wheat健身工作室,重庆市 沙坪坝区 凤天大道君和凤鸣广场4楼136号附256号,29.525385,106.451340,95.1155992941563
mobilitybench_q_d4b7781f763b2d6e52,重庆市三八区凤鸣山附近的健身房有哪些？,重庆市,30.190702,105.831409,mobilitybench:d9cd8acae8735911f5,重庆Su女子运动塑形,重庆市 沙坪坝区 石新路与凤天大道交叉口东北480米,29.528975,106.455425,95.05366183646534
mobilitybench_q_d4b7781f763b2d6e52,重庆市三八区凤鸣山附近的健身房有哪些？,重庆市,30.190702,105.831409,mobilitybench:6b82ab5925a91599c4,西兰花游泳健身(华宇店),重庆市 沙坪坝区 新桥华宇城M10(鸣金街北),29.522281,106.449819,95.29301531803036
mobilitybench_q_d4b7781f763b2d6e52,重庆市三八区凤鸣山附近的健身房有哪些？,重庆市,30.190702,105.831409,mobilitybench:8e5b3e106a95b65a0d,好样健身,重庆市 沙坪坝区 凤天大道106号重庆图书馆1层,29.532486,106.455434,94.75165536049317
mobilitybench_q_d4b7781f763b2d6e52,重庆市三八区凤鸣山附近的健身房有哪些？,重庆市,30.190702,105.831409,mobilitybench:3b9dd65a94fb23f80e,目标健身工作室陆军医大店,重庆市 沙坪坝区 凤天大道58号一楼(环线重庆图书馆站1号出口),29.533532,106.456003,94.69653049284832
mobilitybench_q_d4b7781f763b2d6e52,重庆市三八区凤鸣山附近的健身房有哪些？,重庆市,30.190702,105.831409,mobilitybench:99986fd21a9524c8b3,中田健身工作室(上桥店),重庆市 沙坪坝区 上桥万科金色悦城4期2栋18号,29.516542,106.447064,95.62745620919245
mobilitybench_q_d4b7781f763b2d6e52,重庆市三八区凤鸣山附近的健身房有哪些？,重庆市,30.190702,105.831409,mobilitybench:2321a024d1616672f8,易锐健身,重庆市 沙坪坝区 万科金色悦城原售楼部,29.516387,106.448948,95.75389257564912
mobilitybench_q_d4b7781f763b2d6e52,重庆市三八区凤鸣山附近的健身房有哪些？,重庆市,30.190702,105.831409,mobilitybench:da01bef93ce9f2cd6c,目标健身工作室万科金色悦城店,重庆市 沙坪坝区 万科金色悦城五期1栋楼下(凤西路地铁站2号口步行400米),29.515686,106.449839,95.86850331229103
mobilitybench_q_d4b7781f763b2d6e52,重庆市三八区凤鸣山附近的健身房有哪些？,重庆市,30.190702,105.831409,mobilitybench:88b34bcbce029c9ed5,融汇国际酒店游泳健身中心,重庆市 沙坪坝区 内环城区快速路与高滩岩立交交叉口西北400米,29.542911,106.441011,92.97163474916502
mobilitybench_q_d4b7781f763b2d6e52,重庆市三八区凤鸣山附近的健身房有哪些？,重庆市,30.190702,105.831409,mobilitybench:69fbb644bf5f7ea0da,雾都宜家运动空间,重庆市 九龙坡区 未来汇A馆P1-L1-44-45-46-47,29.531775,106.468175,95.59736436305596
mobilitybench_q_d4b7781f763b2d6e52,重庆市三八区凤鸣山附近的健身房有哪些？,重庆市,30.190702,105.831409,mobilitybench:69b993d09bf433bbcf,重庆市凤鸣山中学,重庆市 沙坪坝区 凤天大道150号,29.528648,106.448721,94.67405141395186
mobilitybench_q_686add5e23adb1caa8,三亚海韵广场附近的丽枫宾馆,乐东黎族自治县,18.455331,108.944854,mobilitybench:de24135af65ff9290e,丽枫酒店(三亚湾吉祥街店),海南省 天涯区 铁路东巷39号,18.257364,109.500142,62.60134629735154
mobilitybench_q_686add5e23adb1caa8,三亚海韵广场附近的丽枫宾馆,乐东黎族自治县,18.455331,108.944854,mobilitybench:1e29364d2a3afa1bda,麗枫酒店(三亚湾解放路黄金道店),海南省 天涯区 解放四路友谊路口1033号,18.266334,109.496223,61.867035007171324
mobilitybench_q_686add5e23adb1caa8,三亚海韵广场附近的丽枫宾馆,乐东黎族自治县,18.455331,108.944854,mobilitybench:be53ff66a13e8711bd,麗枫酒店(三亚河西路免税购物公园店),海南省 天涯区 河西路65号,18.241348,109.509125,64.13149959780814
mobilitybench_q_686add5e23adb1caa8,三亚海韵广场附近的丽枫宾馆,乐东黎族自治县,18.455331,108.944854,mobilitybench:f9aa5c01c9a2568f99,丽枫酒店(三亚湾椰梦长廊步行街店),海南省 天涯区 解放二路502号,18.249720,109.505136,63.39777680291187
mobilitybench_q_686add5e23adb1caa8,三亚海韵广场附近的丽枫宾馆,乐东黎族自治县,18.455331,108.944854,mobilitybench:9417df500388170ccf,麗枫酒店(三亚湾椰梦长廊步行街店)-停车场,海南省 天涯区 解放路与新风街交叉口南120米,18.250087,109.504475,63.31793588013833
mobilitybench_q_686add5e23adb1caa8,三亚海韵广场附近的丽枫宾馆,乐东黎族自治县,18.455331,108.944854,mobilitybench:24638a75390a8fd57d,海南龙达印章(备案刻章),海南省 天涯区 解放四路1033号丽枫酒店停车场(原黄金道),18.266226,109.496496,61.89822912658254
mobilitybench_q_686add5e23adb1caa8,三亚海韵广场附近的丽枫宾馆,乐东黎族自治县,18.455331,108.944854,mobilitybench:a331d44eca6c4f1a0d,海澜之家(丽枫酒店店),海南省 天涯区 解放路500号-2一楼,18.249448,109.505069,63.40213944180977
mobilitybench_q_686add5e23adb1caa8,三亚海韵广场附近的丽枫宾馆,乐东黎族自治县,18.455331,108.944854,mobilitybench:fa5bd427905a9bf4a5,精益眼镜(丽枫酒店店),海南省 天涯区 解放路508号,18.249910,109.505075,63.38412525254895
mobilitybench_q_686add5e23adb1caa8,三亚海韵广场附近的丽枫宾馆,乐东黎族自治县,18.455331,108.944854,mobilitybench:fc2b666face42c2b2e,海月广场,海南省 天涯区 迎宾路九号,18.259085,109.494467,61.973120310255176
mobilitybench_q_0314878c77fd2c6562,佳木斯市新玛特附近有没有舞蹈学校,哈尔滨市,45.554011,127.019122,mobilitybench:358d041af62bd73c36,梁玉体育舞蹈,黑龙江省 前进区 文化宫南门,46.811785,130.370950,293.474330747946
mobilitybench_q_0314878c77fd2c6562,佳木斯市新玛特附近有没有舞蹈学校,哈尔滨市,45.554011,127.019122,mobilitybench:eb3307eddd0e31ea06,小雪花舞蹈学校(永安街),黑龙江省 前进区 永安街大力士牛西侧,46.814358,130.369685,293.51985212380066
mobilitybench_q_0314878c77fd2c6562,佳木斯市新玛特附近有没有舞蹈学校,哈尔滨市,45.554011,127.019122,mobilitybench:88aebb370f4de44194,佳木斯市婷婷舞蹈学校,黑龙江省 前进区 佳木斯市前进区保卫社区0454街区综合体7号楼.三楼,46.809966,130.371636,293.42823785714637
mobilitybench_q_0314878c77fd2c6562,佳木斯市新玛特附近有没有舞蹈学校,哈尔滨市,45.554011,127.019122,mobilitybench:7b00a66c0207ab643a,佳舞艺术工作室,黑龙江省 向阳区 光复西路10号,46.808854,130.367572,293.0966326559697
mobilitybench_q_0314878c77fd2c6562,佳木斯市新玛特附近有没有舞蹈学校,哈尔滨市,45.554011,127.019122,mobilitybench:410dcf31612ecf6abb,红叶舞蹈学校,黑龙江省 前进区 长安路146号,46.814367,130.373535,293.7806904096757
mobilitybench_q_0314878c77fd2c6562,佳木斯市新玛特附近有没有舞蹈学校,哈尔滨市,45.554011,127.019122,mobilitybench:72ee3ebcc742b1db7d,石鑫舞校,黑龙江省 向阳区 中兴街与新宜胡同交叉口西北60米,46.814125,130.361625,292.96305978276956
mobilitybench_q_0314878c77fd2c6562,佳木斯市新玛特附近有没有舞蹈学校,哈尔滨市,45.554011,127.019122,mobilitybench:09d174a9dd103a40bc,活力舞蹈培训学校有限公司,黑龙江省 向阳区 中山街90号久昌七号3层,46.816546,130.364142,293.25691497254655
mobilitybench_q_0314878c77fd2c6562,佳木斯市新玛特附近有没有舞蹈学校,哈尔滨市,45.554011,127.019122,mobilitybench:9275d98bc9497598ee,梦竹舞蹈精修学校,黑龙江省 向阳区 长安西路辅路与永乐巷交叉口东20米,46.810482,130.360814,292.72228750442855
mobilitybench_q_0314878c77fd2c6562,佳木斯市新玛特附近有没有舞蹈学校,哈尔滨市,45.554011,127.019122,mobilitybench:6c0925350feb648002,艺起舞,黑龙江省 向阳区 向阳巷与杏林路交叉口东南60米,46.805958,130.368932,293.04163726909565
mobilitybench_q_0314878c77fd2c6562,佳木斯市新玛特附近有没有舞蹈学校,哈尔滨市,45.554011,127.019122,mobilitybench:3879437059bafa74ec,乐雅舞蹈,黑龙江省 向阳区 永平巷与西林路交叉口西北80米,46.816225,130.362175,293.1075935404098
mobilitybench_q_0314878c77fd2c6562,佳木斯市新玛特附近有没有舞蹈学校,哈尔滨市,45.554011,127.019122,mobilitybench:f9be34c2e2689f0276,佳木斯新玛特店,黑龙江省 前进区 长安东路671号大商·新玛特,46.812077,130.368976,293.3556466015894
mobilitybench_q_11ce7e2604d945a850,搜一下钦州老街附近的充电桩,北海市,21.643054,109.190011,mobilitybench:2948055fc0f7d8f974,中国石化汽车充电站(安州和谐市场充电站),广西壮族自治区 钦南区 水东街道安州大道71号安州和谐市场停车场,21.942577,108.628326,66.87620204462274
mobilitybench_q_11ce7e2604d945a850,搜一下钦州老街附近的充电桩,北海市,21.643054,109.190011,mobilitybench:bbef8841e35db8720b,共享汽车充电站,广西壮族自治区 钦南区 水岸茗城东南门旁,21.942760,108.615256,68.05964781201673
mobilitybench_q_11ce7e2604d945a850,搜一下钦州老街附近的充电桩,北海市,21.643054,109.190011,mobilitybench:1c55556494d6beef19,云快充目的地充电站(创驰新能源江语湖充电站2),广西壮族自治区 钦南区 安州大道588号江语湖小区,21.944544,108.630040,66.83190176465772
mobilitybench_q_11ce7e2604d945a850,搜一下钦州老街附近的充电桩,北海市,21.643054,109.190011,mobilitybench:3772e7791180b88e1d,中国石化汽车充电站(文峰充电站),广西壮族自治区 钦南区 文峰街道文峰南路291号,21.951160,108.615700,68.48063876719011
mobilitybench_q_11ce7e2604d945a850,搜一下钦州老街附近的充电桩,北海市,21.643054,109.190011,mobilitybench:938e4e166efac943d7,南方电网汽车充电站(钦州市妇幼保健院充电站),广西壮族自治区 钦南区 水东街道妇幼保健院地面停车场,21.949374,108.630278,67.08090379911516
mobilitybench_q_11ce7e2604d945a850,搜一下钦州老街附近的充电桩,北海市,21.643054,109.190011,mobilitybench:747b818aaaa0e3d74c,云通新能源汽车充电站(吾悦A区负一层A218等车位一业主优先),广西壮族自治区 钦南区 文峰街道东南街辅路吾悦公馆A区,21.943272,108.631414,66.63847170218803
mobilitybench_q_11ce7e2604d945a850,搜一下钦州老街附近的充电桩,北海市,21.643054,109.190011,mobilitybench:f5a04e9c44974c204b,顺易充充电站(钦州市钦南区妇幼保健院站),广西壮族自治区 钦南区 钦州市妇幼保健院停车场,21.949674,108.630627,67.06676431956254
mobilitybench_q_11ce7e2604d945a850,搜一下钦州老街附近的充电桩,北海市,21.643054,109.190011,mobilitybench:a5de2c40c7d855b9f5,汽车充电站(钦州市第六中学开投汽车充电站),广西壮族自治区 钦南区 文峰路,21.953136,108.617253,68.4519117625332
mobilitybench_q_11ce7e2604d945a850,搜一下钦州老街附近的充电桩,北海市,21.643054,109.190011,mobilitybench:58db8e087a799d7a54,开迈斯汽车充电站(钦州市吾悦广场站),广西壮族自治区 钦南区 安州大道308号下停车场负一层A072-A077车位,21.939749,108.630321,66.54169126511347
mobilitybench_q_11ce7e2604d945a850,搜一下钦州老街附近的充电桩,北海市,21.643054,109.190011,mobilitybench:a2347f86a1e73e0f3b,蔚来能源汽车充电站(钦州吾悦广场),广西壮族自治区 钦南区 水东街道塔斯汀(钦州新城吾悦广场店)钦州新城吾悦广场,21.941053,108.631801,66.4809537102719
mobilitybench_q_11ce7e2604d945a850,搜一下钦州老街附近的充电桩,北海市,21.643054,109.190011,mobilitybench:aaf0eedfe4c727f82b,钦州老街,广西壮族自治区 钦南区 攀桂巷与四马路交叉口北240米,21.945345,108.622214,67.57623634975353
mobilitybench_q_0bd21c9afccd2bcfc4,机场转盘道附近的充电站,哈尔滨市,45.647928,126.276220,mobilitybench:96a742aa9973a4ad5d,汽车充电站(尚志维也纳国际酒店充电站),黑龙江省 尚志市 尚志大街140号,45.209213,127.990140,142.36341862438914
mobilitybench_q_0bd21c9afccd2bcfc4,机场转盘道附近的充电站,哈尔滨市,45.647928,126.276220,mobilitybench:f46593d92d6803ca87,蔚来能源汽车充电站(哈尔滨中石油尚志龙华站),黑龙江省 尚志市 绥满路58号,45.211662,127.992190,142.41800612560797
mobilitybench_q_0bd21c9afccd2bcfc4,机场转盘道附近的充电站,哈尔滨市,45.647928,126.276220,mobilitybench:e6d47a3348bb527608,特斯拉超级充电站(哈尔滨尚志苏杰科技),黑龙江省 尚志市 绥满路28号,45.212796,127.993640,142.48025909414045
mobilitybench_q_0bd21c9afccd2bcfc4,机场转盘道附近的充电站,哈尔滨市,45.647928,126.276220,mobilitybench:742836d04957c1657b,特来电汽车充电站(尚志通达轿车充电站),黑龙江省 尚志市 尚志大街73号,45.209616,127.981132,141.68740867038431
mobilitybench_q_0bd21c9afccd2bcfc4,机场转盘道附近的充电站,哈尔滨市,45.647928,126.276220,mobilitybench:ebde30258a05ae8e15,能效邻里共享汽车充电站(60k尚义小学东门对面),黑龙江省 尚志市 尚义小学东门对面,45.218467,127.972351,140.69745838602
mobilitybench_q_0bd21c9afccd2bcfc4,机场转盘道附近的充电站,哈尔滨市,45.647928,126.276220,mobilitybench:9c4994fc7ad9d5fa97,特来电汽车充电站(特来电尚志市办公服务中心充电站),黑龙江省 尚志市 朝鲜族乡人民政府地面停车场(出入口),45.209773,128.010409,143.82856620715754
mobilitybench_q_0bd21c9afccd2bcfc4,机场转盘道附近的充电站,哈尔滨市,45.647928,126.276220,mobilitybench:5dc47a76a37dc71467,中镉超充汽车充电站(尚志恒通站),黑龙江省 尚志市 新闻街123-1号老公安局院内,45.212515,127.960655,140.07325493577406
mobilitybench_q_0bd21c9afccd2bcfc4,机场转盘道附近的充电站,哈尔滨市,45.647928,126.276220,mobilitybench:fb64a87dc6a479870f,云快充汽车充电站(理程快充充电站),黑龙江省 尚志市 解放路中国石油加油站(亿达站)南400米(纺织二区与加油站中间),45.231644,127.972344,140.19189600051814
mobilitybench_q_0bd21c9afccd2bcfc4,机场转盘道附近的充电站,哈尔滨市,45.647928,126.276220,mobilitybench:778ddcfaf81f77a94e,星星充电汽车充电站(新能源汽车尚志南站充电站),黑龙江省 尚志市 发展大街尚志南站,45.196095,127.954843,140.30895126257067
mobilitybench_q_0bd21c9afccd2bcfc4,机场转盘道附近的充电站,哈尔滨市,45.647928,126.276220,mobilitybench:719780fb3691f85074,特来电汽车充电站(龙江交投尚志服务区充电站),黑龙江省 尚志市 尚志镇尚志服务区,45.194151,127.954761,140.38262161856548
mobilitybench_q_0bd21c9afccd2bcfc4,机场转盘道附近的充电站,哈尔滨市,45.647928,126.276220,mobilitybench:a248dcd20cdfb62273,转盘道,黑龙江省 尚志市 尚志市,45.211106,127.989138,142.21584341108814
mobilitybench_q_910217278d884b62b5,附近正在营业的建设银行,沈阳市,41.824447,123.491094,mobilitybench:ff3267075e607baa81,中国建设银行(丰都广场支行),重庆市 丰都县 三合镇平都大道西段186号,29.862704,107.727202,1940.3220842415785
mobilitybench_q_910217278d884b62b5,附近正在营业的建设银行,沈阳市,41.824447,123.491094,mobilitybench:7d40afa78ef2cb37ab,中国建设银行(丰都支行),重庆市 丰都县 平都大道西段2号,29.867887,107.733659,1939.4765694402734
mobilitybench_q_910217278d884b62b5,附近正在营业的建设银行,沈阳市,41.824447,123.491094,mobilitybench:7b70da6eca414724c6,正在营业(宏声花园店),重庆市 丰都县 三合街道世平路69号附1号,29.862798,107.729540,1940.162167830966
mobilitybench_q_974a936bf209056978,忻州市禧大酒店附近的招待所,忻州市,38.443014,112.693383,mobilitybench:b4ef98c147d0f2a659,千禧大酒店,山西省 原平市 崞五线与京昆线交叉口西北40米,38.892107,112.751425,50.19053742546051
mobilitybench_q_974a936bf209056978,忻州市禧大酒店附近的招待所,忻州市,38.443014,112.693383,mobilitybench:f929785d6cba2e3460,嘉源宾馆,山西省 原平市 京昆线与崞五线交叉口北40米,38.892133,112.751783,50.196543687374884
mobilitybench_q_974a936bf209056978,忻州市禧大酒店附近的招待所,忻州市,38.443014,112.693383,mobilitybench:24d26a723c9a402743,车住宿,山西省 原平市 崞五线与京昆线交叉口北40米,38.892008,112.751659,50.18162930350861
mobilitybench_q_974a936bf209056978,忻州市禧大酒店附近的招待所,忻州市,38.443014,112.693383,mobilitybench:ccdaf696fdd8c6eeae,银通宾馆,山西省 原平市 崞阳镇108国道路西幸福家园对面,38.893795,112.753182,50.39277036426988
mobilitybench_q_581841189f71a8b420,江宁区附近的CNG天然气加气站,重庆市,29.362347,106.664747,mobilitybench:633cb7550bd73ab44f,库仑汽车充电站(中国石油南京凤台南路充电站),江苏省 雨花台区 凤台南路176号(原中国石油CNG加气站),31.988770,118.746370,1191.0259971572548
mobilitybench_q_581841189f71a8b420,江宁区附近的CNG天然气加气站,重庆市,29.362347,106.664747,mobilitybench:47ecfdb40e8019b960,昆仑网电汽车充电站(中国石油南京凤台南路充电站),江苏省 雨花台区 凤台南路176号(原中国石油cng加气站内),31.988756,118.746435,1191.031715683683
mobilitybench_q_581841189f71a8b420,江宁区附近的CNG天然气加气站,重庆市,29.362347,106.664747,mobilitybench:f2318724448cd605c5,江宁区,江苏省 江宁区 江宁区,31.953195,118.839510,1198.9066102287622
mobilitybench_q_0d2978d4dc8674d830,帮我搜索一下铜仁东高速出口附近的网咖,怀化市,27.576151,109.894326,mobilitybench:11db03c2ddc7390e21,风暴网咖,贵州省 碧江区 九龙大道29号,27.732803,109.258700,64.98240034643301
mobilitybench_q_0d2978d4dc8674d830,帮我搜索一下铜仁东高速出口附近的网咖,怀化市,27.576151,109.894326,mobilitybench:05c1de345ccad78561,七号电竞,贵州省 碧江区 川硐木秀坪广场C区1号门面1至2楼商铺,27.786116,109.239879,68.54113034534446
mobilitybench_q_0d2978d4dc8674d830,帮我搜索一下铜仁东高速出口附近的网咖,怀化市,27.576151,109.894326,mobilitybench:2ebf6d7999fe219675,星空网咖,贵州省 碧江区 川硐教育园区墨香苑2栋2层2-1号,27.790273,109.223654,70.19958303466478
mobilitybench_q_0d2978d4dc8674d830,帮我搜索一下铜仁东高速出口附近的网咖,怀化市,27.576151,109.894326,mobilitybench:cb38c151ddc4528072,暴风电竞馆,贵州省 碧江区 富强路与诚信路交叉口西北140米,27.791048,109.222255,70.35818701266857
mobilitybench_q_0d2978d4dc8674d830,帮我搜索一下铜仁东高速出口附近的网咖,怀化市,27.576151,109.894326,mobilitybench:9b000577bcf717b3d6,乐逍遥网络会所,贵州省 碧江区 环北街道锦鹏国际六栋二楼,27.742697,109.203883,70.47684796506186
mobilitybench_q_0d2978d4dc8674d830,帮我搜索一下铜仁东高速出口附近的网咖,怀化市,27.576151,109.894326,mobilitybench:25033996fa81b27645,星际网络会所,贵州省 碧江区 环北街道金码头4号楼,27.738002,109.200851,70.63160734701692
mobilitybench_q_0d2978d4dc8674d830,帮我搜索一下铜仁东高速出口附近的网咖,怀化市,27.576151,109.894326,mobilitybench:4f3e573bc5f2465924,斯巴达克网络会所,贵州省 碧江区 公园道1号步行街与清水大道交叉口东南150米,27.736022,109.201142,70.54869297164144
mobilitybench_q_0d2978d4dc8674d830,帮我搜索一下铜仁东高速出口附近的网咖,怀化市,27.576151,109.894326,mobilitybench:9b0766c4adebc05171,诺克网络会所,贵州省 碧江区 环北江华国际B栋二楼A9-A15号号门面,27.739125,109.199713,70.77152659029343
mobilitybench_q_0d2978d4dc8674d830,帮我搜索一下铜仁东高速出口附近的网咖,怀化市,27.576151,109.894326,mobilitybench:a5d7f5ec7acadb0bc4,盛兴网络休闲会所,贵州省 碧江区 九龙小区西门旁,27.728886,109.200036,70.46082337964636
mobilitybench_q_0d2978d4dc8674d830,帮我搜索一下铜仁东高速出口附近的网咖,怀化市,27.576151,109.894326,mobilitybench:e2709494c543fc0ba4,创世纪网吧,贵州省 碧江区 金滩数码城二楼创世纪网吧,27.735962,109.195000,71.13261698352393
mobilitybench_q_0d2978d4dc8674d830,帮我搜索一下铜仁东高速出口附近的网咖,怀化市,27.576151,109.894326,mobilitybench:09a3089179aee6c99a,铜仁东收费站(S71铜怀高速出口),贵州省 碧江区 碧江区,27.751568,109.282732,63.31171218103169
mobilitybench_q_106dd5b1c7b1d2e87b,辉县军辉大厦附近的停车场,陇南市,33.749219,105.911703,mobilitybench:589fa47ceda095838e,博雅大厦停车场,河南省 红旗区 新二街与道清路交叉口,35.268103,113.923928,753.0926270055625
mobilitybench_q_106dd5b1c7b1d2e87b,辉县军辉大厦附近的停车场,陇南市,33.749219,105.911703,mobilitybench:8d060ea8b9abb93dc4,停车场,河南省 红旗区 新二街与海马路交叉口北80米,35.266705,113.922908,752.9728727065848
mobilitybench_q_106dd5b1c7b1d2e87b,辉县军辉大厦附近的停车场,陇南市,33.749219,105.911703,mobilitybench:b5cdab55b489990fa1,河南海华医药物流有限公司停车场,河南省 红旗区 河南海华医药物流有限公司,35.266054,113.923945,753.0520217446009
mobilitybench_q_106dd5b1c7b1d2e87b,辉县军辉大厦附近的停车场,陇南市,33.749219,105.911703,mobilitybench:962614c89c5b6e8200,停车场,河南省 红旗区 道清路与新二街交叉口西120米,35.268399,113.921398,752.8729983958294
mobilitybench_q_106dd5b1c7b1d2e87b,辉县军辉大厦附近的停车场,陇南市,33.749219,105.911703,mobilitybench:ebc36c3349c89e557a,海马路-路侧停车场,河南省 红旗区 海马路与道文街交叉口西180米,35.265965,113.924730,753.1202364580514
mobilitybench_q_106dd5b1c7b1d2e87b,辉县军辉大厦附近的停车场,陇南市,33.749219,105.911703,mobilitybench:3114ca5e1e0b39ed09,新乡市永宏高级中学停车场,河南省 红旗区 新二街与道清路交叉口北180米,35.269988,113.922549,753.0084132368477
mobilitybench_q_106dd5b1c7b1d2e87b,辉县军辉大厦附近的停车场,陇南市,33.749219,105.911703,mobilitybench:e7ce185300b9b1879e,道文街-道路停车位,河南省 红旗区 道文街与道清路交叉口南120米,35.267192,113.926576,753.3101527098252
mobilitybench_q_106dd5b1c7b1d2e87b,辉县军辉大厦附近的停车场,陇南市,33.749219,105.911703,mobilitybench:3c1ebea003625d395c,狮傲康地上停车场,河南省 红旗区 文岩路与新二街交叉口东80米,35.263416,113.923615,752.9684414667363
mobilitybench_q_106dd5b1c7b1d2e87b,辉县军辉大厦附近的停车场,陇南市,33.749219,105.911703,mobilitybench:ef1a29dacd6265c301,道清路-道路停车位,河南省 红旗区 东明大道与新中大道(南)交叉口西140米,35.268322,113.929088,753.5575050086208
mobilitybench_q_106dd5b1c7b1d2e87b,辉县军辉大厦附近的停车场,陇南市,33.749219,105.911703,mobilitybench:2b4ec5222339f46c42,新乡洪门钢材大世界停车场,河南省 红旗区 洪门钢材市场,35.263375,113.924925,753.0844995863621
mobilitybench_q_106dd5b1c7b1d2e87b,辉县军辉大厦附近的停车场,陇南市,33.749219,105.911703,mobilitybench:a1437b9ef4981f7f02,博雅大厦,河南省 红旗区 新二街与道清路交叉口,35.267834,113.923556,753.0539035947012
mobilitybench_q_d33630d9492e58dc2a,顺丰快递最近的顺丰快递,济宁市,34.794282,117.136444,mobilitybench:8a74802871b60f1c6c,顺丰速运(龙行店),山东省 任城区 越河街道东大寺组团北区B区商业楼01-121号房竹竿巷休闲港,35.404181,116.587742,84.20815032193677
mobilitybench_q_d33630d9492e58dc2a,顺丰快递最近的顺丰快递,济宁市,34.794282,117.136444,mobilitybench:3dbdcfd227bfa76d14,顺丰速运(纸坊街店),山东省 任城区 纸坊街35-1号,35.403330,116.584638,84.299968137069
mobilitybench_q_d33630d9492e58dc2a,顺丰快递最近的顺丰快递,济宁市,34.794282,117.136444,mobilitybench:4a6dde7cf86ebf4f6a,顺丰速运(丰润店),山东省 任城区 阜桥街道建设南路31号济宁汽车总站,35.397970,116.597988,83.10120382167364
mobilitybench_q_d33630d9492e58dc2a,顺丰快递最近的顺丰快递,济宁市,34.794282,117.136444,mobilitybench:942368410e582e1dcf,顺丰速运(土门子店),山东省 任城区 阜桥街道虹桥装饰城17号楼B区1-2层108号,35.394695,116.593522,83.04892121928518
mobilitybench_q_d33630d9492e58dc2a,顺丰快递最近的顺丰快递,济宁市,34.794282,117.136444,mobilitybench:aeec737999b1fdc1bb,顺丰速运(任城建设新村店),山东省 任城区 观音阁街道乐善社区居民委员会建设新村街鸿顺豪园幼儿园大门向北10米顺丰快递驿站,35.403675,116.601425,83.43065690874663
mobilitybench_q_d33630d9492e58dc2a,顺丰快递最近的顺丰快递,济宁市,34.794282,117.136444,mobilitybench:4fb381f5150fad069e,顺丰速运(任城贵和苑店),山东省 任城区 古槐街道吉祥社区居民委员会环城西路贵和苑小区东门顺丰速运环城西路店,35.408572,116.572923,85.40341136145707
mobilitybench_q_d33630d9492e58dc2a,顺丰快递最近的顺丰快递,济宁市,34.794282,117.136444,mobilitybench:8f68d1eb3c1da88c87,顺丰速运(南池御都店),山东省 任城区 王母阁路11号,35.391346,116.585219,83.20359235013927
mobilitybench_q_d33630d9492e58dc2a,顺丰快递最近的顺丰快递,济宁市,34.794282,117.136444,mobilitybench:0ff1b376eb083b099c,顺丰速运(任城和欣家园店),山东省 任城区 济阳街道济阳大街社区居民委员会和欣家园西区南门向东10米顺丰驿收发,35.401599,116.572108,84.83073665717141
mobilitybench_q_d33630d9492e58dc2a,顺丰快递最近的顺丰快递,济宁市,34.794282,117.136444,mobilitybench:0111c70ca02d3774f9,顺丰速运(盛祥店),山东省 任城区 古槐街道红星中路与学门口南街交叉口西60米路北,35.414983,116.578247,85.68553234221184
mobilitybench_q_d33630d9492e58dc2a,顺丰快递最近的顺丰快递,济宁市,34.794282,117.136444,mobilitybench:2822b0346879eec463,顺丰速运(盛祥店),山东省 任城区 红星中路与于小街交叉口东20米,35.414820,116.576770,85.75066828506738
mobilitybench_q_228093161c8a50275c,小爱同学附近哪里有烟花爆竹店,东莞市,22.993946,113.891627,mobilitybench:8e508a0990e72c969d,烟花镖局超市(芙佳花园店),湖南省 雨花区 芙佳花园商铺,28.081918,113.037414,572.2050054892702
mobilitybench_q_228093161c8a50275c,小爱同学附近哪里有烟花爆竹店,东莞市,22.993946,113.891627,mobilitybench:40c3a758f8651b68cf,何鹏烟花爆竹店,湖南省 雨花区 跳马镇金屏社区英家湾组9号,28.054731,113.071274,568.716582260945
mobilitybench_q_228093161c8a50275c,小爱同学附近哪里有烟花爆竹店,东莞市,22.993946,113.891627,mobilitybench:4c7beb86bff1c79fa7,花炮哥浏阳城市烟花(烟花鞭炮厂家直销)雨花区,湖南省 雨花区 汇金城环保中路258号,28.075795,113.021871,571.7678609642193
mobilitybench_q_228093161c8a50275c,小爱同学附近哪里有烟花爆竹店,东莞市,22.993946,113.891627,mobilitybench:2e3fff7de40669804c,花炮哥烟花工厂店,湖南省 雨花区 石燕湖路64号,28.050759,113.075072,568.2247531961876
mobilitybench_q_228093161c8a50275c,小爱同学附近哪里有烟花爆竹店,东莞市,22.993946,113.891627,mobilitybench:0ab8adddc68a28404b,笑哈哈烟花连锁(跳马店),湖南省 雨花区 石燕湖路146号,28.048982,113.076497,568.0087291544697
mobilitybench_q_228093161c8a50275c,小爱同学附近哪里有烟花爆竹店,东莞市,22.993946,113.891627,mobilitybench:ca9d5d61739817892b,雨花区长兴如意烟花爆竹店,湖南省 雨花区 跳马镇金屏村李家塘组192号,28.046919,113.070662,567.8663824426766
mobilitybench_q_228093161c8a50275c,小爱同学附近哪里有烟花爆竹店,东莞市,22.993946,113.891627,mobilitybench:addeb39c10122265ae,好奇心烟花爆竹店,湖南省 雨花区 嘉汇金路777号嘉华城一期A地块c1栋124,28.075325,113.014075,571.8360225323729
mobilitybench_q_228093161c8a50275c,小爱同学附近哪里有烟花爆竹店,东莞市,22.993946,113.891627,mobilitybench:9566cd2a212e0c3222,长沙市飞乐烟花爆竹销售有限公司,湖南省 长沙县 黄兴镇古城新街东侧,28.115991,113.124723,574.7129615718643
mobilitybench_q_228093161c8a50275c,小爱同学附近哪里有烟花爆竹店,东莞市,22.993946,113.891627,mobilitybench:ca1ca1fcc806f3c718,浏阳永祥烟花鞭炮,湖南省 天心区 洞井街道中意一路1126号龙挖机旁的防爆厢,28.084296,112.998029,573.0705363310439
mobilitybench_q_228093161c8a50275c,小爱同学附近哪里有烟花爆竹店,东莞市,22.993946,113.891627,mobilitybench:011370dbc998bf0892,长沙市天心区伯从烟花爆竹经营部,湖南省 天心区 暮云街道高云社区谢家坝组362号,28.045340,113.019586,568.4582840602116
mobilitybench_q_228093161c8a50275c,小爱同学附近哪里有烟花爆竹店,东莞市,22.993946,113.891627,mobilitybench:bc33650d9093e3bb5d,兴旺小爱同学营销中心,湖南省 雨花区 李家塘枢纽与G0401长沙绕城高速交叉口南260米,28.090532,113.064833,572.7471616575767
mobilitybench_q_c651755d8151248a27,山东省聊城市临清市华盛红木家具附近距离天津市武清区大良,北京市,39.873772,116.438811,mobilitybench:7220f6bc265d8e5068,华盛红木家具,山东省 临清市 514国道南侧,36.899808,115.877000,334.2935382437853
mobilitybench_q_06e4176d4631db32fb,给我找一下津市医院附近宾馆,鸡西市,45.296574,130.938890,mobilitybench:a8cb22ecd93a7552bd,津市市私房驿站,湖南省 津市市 襄阳街道襄窑路777号,29.616405,111.879777,2410.6969367770384
mobilitybench_q_06e4176d4631db32fb,给我找一下津市医院附近宾馆,鸡西市,45.296574,130.938890,mobilitybench:b7bf2fdb8010bce2e9,皇姑山庄西栋,湖南省 津市市 襄窑路与096乡道交叉口西380米,29.615353,111.876383,2410.9925605093895
mobilitybench_q_06e4176d4631db32fb,给我找一下津市医院附近宾馆,鸡西市,45.296574,130.938890,mobilitybench:616833d3674f23d827,佛山黄飞鸿度假别墅(皇姑山路分店),湖南省 津市市 皇姑山路津市林业局向上走100米,29.614501,111.875251,2411.134801431801
mobilitybench_q_06e4176d4631db32fb,给我找一下津市医院附近宾馆,鸡西市,45.296574,130.938890,mobilitybench:2525d953faa6bfd895,峰驰接待部,湖南省 津市市 襄窑路与096乡道交叉口北200米,29.617159,111.879576,2410.643356279664
mobilitybench_q_06e4176d4631db32fb,给我找一下津市医院附近宾馆,鸡西市,45.296574,130.938890,mobilitybench:6823495ce4563f7e3d,鑫兴廉租房,湖南省 津市市 襄窑路与文化路交叉口东南240米,29.612076,111.881855,2410.949063559673
mobilitybench_q_06e4176d4631db32fb,给我找一下津市医院附近宾馆,鸡西市,45.296574,130.938890,mobilitybench:f9d594f60dd1837083,津市尚居假日酒店,湖南省 津市市 孟姜女大道津市一中对面,29.607574,111.876068,2411.6889678609828
mobilitybench_q_06e4176d4631db32fb,给我找一下津市医院附近宾馆,鸡西市,45.296574,130.938890,mobilitybench:ce706e4ae9fa4d41cb,津市美亚宾馆,湖南省 津市市 华都西门北50米,29.625516,111.875431,2410.1648741981276
mobilitybench_q_06e4176d4631db32fb,给我找一下津市医院附近宾馆,鸡西市,45.296574,130.938890,mobilitybench:d77d703cb05d4064a6,望江宾馆,湖南省 津市市 人民路与澹津路交叉口东80米,29.624378,111.879445,2410.0226195794694
mobilitybench_q_06e4176d4631db32fb,给我找一下津市医院附近宾馆,鸡西市,45.296574,130.938890,mobilitybench:4770f28fe7277afbbe,零距离,湖南省 津市市 金鱼岭街道步行街,29.624449,111.876873,2410.171070678804
mobilitybench_q_06e4176d4631db32fb,给我找一下津市医院附近宾馆,鸡西市,45.296574,130.938890,mobilitybench:3bce845723361f17fc,洋仞山公寓,湖南省 津市市 盐矿路西,29.607875,111.870875,2411.9748764879164
mobilitybench_q_06e4176d4631db32fb,给我找一下津市医院附近宾馆,鸡西市,45.296574,130.938890,mobilitybench:d2ce3890658febf508,津市市人民医院,湖南省 津市市 孟姜女大道19号,29.614617,111.878817,2410.910350817514
mobilitybench_q_a93a403ab9ceca252d,果戈里大街附近的砂锅店,德阳市,30.939676,104.325221,mobilitybench:e38781f83aee2de912,砂锅婆砂锅下饭菜(革新市场店),黑龙江省 南岗区 革新市场负一层1004.1005,45.752374,126.659730,2535.1401189770204
mobilitybench_q_a93a403ab9ceca252d,果戈里大街附近的砂锅店,德阳市,30.939676,104.325221,mobilitybench:e240920ff909acdec4,砂坛记鲜汤砂锅(革新店),黑龙江省 南岗区 革新街98号,45.752118,126.660241,2535.158073405218
mobilitybench_q_a93a403ab9ceca252d,果戈里大街附近的砂锅店,德阳市,30.939676,104.325221,mobilitybench:7c73ddf8240426b608,李记坛肉老道外小吃(巴山街店),黑龙江省 南岗区 奋斗路街道巴山街21-23号,45.751393,126.661371,2535.188227026293
mobilitybench_q_a93a403ab9ceca252d,果戈里大街附近的砂锅店,德阳市,30.939676,104.325221,mobilitybench:6627fb0ff054fe9f3d,粤味粥道海鲜砂锅粥,黑龙江省 南岗区 巴陵街47号1单元1层1号,45.754277,126.660344,2535.294632790639
mobilitybench_q_a93a403ab9ceca252d,果戈里大街附近的砂锅店,德阳市,30.939676,104.325221,mobilitybench:3a62d794d10cb5107f,寓食屋饺子熏酱,黑龙江省 南岗区 光芒街58-6号,45.751169,126.656905,2534.883287788259
mobilitybench_q_a93a403ab9ceca252d,果戈里大街附近的砂锅店,德阳市,30.939676,104.325221,mobilitybench:d5ee494cd00aa399ba,吴锅锅豆花鸡,黑龙江省 南岗区 革新街95号(工人文化宫地铁站2号口步行220米),45.750722,126.657136,2534.871481226632
mobilitybench_q_a93a403ab9ceca252d,果戈里大街附近的砂锅店,德阳市,30.939676,104.325221,mobilitybench:fda997f238432b86f9,哈壹锅砂锅馆,黑龙江省 南岗区 分部街37号文教街小区,45.754201,126.662913,2535.457713116769
mobilitybench_q_a93a403ab9ceca252d,果戈里大街附近的砂锅店,德阳市,30.939676,104.325221,mobilitybench:b045bc1e3be96276f6,灶火谣骨汤砂锅,黑龙江省 南岗区 人和街132号,45.755053,126.655576,2535.0301785711226
mobilitybench_q_a93a403ab9ceca252d,果戈里大街附近的砂锅店,德阳市,30.939676,104.325221,mobilitybench:0443cb0cfb442b2ccc,车掌柜砂锅王老油饼熏酱小酒馆(人和街店),黑龙江省 南岗区 永和街22号院,45.755788,126.656022,2535.103495038575
mobilitybench_q_a93a403ab9ceca252d,果戈里大街附近的砂锅店,德阳市,30.939676,104.325221,mobilitybench:1fcb932523e5bacf1f,曹尚鲜砂锅坛肉馆(果戈里大街店),黑龙江省 南岗区 果戈里大街212号,45.754834,126.654601,2534.953385799127
mobilitybench_q_a93a403ab9ceca252d,果戈里大街附近的砂锅店,德阳市,30.939676,104.325221,mobilitybench:8e3b13c8ff71061fa7,果戈里大街,黑龙江省 南岗区 南岗区,45.752486,126.659224,2535.11383211182
mobilitybench_q_f90a59de2758762b1d,凤凰城附近的黑土地铁锅炖,徐州市,34.756425,116.942476,mobilitybench:59620c2a000026e8fa,久隆凤凰城,江苏省 铜山区 彭祖路久隆凤凰城(11路终点站对面),34.180078,117.153410,66.9406653093672
mobilitybench_q_67d99e9cb0df2bb948,给我推荐龙湾地铁站附近的小区,成都市,30.515373,104.226781,mobilitybench:baf3cd002ee0eabc59,居臣仕,浙江省 龙湾区 海工南路与城河中路交叉口东北240米,27.828275,120.774625,1632.6059701274273
mobilitybench_q_67d99e9cb0df2bb948,给我推荐龙湾地铁站附近的小区,成都市,30.515373,104.226781,mobilitybench:d9a5418eecd9536f00,泽地优居,浙江省 龙湾区 康乐路与海工大道交叉口西南220米,27.830067,120.774486,1632.5427973153423
mobilitybench_q_67d99e9cb0df2bb948,给我推荐龙湾地铁站附近的小区,成都市,30.515373,104.226781,mobilitybench:b429ea75583e0054a3,杨陈二府,浙江省 龙湾区 金山路与海昌路交叉口西北100米,27.825444,120.784634,1633.6377112534103
mobilitybench_q_67d99e9cb0df2bb948,给我推荐龙湾地铁站附近的小区,成都市,30.515373,104.226781,mobilitybench:03e7342494f1fe7e86,清河老人公寓幸福公寓A栋,浙江省 龙湾区 康乐路与海工大道交叉口西180米,27.831951,120.774278,1632.4705155980664
mobilitybench_q_67d99e9cb0df2bb948,给我推荐龙湾地铁站附近的小区,成都市,30.515373,104.226781,mobilitybench:3cb060b9c192013f45,金天国际,浙江省 龙湾区 海城二小对面,27.831506,120.773221,1632.382285385191
mobilitybench_q_67d99e9cb0df2bb948,给我推荐龙湾地铁站附近的小区,成都市,30.515373,104.226781,mobilitybench:1c4906944c863877bf,永清河公寓,浙江省 龙湾区 海城第二小学,27.832084,120.773614,1632.403600131419
mobilitybench_q_67d99e9cb0df2bb948,给我推荐龙湾地铁站附近的小区,成都市,30.515373,104.226781,mobilitybench:8b4b67023c94248642,中星村厂房二期项目,浙江省 龙湾区 琴棋山路115号,27.828997,120.785934,1633.66242856883
mobilitybench_q_67d99e9cb0df2bb948,给我推荐龙湾地铁站附近的小区,成都市,30.515373,104.226781,mobilitybench:f3ec04fc6942adb9d8,中南佳园,浙江省 龙湾区 邱宅村中心南路56号,27.826937,120.770056,1632.208330589818
mobilitybench_q_67d99e9cb0df2bb948,给我推荐龙湾地铁站附近的小区,成都市,30.515373,104.226781,mobilitybench:e519336140a3ca5260,明珠大厦,浙江省 龙湾区 城河中路与康乐路交叉口西南300米,27.825552,120.770085,1632.2497217886335
mobilitybench_q_67d99e9cb0df2bb948,给我推荐龙湾地铁站附近的小区,成都市,30.515373,104.226781,mobilitybench:faf3fcf69d9b7c1e70,穿山大厦,浙江省 龙湾区 邱宅村环城大厦三单元,27.824388,120.770190,1632.2921936686262
mobilitybench_q_67d99e9cb0df2bb948,给我推荐龙湾地铁站附近的小区,成都市,30.515373,104.226781,mobilitybench:507d78ad6817e24ffb,海城(地铁站),浙江省 龙湾区 S2线,27.826441,120.778422,1633.0185577007335
mobilitybench_q_8a7842ecaf628050c5,成都天府机场最近的宾馆,葫芦岛市,40.846575,120.995805,mobilitybench:33707c1476e875c9cb,天府空港悦享酒店(天府机场店),四川省 简阳市 东部新区云悦路2号,30.310008,104.444694,1895.21905957284
mobilitybench_q_8a7842ecaf628050c5,成都天府机场最近的宾馆,葫芦岛市,40.846575,120.995805,mobilitybench:55f455847441da6890,MYH眯一会计时休息酒店(天府机场店),四川省 简阳市 成都天府国际机场T2航站楼国内到达层B2国内到达出口(全家便利店方向)100米处警务室旁边,30.311574,104.446256,1894.990786358469
mobilitybench_q_8a7842ecaf628050c5,成都天府机场最近的宾馆,葫芦岛市,40.846575,120.995805,mobilitybench:c61c185dc8c78e0667,天府空港云享酒店(天府机场店),四川省 简阳市 东部新区云悦路1号,30.310415,104.443198,1895.2939684026296
mobilitybench_q_8a7842ecaf628050c5,成都天府机场最近的宾馆,葫芦岛市,40.846575,120.995805,mobilitybench:916526e841168d6668,成都太古里政府接待宾馆,四川省 简阳市 云悦路(天府机场1号2号航站楼地铁站出入口旁),30.310601,104.447479,1894.9778115194392
mobilitybench_q_8a7842ecaf628050c5,成都天府机场最近的宾馆,葫芦岛市,40.846575,120.995805,mobilitybench:bc08b641e1ab1e4d49,安驿精品酒店(成都天府国际机场店),四川省 简阳市 东部新区草池街道三渔村15组21号,30.312925,104.423598,1896.488569322046
mobilitybench_q_8a7842ecaf628050c5,成都天府机场最近的宾馆,葫芦岛市,40.846575,120.995805,mobilitybench:0b2d48bdc9836f5e7e,汐月轩酒店(天府国际机场T2航站楼店),四川省 简阳市 草池街道三渔村10组5号,30.310243,104.422963,1896.7354298734715
mobilitybench_q_8a7842ecaf628050c5,成都天府机场最近的宾馆,葫芦岛市,40.846575,120.995805,mobilitybench:3fadeac275cee87fba,临空别院酒店(成都天府国际机场店),四川省 简阳市 东部新区草池街道龙湾村七组34号,30.313473,104.421330,1896.607457426051
mobilitybench_q_8a7842ecaf628050c5,成都天府机场最近的宾馆,葫芦岛市,40.846575,120.995805,mobilitybench:6a8d1695a42d87bfab,VALATOMS梵拉图酒店(天府国际机场溪云店),四川省 简阳市 草池街道幸福村16组20号附1号,30.329388,104.432377,1894.6288633837598
mobilitybench_q_8a7842ecaf628050c5,成都天府机场最近的宾馆,葫芦岛市,40.846575,120.995805,mobilitybench:a6d2ec36cf0b1846a9,天府·洛克铂金酒店(成都天府国际机场店),四川省 简阳市 草池街道幸福村16组51号,30.329444,104.432861,1894.5904604636635
mobilitybench_q_8a7842ecaf628050c5,成都天府机场最近的宾馆,葫芦岛市,40.846575,120.995805,mobilitybench:758ade074f8b52cce3,天府欣益星酒店(天府国际机场店),四川省 简阳市 东部新区草池街道幸福村16组80号,30.329594,104.432100,1894.6329214139478
mobilitybench_q_8a7842ecaf628050c5,成都天府机场最近的宾馆,葫芦岛市,40.846575,120.995805,mobilitybench:c6ecff5e50949c47ad,成都天府国际机场,四川省 简阳市 芦葭镇空港大道,30.308016,104.446518,1895.2404878382401
mobilitybench_q_27b550df4e983e80dc,乌鲁木齐市最近的四长城炮4S店,乌鲁木齐市,43.421444,88.104555,mobilitybench:c7fc0152081946cb4b,长城汽车·哈弗皮卡.销售服务店(新疆冀通达·赛博特汽车城北区),新疆维吾尔自治区 新市区 鲤鱼山北路1号赛博特汽车城北区A5-1-04,43.878130,87.592128,65.41024305391326
mobilitybench_q_27b550df4e983e80dc,乌鲁木齐市最近的四长城炮4S店,乌鲁木齐市,43.421444,88.104555,mobilitybench:3456fdfd90c157854e,长城汽车·皮卡·销售店(新疆冀通达·赛博特国际汽车城),新疆维吾尔自治区 新市区 鲤鱼山北路1号新疆赛博特国际汽车城C10-1-102号,43.873857,87.590249,65.13893221042395
mobilitybench_q_27b550df4e983e80dc,乌鲁木齐市最近的四长城炮4S店,乌鲁木齐市,43.421444,88.104555,mobilitybench:3290269b130910442f,长城汽车·哈弗皮卡欧拉·销售店(新疆万盛·赛博特国际汽车城),新疆维吾尔自治区 新市区 鲤鱼山北路1号赛博特国际汽车城北区A02-2-02,43.877375,87.594575,65.22121430081843
mobilitybench_q_27b550df4e983e80dc,乌鲁木齐市最近的四长城炮4S店,乌鲁木齐市,43.421444,88.104555,mobilitybench:65d9f02de1891928c5,乌鲁木齐市,新疆维吾尔自治区 水磨沟区 水磨沟区,43.825377,87.616824,59.65421725733122
mobilitybench_q_5615a4fb7dd32a2761,查找广州塔附近的高铁站,东莞市,23.019965,113.842598,mobilitybench:96a4bf93f148f74a24,广州火车东站(公交站),广东省 天河区 旅游公交3线,23.147923,113.323835,54.93958389618089
mobilitybench_q_5615a4fb7dd32a2761,查找广州塔附近的高铁站,东莞市,23.019965,113.842598,mobilitybench:f16ddd08d9b775ff34,广州东站,广东省 天河区 东站路1号,23.150588,113.324964,54.90518509175186
mobilitybench_q_5615a4fb7dd32a2761,查找广州塔附近的高铁站,东莞市,23.019965,113.842598,mobilitybench:ec741a6842dd8af0bd,小桔充电汽车充电站(广州火车站超充站),广东省 越秀区 流花街道解放北路辅路环市中路191号西门,23.146832,113.262786,60.964822885929124
mobilitybench_q_5615a4fb7dd32a2761,查找广州塔附近的高铁站,东莞市,23.019965,113.842598,mobilitybench:14484f5c73f4039f74,广州火车站(草暖公园)总站(公交站),广东省 越秀区 523A路;广231路,23.146588,113.261548,61.08182326465442
mobilitybench_q_5615a4fb7dd32a2761,查找广州塔附近的高铁站,东莞市,23.019965,113.842598,mobilitybench:feacbe7cabc4cc15c9,广州火车站(地铁站),广东省 越秀区 (在建)14号线二期;(在建)22号线北延段;11号线;2号线;5号线,23.148339,113.256512,61.62763453901229
mobilitybench_q_5615a4fb7dd32a2761,查找广州塔附近的高铁站,东莞市,23.019965,113.842598,mobilitybench:a87de463e67b7f8b81,广州塔,广东省 海珠区 赤岗街道新鸿社区滨江东路222号,23.106428,113.324521,53.86810244924065
mobilitybench_q_a9d34f2d9170e36d36,在消防大队附近搜索地磅,潍坊市,36.428653,119.215541,mobilitybench:f707cd04d6fc4caba2,中衡电子秤,山东省 青州市 云门山街道尧王山东路批发街中间路北,36.697511,118.489811,71.37844311743414
mobilitybench_q_a9d34f2d9170e36d36,在消防大队附近搜索地磅,潍坊市,36.428653,119.215541,mobilitybench:89e2ec098cb5275079,青州市消防救援大队(青州市消防救援局),山东省 青州市 春光北路附近,36.654322,118.513189,67.57740784990919
mobilitybench_q_afe1068d7bd8cd1cc5,请问白云机场附近有酒店吗,西海岸省,5.963455,116.085698,mobilitybench:da302b6bbde74cd9bb,南航明珠大酒店,广东省 白云区 新白云国际机场南工作区空港五路,23.372047,113.296830,1958.6450521773243
mobilitybench_q_afe1068d7bd8cd1cc5,请问白云机场附近有酒店吗,西海岸省,5.963455,116.085698,mobilitybench:9d99358e8400138ad8,优品美宿24H免费接送机场美宿,广东省 花都区 机场大道东与机场大道一横路交叉口西南400米,23.386414,113.303263,1960.1172550272117
mobilitybench_q_afe1068d7bd8cd1cc5,请问白云机场附近有酒店吗,西海岸省,5.963455,116.085698,mobilitybench:00f15756e907172824,广州白云机场澳斯特精选酒店(T1航站楼店),广东省 白云区 白云国际机场南工作区空港三路与横二路交汇,23.367761,113.302154,1958.087759936651
mobilitybench_q_afe1068d7bd8cd1cc5,请问白云机场附近有酒店吗,西海岸省,5.963455,116.085698,mobilitybench:fdad8c4c41db7fc872,广州白云机场铂尔曼大酒店,广东省 花都区 机场大道一横路2号,23.388713,113.303679,1960.3628555193586
mobilitybench_q_afe1068d7bd8cd1cc5,请问白云机场附近有酒店吗,西海岸省,5.963455,116.085698,mobilitybench:6bed2bc503163d5395,南航明珠大酒店1号楼,广东省 白云区 空港南五路与空港南横三路交叉口西北200米,23.371692,113.297275,1958.5988226778074
mobilitybench_q_afe1068d7bd8cd1cc5,请问白云机场附近有酒店吗,西海岸省,5.963455,116.085698,mobilitybench:bed1e65b39f9ca3f0f,广州白云机场诺富特酒店,广东省 花都区 机场大道一横路2号,23.389283,113.302637,1960.442379131549
mobilitybench_q_afe1068d7bd8cd1cc5,请问白云机场附近有酒店吗,西海岸省,5.963455,116.085698,mobilitybench:26100f22cc770c6e73,广州白云国际机场建发公寓,广东省 白云区 空港六路与横七路交汇处,23.375400,113.294101,1959.0576491049924
mobilitybench_q_afe1068d7bd8cd1cc5,请问白云机场附近有酒店吗,西海岸省,5.963455,116.085698,mobilitybench:2d730b453e0cf41f59,南航明珠大酒店3号楼,广东省 白云区 新白云国际机场南工作区空港五路,23.371471,113.295439,1958.6045395389024
mobilitybench_q_afe1068d7bd8cd1cc5,请问白云机场附近有酒店吗,西海岸省,5.963455,116.085698,mobilitybench:bb72151b216facf8d2,万豪万枫酒店(广州白云机场店),广东省 白云区 白云国际机场空港南六路3号西南商务区C栋,23.369031,113.293513,1958.368188941214
mobilitybench_q_afe1068d7bd8cd1cc5,请问白云机场附近有酒店吗,西海岸省,5.963455,116.085698,mobilitybench:e6b7504793e8c37f18,广州白云国际机场云智酒店(T2航站楼店),广东省 白云区 白云国际机场西南商务区F1栋,23.368981,113.292933,1958.3721819433388
mobilitybench_q_afe1068d7bd8cd1cc5,请问白云机场附近有酒店吗,西海岸省,5.963455,116.085698,mobilitybench:6049bd047ce56b8cfc,广州白云国际机场,广东省 花都区 机场大道东888号,23.377894,113.304651,1959.1594051553286
mobilitybench_q_6b94403dbde68851d9,衡水无限极附近专卖店。,重庆市,29.285053,108.160821,mobilitybench:40eb2ac0110288005b,甘陵春酒旗舰店,河北省 故城县 郑口顺达路顺达楼(与京杭大街交叉口西南角),37.359063,115.964311,1153.0331493929116
mobilitybench_q_6b94403dbde68851d9,衡水无限极附近专卖店。,重庆市,29.285053,108.160821,mobilitybench:e89a9c80cf8f6a0881,喜洋洋广告衫精品店(大头贴店),河北省 故城县 郑口镇京杭大街(美林水岸对过),37.358207,115.965088,1153.0066573551992
mobilitybench_q_6b94403dbde68851d9,衡水无限极附近专卖店。,重庆市,29.285053,108.160821,mobilitybench:6bc45e92e1f666f72f,派克服工厂店(盛世名城店),河北省 故城县 盛世名城,37.361407,115.957081,1152.8092262090565
mobilitybench_q_6b94403dbde68851d9,衡水无限极附近专卖店。,重庆市,29.285053,108.160821,mobilitybench:28c8ec70f5516ff74b,惠普体验店(故城信誉楼店),河北省 故城县 幸福路南侧运兴街东侧,37.363552,115.961677,1153.2560083280337
mobilitybench_q_6b94403dbde68851d9,衡水无限极附近专卖店。,重庆市,29.285053,108.160821,mobilitybench:7ddf331026a9f5725e,Apple授权专营店(故城信誉楼店),河北省 故城县 幸福路南侧运兴街东侧故城信誉楼1层入口旁,37.363625,115.961925,1153.276536451089
mobilitybench_q_6b94403dbde68851d9,衡水无限极附近专卖店。,重庆市,29.285053,108.160821,mobilitybench:1986fd895fe146c85c,三棵树专卖,河北省 故城县 郑口镇京杭大街41号,37.355639,115.964646,1152.7659398115875
mobilitybench_q_6b94403dbde68851d9,衡水无限极附近专卖店。,重庆市,29.285053,108.160821,mobilitybench:2b217365ffdd41adde,铭泰电脑监控,河北省 故城县 郑口顺达路体育街交叉路口西100米路北,37.358786,115.968171,1153.2344502923709
mobilitybench_q_6b94403dbde68851d9,衡水无限极附近专卖店。,重庆市,29.285053,108.160821,mobilitybench:62a6c09bdd59137d6b,铭嘉电脑监控,河北省 故城县 顺达路与体育街交叉口西120米,37.358816,115.968257,1153.2419643404462
mobilitybench_q_6b94403dbde68851d9,衡水无限极附近专卖店。,重庆市,29.285053,108.160821,mobilitybench:41e41249ea586e9212,小二放羊羊奶专卖连锁(顺风街店),河北省 故城县 迎瑞温泉花园西区东门旁,37.359078,115.954581,1152.4688236060679
mobilitybench_q_6b94403dbde68851d9,衡水无限极附近专卖店。,重庆市,29.285053,108.160821,mobilitybench:c4e57c5adef12d0346,清一眼镜视光中心幸福店,河北省 故城县 郑口镇幸福小区3号楼4号商铺,37.364832,115.959086,1153.2126953179863
mobilitybench_q_6b94403dbde68851d9,衡水无限极附近专卖店。,重庆市,29.285053,108.160821,mobilitybench:14576b95a7b46966e2,无限极,河北省 故城县 顺达路北侧,37.359604,115.961463,1152.9128686390268
mobilitybench_q_7d7bbfb488d5ce5204,通辽市科尔沁区税务大楼附近的打印室,通辽市,42.878476,120.644163,mobilitybench:dca90fce06574ae41f,清林图文刻章,内蒙古自治区 科尔沁区 金鑫小区西北门西70米,43.619002,122.284634,156.30869411919736
mobilitybench_q_7d7bbfb488d5ce5204,通辽市科尔沁区税务大楼附近的打印室,通辽市,42.878476,120.644163,mobilitybench:97916854b2481eb6bd,爱萝卜便民打印(查尔斯顿眼镜店),内蒙古自治区 科尔沁区 东顺路698号,43.618330,122.286450,156.39503337724926
mobilitybench_q_7d7bbfb488d5ce5204,通辽市科尔沁区税务大楼附近的打印室,通辽市,42.878476,120.644163,mobilitybench:18125984de3ea6a024,通辽糖心图文快印,内蒙古自治区 科尔沁区 中心大街与东顺路交叉口东100米,43.619357,122.287769,156.54499633129555
mobilitybench_q_7d7bbfb488d5ce5204,通辽市科尔沁区税务大楼附近的打印室,通辽市,42.878476,120.644163,mobilitybench:a32671782e60ccd1d9,中意牌匾,内蒙古自治区 科尔沁区 农行小区西门旁,43.622611,122.286278,156.63012964499802
mobilitybench_q_7d7bbfb488d5ce5204,通辽市科尔沁区税务大楼附近的打印室,通辽市,42.878476,120.644163,mobilitybench:b8c39a07e727743ba5,盈科图文快印,内蒙古自治区 科尔沁区 中心大街与红星路交叉口西110米,43.620067,122.289959,156.73669410811462
mobilitybench_q_7d7bbfb488d5ce5204,通辽市科尔沁区税务大楼附近的打印室,通辽市,42.878476,120.644163,mobilitybench:46a2327936ea32e890,红杰复印社,内蒙古自治区 科尔沁区 第十一中学东南侧约30米,43.615973,122.286587,156.26898135235544
mobilitybench_q_7d7bbfb488d5ce5204,通辽市科尔沁区税务大楼附近的打印室,通辽市,42.878476,120.644163,mobilitybench:bca59ded0da2ead988,丽泰图文(盐业家园店),内蒙古自治区 科尔沁区 盐业家园南门东70米,43.624649,122.285048,156.66355817641494
mobilitybench_q_7d7bbfb488d5ce5204,通辽市科尔沁区税务大楼附近的打印室,通辽市,42.878476,120.644163,mobilitybench:d825092078979352da,明彩图文广告(印刷)自助打印,内蒙古自治区 科尔沁区 霍林河大街与平安路交汇处康帝商务宾馆对面,43.623681,122.281165,156.3407357854
mobilitybench_q_7d7bbfb488d5ce5204,通辽市科尔沁区税务大楼附近的打印室,通辽市,42.878476,120.644163,mobilitybench:dc693715cc3604300a,诺加图文,内蒙古自治区 科尔沁区 中心大街与永安路交汇处路东80米路南,43.618384,122.278280,155.8358152409421
mobilitybench_q_7d7bbfb488d5ce5204,通辽市科尔沁区税务大楼附近的打印室,通辽市,42.878476,120.644163,mobilitybench:1670b10e2fc86fc385,浩锐图文,内蒙古自治区 科尔沁区 向阳大街与东顺路交叉口西140米,43.613443,122.285463,156.0463492462593
mobilitybench_q_7d7bbfb488d5ce5204,通辽市科尔沁区税务大楼附近的打印室,通辽市,42.878476,120.644163,mobilitybench:caf630041ed0fb6b30,中国税务大楼,内蒙古自治区 科尔沁区 东顺路与中心大街交叉口西80米,43.619525,122.285575,156.40361783027035
mobilitybench_q_5e6d85e5c9af9b9153,苏州江苏苏州儿童医院附近的民宿,淮北市,33.967410,116.764999,mobilitybench:9bb3e46037c69b2d37,苏州七里香都公寓,江苏省 吴中区 苏州工业园区七里香都小区15号楼,31.313101,120.754724,476.0230280260237
mobilitybench_q_5e6d85e5c9af9b9153,苏州江苏苏州儿童医院附近的民宿,淮北市,33.967410,116.764999,mobilitybench:80d1e4c4ea867c306e,钻石猫精致美宿(锦溪苑店),江苏省 吴中区 锦溪街66号锦溪苑35幢2501室,31.308914,120.763350,476.9518718452973
mobilitybench_q_5e6d85e5c9af9b9153,苏州江苏苏州儿童医院附近的民宿,淮北市,33.967410,116.764999,mobilitybench:d92e7e24f013c6a109,NODJCY故里民宿(工业园区金鸡湖东店),江苏省 吴中区 锦溪苑-南区101室(涵青桥地铁站4号口步行480米),31.305927,120.763611,477.1817397620001
mobilitybench_q_5e6d85e5c9af9b9153,苏州江苏苏州儿童医院附近的民宿,淮北市,33.967410,116.764999,mobilitybench:919557e9c77a1457f7,爱丁堡家庭公寓(苏州中海店),江苏省 吴中区 方洲路中海一区31栋,31.313570,120.751552,475.7570274796876
mobilitybench_q_5e6d85e5c9af9b9153,苏州江苏苏州儿童医院附近的民宿,淮北市,33.967410,116.764999,mobilitybench:8ff43ad166e6d42130,旅行快乐之家公寓(方洲路分店),江苏省 吴中区 苏州工业园区工业园区海悦花园-一区5栋2306,31.311512,120.750619,475.83380380397875
mobilitybench_q_5e6d85e5c9af9b9153,苏州江苏苏州儿童医院附近的民宿,淮北市,33.967410,116.764999,mobilitybench:e4850bfe4da24d87f5,西亚民宿(奥体中心店),江苏省 吴中区 中新大道东与星体街交叉口北280米,31.311530,120.752290,475.95517982755786
mobilitybench_q_5e6d85e5c9af9b9153,苏州江苏苏州儿童医院附近的民宿,淮北市,33.967410,116.764999,mobilitybench:39063601251b3c1bf9,苏州爱丁堡家庭民宿(白塘生态植物园店),江苏省 吴中区 苏州工业园海悦花园-一区3栋1单元3003室,31.313575,120.751575,475.75836329069944
mobilitybench_q_5e6d85e5c9af9b9153,苏州江苏苏州儿童医院附近的民宿,淮北市,33.967410,116.764999,mobilitybench:4362f4818ef4657a09,NODJCY暖暖民宿(工业园区金鸡湖东店),江苏省 吴中区 苏州工业园丰茂巷495号海悦花园一区6栋1单元2007室,31.312165,120.751181,475.82895257037006
mobilitybench_q_5e6d85e5c9af9b9153,苏州江苏苏州儿童医院附近的民宿,淮北市,33.967410,116.764999,mobilitybench:485f92ca9c9a1c5e56,钻石猫精致美宿(苏州主场双层纪店),江苏省 吴中区 榭雨苑9号主场双层纪41幢1405室,31.304411,120.765963,477.4614110824034
mobilitybench_q_5e6d85e5c9af9b9153,苏州江苏苏州儿童医院附近的民宿,淮北市,33.967410,116.764999,mobilitybench:a91109024f433108e7,温馨大姐公寓(苏州锦溪苑店),江苏省 吴中区 锦溪街锦溪苑四期5幢(涵青桥地铁站3号口步行320米),31.302864,120.764762,477.48242316031434
mobilitybench_q_5e6d85e5c9af9b9153,苏州江苏苏州儿童医院附近的民宿,淮北市,33.967410,116.764999,mobilitybench:dbccf20d2834db29eb,苏州大学附属儿童医院总院,江苏省 吴中区 工业园区钟南街92号,31.310494,120.758713,476.49986520367327
mobilitybench_q_0d250390fa6130d21b,太湖附近门窗二手交易市场。,宜昌市,30.422363,111.984025,mobilitybench:f22677004c8a21b8c6,太湖,江苏省 吴中区 吴中区,31.262331,120.122975,782.4339156636074
mobilitybench_q_83e178c15b97315f7b,都江堰南桥附近的民宿。,成都市,30.688123,104.083684,mobilitybench:f10dfd4f778cbc9a64,云生园客栈(都江堰四合院民宿),四川省 都江堰市 南街宝瓶巷55号,30.997180,103.615604,56.37332482221027
mobilitybench_q_83e178c15b97315f7b,都江堰南桥附近的民宿。,成都市,30.688123,104.083684,mobilitybench:eeb90af6c7cc5297c5,成都良栖马小院民宿,四川省 都江堰市 都江堰南街宝瓶巷55号附8号,30.997247,103.615888,56.356365739047924
mobilitybench_q_83e178c15b97315f7b,都江堰南桥附近的民宿。,成都市,30.688123,104.083684,mobilitybench:27dc7518f41d93db21,古澜民宿(都江堰南桥店),四川省 都江堰市 灌口镇宝瓶巷55号附3号,30.997205,103.615493,56.38341533185469
mobilitybench_q_83e178c15b97315f7b,都江堰南桥附近的民宿。,成都市,30.688123,104.083684,mobilitybench:62b662e213a16b0c78,青川山舍设计师民宿(都江堰景区南桥店),四川省 都江堰市 宝瓶巷55号附11号,30.997368,103.615903,56.363415983818086
mobilitybench_q_83e178c15b97315f7b,都江堰南桥附近的民宿。,成都市,30.688123,104.083684,mobilitybench:c331e29b393450a178,都江堰栖沄小筑民宿(都江堰南桥店),四川省 都江堰市 南街宝瓶巷55号附4号,30.997575,103.615425,56.413578683151854
mobilitybench_q_83e178c15b97315f7b,都江堰南桥附近的民宿。,成都市,30.688123,104.083684,mobilitybench:9320b43fabb1a489d3,都江堰四舍民宿,四川省 都江堰市 灌口街道南桥社区宝瓶巷55号附1号,30.997326,103.615514,56.390006058472075
mobilitybench_q_83e178c15b97315f7b,都江堰南桥附近的民宿。,成都市,30.688123,104.083684,mobilitybench:dadbb7a72aa63b1986,小青瓦房民宿(都江堰景区南桥店),四川省 都江堰市 四川省成都市都江堰市灌口街道宝瓶巷55号,30.997498,103.616093,56.35784318383732
mobilitybench_q_83e178c15b97315f7b,都江堰南桥附近的民宿。,成都市,30.688123,104.083684,mobilitybench:8325f8f9337597af5d,观喜民宿(都江堰景区南桥店),四川省 都江堰市 宝瓶巷52号附1号,30.997575,103.615639,56.39739023449633
mobilitybench_q_83e178c15b97315f7b,都江堰南桥附近的民宿。,成都市,30.688123,104.083684,mobilitybench:056ae5a456c2726f7b,放朦民宿(都江堰市-青城山4号店),四川省 都江堰市 宝瓶巷52号附8号,30.997583,103.615418,56.414649364947444
mobilitybench_q_83e178c15b97315f7b,都江堰南桥附近的民宿。,成都市,30.688123,104.083684,mobilitybench:dc7e561ec385d957b4,茶马西驿民宿(都江堰景区南桥店),四川省 都江堰市 灌口镇南桥社区西街54号,30.997910,103.615332,56.44327847086767
mobilitybench_q_83e178c15b97315f7b,都江堰南桥附近的民宿。,成都市,30.688123,104.083684,mobilitybench:d6b7a0c05785b22b65,南桥,四川省 都江堰市 灌口街道公园路都江堰景区大门外侧,30.996316,103.615948,56.28891272810343
mobilitybench_q_2c97f37aece67856c3,离巴中西站最近的羽毛球穿线的地方,南充市,30.886949,106.097711,mobilitybench:31060868d1a98c8721,巴中西出口(G5012恩广高速西北向),四川省 巴州区 巴州区,31.829473,106.699787,119.38173412783473
mobilitybench_q_0d54083362209d1cab,帮我找一下深圳福田站附近的酒店,广州市,23.122861,113.361074,mobilitybench:0a6a353787342a4c23,香格里拉大酒店(深圳福田店),广东省 福田区 益田路4088号,22.536204,114.057053,96.65845642628076
mobilitybench_q_0d54083362209d1cab,帮我找一下深圳福田站附近的酒店,广州市,23.122861,113.361074,mobilitybench:2be43ba8d4955f43ee,深圳好日子皇冠假日酒店,广东省 福田区 福华一路28号特美思广场,22.537158,114.053586,96.32462640570978
mobilitybench_q_0d54083362209d1cab,帮我找一下深圳福田站附近的酒店,广州市,23.122861,113.361074,mobilitybench:c994350c72a6d9af31,投资大厦宾馆,广东省 福田区 深南大道4009号投资大厦1层,22.538568,114.053630,96.2217463215002
mobilitybench_q_0d54083362209d1cab,帮我找一下深圳福田站附近的酒店,广州市,23.122861,113.361074,mobilitybench:d35f07856ec2e0b1c4,深圳大中华喜来登酒店,广东省 福田区 福田街道福安社区福华一路1号深圳大中华国际交易广场GF-045,22.535859,114.062065,97.06396739029769
mobilitybench_q_0d54083362209d1cab,帮我找一下深圳福田站附近的酒店,广州市,23.122861,113.361074,mobilitybench:bbb831bedae6edb012,深圳四季酒店(卓越时代广场2期店),广东省 福田区 福华三路138号,22.533261,114.058101,96.95927829602302
mobilitybench_q_0d54083362209d1cab,帮我找一下深圳福田站附近的酒店,广州市,23.122861,113.361074,mobilitybench:e8a406f70c470b6769,幸福驿站,广东省 福田区 深圳购物公园北门东北70米,22.536862,114.054405,96.40878359617521
mobilitybench_q_0d54083362209d1cab,帮我找一下深圳福田站附近的酒店,广州市,23.122861,113.361074,mobilitybench:49151e8de1801961aa,心有客便利店(购物公园店),广东省 福田区 广东省深圳市福田区福田街道福田中心二路139号购物公园,22.535728,114.054623,96.51072215855775
mobilitybench_q_0d54083362209d1cab,帮我找一下深圳福田站附近的酒店,广州市,23.122861,113.361074,mobilitybench:eb82668f109130d032,好日子皇冠酒店无障碍客房,广东省 福田区 福田中心区福华一路28号,22.537145,114.053616,96.32787150521034
mobilitybench_q_0d54083362209d1cab,帮我找一下深圳福田站附近的酒店,广州市,23.122861,113.361074,mobilitybench:f4bb1e71ec251a8ee0,深圳柏悦酒店,广东省 福田区 益田路5023号(购物公园地铁站E口步行380米),22.532116,114.055712,96.86555026695844
mobilitybench_q_0d54083362209d1cab,帮我找一下深圳福田站附近的酒店,广州市,23.122861,113.361074,mobilitybench:d8a3aa07e8396a72f7,菲利斯酒店,广东省 福田区 民田路178号华融大厦(福田地铁站3A口步行190米),22.537907,114.053549,96.26539650181694
mobilitybench_q_0d54083362209d1cab,帮我找一下深圳福田站附近的酒店,广州市,23.122861,113.361074,mobilitybench:e4ce129e6dc6ec72e7,福田站,广东省 福田区 福田街道深南大道与益田路交汇处,22.538136,114.057201,96.52443963037842
mobilitybench_q_40804f4a3e96ed2364,天府云联产业中心附近李家扁,成都市,30.801460,103.952969,mobilitybench:c0af1083ebfc4350db,天府云链产业中心,四川省 简阳市 公园大街辅路与云闲路交叉口东北280米,30.320925,104.312225,63.54780927329319
mobilitybench_q_722a36359dabe2cffe,下埔附近有金银加工店吗,广州市,23.105487,113.565285,mobilitybench:899762d62bb5e7cc5f,彭记金银加工,广东省 惠城区 河南岸斑樟湖路化机大厦1楼(广播电视大学旁),23.077346,114.418544,87.33253774306523
mobilitybench_q_722a36359dabe2cffe,下埔附近有金银加工店吗,广州市,23.105487,113.565285,mobilitybench:0aca7557f779a4660b,亿宝金银回收(金银加工),广东省 惠城区 河南岸螺子湖南街4号,23.070214,114.419340,87.44819977098574
mobilitybench_q_722a36359dabe2cffe,下埔附近有金银加工店吗,广州市,23.105487,113.565285,mobilitybench:0ff359d7830165882f,顺意金银加工店,广东省 惠城区 东湖西路88号,23.085632,114.425510,88.01396572412187
mobilitybench_q_722a36359dabe2cffe,下埔附近有金银加工店吗,广州市,23.105487,113.565285,mobilitybench:da17195a75367eb821,刘记金银加工,广东省 惠城区 下角东路与埔前街交叉口西北100米,23.101846,114.397339,85.10069610757826
mobilitybench_q_722a36359dabe2cffe,下埔附近有金银加工店吗,广州市,23.105487,113.565285,mobilitybench:5a50c312fb69e44d37,金银加工回收珠宝商行,广东省 惠城区 水口龙湖大道62号,23.098961,114.453051,90.80163009357331
mobilitybench_q_722a36359dabe2cffe,下埔附近有金银加工店吗,广州市,23.105487,113.565285,mobilitybench:a67a28ffc051b972d9,钟多金·黄金奢侈品回收·金银首饰加工维修,广东省 惠城区 新江路宏益公馆一层街铺508,23.126075,114.423698,87.81755901073934
mobilitybench_q_722a36359dabe2cffe,下埔附近有金银加工店吗,广州市,23.105487,113.565285,mobilitybench:112826d4e3bcaa2585,鑫隆金银首饰加工,广东省 惠城区 合隆超市旁,23.107370,114.467685,92.29280674272385
mobilitybench_q_722a36359dabe2cffe,下埔附近有金银加工店吗,广州市,23.105487,113.565285,mobilitybench:3cfdd4e94380528c9d,下埔,广东省 惠城区 惠城区,23.080310,114.413968,86.85257576297606
mobilitybench_q_99f7ba6fcfe0170c63,湛江市市区内的免费房车在哪里,茂名市,21.630293,111.058307,mobilitybench:6021505e55e8c45ef0,雷州市,广东省 雷州市 雷州市,20.914548,110.097011,127.49810171211779
mobilitybench_q_44fb8be330a3c07023,湖南财经学院附近有什么商场,衡阳市,26.398946,112.375546,mobilitybench:cb09061ba4ed9823c7,岳麓区商贸城,湖南省 岳麓区 望新路与公园道路交叉口西100米,28.200375,112.927225,207.5937636676977
mobilitybench_q_44fb8be330a3c07023,湖南财经学院附近有什么商场,衡阳市,26.398946,112.375546,mobilitybench:f131ef86c959ed87aa,佳兴国际·汇,湖南省 岳麓区 金星中路与咸嘉湖西路交汇处西南角(湖南师大医学院西南侧),28.212084,112.931938,208.97158199179117
mobilitybench_q_44fb8be330a3c07023,湖南财经学院附近有什么商场,衡阳市,26.398946,112.375546,mobilitybench:b9f89e2de8933f7926,都达商业广场,湖南省 岳麓区 湘江新区综合交通枢纽备班楼1层,28.208683,112.913706,208.13956038545217
mobilitybench_q_44fb8be330a3c07023,湖南财经学院附近有什么商场,衡阳市,26.398946,112.375546,mobilitybench:58f0e6684d71d39eea,星悦广场招商中心,湖南省 岳麓区 玉兰路与游园东路交叉口西北120米,28.208337,112.912218,208.06487220542795
mobilitybench_q_44fb8be330a3c07023,湖南财经学院附近有什么商场,衡阳市,26.398946,112.375546,mobilitybench:8ddaca1462d7348710,三里垅商贸城,湖南省 岳麓区 三里垅小区,28.211775,112.911525,208.41694301176602
mobilitybench_q_44fb8be330a3c07023,湖南财经学院附近有什么商场,衡阳市,26.398946,112.375546,mobilitybench:2cf65a9d150d5ab9df,汉固达五金机电商城(金盛建材批发市场店),湖南省 岳麓区 金盛建材市场2栋,28.216269,112.915119,208.99030343235586
mobilitybench_q_44fb8be330a3c07023,湖南财经学院附近有什么商场,衡阳市,26.398946,112.375546,mobilitybench:c91717cafbe74fd83f,河西望城坡商贸城,湖南省 岳麓区 望城坡商贸城21栋104号,28.214160,112.912428,208.69596095187663
mobilitybench_q_44fb8be330a3c07023,湖南财经学院附近有什么商场,衡阳市,26.398946,112.375546,mobilitybench:03f3600e58d06af05c,聚之鹰五金机电商城(金盛园店),湖南省 岳麓区 金盛建材批发市场8栋103,28.216764,112.915327,209.0487350905842
mobilitybench_q_44fb8be330a3c07023,湖南财经学院附近有什么商场,衡阳市,26.398946,112.375546,mobilitybench:3a2b786d3b09247610,玉兰路商贸城,湖南省 岳麓区 咸嘉湖西路与玉兰路交叉口西80米,28.212608,112.910144,208.47187006126782
mobilitybench_q_44fb8be330a3c07023,湖南财经学院附近有什么商场,衡阳市,26.398946,112.375546,mobilitybench:7c716fc2416d025bc2,长沙王府井FAMILY PARK购物中心(河西店),湖南省 岳麓区 金星中路383号,28.218775,112.933374,209.72626912653183
mobilitybench_q_44fb8be330a3c07023,湖南财经学院附近有什么商场,衡阳市,26.398946,112.375546,mobilitybench:926d8d2b02a4f726d6,湖南财政经济学院,湖南省 岳麓区 金星路地铁站2A口步行80米,28.204712,112.924793,207.99603154640647
mobilitybench_q_912ff22183c2240632,搜索广西北海附近的大佛寺,天津市,39.978706,117.402084,mobilitybench:2612bccaa11be92c04,北海市,广西壮族自治区 海城区 海城区,21.481305,109.120248,2201.2640742000262
mobilitybench_q_735abaacf30a1004e0,舟山最近的公共厕所在哪里,东莞市,22.968325,113.937378,mobilitybench:2c1b04571f92ddd5f6,市政府广场厕所,浙江省 定海区 海天大道651号,29.983619,122.207344,1133.2885130948553
mobilitybench_q_735abaacf30a1004e0,舟山最近的公共厕所在哪里,东莞市,22.968325,113.937378,mobilitybench:3c887ee76f8ced83aa,市政府广场厕所,浙江省 定海区 海天大道与千岛路交叉口东340米,29.983393,122.207334,1133.2711262132343
mobilitybench_q_735abaacf30a1004e0,舟山最近的公共厕所在哪里,东莞市,22.968325,113.937378,mobilitybench:9f37f21d9c25ce3e83,女洗手间(银泰百货),浙江省 定海区 海宇道99号银泰百货F2层,29.988240,122.209038,1133.7514260161158
mobilitybench_q_735abaacf30a1004e0,舟山最近的公共厕所在哪里,东莞市,22.968325,113.937378,mobilitybench:7dc2dea0fd55047cf9,男洗手间(银泰百货),浙江省 定海区 海宇道99号银泰百货F2层,29.988244,122.209104,1133.7564775469018
mobilitybench_q_735abaacf30a1004e0,舟山最近的公共厕所在哪里,东莞市,22.968325,113.937378,mobilitybench:ff7a8cda613e9b8b51,公共厕所,浙江省 定海区 海宇道99号银泰百货(舟山临城店)F3层,29.988276,122.209240,1133.7686392163928
mobilitybench_q_735abaacf30a1004e0,舟山最近的公共厕所在哪里,东莞市,22.968325,113.937378,mobilitybench:0efe9bfe7725fbb954,洗手间,浙江省 定海区 临城新区海宇道99号银泰百货F1,29.989211,122.209871,1133.8830822126106
mobilitybench_q_735abaacf30a1004e0,舟山最近的公共厕所在哪里,东莞市,22.968325,113.937378,mobilitybench:43c8d902e8c6d23c65,公共厕所,浙江省 定海区 海城路与海宇道交叉口北220米,29.989812,122.208441,1133.8243701611154
mobilitybench_q_735abaacf30a1004e0,舟山最近的公共厕所在哪里,东莞市,22.968325,113.937378,mobilitybench:c4c3f7def191b5c92d,舟山喜来登绿城酒店-洗手间,浙江省 定海区 高佳庄(百合店)西南侧170米,29.986464,122.201990,1133.1125342446971
mobilitybench_q_735abaacf30a1004e0,舟山最近的公共厕所在哪里,东莞市,22.968325,113.937378,mobilitybench:9b055b6c190256ccd3,公共厕所,浙江省 定海区 体育路120-122号,29.989015,122.211395,1133.9784594407427
mobilitybench_q_735abaacf30a1004e0,舟山最近的公共厕所在哪里,东莞市,22.968325,113.937378,mobilitybench:3471b59abde67bfdff,公共厕所,浙江省 定海区 怡岛路与海月道交叉口北80米,29.985006,122.213302,1133.820316536309
mobilitybench_q_735abaacf30a1004e0,舟山最近的公共厕所在哪里,东莞市,22.968325,113.937378,mobilitybench:1bf5d5562513e97123,舟山市,浙江省 定海区 定海区,29.985578,122.207395,1133.4366652376204
mobilitybench_q_a4e62e841a1ac6e825,悠乐汇最近的地铁站在哪里？,南昌市,28.622418,115.816712,mobilitybench:bba96901f56f0087d4,阜通(地铁站),北京市 朝阳区 14号线,39.991835,116.471544,1265.641918032904
mobilitybench_q_a4e62e841a1ac6e825,悠乐汇最近的地铁站在哪里？,南昌市,28.622418,115.816712,mobilitybench:3be1d61652d3bf0639,望京南(地铁站),北京市 朝阳区 14号线,39.984670,116.481880,1264.8913814196499
mobilitybench_q_a4e62e841a1ac6e825,悠乐汇最近的地铁站在哪里？,南昌市,28.622418,115.816712,mobilitybench:35cd8e4a36a003e091,望京(地铁站),北京市 朝阳区 14号线;15号线,39.998521,116.469409,1266.3751833411352
mobilitybench_q_a4e62e841a1ac6e825,悠乐汇最近的地铁站在哪里？,南昌市,28.622418,115.816712,mobilitybench:b0796a37f1d23117e9,高家园(地铁站),北京市 朝阳区 12号线;14号线,39.980373,116.491552,1264.4571172989024
mobilitybench_q_a4e62e841a1ac6e825,悠乐汇最近的地铁站在哪里？,南昌市,28.622418,115.816712,mobilitybench:72aceb5e08742c97e6,望京东(地铁站),北京市 朝阳区 15号线,40.003176,116.487032,1266.9691373286623
mobilitybench_q_a4e62e841a1ac6e825,悠乐汇最近的地铁站在哪里？,南昌市,28.622418,115.816712,mobilitybench:e48c6c1b9b86325c73,将台西(地铁站),北京市 朝阳区 12号线,39.972663,116.480045,1263.5499708931331
mobilitybench_q_a4e62e841a1ac6e825,悠乐汇最近的地铁站在哪里？,南昌市,28.622418,115.816712,mobilitybench:dcfafffe738bff30d8,将台(地铁站),北京市 朝阳区 14号线,39.971026,116.490213,1263.4132258140005
mobilitybench_q_a4e62e841a1ac6e825,悠乐汇最近的地铁站在哪里？,南昌市,28.622418,115.816712,mobilitybench:340a9853f155f4678f,望京西(地铁站),北京市 朝阳区 (在建)13B号线;13号线;15号线;17号线,39.995724,116.449884,1265.981581917226
mobilitybench_q_a4e62e841a1ac6e825,悠乐汇最近的地铁站在哪里？,南昌市,28.622418,115.816712,mobilitybench:9fafdd4e864f117a40,东湖渠(地铁站),北京市 朝阳区 14号线,40.010566,116.467415,1267.7042339599393
mobilitybench_q_a4e62e841a1ac6e825,悠乐汇最近的地铁站在哪里？,南昌市,28.622418,115.816712,mobilitybench:2177c5e83f8ede8dea,驼房营(地铁站),北京市 朝阳区 12号线,39.980439,116.505628,1264.527987386082
mobilitybench_q_a4e62e841a1ac6e825,悠乐汇最近的地铁站在哪里？,南昌市,28.622418,115.816712,mobilitybench:97a6ea92c10270f9cf,悠乐汇,北京市 朝阳区 望京园609号,39.989618,116.476671,1265.4180116274308
mobilitybench_q_2708395981e4ab9964,附近有没有公共的充电站,杭州市,30.111655,120.192290,mobilitybench:e309531246cb310ae8,依威能源汽车充电站(琴湖碧园),浙江省 余杭区 黄湖镇通达路3号,30.442919,119.817380,51.50655773713624
mobilitybench_q_2708395981e4ab9964,附近有没有公共的充电站,杭州市,30.111655,120.192290,mobilitybench:6b58cc9dd00dc667f5,小桔充电汽车充电站(光速能源-黄湖清波村),浙江省 余杭区 黄湖镇小交线青山设计艺术村(西南角),30.443978,119.819173,51.470699161556254
mobilitybench_q_2708395981e4ab9964,附近有没有公共的充电站,杭州市,30.111655,120.192290,mobilitybench:c391bb372bf1da7586,依威能源汽车充电站(琴湖碧园二期),浙江省 余杭区 黄湖镇通达路3号,30.442877,119.818370,51.43681496696912
mobilitybench_q_2708395981e4ab9964,附近有没有公共的充电站,杭州市,30.111655,120.192290,mobilitybench:ca2e77d36b1ad58e07,依威能源汽车充电站(清惠家园),浙江省 余杭区 黄湖镇兴湖路1号,30.440603,119.814610,51.5099424390316
mobilitybench_q_2708395981e4ab9964,附近有没有公共的充电站,杭州市,30.111655,120.192290,mobilitybench:62b4c1128e01953aa2,小桔充电汽车充电站(光速能源-虎山村充电站),浙江省 余杭区 黄湖镇双后线(虎山村),30.451128,119.802160,53.181367673087614
mobilitybench_q_2708395981e4ab9964,附近有没有公共的充电站,杭州市,30.111655,120.192290,mobilitybench:91e0ea978ad9846b45,小桔充电汽车充电站(光速能源-赐壁村1号充电站),浙江省 余杭区 黄湖镇小交线青山设计艺术村(西南角),30.451698,119.824770,51.72126245099616
mobilitybench_q_2708395981e4ab9964,附近有没有公共的充电站,杭州市,30.111655,120.192290,mobilitybench:4214f60fdf97bb849a,中国石化汽车充电站(王位山充电站),浙江省 余杭区 G235与白干线交叉路口往南约130m,30.465794,119.808120,53.95627329931613
mobilitybench_q_2708395981e4ab9964,附近有没有公共的充电站,杭州市,30.111655,120.192290,mobilitybench:5ff671166494905438,小桔充电汽车充电站(光速能源-赐壁村2号充电站),浙江省 余杭区 黄湖镇小交线,30.438965,119.832790,50.1639102604867
mobilitybench_q_2708395981e4ab9964,附近有没有公共的充电站,杭州市,30.111655,120.192290,mobilitybench:9858018a4d79d4b945,小桔充电汽车充电站(黄湖镇塔边市场2023年下乡),浙江省 余杭区 黄湖镇小交线青山设计艺术村,30.472569,119.830860,53.054557148367245
mobilitybench_q_2708395981e4ab9964,附近有没有公共的充电站,杭州市,30.111655,120.192290,mobilitybench:b1121b07e33119ec9c,公共厕所,浙江省 余杭区 宏图路与永峥路交叉口西北200米,30.447720,119.812565,52.210914896600336
mobilitybench_q_30e2362511646dcfae,东西现在附近的CNG加气站,定西市,35.712192,104.528062,mobilitybench:336feb685ad5ac2f3e,宏宇燃气CNG加气站,甘肃省 陇西县 药都大道与通安路交叉口北120米,34.987351,104.675985,81.70763269505407
mobilitybench_q_30e2362511646dcfae,东西现在附近的CNG加气站,定西市,35.712192,104.528062,mobilitybench:43855f6cf5e03eef95,有点东西,甘肃省 陇西县 巩昌镇崇文路北侧育鹏家园A-一楼102商铺,34.994571,104.651315,80.5749999430551
mobilitybench_q_c8a938e62db10b3934,安宁区碧桂园附近的景点。,武威市,37.917311,102.648447,mobilitybench:2f3e2c54e21c2f1590,安宁区残疾人小广场,甘肃省 安宁区 刘沙路37号,36.122220,103.677165,219.50323662033986
mobilitybench_q_c8a938e62db10b3934,安宁区碧桂园附近的景点。,武威市,37.917311,102.648447,mobilitybench:a66e584aab1c06d32a,郡美湿地公园,甘肃省 安宁区 北滨河西路辅路与仁寿山大街交叉口东440米,36.112227,103.670850,220.28501939056105
mobilitybench_q_c8a938e62db10b3934,安宁区碧桂园附近的景点。,武威市,37.917311,102.648447,mobilitybench:0139474e22068b91f0,都市春天游乐园,甘肃省 安宁区 刘家堡街道马家庄都市春天生态园,36.107621,103.681888,221.15762838979416
mobilitybench_q_c8a938e62db10b3934,安宁区碧桂园附近的景点。,武威市,37.917311,102.648447,mobilitybench:9fd160420dbd10a9ca,时光广场,甘肃省 安宁区 刘沙公路37号,36.128505,103.677666,218.884931858328
mobilitybench_q_c8a938e62db10b3934,安宁区碧桂园附近的景点。,武威市,37.917311,102.648447,mobilitybench:f2e3aeda27b585ebbc,世外桃源,甘肃省 安宁区 安宁堡街道黄家滩村福安路(黄家滩大门向北200米),36.122853,103.666627,219.0514371798487
mobilitybench_q_c8a938e62db10b3934,安宁区碧桂园附近的景点。,武威市,37.917311,102.648447,mobilitybench:af1c89e4b507d78d72,仁寿山公园,甘肃省 安宁区 安宁堡,36.127628,103.688473,219.37574842454404
mobilitybench_q_c8a938e62db10b3934,安宁区碧桂园附近的景点。,武威市,37.917311,102.648447,mobilitybench:f69d5f7b2757e78c63,仁寿山文化旅游景区,甘肃省 安宁区 安宁堡,36.127628,103.688473,219.37574842454404
mobilitybench_q_c8a938e62db10b3934,安宁区碧桂园附近的景点。,武威市,37.917311,102.648447,mobilitybench:46e48961b3cbb735e8,躬行中心,甘肃省 安宁区 014村道与建安西路交叉口东南420米,36.129342,103.675974,218.73748306095956
mobilitybench_q_c8a938e62db10b3934,安宁区碧桂园附近的景点。,武威市,37.917311,102.648447,mobilitybench:e81b39777b13c3721d,仁寿山广场,甘肃省 安宁区 刘沙公路,36.130179,103.681940,218.87412687293238
mobilitybench_q_c8a938e62db10b3934,安宁区碧桂园附近的景点。,武威市,37.917311,102.648447,mobilitybench:0b2fc2d6627db80e86,桃花湖,甘肃省 安宁区 仁寿山生态文化旅游景区中,36.130359,103.682838,218.8893353148245
mobilitybench_q_c8a938e62db10b3934,安宁区碧桂园附近的景点。,武威市,37.917311,102.648447,mobilitybench:de861bb919a5ee5b6d,安宁碧桂园,甘肃省 安宁区 众邦大道北,36.115970,103.679815,220.23462412690878
mobilitybench_q_f50f01372af7b17ca7,哈尔滨黄灿路育才教育附近的民宿。,佳木斯市,46.810145,130.384287,mobilitybench:93c41851fad58c4126,温馨旅馆(学院路农垦店),黑龙江省 呼兰区 群英街10号,45.873732,126.527937,313.7658125651712
mobilitybench_q_f50f01372af7b17ca7,哈尔滨黄灿路育才教育附近的民宿。,佳木斯市,46.810145,130.384287,mobilitybench:60ce797c2406227402,如宿精品公寓(学院路店),黑龙江省 呼兰区 群英街柏林四季C1-5栋8单元403室,45.874075,126.530225,313.5866651111905
mobilitybench_q_f50f01372af7b17ca7,哈尔滨黄灿路育才教育附近的民宿。,佳木斯市,46.810145,130.384287,mobilitybench:d3e1b547779e5e4938,哈尔滨百佳日租公寓(2号店),黑龙江省 呼兰区 学院路(柏林四季A10栋),45.873970,126.528882,313.68802184633506
mobilitybench_q_f50f01372af7b17ca7,哈尔滨黄灿路育才教育附近的民宿。,佳木斯市,46.810145,130.384287,mobilitybench:f8fb5133d4e5d1a087,哈尔滨温馨日租公慢舍民宿(江北大学城店),黑龙江省 呼兰区 学院路教师公寓3号楼2单元402,45.873802,126.527272,313.8111921571568
mobilitybench_q_f50f01372af7b17ca7,哈尔滨黄灿路育才教育附近的民宿。,佳木斯市,46.810145,130.384287,mobilitybench:ad3f27f7c4e9176fb1,哈尔滨客来轩民宿,黑龙江省 呼兰区 学院路柏林四季C1-5栋6单元,45.873089,126.529213,313.69881080840906
mobilitybench_q_f50f01372af7b17ca7,哈尔滨黄灿路育才教育附近的民宿。,佳木斯市,46.810145,130.384287,mobilitybench:746cd2e11f94cafb27,哈尔滨柏林四季公寓(7号店),黑龙江省 呼兰区 利民开发区学院路柏林四季,45.873089,126.528530,313.74824760671044
mobilitybench_q_f50f01372af7b17ca7,哈尔滨黄灿路育才教育附近的民宿。,佳木斯市,46.810145,130.384287,mobilitybench:91fcf74269884602e9,WTDN雅致民宿(江北大学城店),黑龙江省 呼兰区 学院路柏林四季A9栋2单元203,45.873694,126.531286,313.52489331582035
mobilitybench_q_f50f01372af7b17ca7,哈尔滨黄灿路育才教育附近的民宿。,佳木斯市,46.810145,130.384287,mobilitybench:5d9041a0bb82eee740,舒馨公寓(哈尔滨学院路店),黑龙江省 呼兰区 学院路柏林四季小区C2-1栋一单元601,45.873720,126.531492,313.508956925496
mobilitybench_q_f50f01372af7b17ca7,哈尔滨黄灿路育才教育附近的民宿。,佳木斯市,46.810145,130.384287,mobilitybench:ab7f5dca13a0441583,木棉精品公寓,黑龙江省 呼兰区 学院路柏林四季C1-5栋6单元206,45.872636,126.528598,313.76120162106224
mobilitybench_q_f50f01372af7b17ca7,哈尔滨黄灿路育才教育附近的民宿。,佳木斯市,46.810145,130.384287,mobilitybench:a74dcdf64c38882f3a,鑫淼精品客栈(哈尔滨江北大学城店),黑龙江省 呼兰区 金泰蓝郡10号楼B栋,45.873482,126.526582,313.8737562644065
mobilitybench_q_f50f01372af7b17ca7,哈尔滨黄灿路育才教育附近的民宿。,佳木斯市,46.810145,130.384287,mobilitybench:52f62a2bfd403afa5d,黑龙江农垦职业学院育才楼,黑龙江省 呼兰区 学院路街道学院路660号,45.875411,126.528712,313.64355346157583
mobilitybench_q_ceb61d80e3e0f18ade,双桥小学你你给我导个近一点最近的应该小学,广州市,23.141033,113.248154,mobilitybench:1b08acfcbc9b7b1ab6,双合镇双桥小学,广东省 鹤山市 094乡道,22.586265,112.581873,92.00851925887758
mobilitybench_q_ceb61d80e3e0f18ade,双桥小学你你给我导个近一点最近的应该小学,广州市,23.141033,113.248154,mobilitybench:31459e76ee898cd5a4,大罗村学校,广东省 开平市 大罗村村委会,22.588089,112.623215,88.7702130785394
mobilitybench_q_ceb61d80e3e0f18ade,双桥小学你你给我导个近一点最近的应该小学,广州市,23.141033,113.248154,mobilitybench:639e9196f400e70297,堂马小学,广东省 鹤山市 宅梧镇,22.604350,112.627904,87.17397415174872
mobilitybench_q_ceb61d80e3e0f18ade,双桥小学你你给我导个近一点最近的应该小学,广州市,23.141033,113.248154,mobilitybench:c83cd633f41c4d37f8,宅梧小学,广东省 鹤山市 宅梧镇双和路50号,22.612754,112.625687,86.70241971896725
mobilitybench_q_ceb61d80e3e0f18ade,双桥小学你你给我导个近一点最近的应该小学,广州市,23.141033,113.248154,mobilitybench:bfd4e7e9d3bc9cb81a,宅梧小学(第二校区),广东省 鹤山市 宅梧镇,22.615837,112.635475,85.73316313330785
mobilitybench_q_ceb61d80e3e0f18ade,双桥小学你你给我导个近一点最近的应该小学,广州市,23.141033,113.248154,mobilitybench:43c9a65768c780121f,双合镇合成小学,广东省 鹤山市 华中路与华康路交叉口东160米,22.658306,112.530917,90.98707266317354
mobilitybench_q_ceb61d80e3e0f18ade,双桥小学你你给我导个近一点最近的应该小学,广州市,23.141033,113.248154,mobilitybench:ae1f1086b85523d536,福善中心学校,广东省 鹤山市 双合镇华康路40号,22.658345,112.530875,90.9879797547944
mobilitybench_q_c679ccec0d4f612eb9,小贝小贝附近有没有那个移动公司,南宁市,23.436976,108.601771,mobilitybench:d9f09e48cea3208a59,中国移动(江南万达营业厅),广西壮族自治区 江南区 亭洪路48-1号A8栋146号铺江南万达1号门金街口,22.789587,108.312198,77.8399341402136
mobilitybench_q_c679ccec0d4f612eb9,小贝小贝附近有没有那个移动公司,南宁市,23.436976,108.601771,mobilitybench:07fb244b9e91177ff1,中国移动营业厅(万达金街店),广西壮族自治区 江南区 亭洪路48-1号江南万达广场A8栋151号商铺,22.789575,108.312175,77.8420635458766
mobilitybench_q_c679ccec0d4f612eb9,小贝小贝附近有没有那个移动公司,南宁市,23.436976,108.601771,mobilitybench:2dd5860033228a3e0a,先锋通讯·中国移动(江南万达营业厅),广西壮族自治区 江南区 星光大道辅路与亭洪路交叉口东北60米,22.789612,108.312035,77.84370603399293
mobilitybench_q_c679ccec0d4f612eb9,小贝小贝附近有没有那个移动公司,南宁市,23.436976,108.601771,mobilitybench:09831f8bc0dc9540fc,中国移动,广西壮族自治区 江南区 星光大道辅路与亭洪路交叉口东北60米,22.789627,108.311840,77.84975636821132
mobilitybench_q_c679ccec0d4f612eb9,小贝小贝附近有没有那个移动公司,南宁市,23.436976,108.601771,mobilitybench:fbc90aaaef4c15c822,中国移动手机卖场,广西壮族自治区 江南区 亭洪路48-1江南万达广场金街口A8-146铺,22.794155,108.309314,77.48360872508086
mobilitybench_q_c679ccec0d4f612eb9,小贝小贝附近有没有那个移动公司,南宁市,23.436976,108.601771,mobilitybench:d890da020af8155535,中国移动(淡村营业厅),广西壮族自治区 江南区 五一东路5-8号银宇新居天桥旁,22.793773,108.308752,77.54500324189
mobilitybench_q_c679ccec0d4f612eb9,小贝小贝附近有没有那个移动公司,南宁市,23.436976,108.601771,mobilitybench:980f5eb65799800ac6,中国移动宽带报装点,广西壮族自治区 江南区 星光大道76号(石柱岭地铁站C口步行450米),22.785607,108.312279,78.24642226252286
mobilitybench_q_c679ccec0d4f612eb9,小贝小贝附近有没有那个移动公司,南宁市,23.436976,108.601771,mobilitybench:ee74280b09524065d1,中国移动(华联超市营业厅),广西壮族自治区 江南区 亭洪路45号6栋华联生活超市,22.787891,108.306764,78.22708914825559
mobilitybench_q_c679ccec0d4f612eb9,小贝小贝附近有没有那个移动公司,南宁市,23.436976,108.601771,mobilitybench:d5db06f8f6f87c6589,中国移动(淡村信华手机城),广西壮族自治区 江南区 五一东路7号东森购物广场F1,22.794370,108.306412,77.57661798290172
mobilitybench_q_c679ccec0d4f612eb9,小贝小贝附近有没有那个移动公司,南宁市,23.436976,108.601771,mobilitybench:06a87a031da9be660c,中国移动宽带报装点,广西壮族自治区 江南区,22.791813,108.319979,77.31085789269916
mobilitybench_q_c679ccec0d4f612eb9,小贝小贝附近有没有那个移动公司,南宁市,23.436976,108.601771,mobilitybench:16ec62d1c29a4485e2,小贝烘焙(江南万达金街店),广西壮族自治区 江南区,22.791136,108.312598,77.66502242595234
mobilitybench_q_80006236f1c4725452,辽宁省博物馆附近的地铁站,南宁市,22.827521,108.399690,mobilitybench:e7de1272cd5599fb49,省博物馆(地铁站),辽宁省 浑南区 2号线,41.678921,123.458162,2521.0992217409103
mobilitybench_q_80006236f1c4725452,辽宁省博物馆附近的地铁站,南宁市,22.827521,108.399690,mobilitybench:930dc9f8998ade41cc,沈中大街(地铁站),辽宁省 浑南区 2号线,41.688150,123.464915,2522.2517834062587
mobilitybench_q_80006236f1c4725452,辽宁省博物馆附近的地铁站,南宁市,22.827521,108.399690,mobilitybench:59bfccf6fc37e4978c,中央公园(地铁站),辽宁省 浑南区 2号线,41.666533,123.458026,2520.012880351423
mobilitybench_q_80006236f1c4725452,辽宁省博物馆附近的地铁站,南宁市,22.827521,108.399690,mobilitybench:6282eea6c1c2f7529b,沈本大街(地铁站),辽宁省 浑南区 2号线,41.693361,123.479464,2523.45643612308
mobilitybench_q_80006236f1c4725452,辽宁省博物馆附近的地铁站,南宁市,22.827521,108.399690,mobilitybench:d535231922e55c0461,创新一路(地铁站),辽宁省 浑南区 (在建)10号线二期;2号线,41.651078,123.457904,2518.660421616073
mobilitybench_q_80006236f1c4725452,辽宁省博物馆附近的地铁站,南宁市,22.827521,108.399690,mobilitybench:9907e6af15cc701979,白塔河路(地铁站),辽宁省 浑南区 2号线,41.709422,123.471680,2524.454432041018
mobilitybench_q_80006236f1c4725452,辽宁省博物馆附近的地铁站,南宁市,22.827521,108.399690,mobilitybench:988fde39593bc2497f,城建学院(地铁站),辽宁省 浑南区 4号线,41.681526,123.415798,2519.142991429185
mobilitybench_q_80006236f1c4725452,辽宁省博物馆附近的地铁站,南宁市,22.827521,108.399690,mobilitybench:bbee3792689849f3da,全运路(地铁站),辽宁省 浑南区 2号线,41.707485,123.482502,2524.8436410188156
mobilitybench_q_80006236f1c4725452,辽宁省博物馆附近的地铁站,南宁市,22.827521,108.399690,mobilitybench:e4397eb70446249d5f,综合保税区(地铁站),辽宁省 浑南区 2号线,41.640113,123.457828,2517.701680701551
mobilitybench_q_80006236f1c4725452,辽宁省博物馆附近的地铁站,南宁市,22.827521,108.399690,mobilitybench:7f8e18ff7b35be3131,沈阳南站(地铁站),辽宁省 浑南区 (在建)10号线二期;4号线,41.668356,123.409546,2517.6720512860315
mobilitybench_q_80006236f1c4725452,辽宁省博物馆附近的地铁站,南宁市,22.827521,108.399690,mobilitybench:17a4b83a09211b63ff,辽宁省博物馆,辽宁省 浑南区 智慧三街157号,41.678023,123.460464,2521.139747492196
mobilitybench_q_fe20c3cfe3e07b1afa,搜一下沿溪附近有没有童装什么,深圳市,22.567255,114.251438,mobilitybench:ef9aa9ae6355ce1518,童品惠,湖南省 浏阳市 沿溪镇车站路59号,28.322032,113.822166,641.3508725431597
mobilitybench_q_fe20c3cfe3e07b1afa,搜一下沿溪附近有没有童装什么,深圳市,22.567255,114.251438,mobilitybench:ffb419ea718010ea17,剑桥,湖南省 浏阳市 车站路与东恒路交叉口西60米,28.321132,113.820116,641.2648836666367
mobilitybench_q_fe20c3cfe3e07b1afa,搜一下沿溪附近有没有童装什么,深圳市,22.567255,114.251438,mobilitybench:56f520713c25927104,萌七七潮童馆,湖南省 浏阳市 人民路与菊花石街交叉口南140米,28.291047,113.848463,637.7409375064453
mobilitybench_q_fe20c3cfe3e07b1afa,搜一下沿溪附近有没有童装什么,深圳市,22.567255,114.251438,mobilitybench:2c89702fe5bc8dfafc,非童凡响童装童鞋(人民路店),湖南省 浏阳市 永和镇人民路85号,28.290777,113.848612,637.7100302972475
mobilitybench_q_fe20c3cfe3e07b1afa,搜一下沿溪附近有没有童装什么,深圳市,22.567255,114.251438,mobilitybench:5fbc4952f173ea3afa,拉古芭(永和店),湖南省 浏阳市 人民路与磷矿路交叉口北60米,28.289463,113.848074,637.5676542078445
mobilitybench_q_fe20c3cfe3e07b1afa,搜一下沿溪附近有没有童装什么,深圳市,22.567255,114.251438,mobilitybench:ff3311564fcdac8bd7,童衣酷,湖南省 浏阳市 河西街与绿洲路交叉口西南20米,28.347457,113.881185,643.8025622295843
mobilitybench_q_fe20c3cfe3e07b1afa,搜一下沿溪附近有没有童装什么,深圳市,22.567255,114.251438,mobilitybench:17095ca8cb0f2dbf30,桥头童装,湖南省 浏阳市 官渡镇正东街5号,28.347333,113.884335,643.7706406600845
mobilitybench_q_fe20c3cfe3e07b1afa,搜一下沿溪附近有没有童装什么,深圳市,22.567255,114.251438,mobilitybench:a3affe0c6967217a04,大黄蜂(瑶湾街店),湖南省 浏阳市 官渡镇新安街30号,28.348104,113.885239,643.8510428580453
mobilitybench_q_fe20c3cfe3e07b1afa,搜一下沿溪附近有没有童装什么,深圳市,22.567255,114.251438,mobilitybench:6f3eccdb9b7e3b0491,小田家,湖南省 浏阳市 古港镇金汇步行街7号门面,28.282058,113.748697,637.4577255713856
mobilitybench_q_fe20c3cfe3e07b1afa,搜一下沿溪附近有没有童装什么,深圳市,22.567255,114.251438,mobilitybench:ab88b433ff4c7fc436,男生女生(梅田路店),湖南省 浏阳市 浏东公路与024乡道交叉口南220米,28.282359,113.747381,637.5015508687238
mobilitybench_q_fe20c3cfe3e07b1afa,搜一下沿溪附近有没有童装什么,深圳市,22.567255,114.251438,mobilitybench:d08d2415a22e68aaaf,沿溪镇人民政府,湖南省 浏阳市 沿溪镇沿溪大道东13号,28.324225,113.821557,641.5982501182973
mobilitybench_q_3046aa3da39b77165a,黄骅黄骅附近有有农业银行吗,深圳市,22.690986,114.117776,mobilitybench:bf8168e292e49ba943,中国农业银行(黄骅市支行),河北省 黄骅市,38.371187,117.325057,1770.07218003185
mobilitybench_q_3046aa3da39b77165a,黄骅黄骅附近有有农业银行吗,深圳市,22.690986,114.117776,mobilitybench:45b36f8e3434f3c2fd,中国农业银行24小时自助银行(黄骅市支行),河北省 黄骅市 渤海西路与幸福大街交叉口西40米,38.370955,117.325006,1770.0460070022502
mobilitybench_q_3046aa3da39b77165a,黄骅黄骅附近有有农业银行吗,深圳市,22.690986,114.117776,mobilitybench:701782f1d90e8fb20e,中国农业银行(黄骅红旗支行),河北省 黄骅市 红旗大街与沧海路交叉口北220米,38.363632,117.330739,1769.3404753846094
mobilitybench_q_3046aa3da39b77165a,黄骅黄骅附近有有农业银行吗,深圳市,22.690986,114.117776,mobilitybench:4bc10950af5a228b8f,中国农业银行(黄骅渤海西路支行),河北省 黄骅市 神华大街19号枫景华城1层,38.380470,117.320584,1771.0126815454416
mobilitybench_q_3046aa3da39b77165a,黄骅黄骅附近有有农业银行吗,深圳市,22.690986,114.117776,mobilitybench:4a10b5ebf769646146,中国农业银行24小时自助银行(黄骅渤海西路分理处),河北省 黄骅市 神华北大街1107号,38.380491,117.320612,1771.015433532179
mobilitybench_q_3046aa3da39b77165a,黄骅黄骅附近有有农业银行吗,深圳市,22.690986,114.117776,mobilitybench:7e728988614f56da42,中国农业银行股份有限公司黄骅骅西支行,河北省 黄骅市 新海西路与青年大街交叉口西北120米,38.376314,117.314663,1770.4618933509057
mobilitybench_q_3046aa3da39b77165a,黄骅黄骅附近有有农业银行吗,深圳市,22.690986,114.117776,mobilitybench:e80d54cca698b2a011,中国农业银行(信誉大街分理处),河北省 黄骅市 供销大厦东南门旁,38.372709,117.347863,1770.6138166682294
mobilitybench_q_3046aa3da39b77165a,黄骅黄骅附近有有农业银行吗,深圳市,22.690986,114.117776,mobilitybench:6c9cd4143d56aab32a,中国农业银行(黄骅市支行开发区分理处),河北省 黄骅市 迎宾大街211号,38.352479,117.337899,1768.2405545887816
mobilitybench_q_3046aa3da39b77165a,黄骅黄骅附近有有农业银行吗,深圳市,22.690986,114.117776,mobilitybench:1f9a5f4ca9d3413da1,中国农业银行(新华分理处),河北省 黄骅市 国营中捷农场,38.370499,117.364243,1770.6438033534773
mobilitybench_q_3046aa3da39b77165a,黄骅黄骅附近有有农业银行吗,深圳市,22.690986,114.117776,mobilitybench:081c1b5193f49e0eb0,中国农业银行24小时自助银行(信誉大街支行)(装修中),河北省 黄骅市 渤海东路755号,38.372652,117.347929,1770.6086835756935
mobilitybench_q_3046aa3da39b77165a,黄骅黄骅附近有有农业银行吗,深圳市,22.690986,114.117776,mobilitybench:36b3c45f17f765889a,黄骅市,河北省 黄骅市 黄骅市,38.372266,117.330043,1770.2718752235025
mobilitybench_q_8037114a7c6532a454,玉泉营附近的4S丰田4S店,廊坊市,39.449378,116.309592,mobilitybench:610c8935c815a4e1be,北京花园桥丰田汽车销售服务有限公司,北京市 海淀区 车公庄西路38号(花园桥东南角),39.931479,116.311031,53.60740077748966
mobilitybench_q_4346a56b0b4e4ab4da,哈尔滨华山路附近营业厅,绥化市,46.635698,126.984162,mobilitybench:bf50c555b5f7377032,中国移动(菜艺营业厅),黑龙江省 香坊区 菜艺街143-2号附近,45.736530,126.682149,102.6504327313609
mobilitybench_q_4346a56b0b4e4ab4da,哈尔滨华山路附近营业厅,绥化市,46.635698,126.984162,mobilitybench:00a74501451944f9a0,上海浦东发展银行(哈尔滨开发支行),黑龙江省 香坊区 赣水路88-1号,45.740910,126.681784,102.18230119143442
mobilitybench_q_4346a56b0b4e4ab4da,哈尔滨华山路附近营业厅,绥化市,46.635698,126.984162,mobilitybench:cef8c1d2907b9d8a83,中国银行(哈尔滨万达广场支行),黑龙江省 香坊区 赣水路86号,45.740936,126.681535,102.18385270045981
mobilitybench_q_4346a56b0b4e4ab4da,哈尔滨华山路附近营业厅,绥化市,46.635698,126.984162,mobilitybench:c365299b6ecced8f22,中国农业银行(哈尔滨阳光支行),黑龙江省 香坊区 珠江路03号(珠江路地铁站2号口步行270米),45.737685,126.687625,102.43052616084485
mobilitybench_q_4346a56b0b4e4ab4da,哈尔滨华山路附近营业厅,绥化市,46.635698,126.984162,mobilitybench:97126b65b7b0b92bee,中国建设银行(哈尔滨民航支行),黑龙江省 南岗区 赣水路47号,45.742065,126.676687,102.14738953904488
mobilitybench_q_4346a56b0b4e4ab4da,哈尔滨华山路附近营业厅,绥化市,46.635698,126.984162,mobilitybench:3e967008704231e187,中国农业银行(哈尔滨菜艺支行),黑龙江省 香坊区 菜艺街117号,45.733258,126.683541,102.98086263110108
mobilitybench_q_4346a56b0b4e4ab4da,哈尔滨华山路附近营业厅,绥化市,46.635698,126.984162,mobilitybench:58631af970a5cdd931,中国建设银行(哈尔滨珠江支行),黑龙江省 香坊区 珠江路020号(珠江路地铁站1号口步行100米),45.736737,126.689694,102.49799369512925
mobilitybench_q_4346a56b0b4e4ab4da,哈尔滨华山路附近营业厅,绥化市,46.635698,126.984162,mobilitybench:27ed4509f114038902,招商银行(哈尔滨文化宫支行),黑龙江省 南岗区 赣水路43号,45.742124,126.676293,102.14803650060809
mobilitybench_q_4346a56b0b4e4ab4da,哈尔滨华山路附近营业厅,绥化市,46.635698,126.984162,mobilitybench:f1081609e6d84e870c,中国电信(新地街营业厅),黑龙江省 香坊区 新地街186号,45.733753,126.686856,102.87012997172002
mobilitybench_q_4346a56b0b4e4ab4da,哈尔滨华山路附近营业厅,绥化市,46.635698,126.984162,mobilitybench:24d3811a7003d6b17a,中国农业银行(哈尔滨昆仑支行),黑龙江省 南岗区 天顺街7号,45.742895,126.676370,102.0632319214975
mobilitybench_q_4346a56b0b4e4ab4da,哈尔滨华山路附近营业厅,绥化市,46.635698,126.984162,mobilitybench:29eb7bf12c2b4234c0,华山路,黑龙江省 香坊区 香坊区,45.738557,126.682415,102.42616819629006
mobilitybench_q_4a98fd17af7bb3a558,在望江家附近的深圳诺岸酒店,深圳市,22.531669,114.119087,mobilitybench:e23275d5d93a9f3338,望江家园,浙江省 上城区 钱江路与望江东路交汇处,30.232281,120.190279,1047.8209979003445
mobilitybench_q_1081481035735cf20b,云南保山隆阳区附近烟酒店,重庆市,29.520949,106.494671,mobilitybench:865b27beb07690dd60,马里烟店,云南省 隆阳区 同仁街14号,25.112783,99.162124,874.3151489568745
mobilitybench_q_1081481035735cf20b,云南保山隆阳区附近烟酒店,重庆市,29.520949,106.494671,mobilitybench:846ff5fa8040917a97,国窖1573(永昌马里商业中心店),云南省 隆阳区 保岫西路永昌马里商业中心,25.113055,99.163208,874.2088863068157
mobilitybench_q_1081481035735cf20b,云南保山隆阳区附近烟酒店,重庆市,29.520949,106.494671,mobilitybench:7a6a519951178c9f16,集酒仓(永昌马里商业中心店),云南省 隆阳区 保岫西路与八一路交叉口南80米,25.112975,99.163325,874.2045179863702
mobilitybench_q_1081481035735cf20b,云南保山隆阳区附近烟酒店,重庆市,29.520949,106.494671,mobilitybench:7eaaadb35e26799227,广源烟店,云南省 隆阳区 正阳南路与晏公巷交叉口西140米,25.110450,99.162783,874.4127964209
mobilitybench_q_1081481035735cf20b,云南保山隆阳区附近烟酒店,重庆市,29.520949,106.494671,mobilitybench:44b18b02cd4307f113,鹰飞烟店,云南省 隆阳区 保岫西路46号,25.114476,99.163278,874.1109057643687
mobilitybench_q_1081481035735cf20b,云南保山隆阳区附近烟酒店,重庆市,29.520949,106.494671,mobilitybench:ab99eddcf1e2fc4b3c,董家酒,云南省 隆阳区 龙泉路173号,25.109273,99.159975,874.7187251708928
mobilitybench_q_1081481035735cf20b,云南保山隆阳区附近烟酒店,重庆市,29.520949,106.494671,mobilitybench:b8e0dd376dbbc306a1,贵州茅台酒厂(集团)习酒有限责任公司(龙泉路店),云南省 隆阳区 龙泉路187号,25.108839,99.161306,874.6381433383355
mobilitybench_q_1081481035735cf20b,云南保山隆阳区附近烟酒店,重庆市,29.520949,106.494671,mobilitybench:98ae793e7d70dbb2c4,建聪烟店,云南省 隆阳区 太保南路与龙泉路交叉口北80米,25.111158,99.157741,874.7789185808712
mobilitybench_q_1081481035735cf20b,云南保山隆阳区附近烟酒店,重庆市,29.520949,106.494671,mobilitybench:61bf07dab486d1904e,纯粮小锅酒坊(龙泉路店),云南省 隆阳区 龙泉路117号,25.110000,99.157997,874.8331774257117
mobilitybench_q_1081481035735cf20b,云南保山隆阳区附近烟酒店,重庆市,29.520949,106.494671,mobilitybench:e1ebec3a0ba2794317,逸恒烟酒,云南省 隆阳区 正阳北路与明昌园步行街交叉口西北20米,25.114175,99.165250,873.9692613745659
mobilitybench_q_1081481035735cf20b,云南保山隆阳区附近烟酒店,重庆市,29.520949,106.494671,mobilitybench:90eba8c50495bbc276,保山市,云南省 隆阳区 隆阳区,25.112018,99.161489,874.4167230056981
mobilitybench_q_6789fb90c525b81e19,你帮我找一下哈尔滨火车站附近的酒店,温州市,27.792698,120.637467,mobilitybench:348ac8ad39c240d284,星程酒店(哈尔滨站地铁站酒店),黑龙江省 南岗区 红军街85-9号(哈尔滨站地铁站3号口旁),45.761161,126.635812,2066.6500756167325
mobilitybench_q_6789fb90c525b81e19,你帮我找一下哈尔滨火车站附近的酒店,温州市,27.792698,120.637467,mobilitybench:a7e69d1081b127ae41,北北大酒店(火车站店),黑龙江省 南岗区 春申街2号(火车站正对面),45.760010,126.634744,2066.503561842121
mobilitybench_q_6789fb90c525b81e19,你帮我找一下哈尔滨火车站附近的酒店,温州市,27.792698,120.637467,mobilitybench:10d8b5bf5f7eccefa2,麗枫酒店(哈尔滨火车站站前广场店),黑龙江省 南岗区 春申街14号(哈尔滨站地铁站3号口步行240米),45.759676,126.634387,2066.459986974147
mobilitybench_q_6789fb90c525b81e19,你帮我找一下哈尔滨火车站附近的酒店,温州市,27.792698,120.637467,mobilitybench:3f52b2ed12cbb71715,悠嘉精选酒店(哈尔滨火车站店),黑龙江省 南岗区 铁路街1-3号(哈尔滨站地铁站4号口步行340米),45.760054,126.631786,2066.441709365776
mobilitybench_q_6789fb90c525b81e19,你帮我找一下哈尔滨火车站附近的酒店,温州市,27.792698,120.637467,mobilitybench:dccf2ae47284cb6775,如家精选酒店(哈尔滨站地铁站店),黑龙江省 南岗区 红军街85-9号3层(哈尔滨站地铁站3号口旁),45.761209,126.635944,2066.658153616574
mobilitybench_q_6789fb90c525b81e19,你帮我找一下哈尔滨火车站附近的酒店,温州市,27.792698,120.637467,mobilitybench:267ba1cc4dfc87cb3a,汉庭哈尔滨火车站南广场沪士大厦酒店,黑龙江省 南岗区 海关街182号(沪士大厦24-29层),45.759165,126.632511,2066.3634072494465
mobilitybench_q_6789fb90c525b81e19,你帮我找一下哈尔滨火车站附近的酒店,温州市,27.792698,120.637467,mobilitybench:1c59234ee3032f5e55,昆仑大酒店,黑龙江省 南岗区 铁路街8号,45.759044,126.631951,2066.337935528186
mobilitybench_q_6789fb90c525b81e19,你帮我找一下哈尔滨火车站附近的酒店,温州市,27.792698,120.637467,mobilitybench:701e385076c32e7210,小刺猬酒店式公寓,黑龙江省 南岗区 春申街8号6层607,45.760206,126.634826,2066.526264279505
mobilitybench_q_6789fb90c525b81e19,你帮我找一下哈尔滨火车站附近的酒店,温州市,27.792698,120.637467,mobilitybench:c4aa0716d19f77699e,瀚瑞酒店(哈站北广场中央大街地铁站店),黑龙江省 南岗区 地工街1-3号哈站北广场,45.761182,126.628983,2066.498736951915
mobilitybench_q_6789fb90c525b81e19,你帮我找一下哈尔滨火车站附近的酒店,温州市,27.792698,120.637467,mobilitybench:1edbca15f31617e8b0,金星宾馆(哈尔滨火车站地铁站店),黑龙江省 南岗区 春申街18号(龙运宾馆东北),45.759734,126.634471,2066.4680489446655
mobilitybench_q_6789fb90c525b81e19,你帮我找一下哈尔滨火车站附近的酒店,温州市,27.792698,120.637467,mobilitybench:710edfdc72718c149a,哈尔滨站,黑龙江省 南岗区 铁路街1号,45.761621,126.632690,2066.628799612322
mobilitybench_q_7d98af146a46cd9329,城西客运站附近有没有北京银行,咸阳市,34.530791,108.267657,mobilitybench:fcc88a5e89a2acbfe1,北京银行24小时自助银行(爱菊佳园社区支行),陕西省 莲湖区 枣园南路与枣园西路路口(枣园地铁站C东南口旁),34.278295,108.862090,61.33816404430509
mobilitybench_q_7d98af146a46cd9329,城西客运站附近有没有北京银行,咸阳市,34.530791,108.267657,mobilitybench:354619fab30b6a835d,北京银行(爱菊佳园社区支行),陕西省 莲湖区 枣园西路160号爱菊佳园小区B座1层6号,34.278279,108.861997,61.331397454783634
mobilitybench_q_7d98af146a46cd9329,城西客运站附近有没有北京银行,咸阳市,34.530791,108.267657,mobilitybench:268f68fa7f6070234b,北京银行(梨园路社区支行),陕西省 未央区 梨园路阳光台365南区商铺,34.293089,108.904182,64.09529202002908
mobilitybench_q_7d98af146a46cd9329,城西客运站附近有没有北京银行,咸阳市,34.530791,108.267657,mobilitybench:109ba931e22f62cfc1,北京银行24小时自助银行(西安梨园路社区支行),陕西省 未央区 梨园路阳光台365,34.293084,108.904300,64.1053844665943
mobilitybench_q_7d98af146a46cd9329,城西客运站附近有没有北京银行,咸阳市,34.530791,108.267657,mobilitybench:08215cc947a3940536,北京银行(西安大寨路支行),陕西省 雁塔区 大寨路铭城国际社区1号楼10104-10105号,34.245395,108.855704,62.600009175323095
mobilitybench_q_7d98af146a46cd9329,城西客运站附近有没有北京银行,咸阳市,34.530791,108.267657,mobilitybench:af42ab36d3d0a4ae6e,北京银行24小时自助银行(大寨路支行),陕西省 雁塔区 铭城健身游泳中心南门西50米,34.245395,108.855684,62.59842725995653
mobilitybench_q_7d98af146a46cd9329,城西客运站附近有没有北京银行,咸阳市,34.530791,108.267657,mobilitybench:c660983534f3856cad,北京银行(西安三桥车辆厂社区支行),陕西省 未央区 北方车辆厂东花园小区27号楼1单元6号,34.296894,108.845898,59.07685991584421
mobilitybench_q_7d98af146a46cd9329,城西客运站附近有没有北京银行,咸阳市,34.530791,108.267657,mobilitybench:aa58c7ad84c169d84a,北京银行(桃园南路支行),陕西省 莲湖区 桃园南路21号(丰庆公园地铁站D口步行230米),34.248488,108.901424,66.08543096265149
mobilitybench_q_7d98af146a46cd9329,城西客运站附近有没有北京银行,咸阳市,34.530791,108.267657,mobilitybench:686ac4efd175f372a2,北京银行(西安天朗蔚蓝花城社区支行),陕西省 莲湖区 丰禾路75号蔚蓝花城22幢1层30103号,34.283793,108.914643,65.40106015481881
mobilitybench_q_7d98af146a46cd9329,城西客运站附近有没有北京银行,咸阳市,34.530791,108.267657,mobilitybench:3b1dff6a3a9786dc9b,北京银行(西安西关正街支行),陕西省 莲湖区 西关正街234号新科大厦,34.259067,108.913441,66.51194852767287
mobilitybench_q_7d98af146a46cd9329,城西客运站附近有没有北京银行,咸阳市,34.530791,108.267657,mobilitybench:e90bbdfaa4aeb38d04,城西客运站,陕西省 莲湖区 枣园东路92号(汉城路地铁站D东北口旁),34.274123,108.874646,62.576011940373945
mobilitybench_q_af530228cd0f66623e,东大桥附近最便宜加油站,沈阳市,41.773457,123.487384,mobilitybench:611efc158956a9588b,中国石化东大桥加油站,北京市 朝阳区 朝外关东店33号(东大桥地铁站D1西南口步行230米),39.921796,116.453193,626.243988355484
mobilitybench_q_af530228cd0f66623e,东大桥附近最便宜加油站,沈阳市,41.773457,123.487384,mobilitybench:30ab01db2e9e8e308e,中国石化白家庄加油站,北京市 朝阳区 白家庄东里甲23号,39.928711,116.464814,625.040498421438
mobilitybench_q_af530228cd0f66623e,东大桥附近最便宜加油站,沈阳市,41.773457,123.487384,mobilitybench:b9b4484c9571ab6183,中国石化朝阳日坛加油站,北京市 朝阳区 建国门外日坛路9号,39.911988,116.440572,627.6451552834025
mobilitybench_q_af530228cd0f66623e,东大桥附近最便宜加油站,沈阳市,41.773457,123.487384,mobilitybench:6b2f504d2e7d04326f,中国石油首汽4号加油站,北京市 朝阳区 建国门外大街灵通观1号,39.906793,116.445718,627.449236587492
mobilitybench_q_af530228cd0f66623e,东大桥附近最便宜加油站,沈阳市,41.773457,123.487384,mobilitybench:e5f134bdf3108461ef,中国石油光华路加油站,北京市 朝阳区 光华路(北京第一针织厂南门),39.913838,116.472048,625.0727992527167
mobilitybench_q_af530228cd0f66623e,东大桥附近最便宜加油站,沈阳市,41.773457,123.487384,mobilitybench:1986aebd2783a889ec,中国石油首汽6号加油站,北京市 朝阳区 新源南路甲7号,39.948898,116.453947,625.0874851128177
mobilitybench_q_af530228cd0f66623e,东大桥附近最便宜加油站,沈阳市,41.773457,123.487384,mobilitybench:3fcc29d2d8b997c4ec,中国石化加油站(北京站),北京市 东城区 北京站西街3号(北京站地铁站A西北口步行360米),39.903992,116.422854,629.3773520092686
mobilitybench_q_af530228cd0f66623e,东大桥附近最便宜加油站,沈阳市,41.773457,123.487384,mobilitybench:16090f1e06c3538b5f,壳牌石五联加油站,北京市 朝阳区 西大望路20号,39.898824,116.476890,625.3051479400511
mobilitybench_q_af530228cd0f66623e,东大桥附近最便宜加油站,沈阳市,41.773457,123.487384,mobilitybench:accee457ff8a6d1bcd,中国石化燕鑫加油站,北京市 朝阳区 麦子店正街甲80号(枣营地铁站A西北口步行130米),39.945853,116.474513,623.576216185106
mobilitybench_q_af530228cd0f66623e,东大桥附近最便宜加油站,沈阳市,41.773457,123.487384,mobilitybench:1747e19ebbea98c727,中国石化快洁加油站,北京市 朝阳区 广渠路甲34号院1号楼,39.892908,116.470112,626.0860228232166
mobilitybench_q_af530228cd0f66623e,东大桥附近最便宜加油站,沈阳市,41.773457,123.487384,mobilitybench:f0f3fa39a9056b9328,东大桥,北京市 朝阳区 朝阳区,39.921387,116.452523,626.3138049881287
mobilitybench_q_8f7fad13d0e34fcd3e,上海民族乐团附近的海友酒店,成都市,30.652695,104.102643,mobilitybench:01eed5a89fb3138d36,海友酒店(上海徐汇交大店),上海市 长宁区 安顺路8号(虹桥路地铁站4号口步行470米),31.199112,121.426446,1651.8930828120929
mobilitybench_q_8f7fad13d0e34fcd3e,上海民族乐团附近的海友酒店,成都市,30.652695,104.102643,mobilitybench:bf1b33f4b6e2820bee,友海酒店(上海中山公园武夷路店),上海市 长宁区 武夷路491弄1-9号,31.212789,121.420381,1651.254124402335
mobilitybench_q_8f7fad13d0e34fcd3e,上海民族乐团附近的海友酒店,成都市,30.652695,104.102643,mobilitybench:a64b17267c28457aad,海友酒店(上海虹桥宋园路店),上海市 徐汇区 宋园路128弄18号(靠近古羊路158弄),31.190641,121.414910,1650.8362285354208
mobilitybench_q_8f7fad13d0e34fcd3e,上海民族乐团附近的海友酒店,成都市,30.652695,104.102643,mobilitybench:c0627dc78dd8582776,海友酒店(上海淮海中路店),上海市 徐汇区 乌鲁木齐中路247号2F(常熟路地铁站8号口步行410米),31.212128,121.446265,1653.716635451474
mobilitybench_q_8f7fad13d0e34fcd3e,上海民族乐团附近的海友酒店,成都市,30.652695,104.102643,mobilitybench:a6afe606ef067ff8af,海友酒店(上海徐家汇中心店),"上海市 徐汇区 斜土路2422号(斜土路与宛平南路十字路口,临近肿瘤医院)",31.191269,121.446761,1653.8602911628975
mobilitybench_q_8f7fad13d0e34fcd3e,上海民族乐团附近的海友酒店,成都市,30.652695,104.102643,mobilitybench:e4ef6da3c38798b60a,海友酒店(上海东安路新店),上海市 徐汇区 枫林路街道东安路86号,31.194285,121.451606,1654.3065762240008
mobilitybench_q_8f7fad13d0e34fcd3e,上海民族乐团附近的海友酒店,成都市,30.652695,104.102643,mobilitybench:b878eba18a164f3f46,海友酒店(上海复旦大学肿瘤医院宛平南路店),上海市 徐汇区 宛平南路491号,31.189394,121.448599,1654.0438017995432
mobilitybench_q_8f7fad13d0e34fcd3e,上海民族乐团附近的海友酒店,成都市,30.652695,104.102643,mobilitybench:2d1b56e29460649528,海友酒店(上海静安寺店),上海市 静安区 万航渡路105号(静安寺地铁站1号口步行390米),31.225204,121.442511,1653.3010794940885
mobilitybench_q_8f7fad13d0e34fcd3e,上海民族乐团附近的海友酒店,成都市,30.652695,104.102643,mobilitybench:145a733306c155d43e,海友酒店(上海宜山路店),上海市 徐汇区 宜山路675号,31.177063,121.423516,1651.7184856578017
mobilitybench_q_8f7fad13d0e34fcd3e,上海民族乐团附近的海友酒店,成都市,30.652695,104.102643,mobilitybench:454b6a5a3fe604e3a7,海友良品酒店(上海东安路地铁站店),上海市 徐汇区 东安路271弄1号3层(东安路地铁站6号口步行120米),31.191382,121.454791,1654.622896719288
mobilitybench_q_8f7fad13d0e34fcd3e,上海民族乐团附近的海友酒店,成都市,30.652695,104.102643,mobilitybench:1af63fb026ac233791,上海民族乐团,上海市 长宁区 新华路336号,31.203786,121.426385,1651.8657192994033
mobilitybench_q_aa333865ae336d15f0,帮我找省立三医院附近的停车场,广州市,23.071152,113.297182,mobilitybench:54a0feaf0be2794235,山东省立第三医院地面停车场,山东省 天桥区 无影山中路11号山东省立第三医院,36.684069,116.989674,1554.6068211264244
mobilitybench_q_aa333865ae336d15f0,帮我找省立三医院附近的停车场,广州市,23.071152,113.297182,mobilitybench:6811e9bd2b74fc0c63,山东省立第三医院康复护理院地面停车场,山东省 天桥区 无影山中路16号山东省立第三医院康复护理院,36.683823,116.988432,1554.5531450879719
mobilitybench_q_aa333865ae336d15f0,帮我找省立三医院附近的停车场,广州市,23.071152,113.297182,mobilitybench:1021f162d5075dd0fa,山东省立第三医院停车场,山东省 天桥区 无影山中路11号山东省立第三医院,36.685109,116.988921,1554.7024683552086
mobilitybench_q_aa333865ae336d15f0,帮我找省立三医院附近的停车场,广州市,23.071152,113.297182,mobilitybench:aa243e93743aeb1d18,济南长途汽车总站西停车场,山东省 天桥区 济泺路131号济南长途汽车总站,36.684985,116.990900,1554.7323790394064
mobilitybench_q_aa333865ae336d15f0,帮我找省立三医院附近的停车场,广州市,23.071152,113.297182,mobilitybench:7f4a412b0a9a00b72e,中驿快捷宾馆停车场,山东省 天桥区 西工商河路15-29号中驿快捷宾馆,36.685840,116.989872,1554.8020640049383
mobilitybench_q_aa333865ae336d15f0,帮我找省立三医院附近的停车场,广州市,23.071152,113.297182,mobilitybench:56e66ab35f6256d4f9,学府中天商务宾馆停车场,山东省 天桥区 西工商河路与无影山中路辅路交叉口北140米,36.685968,116.990584,1554.8314328795577
mobilitybench_q_aa333865ae336d15f0,帮我找省立三医院附近的停车场,广州市,23.071152,113.297182,mobilitybench:87b3e2651e8e4cde80,银座地下停车场,山东省 天桥区 无影山中路31号银座购物广场无影山店,36.684297,116.986570,1554.5635465303512
mobilitybench_q_aa333865ae336d15f0,帮我找省立三医院附近的停车场,广州市,23.071152,113.297182,mobilitybench:575792545e57c7b59f,地面停车场,山东省 天桥区 制革街与西工商河路交叉口东20米,36.682256,116.990270,1554.4244185091566
mobilitybench_q_aa333865ae336d15f0,帮我找省立三医院附近的停车场,广州市,23.071152,113.297182,mobilitybench:0b22263a216f1fe940,速8酒店济南长途汽车总站西门店停车场,山东省 天桥区 西工商河路与无影山中路辅路交叉口北200米,36.686448,116.990743,1554.886653636723
mobilitybench_q_aa333865ae336d15f0,帮我找省立三医院附近的停车场,广州市,23.071152,113.297182,mobilitybench:cad22cf250a0bed42f,停车场,山东省 天桥区 西工商河路与汽车厂东路交叉口南160米,36.686804,116.989677,1554.9017196290158
mobilitybench_q_aa333865ae336d15f0,帮我找省立三医院附近的停车场,广州市,23.071152,113.297182,mobilitybench:37650e5424797fc2e7,山东省立第三医院,山东省 天桥区 无影山中路11号(济泺路地铁站F口步行350米),36.684255,116.989250,1554.6176000285484
mobilitybench_q_4d5aa166f8c89259fa,齐贤镇附近搜索爱玛电动车,济南市,36.619086,116.957630,mobilitybench:452afa646851b1663b,爱玛电动车(工业区五号路店),河南省 修武县 中铝英才学校西北侧300米,35.376156,113.436146,345.6024818404081
mobilitybench_q_4d5aa166f8c89259fa,齐贤镇附近搜索爱玛电动车,济南市,36.619086,116.957630,mobilitybench:8e20da276b2a74fdca,爱玛电动车(X010店),河南省 马村区 010县道与207国道交叉口南80米,35.309647,113.377409,353.5549582809663
mobilitybench_q_4d5aa166f8c89259fa,齐贤镇附近搜索爱玛电动车,济南市,36.619086,116.957630,mobilitybench:e0d62a9aad9305af41,爱玛电动车(五老路店),河南省 修武县 001县道与方安路交叉口北260米,35.302146,113.454610,347.6006226876769
mobilitybench_q_4d5aa166f8c89259fa,齐贤镇附近搜索爱玛电动车,济南市,36.619086,116.957630,mobilitybench:3b98a899d96f1ab247,七贤镇人民政府,河南省 修武县 七贤镇方庄村,35.364528,113.408045,348.45745221105307
mobilitybench_q_a3548b8d63cc4a12b0,上海浦东机场附近的招商银行,景德镇市,29.304873,117.251425,mobilitybench:1a98cf692b6e1790e6,上海浦东国际机场,上海市 浦东新区 迎宾大道6000号,31.142267,121.808682,483.12139292054616
mobilitybench_q_83a547195ecb034235,找一下山西传媒附近的干洗店,太原市,37.918006,112.146363,mobilitybench:5c0a6fb668beb5ffa9,玄尤洗衣(万科店),山西省 榆次区 仁和街与辽阳路交叉口东120米,37.736420,112.733080,55.34526811835897
mobilitybench_q_83a547195ecb034235,找一下山西传媒附近的干洗店,太原市,37.918006,112.146363,mobilitybench:e67ed58158c122eea5,班马优洗(万科工厂店),山西省 榆次区 万科二期南门班马优洗,37.736143,112.733094,55.357747089510404
mobilitybench_q_83a547195ecb034235,找一下山西传媒附近的干洗店,太原市,37.918006,112.146363,mobilitybench:3c2144887ed389a144,灰姑娘超声波洗护馆,山西省 榆次区 聂村别墅区10排1号南侧3室商铺,37.734262,112.736713,55.73070657982133
mobilitybench_q_83a547195ecb034235,找一下山西传媒附近的干洗店,太原市,37.918006,112.146363,mobilitybench:b8e675393ceda32903,衣品轩洗衣(红星天铂店),山西省 榆次区 红星晋中天铂一期,37.736332,112.741904,56.07111616148514
mobilitybench_q_83a547195ecb034235,找一下山西传媒附近的干洗店,太原市,37.918006,112.146363,mobilitybench:1b9be56ca0fab42977,Ucc国际洗衣阳光城文澜府店,山西省 榆次区 阳光城文澜府3幢114号,37.732383,112.727175,55.03079711005458
mobilitybench_q_83a547195ecb034235,找一下山西传媒附近的干洗店,太原市,37.918006,112.146363,mobilitybench:e4b626ba7e5e03a728,洁希亚·国际洗衣(红星晋中天铂店),山西省 榆次区 红星晋中天铂二期,37.735903,112.744131,56.27090935416361
mobilitybench_q_83a547195ecb034235,找一下山西传媒附近的干洗店,太原市,37.918006,112.146363,mobilitybench:f79f4f92756d55f4b2,洁希亚国际洗衣(文澜府店),山西省 榆次区 定阳路阳光城文澜府一期南门12-111,37.730932,112.726593,55.04464809168033
mobilitybench_q_83a547195ecb034235,找一下山西传媒附近的干洗店,太原市,37.918006,112.146363,mobilitybench:d11d13531c83080f31,百米快洗家政洗衣洗鞋(文澜府店),山西省 榆次区 定阳路阳光城文澜府二期2号楼104,37.730518,112.725887,55.00480560484263
mobilitybench_q_83a547195ecb034235,找一下山西传媒附近的干洗店,太原市,37.918006,112.146363,mobilitybench:8eb808005d36259788,赫然一新洗衣洗鞋工厂,山西省 榆次区 中都北路聂店村聂店中心小学东南侧12号商铺,37.750199,112.744816,55.770525521359154
mobilitybench_q_83a547195ecb034235,找一下山西传媒附近的干洗店,太原市,37.918006,112.146363,mobilitybench:750aecc49523c61230,萌马洗护,山西省 榆次区 安宁街道红星天铂三期新聂路340号,37.731007,112.742094,56.30441090030725
mobilitybench_q_83a547195ecb034235,找一下山西传媒附近的干洗店,太原市,37.918006,112.146363,mobilitybench:ab8a3fb495d5403718,山西传媒学院,山西省 榆次区 文华街125号,37.741772,112.731826,55.026268383100614
mobilitybench_q_dcdab647625ca67f03,湖北监利附近的有限公司,武汉市,30.502068,113.852708,mobilitybench:aa332c27a1e37cf335,监利恒晟,湖北省 监利市 红城大道与明德路交叉口西南40米,29.840952,112.902536,117.24787053161012
mobilitybench_q_dcdab647625ca67f03,湖北监利附近的有限公司,武汉市,30.502068,113.852708,mobilitybench:a72b451f0511fc23a0,中化学南方建设投资有限公司监利市光伏项目部,湖北省 监利市 江城路与荆台大道交叉口东南80米,29.838682,112.907449,117.04005265283226
mobilitybench_q_dcdab647625ca67f03,湖北监利附近的有限公司,武汉市,30.502068,113.852708,mobilitybench:1931eb48f8a2b27b21,山西建投五建集团监利市赵夏嘉苑建设工程项目,湖北省 监利市 红城大道与明德路交叉口西280米,29.840869,112.899844,117.45538615442621
mobilitybench_q_dcdab647625ca67f03,湖北监利附近的有限公司,武汉市,30.502068,113.852708,mobilitybench:ee0958e08801bcd73f,银湖城物业公司,湖北省 监利市 红城乡赵夏村5组11号,29.838877,112.909340,116.88522529643355
mobilitybench_q_dcdab647625ca67f03,湖北监利附近的有限公司,武汉市,30.502068,113.852708,mobilitybench:0d1f50c0aab479bd02,迈奇车间,湖北省 监利市 江城路与学府路入口处东100m右侧恒福新里程7栋商铺7-103-104,29.844141,112.907520,116.65116672579978
mobilitybench_q_dcdab647625ca67f03,湖北监利附近的有限公司,武汉市,30.502068,113.852708,mobilitybench:a2d17db5fb9cedcf98,博祥建设荆州分公司,湖北省 监利市 正身路与明德路交叉口西400米,29.842810,112.898777,117.39980525645005
mobilitybench_q_dcdab647625ca67f03,湖北监利附近的有限公司,武汉市,30.502068,113.852708,mobilitybench:a5b06973b6fd17baaa,东莞宇古服饰,湖北省 监利市 章华大道北,29.839648,112.911374,116.67917542975714
mobilitybench_q_dcdab647625ca67f03,湖北监利附近的有限公司,武汉市,30.502068,113.852708,mobilitybench:7e48e12080e935a28d,华麒建设集团有限公司监利市光伏发电项目经理部,湖北省 监利市 赵夏村四组26号,29.840300,112.911717,116.60761074235607
mobilitybench_q_dcdab647625ca67f03,湖北监利附近的有限公司,武汉市,30.502068,113.852708,mobilitybench:50f630eb462baffe05,百佳居建筑设计有限公司,湖北省 监利市 七根檀巷与玉沙三街交叉口北500米,29.834165,112.902466,117.73015868940706
mobilitybench_q_dcdab647625ca67f03,湖北监利附近的有限公司,武汉市,30.502068,113.852708,mobilitybench:49eeff587b46d4b4bc,九牧卫浴监利运营中心,湖北省 监利市 金源建材大市场,29.833956,112.903352,117.67882761852556
mobilitybench_q_dcdab647625ca67f03,湖北监利附近的有限公司,武汉市,30.502068,113.852708,mobilitybench:2a8b0e9d81afdde18c,监利市,湖北省 监利市 监利市,29.840229,112.904634,117.14157376621074
mobilitybench_q_2d59343ab4d180dc54,西安交大一附院附近的停车场,宝鸡市,34.373918,107.887921,mobilitybench:68d8bcdc23aece0741,西安交通大学第一附属医院总院地下停车场,陕西省 雁塔区 小寨路街道雁塔西路277号,34.218825,108.938116,98.00185114330834
mobilitybench_q_2d59343ab4d180dc54,西安交大一附院附近的停车场,宝鸡市,34.373918,107.887921,mobilitybench:f90ac3eaa862e6cde3,阳阳国际广场地下停车场,陕西省 雁塔区 朱雀大街132号阳阳国际广场,34.217654,108.936524,97.88158482539735
mobilitybench_q_2d59343ab4d180dc54,西安交大一附院附近的停车场,宝鸡市,34.373918,107.887921,mobilitybench:afe798e1862f95313c,雁塔区雁塔西路祥瑞花园停车场,陕西省 雁塔区 雁塔西路与含光路南段交叉口东320米,34.217841,108.935372,97.77364482422063
mobilitybench_q_2d59343ab4d180dc54,西安交大一附院附近的停车场,宝鸡市,34.373918,107.887921,mobilitybench:06de1c29cc44e461c1,西安交通大学医学院附属陕西省肿瘤医院停车场停车场,陕西省 雁塔区 含光路南段与丁白路交叉口东200米,34.220092,108.934046,97.6083352918513
mobilitybench_q_2d59343ab4d180dc54,西安交大一附院附近的停车场,宝鸡市,34.373918,107.887921,mobilitybench:93bcbf66c121700655,阳阳国际广场地面停车场,陕西省 雁塔区 朱雀大街132号阳阳国际广场,34.217509,108.938145,98.03107166577627
mobilitybench_q_2d59343ab4d180dc54,西安交大一附院附近的停车场,宝鸡市,34.373918,107.887921,mobilitybench:483b544e0f2a676ae9,翔瑞大厦地面停车场,陕西省 雁塔区 雁塔西路与含光路南段交叉口东240米,34.218033,108.934432,97.68476905620977
mobilitybench_q_2d59343ab4d180dc54,西安交大一附院附近的停车场,宝鸡市,34.373918,107.887921,mobilitybench:90953b9c2125250540,翔瑞大厦-地下停车场,陕西省 雁塔区 雁塔西路168A翔瑞大厦,34.217976,108.934489,97.69107890946896
mobilitybench_q_2d59343ab4d180dc54,西安交大一附院附近的停车场,宝鸡市,34.373918,107.887921,mobilitybench:74c9ac37eb9ab50680,郝佳城市花园地面停车场,陕西省 雁塔区 南纬二街郝佳城市花园,34.218339,108.933960,97.63589239695186
mobilitybench_q_2d59343ab4d180dc54,西安交大一附院附近的停车场,宝鸡市,34.373918,107.887921,mobilitybench:ed892c094f52cc6878,香汤镇洗浴地面停车场,陕西省 雁塔区 雁塔西路与含光路南段交叉口东180米,34.218331,108.933961,97.63614492117144
mobilitybench_q_2d59343ab4d180dc54,西安交大一附院附近的停车场,宝鸡市,34.373918,107.887921,mobilitybench:e2a5236e591283dbdc,香汤镇洗浴停车场,陕西省 雁塔区 雁塔西路与含光路南段交叉口东180米,34.218396,108.933848,97.62461179981133
mobilitybench_q_2d59343ab4d180dc54,西安交大一附院附近的停车场,宝鸡市,34.373918,107.887921,mobilitybench:143df9837ed2c9ac38,西安交通大学第一附属医院总院,陕西省 雁塔区 雁塔西路277号,34.219569,108.936741,97.86255415496177
mobilitybench_q_72679567a343c615b2,给我搜索琼海市博鳌论坛附近的特价酒店,文昌市,19.624798,110.765436,mobilitybench:dbd36e9fd2ba2190ed,博鳌亚洲论坛永久会址景区,海南省 琼海市 博鳌镇远洋大道1号东屿岛,19.143906,110.569823,57.27421815635646
mobilitybench_q_2ea0ebd8bde8120c82,帮我查一下青青岛周边的美食街,烟台市,36.982143,120.692887,mobilitybench:461f52a9e36a4e4325,青岛,山东省 即墨区 即墨区,36.487512,120.989576,61.02508254170483
mobilitybench_q_8268e0a507ac80ca54,上海北蔡地铁站附近餐饮推荐,台湾省,24.105766,120.655627,mobilitybench:e497c8b0fac92149ff,粥皇港式茶餐厅(北蔡商场店),上海市 浦东新区 紫竹轩北门东50米,31.184899,121.551701,792.0863363952186
mobilitybench_q_8268e0a507ac80ca54,上海北蔡地铁站附近餐饮推荐,台湾省,24.105766,120.655627,mobilitybench:d8358113fe746d6092,木卡姆新疆餐厅,上海市 浦东新区 陈春路60号(陈春路地铁站2号口步行290米),31.174247,121.555606,790.9526943366014
mobilitybench_q_8268e0a507ac80ca54,上海北蔡地铁站附近餐饮推荐,台湾省,24.105766,120.655627,mobilitybench:76d86217135b68a9e5,申味餐饮店,上海市 浦东新区 211号103A室,31.171720,121.548928,790.6002769803243
mobilitybench_q_8268e0a507ac80ca54,上海北蔡地铁站附近餐饮推荐,台湾省,24.105766,120.655627,mobilitybench:fd8eadcc6c7c9731ab,丽政餐饮店,上海市 浦东新区 绿林路231-1号临附近,31.171009,121.548760,790.5199038926634
mobilitybench_q_8268e0a507ac80ca54,上海北蔡地铁站附近餐饮推荐,台湾省,24.105766,120.655627,mobilitybench:c5c465492753f62a0d,得来速餐厅,上海市 浦东新区 五星路与莲溪路交叉口东80米,31.174250,121.564794,791.0547434930132
mobilitybench_q_8268e0a507ac80ca54,上海北蔡地铁站附近餐饮推荐,台湾省,24.105766,120.655627,mobilitybench:a058ff6ea8997c91da,航伽意境(锦绣文化公园店),上海市 浦东新区 锦瑞路150号,31.191351,121.542693,792.7009434127718
mobilitybench_q_8268e0a507ac80ca54,上海北蔡地铁站附近餐饮推荐,台湾省,24.105766,120.655627,mobilitybench:a90241ef49d82e51c1,海中舟海鲜广场(浦东花木店),上海市 浦东新区 前程路388号(芳华路地铁站1号口步行440米),31.194700,121.547872,793.127144191748
mobilitybench_q_8268e0a507ac80ca54,上海北蔡地铁站附近餐饮推荐,台湾省,24.105766,120.655627,mobilitybench:1476a82ff3ce739aa9,贤诺餐厅(贤诺国际青年社区店),上海市 浦东新区 上海安得利包装装潢有限公司东南门旁,31.167832,121.567704,790.3784545161798
mobilitybench_q_8268e0a507ac80ca54,上海北蔡地铁站附近餐饮推荐,台湾省,24.105766,120.655627,mobilitybench:749bb95ae939f11626,IG咖啡餐厅(天安·万科御河企业公馆店),上海市 浦东新区 五星路676弄39号1层,31.174598,121.572521,791.1795023912633
mobilitybench_q_8268e0a507ac80ca54,上海北蔡地铁站附近餐饮推荐,台湾省,24.105766,120.655627,mobilitybench:eeef5cbcfd0839fd13,呈邹餐饮重庆肥肠鱼火锅(苗桐佳苑南区店),上海市 浦东新区 苗桐路47号,31.195623,121.565073,793.4181511909758
mobilitybench_q_8268e0a507ac80ca54,上海北蔡地铁站附近餐饮推荐,台湾省,24.105766,120.655627,mobilitybench:53afd08e697ba9a933,北蔡(地铁站),上海市 浦东新区 13号线,31.180131,121.552017,791.5631485607657
mobilitybench_q_626e3dc5dc484098df,找广州塔赤岗地铁站附近的全季酒店广州海珠区赤岗石榴岗路13号,青岛市,36.139782,120.419875,mobilitybench:3740e39a1d14f0c78b,赤岗塔(地铁站),广东省 海珠区 12号线,23.102133,113.324659,1602.4750884139335
mobilitybench_q_34835aefc3d3c13e76,通州区政协附近的早餐店。,铁岭市,42.293323,123.840323,mobilitybench:de12cba76c943d613f,大顺斋食品店(新华东街),北京市 通州区 新华东街238号(近新华大街公交车站),39.908094,116.663910,656.931219444155
mobilitybench_q_34835aefc3d3c13e76,通州区政协附近的早餐店。,铁岭市,42.293323,123.840323,mobilitybench:fe1b18eb7951dda4a4,穆雅澜清真面馆(中仓店),北京市 通州区 中仓路68号靠近中仓派出所,39.907716,116.664938,656.8710163281773
mobilitybench_q_34835aefc3d3c13e76,通州区政协附近的早餐店。,铁岭市,42.293323,123.840323,mobilitybench:9258ffc4befe8ab9d3,杭州小笼包(新华大街店),北京市 通州区 西大街83号,39.907632,116.663555,656.9810317665867
mobilitybench_q_34835aefc3d3c13e76,通州区政协附近的早餐店。,铁岭市,42.293323,123.840323,mobilitybench:1568652ee568311c99,中国兰州牛肉拉面,北京市 通州区 中仓街道西大街87号,39.907603,116.662463,657.0660721775224
mobilitybench_q_34835aefc3d3c13e76,通州区政协附近的早餐店。,铁岭市,42.293323,123.840323,mobilitybench:ce0697d18d649b0f21,汤不留面馆,北京市 通州区 西大街与车站路交叉口东20米,39.907602,116.662334,657.075999469257
mobilitybench_q_34835aefc3d3c13e76,通州区政协附近的早餐店。,铁岭市,42.293323,123.840323,mobilitybench:8f5140ca420566ce35,山西刀削面家常菜(金玛科大厦店),北京市 通州区 车站路8号1层4-4-108,39.907298,116.662759,657.0583448408107
mobilitybench_q_34835aefc3d3c13e76,通州区政协附近的早餐店。,铁岭市,42.293323,123.840323,mobilitybench:fbdd3754b912591c34,瀚牛嫩牛五方意面(通州店),北京市 通州区 车站路8号金玛科大厦,39.907275,116.662775,657.0582462678942
mobilitybench_q_34835aefc3d3c13e76,通州区政协附近的早餐店。,铁岭市,42.293323,123.840323,mobilitybench:88275aeda6fe10ac2e,延吉朝鲜大冷面,北京市 通州区 车站路8号金玛科大厦F1层,39.907256,116.662498,657.0803879772413
mobilitybench_q_34835aefc3d3c13e76,通州区政协附近的早餐店。,铁岭市,42.293323,123.840323,mobilitybench:710c44b59e90d1b4c6,老北京烧饼煎饼(西海子店),北京市 通州区 西海子公园东门东50米,39.912727,116.665005,656.62060281422
mobilitybench_q_34835aefc3d3c13e76,通州区政协附近的早餐店。,铁岭市,42.293323,123.840323,mobilitybench:3bb2bd779377277469,弘味轩(新华东街),北京市 通州区 新华东街144号,39.908359,116.667908,656.6121004344216
mobilitybench_q_34835aefc3d3c13e76,通州区政协附近的早餐店。,铁岭市,42.293323,123.840323,mobilitybench:28616ca8a74b2c99ec,中国人民政治协商会议北京市通州区委员会,北京市 通州区 新华街道吉祥路13号,39.909748,116.664188,656.8289435395933
mobilitybench_q_e7a80576923930368c,南宁产投大厦附近全季酒店,上海市,31.122847,121.433341,mobilitybench:7e90d3e7675364637c,全季酒店(南宁南湖公园艺术学院店),广西壮族自治区 青秀区 教育路4-1号,22.804844,108.336604,1591.6842069808456
mobilitybench_q_e7a80576923930368c,南宁产投大厦附近全季酒店,上海市,31.122847,121.433341,mobilitybench:2141a84f6e86b8f521,全季酒店(南宁江南盛天地店),广西壮族自治区 江南区 金凯路38号,22.768672,108.280092,1598.7234226232626
mobilitybench_q_e7a80576923930368c,南宁产投大厦附近全季酒店,上海市,31.122847,121.433341,mobilitybench:0856bb31ea1de16a87,全季酒店(南宁朝阳广场店),广西壮族自治区 兴宁区 民主路18号邕宸商都5号楼A座,22.821517,108.324968,1591.4718158928545
mobilitybench_q_e7a80576923930368c,南宁产投大厦附近全季酒店,上海市,31.122847,121.433341,mobilitybench:49e0e12c7807baf521,全季南宁保利建材城酒店,广西壮族自治区 江南区 友谊路48-6号,22.756350,108.291484,1598.6576385949877
mobilitybench_q_e7a80576923930368c,南宁产投大厦附近全季酒店,上海市,31.122847,121.433341,mobilitybench:c8461212d00f048b4b,全季酒店(南宁广西大学秀灵路店),广西壮族自治区 西乡塘区 明秀西路34号(秀灵路地铁站D口步行80米),22.837877,108.306064,1591.869189380595
mobilitybench_q_e7a80576923930368c,南宁产投大厦附近全季酒店,上海市,31.122847,121.433341,mobilitybench:6f95a23a806362a51e,全季酒店(南宁东葛路店),广西壮族自治区 青秀区 葛村路23号,22.824857,108.348928,1589.3137049092302
mobilitybench_q_e7a80576923930368c,南宁产投大厦附近全季酒店,上海市,31.122847,121.433341,mobilitybench:324b5789160c6e1fad,全季酒店(南宁金湖广场店),广西壮族自治区 青秀区 民族大道98-1号,22.812037,108.369193,1588.5679867932986
mobilitybench_q_e7a80576923930368c,南宁产投大厦附近全季酒店,上海市,31.122847,121.433341,mobilitybench:18bc58b3a38649a1b8,全季酒店(南宁火车站明秀东路店),广西壮族自治区 西乡塘区 明秀东路196号虎邱星时代广场1号楼,22.847188,108.327569,1589.4967950642606
mobilitybench_q_e7a80576923930368c,南宁产投大厦附近全季酒店,上海市,31.122847,121.433341,mobilitybench:6a109b6f05b5e86c8b,全季酒店(南宁动物园大学东路店),广西壮族自治区 西乡塘区 大化路2号(动物园地铁站B口步行310米),22.837216,108.264390,1595.2742553206003
mobilitybench_q_e7a80576923930368c,南宁产投大厦附近全季酒店,上海市,31.122847,121.433341,mobilitybench:bc7c2aef362d309e9c,全季酒店(南宁五象总部基地店),广西壮族自治区 良庆区 五象新区平乐大道17号,22.755687,108.380355,1591.5684883187932
mobilitybench_q_e7a80576923930368c,南宁产投大厦附近全季酒店,上海市,31.122847,121.433341,mobilitybench:d4dbf6e67d985ad25f,产投大厦,广西壮族自治区 江南区 亭洪路58号(亭洪路地铁站D口步行110米),22.789379,108.310313,1594.8649172469975
mobilitybench_q_e49b90d2ea530105e1,我想吃老豆腐搜索附近的老豆腐店,沧州市,38.344172,117.284832,mobilitybench:c78e78112e338a8b8e,刘家老豆腐(茧城大街店),河北省 东光县 茧城大街58号,37.886325,116.531706,83.26405772775541
mobilitybench_q_e49b90d2ea530105e1,我想吃老豆腐搜索附近的老豆腐店,沧州市,38.344172,117.284832,mobilitybench:8d31d7522fed0bb7bf,高唐老豆腐店,河北省 东光县 茧城大街72号,37.886294,116.532588,83.20513440319333
mobilitybench_q_e49b90d2ea530105e1,我想吃老豆腐搜索附近的老豆腐店,沧州市,38.344172,117.284832,mobilitybench:999faa4abcdaa78251,陈家老豆腐,河北省 东光县 东光镇茧城大街与朝阳路交叉口,37.886431,116.532941,83.17133921390896
mobilitybench_q_e49b90d2ea530105e1,我想吃老豆腐搜索附近的老豆腐店,沧州市,38.344172,117.284832,mobilitybench:7912d2e9e12bab9f6e,连镇烧饼大饼老豆腐羊肠汤,河北省 东光县 东光镇城关镇中兴路7号,37.890727,116.536267,82.64760366216306
mobilitybench_q_e49b90d2ea530105e1,我想吃老豆腐搜索附近的老豆腐店,沧州市,38.344172,117.284832,mobilitybench:eab296e46b1346a802,独一味王记老豆腐(铁西店),河北省 东光县 棉纺路与复兴街交叉口北40米,37.886099,116.521612,83.97987749277765
mobilitybench_q_ad4715274da3a9b889,北京大学第六医院附近酒店,锦州市,41.101341,121.116472,mobilitybench:8d36f02b859190703b,北京旅仁家快捷酒店,北京市 海淀区 花园北路甲38号(近北医三院),39.982030,116.355888,421.0211571790565
mobilitybench_q_ad4715274da3a9b889,北京大学第六医院附近酒店,锦州市,41.101341,121.116472,mobilitybench:5c9963deebc82944b7,北京硕果家庭民宿(北医三院店),北京市 海淀区 学院路40号二区塔二16楼1603,39.981051,116.356939,420.97132665986044
mobilitybench_q_ad4715274da3a9b889,北京大学第六医院附近酒店,锦州市,41.101341,121.116472,mobilitybench:a6c40f8618ef59529d,新雅民宿(北京北医三院店),北京市 海淀区 花园北路邮科7号楼,39.980833,116.357672,420.91997835947916
mobilitybench_q_ad4715274da3a9b889,北京大学第六医院附近酒店,锦州市,41.101341,121.116472,mobilitybench:9d5889c2aa8e84c260,北京顺昌家庭旅馆(北医三院店),北京市 海淀区 花园北路44号贯通大厦F1层,39.981397,116.358807,420.8082451309779
mobilitybench_q_ad4715274da3a9b889,北京大学第六医院附近酒店,锦州市,41.101341,121.116472,mobilitybench:578902ea729791dbd5,北京北医三院爱家家庭旅馆(邮科店),北京市 海淀区 花园北路邮科社区48号院2号楼,39.980873,116.358299,420.8679615145174
mobilitybench_q_ad4715274da3a9b889,北京大学第六医院附近酒店,锦州市,41.101341,121.116472,mobilitybench:c1a159e5017fa7b2ed,长城电脑大厦念家宾馆,北京市 海淀区 学院路甲38号长城电脑大厦旁(近花园北路),39.982184,116.354420,421.1341154421494
mobilitybench_q_ad4715274da3a9b889,北京大学第六医院附近酒店,锦州市,41.101341,121.116472,mobilitybench:739f20904bb2e4ff4c,北京望馨旅馆,北京市 海淀区 花园北路44号贯通大厦F1层,39.981135,116.358946,420.80639498767977
mobilitybench_q_ad4715274da3a9b889,北京大学第六医院附近酒店,锦州市,41.101341,121.116472,mobilitybench:ba54f261e59d56648e,北京北医三院福家家庭旅馆,北京市 海淀区 北京花园北路塔院小区晴冬园4号楼,39.980859,116.359071,420.8061771654543
mobilitybench_q_ad4715274da3a9b889,北京大学第六医院附近酒店,锦州市,41.101341,121.116472,mobilitybench:f562ffef42ed43705d,北京好再来公寓,北京市 海淀区 晴冬园4号楼,39.980850,116.358898,420.82045648926857
mobilitybench_q_ad4715274da3a9b889,北京大学第六医院附近酒店,锦州市,41.101341,121.116472,mobilitybench:2b2a877bcb458611d1,北京凯西源家庭旅馆(北医三院店),北京市 海淀区 晴冬园5号楼东门一单元,39.980523,116.359212,420.8068167335687
mobilitybench_q_ad4715274da3a9b889,北京大学第六医院附近酒店,锦州市,41.101341,121.116472,mobilitybench:f05558fe42cb77b0fd,北京大学第六医院海淀院区,北京市 海淀区 花园北路51号,39.982328,116.357522,420.8786687611148
mobilitybench_q_43c94c8bb7adf2b813,帮我找一下方圆荟附近的美甲店,亳州市,33.248030,116.564353,mobilitybench:efe5d777415c71bf00,指尖美甲美睫(方圆荟购物中心店),安徽省 谯城区 高新技术产业开发区方圆荟二楼2F-QT001号,33.815956,115.798946,94.9795814707992
mobilitybench_q_43c94c8bb7adf2b813,帮我找一下方圆荟附近的美甲店,亳州市,33.248030,116.564353,mobilitybench:14ccd7e6df32544bb0,白羊美甲美睫皮肤管理,安徽省 谯城区 世纪金源域见文旅城一区,33.817522,115.799220,95.076020888664
mobilitybench_q_43c94c8bb7adf2b813,帮我找一下方圆荟附近的美甲店,亳州市,33.248030,116.564353,mobilitybench:6fd58507902e6f1050,遇见你美甲美睫皮肤管理,安徽省 谯城区 世纪金源一期东门13栋114,33.817695,115.799652,95.0589219785072
mobilitybench_q_43c94c8bb7adf2b813,帮我找一下方圆荟附近的美甲店,亳州市,33.248030,116.564353,mobilitybench:8976956dce3224a0f9,美伊伽美甲店,安徽省 谯城区 世纪金源域见天城一区8栋107铺,33.818487,115.799740,95.11130802540283
mobilitybench_q_43c94c8bb7adf2b813,帮我找一下方圆荟附近的美甲店,亳州市,33.248030,116.564353,mobilitybench:64cd2aa6e766166fc7,美遇美肤美体美甲美睫,安徽省 谯城区 世纪金源一区东门8栋109铺,33.818673,115.799780,95.12228355983504
mobilitybench_q_43c94c8bb7adf2b813,帮我找一下方圆荟附近的美甲店,亳州市,33.248030,116.564353,mobilitybench:56c8fb309f05cc0e38,优寇美甲美睫,安徽省 谯城区 莲花路803号,33.810622,115.798749,94.60161341763927
mobilitybench_q_43c94c8bb7adf2b813,帮我找一下方圆荟附近的美甲店,亳州市,33.248030,116.564353,mobilitybench:c3cbd38a006b073683,芮茜纹绣美甲美睫美肤(滨江壹号店),安徽省 谯城区 谯城区滨江壹号39栋108号商铺,33.821058,115.803849,95.01855422109463
mobilitybench_q_43c94c8bb7adf2b813,帮我找一下方圆荟附近的美甲店,亳州市,33.248030,116.564353,mobilitybench:f6adee953b52e9fa6d,小阿满美甲,安徽省 谯城区 谯城区高新区滨江壹号68号102,33.822853,115.804559,95.10323152092553
mobilitybench_q_43c94c8bb7adf2b813,帮我找一下方圆荟附近的美甲店,亳州市,33.248030,116.564353,mobilitybench:97af055d64cf2d5466,纹小姐美甲(碧桂园江山赋店),安徽省 谯城区 碧桂园江山赋南门西100米,33.825056,115.788350,96.38316916256771
mobilitybench_q_43c94c8bb7adf2b813,帮我找一下方圆荟附近的美甲店,亳州市,33.248030,116.564353,mobilitybench:80ef4e7f32c5c85cd8,千艺美发纹绣美甲美睫(建投东方名府·玖著店),安徽省 谯城区 建投东方名府·玖著东门旁,33.814821,115.814351,93.83337052498383
mobilitybench_q_43c94c8bb7adf2b813,帮我找一下方圆荟附近的美甲店,亳州市,33.248030,116.564353,mobilitybench:c03e152a1391104789,方圆荟购物中心,安徽省 谯城区 养生大道与神农大道交叉口西北,33.816124,115.798244,95.04055628642706
mobilitybench_q_9c5d59f0757fd4f3d9,帮我查一下湖南长沙橘子洲附近的零跑店,广州市,23.270292,113.353830,mobilitybench:c42cdfb0915476d527,橘子洲风景名胜区,湖南省 岳麓区 橘子洲头2号,28.196505,112.963081,549.1657670729105
mobilitybench_q_6df703a07e46f65317,帮我搜索一下博爱医院附近的台球馆。,台州市,28.577305,121.393903,mobilitybench:09298e6c85abdb85be,来吧台球会所,河南省 博爱县 博爱县人民医院西门对面来吧台球,35.167778,113.082499,1072.9610332609016
mobilitybench_q_6df703a07e46f65317,帮我搜索一下博爱医院附近的台球馆。,台州市,28.577305,121.393903,mobilitybench:4059654d13871441fe,酷8台球,河南省 博爱县 南桥路与龙腾街交叉口西北20米,35.164825,113.078925,1072.9927514782783
mobilitybench_q_6df703a07e46f65317,帮我搜索一下博爱医院附近的台球馆。,台州市,28.577305,121.393903,mobilitybench:7a3ae394e86b055336,CS来力台球俱乐部,河南省 博爱县 清义路,35.168515,113.091808,1072.3739203553823
mobilitybench_q_6df703a07e46f65317,帮我搜索一下博爱医院附近的台球馆。,台州市,28.577305,121.393903,mobilitybench:568d6c8f80600c6588,野豹台球俱乐部,河南省 博爱县 中山路与青松巷交叉口东北40米,35.171245,113.077490,1073.5575992292095
mobilitybench_q_6df703a07e46f65317,帮我搜索一下博爱医院附近的台球馆。,台州市,28.577305,121.393903,mobilitybench:a4849310cbae05a2fe,Man8台球俱乐部,河南省 博爱县 中山路花园KTV西200米胡同内2楼,35.171397,113.077431,1073.5726974364838
mobilitybench_q_6df703a07e46f65317,帮我搜索一下博爱医院附近的台球馆。,台州市,28.577305,121.393903,mobilitybench:82ad2a282828d8d50a,来力台球(新五街店),河南省 博爱县 滨河路与玉祥路交叉口南280米,35.157774,113.083049,1072.1970422638349
mobilitybench_q_6df703a07e46f65317,帮我搜索一下博爱医院附近的台球馆。,台州市,28.577305,121.393903,mobilitybench:58b610ccbb00939cd3,乔氏台球俱乐部,河南省 博爱县 玉祥路144号南关村卫生所楼上,35.161653,113.075348,1073.0090127141689
mobilitybench_q_6df703a07e46f65317,帮我搜索一下博爱医院附近的台球馆。,台州市,28.577305,121.393903,mobilitybench:e906f6e05858d0488a,老九台球,河南省 博爱县 中山路与葵城路交叉口东北80米,35.171475,113.072703,1073.9038782084049
mobilitybench_q_6df703a07e46f65317,帮我搜索一下博爱医院附近的台球馆。,台州市,28.577305,121.393903,mobilitybench:f8e28286abb0ac4eb2,乔氏台球俱乐部,河南省 博爱县 葵城路十街居委会旁边继成超市二楼,35.164724,113.071193,1073.5180456537412
mobilitybench_q_6df703a07e46f65317,帮我搜索一下博爱医院附近的台球馆。,台州市,28.577305,121.393903,mobilitybench:b0003b896610550139,Z8台球,河南省 博爱县 海华路78号齐齐哈尔烤肉二楼,35.176756,113.093165,1072.8797128196502
mobilitybench_q_6df703a07e46f65317,帮我搜索一下博爱医院附近的台球馆。,台州市,28.577305,121.393903,mobilitybench:99f9cc4e340cd9b869,博爱县人民医院(清义街),河南省 博爱县 滨河路1号,35.167031,113.084859,1072.7443304158048
mobilitybench_q_3906250601f45d138f,徐州观音机场附近的顺飞飞停车,枣庄市,35.067999,117.159474,mobilitybench:c06bb3232f9a770638,徐州观音国际机场,江苏省 睢宁县 翔宇大道与慈航路交叉口,34.056027,117.561539,118.3959352981776
mobilitybench_q_a0ffc086e00b04131a,我要越南的农贸市场最近的农贸市场,Hoàng Mai,20.969466,105.826995,mobilitybench:e673aec9bc992d1116,西城区金泰长安菜市场(南营房一区北),北京市 西城区 阜成门南营房,39.920975,116.350775,2332.1200336299603
mobilitybench_q_a0ffc086e00b04131a,我要越南的农贸市场最近的农贸市场,Hoàng Mai,20.969466,105.826995,mobilitybench:bc1c221323c5165024,九州达隆菜市场(真武庙六里店),北京市 西城区 真武庙六里1之6-7,39.903042,116.349428,2330.312284857557
mobilitybench_q_a0ffc086e00b04131a,我要越南的农贸市场最近的农贸市场,Hoàng Mai,20.969466,105.826995,mobilitybench:af8223fc75f4b29a96,展览路市场所,北京市 西城区 展览路街道车公庄大街4号物华大厦,39.931722,116.352987,2333.2605748910955
mobilitybench_q_a0ffc086e00b04131a,我要越南的农贸市场最近的农贸市场,Hoàng Mai,20.969466,105.826995,mobilitybench:b999b8dd9cc9f9ea64,北京万发恒顺菜市场,北京市 西城区 复兴门外大街25号楼旁(木樨地地铁站B1东北口步行110米),39.908147,116.339863,2330.422530655548
mobilitybench_q_a0ffc086e00b04131a,我要越南的农贸市场最近的农贸市场,Hoàng Mai,20.969466,105.826995,mobilitybench:bb81727c1db8b286c9,杨振牛羊肉,北京市 西城区 西四北大街11号(平安里地铁站D西南口步行220米),39.931533,116.372856,2334.049739467958
mobilitybench_q_a0ffc086e00b04131a,我要越南的农贸市场最近的农贸市场,Hoàng Mai,20.969466,105.826995,mobilitybench:ea936ed6c13d7a2985,西城区西绒线社区菜市场,北京市 西城区 西绒线胡同与北新平胡同交叉口东20米,39.904326,116.381148,2331.7293082222573
mobilitybench_q_a0ffc086e00b04131a,我要越南的农贸市场最近的农贸市场,Hoàng Mai,20.969466,105.826995,mobilitybench:a3c3e60c5beb2a4071,露园百姓生活服务中心,北京市 西城区 百万庄大街乙24号附近,39.926788,116.338995,2332.210043305769
mobilitybench_q_a0ffc086e00b04131a,我要越南的农贸市场最近的农贸市场,Hoàng Mai,20.969466,105.826995,mobilitybench:ff3f084e6afbd53131,和平门菜市场,北京市 西城区 前门西大街79号(和平门地铁站B1东北口旁),39.900479,116.384863,2331.5050628960485
mobilitybench_q_a0ffc086e00b04131a,我要越南的农贸市场最近的农贸市场,Hoàng Mai,20.969466,105.826995,mobilitybench:6e9bb284077e036b15,荣兴艺廊市场(荣宝斋大厦店),北京市 西城区 琉璃厂西街19荣宝斋大厦1层M,39.895724,116.383116,2330.969427532079
mobilitybench_q_a0ffc086e00b04131a,我要越南的农贸市场最近的农贸市场,Hoàng Mai,20.969466,105.826995,mobilitybench:d9617e5ca56a8f14c4,服装市场,北京市 西城区 菜市口家具家居卫浴灶具百货店北门旁,39.888887,116.367194,2329.652428021588
mobilitybench_q_a0ffc086e00b04131a,我要越南的农贸市场最近的农贸市场,Hoàng Mai,20.969466,105.826995,mobilitybench:e3fc78d57b30953d88,PHO THE ONE福万越南餐厅(金融街购物中心店),北京市 西城区 金城坊街2号金融街购物中心1期B1层,39.915857,116.361029,2332.0366470135978
mobilitybench_q_d0cfc3f08965afd9ae,查一下陕西省延安市宝塔区马家湾附近的陕西信合银行,西安市,34.263037,108.917935,mobilitybench:537417486629d35611,陕西省农村信用合作社ATM(永兴路),陕西省 宝塔区 永兴路与延河北路交叉口西北60米,36.609427,109.519906,266.54400633181353
mobilitybench_q_d0cfc3f08965afd9ae,查一下陕西省延安市宝塔区马家湾附近的陕西信合银行,西安市,34.263037,108.917935,mobilitybench:f5a82a5e7b913d2cd9,延安农商银行(二道街支行),陕西省 宝塔区 中心街美尚城一楼,36.597694,109.487718,264.68388661187083
mobilitybench_q_d0cfc3f08965afd9ae,查一下陕西省延安市宝塔区马家湾附近的陕西信合银行,西安市,34.263037,108.917935,mobilitybench:545284c2e125e6fd39,延安农商银行(东关支行),陕西省 宝塔区 东关街(解放剧院天桥旁),36.599269,109.493053,264.9501639538615
mobilitybench_q_d0cfc3f08965afd9ae,查一下陕西省延安市宝塔区马家湾附近的陕西信合银行,西安市,34.263037,108.917935,mobilitybench:522dea88a42f909e5b,宝塔区南市街道马家湾社区,陕西省 宝塔区 马家湾,36.568132,109.479171,261.31074630534596
mobilitybench_q_aaef9fa5e432ef9686,哦，高速口入口附近的酒店。,邢台市,37.076368,115.150040,mobilitybench:6675d66d583db90940,邢台象外民宿,河北省 信都区 路罗镇小戈廖村,37.104134,113.968959,104.80530024081114
mobilitybench_q_aaef9fa5e432ef9686,哦，高速口入口附近的酒店。,邢台市,37.076368,115.150040,mobilitybench:e4ccd5f387e64d346e,信都区小戈廖秀平民宿店,河北省 信都区 小戈廖村,37.105070,113.969665,104.74518035946585
mobilitybench_q_aaef9fa5e432ef9686,哦，高速口入口附近的酒店。,邢台市,37.076368,115.150040,mobilitybench:f4a543afd889c955b9,邢台西庭假日酒店,河北省 信都区 路罗镇路罗村东,37.092626,113.948568,106.59186032070396
mobilitybench_q_aaef9fa5e432ef9686,哦，高速口入口附近的酒店。,邢台市,37.076368,115.150040,mobilitybench:59a50e026c4ca3d3b2,河北祥泰甄选酒店,河北省 信都区 路罗镇路罗村村东,37.092828,113.946271,106.79582394494426
mobilitybench_q_aaef9fa5e432ef9686,哦，高速口入口附近的酒店。,邢台市,37.076368,115.150040,mobilitybench:99ed7e3ce30d31197a,邢台天然居客栈,河北省 信都区 信都区-路罗镇路罗社区直行100米左拐,37.094258,113.942113,107.16642265870385
mobilitybench_q_aaef9fa5e432ef9686,哦，高速口入口附近的酒店。,邢台市,37.076368,115.150040,mobilitybench:1cc9ee4a16f8cc5149,盛世旅馆,河北省 信都区 323省道北50米,37.092909,113.945785,106.83902519079119
mobilitybench_q_aaef9fa5e432ef9686,哦，高速口入口附近的酒店。,邢台市,37.076368,115.150040,mobilitybench:50060a1966b126854c,红鼻子成长酒店,河北省 信都区 路罗镇,37.091915,113.940621,107.2958886796955
mobilitybench_q_aaef9fa5e432ef9686,哦，高速口入口附近的酒店。,邢台市,37.076368,115.150040,mobilitybench:757499904f9f74a192,开元酒店(祥和街店),河北省 信都区 323省道附近,37.093007,113.944600,106.9442422446723
mobilitybench_q_aaef9fa5e432ef9686,哦，高速口入口附近的酒店。,邢台市,37.076368,115.150040,mobilitybench:54aaefabe6e5b60a99,邢台寅虎酒店旅馆,河北省 信都区 路罗镇路罗村86号,37.093382,113.937788,107.54886022397403
mobilitybench_q_aaef9fa5e432ef9686,哦，高速口入口附近的酒店。,邢台市,37.076368,115.150040,mobilitybench:e8b52bef7fffb0d46b,乡村旅馆,河北省 信都区 城计头乡卫生院西侧180米,37.080093,114.038091,98.644513043199
mobilitybench_q_aaef9fa5e432ef9686,哦，高速口入口附近的酒店。,邢台市,37.076368,115.150040,mobilitybench:3af9274420debcbdb1,抗大南收费站入口(吕梁方向),河北省 信都区 信都区,37.105601,113.993683,102.61736930523688
mobilitybench_q_be55679e20adf54dc4,搜索一下安康医院附近的充电桩,惠州市,22.782099,114.945328,mobilitybench:ecc1311e44db766a50,安康城投金洲南路停车场充电站,陕西省 汉滨区 安康邮政大酒店停车场,32.690086,109.029269,1245.4675026779373
mobilitybench_q_be55679e20adf54dc4,搜索一下安康医院附近的充电桩,惠州市,22.782099,114.945328,mobilitybench:0f9358956cb71a252b,汽车充电站(少年宫光储超充站),陕西省 汉滨区 金州南路46号,32.692501,109.029413,1245.6951244084971
mobilitybench_q_be55679e20adf54dc4,搜索一下安康医院附近的充电桩,惠州市,22.782099,114.945328,mobilitybench:b79552fbd888a07ecd,特斯拉超级充电站(安康江华城购物中心),陕西省 汉滨区 兴安中路88号江华城地下停车场,32.692295,109.024050,1245.9207119193966
mobilitybench_q_be55679e20adf54dc4,搜索一下安康医院附近的充电桩,惠州市,22.782099,114.945328,mobilitybench:f7b1d5800dfd1c3c9a,卫莱电汽车充电站(蓝钻酒店充电站),陕西省 汉滨区 兴安中路62号(中国电信对面),32.693760,109.028400,1245.863596627112
mobilitybench_q_be55679e20adf54dc4,搜索一下安康医院附近的充电桩,惠州市,22.782099,114.945328,mobilitybench:210f30fe44ac31e86b,安康城投西关充电站,陕西省 汉滨区 石堤街203号,32.692912,109.018524,1246.2337374225017
mobilitybench_q_be55679e20adf54dc4,搜索一下安康医院附近的充电桩,惠州市,22.782099,114.945328,mobilitybench:3051bffed1bf7b0869,安康城投大明宫公共停车场汽车充电站,陕西省 汉滨区 安康华兴妇产医院附近,32.680074,109.032073,1244.3681951185197
mobilitybench_q_be55679e20adf54dc4,搜索一下安康医院附近的充电桩,惠州市,22.782099,114.945328,mobilitybench:05c9d17f907ea0c01f,汽车充电站(安康城投瀛湖路站),陕西省 汉滨区 都市花园小区西北侧约30米,32.680718,109.018344,1245.0600480562784
mobilitybench_q_be55679e20adf54dc4,搜索一下安康医院附近的充电桩,惠州市,22.782099,114.945328,mobilitybench:a3cfd79c768a1b1047,中国铁塔汽车充电站(陕西安康花木大世界物流园充电站),陕西省 汉滨区 环城南路桂花苑小区南侧约220米,32.677002,109.025070,1244.3913366567158
mobilitybench_q_be55679e20adf54dc4,搜索一下安康医院附近的充电桩,惠州市,22.782099,114.945328,mobilitybench:9dbfd733126df2d102,安康城投滨江大道一号地充电站,陕西省 汉滨区 大桥北路21号,32.700139,109.016333,1247.0347839431981
mobilitybench_q_be55679e20adf54dc4,搜索一下安康医院附近的充电桩,惠州市,22.782099,114.945328,mobilitybench:6cb1800d3136bb5f07,安康城投高井路充电站,陕西省 汉滨区 南环东路86号,32.689784,109.043503,1244.7871413542641
mobilitybench_q_be55679e20adf54dc4,搜索一下安康医院附近的充电桩,惠州市,22.782099,114.945328,mobilitybench:3986d2ab5b58d1b2c6,安康市中心医院,陕西省 汉滨区 金州南路85号,32.689796,109.026897,1245.5479947431643
mobilitybench_q_e680a7aea44f3e4deb,小爱同学附近的大超市有哪些,天水市,34.500111,105.912699,mobilitybench:7b8a66a58cb47cd341,欣佳源生活超市,陕西省 兴平市 剧院巷,34.293385,108.485300,237.1516576836525
mobilitybench_q_e680a7aea44f3e4deb,小爱同学附近的大超市有哪些,天水市,34.500111,105.912699,mobilitybench:68a4562c9f27899e30,每一天便利店(兴平兴化学校店),陕西省 兴平市 兴平兴化学校西兴平金店旁,34.295326,108.489783,237.53750451644333
mobilitybench_q_e680a7aea44f3e4deb,小爱同学附近的大超市有哪些,天水市,34.500111,105.912699,mobilitybench:676904b19e06f1f8a1,菜鸟驿站小滕平价鲜果炒货店,陕西省 兴平市 槐里路综合市场菜鸟驿站/小唐鲜果炒货店,34.296236,108.470185,235.73683750960737
mobilitybench_q_e680a7aea44f3e4deb,小爱同学附近的大超市有哪些,天水市,34.500111,105.912699,mobilitybench:4a16b24ff8d62a5671,倍乐客生活超市,陕西省 兴平市 金都花园北侧,34.297935,108.471107,235.8005791954454
mobilitybench_q_e680a7aea44f3e4deb,小爱同学附近的大超市有哪些,天水市,34.500111,105.912699,mobilitybench:cbf6c18732d420ff74,共橙超市(兴平店),陕西省 兴平市 金都花园东区西门向北100米(闫家铺子对面),34.298268,108.471160,235.80142811433552
mobilitybench_q_e680a7aea44f3e4deb,小爱同学附近的大超市有哪些,天水市,34.500111,105.912699,mobilitybench:9d0ced560fb240917d,金龙路口综合超市,陕西省 兴平市 金龙村路口,34.255150,108.486225,237.73919685457108
mobilitybench_q_e680a7aea44f3e4deb,小爱同学附近的大超市有哪些,天水市,34.500111,105.912699,mobilitybench:ffbc460f7fb39255ea,赵一鸣零食(陕西咸阳兴平南大街店),陕西省 兴平市 县门街十字工农兵商城一楼,34.299203,108.488792,237.40061062497074
mobilitybench_q_e680a7aea44f3e4deb,小爱同学附近的大超市有哪些,天水市,34.500111,105.912699,mobilitybench:bf1fc832d056ec5a78,周福百货超市,陕西省 兴平市 东城办事处西关社区金城路康乐巷东排6号,34.300594,108.479006,236.49032327661763
mobilitybench_q_e680a7aea44f3e4deb,小爱同学附近的大超市有哪些,天水市,34.500111,105.912699,mobilitybench:d62f301a0b5af1bb5f,爱·时光(中国中铁一局电务公司西关小区店),陕西省 兴平市 中国中铁一局电务公司西关小区东门旁,34.301054,108.481393,236.7029113503385
mobilitybench_q_e680a7aea44f3e4deb,小爱同学附近的大超市有哪些,天水市,34.500111,105.912699,mobilitybench:b2c0ae16082b59aacc,锅圈食汇火锅烧烤食材超市(中心大街店),陕西省 兴平市 中心大街金都雅苑从东向西第十户商铺,34.299127,108.467441,235.45151009590543
mobilitybench_q_e680a7aea44f3e4deb,小爱同学附近的大超市有哪些,天水市,34.500111,105.912699,mobilitybench:bc695761e52763005c,小爱同学,陕西省 兴平市 东城办周村八组586号,34.277055,108.479937,236.86802188876203
mobilitybench_q_546db3a566212a8e35,明日广场周围的废品收购站。,盘锦市,41.117352,122.095636,mobilitybench:8e1df3276624b9eec3,五坊顺兴收购站,广东省 顺德区 大良街道良逢路五街3号,22.823623,113.267087,2195.03075931138
mobilitybench_q_546db3a566212a8e35,明日广场周围的废品收购站。,盘锦市,41.117352,122.095636,mobilitybench:6b8009ea28aac6f132,废品回收废铁废铜废铝旧家电回收,广东省 顺德区 大良街道五坊福祥街7号,22.819165,113.264880,2195.5739502204738
mobilitybench_q_546db3a566212a8e35,明日广场周围的废品收购站。,盘锦市,41.117352,122.095636,mobilitybench:b8109f965626c63510,废品回收,广东省 顺德区 永丰工业区中路与永丰工业区一横路交叉口西60米,22.852930,113.274842,2191.6968468865766
mobilitybench_q_546db3a566212a8e35,明日广场周围的废品收购站。,盘锦市,41.117352,122.095636,mobilitybench:e469a87ee99f0c8baf,废品店,广东省 顺德区 碧桂路入口与碧桂路交叉口东北60米,22.846493,113.289492,2191.8556287068677
mobilitybench_q_546db3a566212a8e35,明日广场周围的废品收购站。,盘锦市,41.117352,122.095636,mobilitybench:7671c74c3088d441d1,顺逸废品收购站,广东省 顺德区 信基·纯自然名宅西南门南50米,22.830142,113.246314,2195.079428562708
mobilitybench_q_546db3a566212a8e35,明日广场周围的废品收购站。,盘锦市,41.117352,122.095636,mobilitybench:1100ebba6c815279d0,大型废品收购站,广东省 顺德区 金沙大道6号,22.807913,113.267661,2196.652039103514
mobilitybench_q_546db3a566212a8e35,明日广场周围的废品收购站。,盘锦市,41.117352,122.095636,mobilitybench:b543b45e4c1565a037,福马废品回收店,广东省 顺德区 伦教鸡洲长丰大道北31号,22.858255,113.269899,2191.314128523552
mobilitybench_q_546db3a566212a8e35,明日广场周围的废品收购站。,盘锦市,41.117352,122.095636,mobilitybench:8db5bb8e476d50ae80,鸿瑞废品回收,广东省 顺德区 市良路与长兴西路交叉口北140米,22.860525,113.265703,2191.224425010604
mobilitybench_q_546db3a566212a8e35,明日广场周围的废品收购站。,盘锦市,41.117352,122.095636,mobilitybench:097bbd1130cd6514f8,广东搏树金属回收,广东省 顺德区 大良街道红岗社区工业区展业路3号之三Z区,22.821073,113.242037,2196.1770395301023
mobilitybench_q_546db3a566212a8e35,明日广场周围的废品收购站。,盘锦市,41.117352,122.095636,mobilitybench:531150315ce7da3c24,伦教鸡州飞祥废品站,广东省 顺德区 伦教飞祥废品收购站,22.862562,113.266004,2191.0010813495087
mobilitybench_q_546db3a566212a8e35,明日广场周围的废品收购站。,盘锦市,41.117352,122.095636,mobilitybench:31babf19e090a9d9f8,明日广场B座,广东省 顺德区 新桂中路与棕景路交叉口东南,22.832044,113.271913,2193.981648497576
mobilitybench_q_00b78f5f2ca6dd7484,北京市301医院附近如家宾馆,鹤岗市,47.323234,130.282646,mobilitybench:753f979d54a130b101,如家精选酒店(北京五棵松华熙LIVE万达广场店),北京市 海淀区 万寿路西街6号,39.909952,116.290315,1392.3742228287215
mobilitybench_q_00b78f5f2ca6dd7484,北京市301医院附近如家宾馆,鹤岗市,47.323234,130.282646,mobilitybench:a550f836ce38ad1ef5,如家酒店·neo(北京302医院店),北京市 丰台区 西四环中路郑常庄324号,39.887911,116.275178,1394.955196174535
mobilitybench_q_00b78f5f2ca6dd7484,北京市301医院附近如家宾馆,鹤岗市,47.323234,130.282646,mobilitybench:06731067d6e3c395ea,如家精选酒店(北京五棵松店),北京市 海淀区 永定路23号院,39.919322,116.263848,1393.4000664161936
mobilitybench_q_00b78f5f2ca6dd7484,北京市301医院附近如家宾馆,鹤岗市,47.323234,130.282646,mobilitybench:d778807419721ca05d,如家商旅酒店(北京万丰路店),北京市 丰台区 靛厂路101号,39.887075,116.289708,1394.079860763921
mobilitybench_q_00b78f5f2ca6dd7484,北京市301医院附近如家宾馆,鹤岗市,47.323234,130.282646,mobilitybench:a9a1f7807d952051b4,如家商旅酒店(北京西站万丰路店),北京市 丰台区 靛厂路内101号(水衙沟路上),39.887075,116.289708,1394.079860763921
mobilitybench_q_00b78f5f2ca6dd7484,北京市301医院附近如家宾馆,鹤岗市,47.323234,130.282646,mobilitybench:542130ec115e43dcbd,如家商旅酒店(北京五棵松阜石路店),北京市 海淀区 玉海园五里22号配套商业楼(玉兴园)1号楼1层1012层3层301,39.922769,116.259704,1393.4170728484257
mobilitybench_q_00b78f5f2ca6dd7484,北京市301医院附近如家宾馆,鹤岗市,47.323234,130.282646,mobilitybench:fbd2c655cafda45404,如家商旅酒店(北京西站莲宝路店),北京市 海淀区 丰台区莲宝路,39.889206,116.303098,1393.061948620439
mobilitybench_q_00b78f5f2ca6dd7484,北京市301医院附近如家宾馆,鹤岗市,47.323234,130.282646,mobilitybench:70a2cdc057e52681c3,如家酒店(北京定慧桥五路居地铁站店),北京市 海淀区 田村路23号,39.929403,116.265281,1392.5751044605495
mobilitybench_q_00b78f5f2ca6dd7484,北京市301医院附近如家宾馆,鹤岗市,47.323234,130.282646,mobilitybench:cf9be620368e378d74,如家精选酒店(北京西站地铁站店),北京市 丰台区 莲花池东路126号A座(莲花桥地铁站C东南口步行350米),39.896085,116.312889,1391.9297159706193
mobilitybench_q_00b78f5f2ca6dd7484,北京市301医院附近如家宾馆,鹤岗市,47.323234,130.282646,mobilitybench:f8766afaeea2160f03,如家酒店(北京西客站北广场店),北京市 丰台区 莲花池东路120-2号北恒大厦6层,39.896550,116.317460,1391.601409870413
mobilitybench_q_00b78f5f2ca6dd7484,北京市301医院附近如家宾馆,鹤岗市,47.323234,130.282646,mobilitybench:5b4fff4618925cb26b,中国人民解放军总医院,北京市 海淀区 复兴路28号,39.904572,116.276578,1393.6516108630835
mobilitybench_q_907665427d74bc5d2a,深圳圳美地铁口附近的海底捞,广州市,23.240200,113.867495,mobilitybench:51ae8b4c72493b1937,海底捞火锅(光明大仟里夜宵主题店),广东省 光明区 马田街道松白路4699号光明大仟里四层L422-423号,22.775026,113.894560,51.799181827437785
mobilitybench_q_907665427d74bc5d2a,深圳圳美地铁口附近的海底捞,广州市,23.240200,113.867495,mobilitybench:3d66b677d7aaec539f,海底捞火锅(光明星河COCO City店)(装修中),广东省 光明区 光明星河COCO City,22.759587,113.940218,53.95769617849161
mobilitybench_q_907665427d74bc5d2a,深圳圳美地铁口附近的海底捞,广州市,23.240200,113.867495,mobilitybench:04ee5d6c841b356d65,圳美地铁站D口,广东省 光明区 6号线支线,22.787395,113.949168,51.0388153637064
mobilitybench_q_7050af00e12e18f13a,山西晋城龙亭附近酒店旅馆,周口市,33.583716,114.661611,mobilitybench:af3dbf494c6ecb2308,慕尚酒店(晋城开发区店),山西省 城区 红星东街辅路与吕匠路交叉口西北40米,35.497354,112.885800,267.82091951778654
mobilitybench_q_7050af00e12e18f13a,山西晋城龙亭附近酒店旅馆,周口市,33.583716,114.661611,mobilitybench:ebf0ef95ef386f49d6,艺选酒店(晋城开发区客运东站店),山西省 城区 晋城市城区开发区红星东街2668号,35.497087,112.884652,267.861354667512
mobilitybench_q_7050af00e12e18f13a,山西晋城龙亭附近酒店旅馆,周口市,33.583716,114.661611,mobilitybench:9737e2803a81ef1ead,缔景皇冠大酒店,山西省 城区 晋城开发区红星街和兰花路交汇处东北角,35.497226,112.882181,268.01108653758763
mobilitybench_q_7050af00e12e18f13a,山西晋城龙亭附近酒店旅馆,周口市,33.583716,114.661611,mobilitybench:3cccc9627ab32b98c2,晋城开发区兰花路亚朵酒店,山西省 城区 开发区兰花路1442号汉通大厦A座,35.498086,112.881376,268.13130971114543
mobilitybench_q_7050af00e12e18f13a,山西晋城龙亭附近酒店旅馆,周口市,33.583716,114.661611,mobilitybench:c1788c58c033452711,汉铭·雅居酒店,山西省 城区 红星东街与兰花路交叉口东120米,35.497325,112.882125,268.022884300611
mobilitybench_q_7050af00e12e18f13a,山西晋城龙亭附近酒店旅馆,周口市,33.583716,114.661611,mobilitybench:b6ebd6095d5e23560d,怡莱晋城客运东站月星广场酒店,山西省 泽州县 泽州县金村镇湛家村客运东站四海通达商务大厦,35.491504,112.899506,266.54606094790455
mobilitybench_q_7050af00e12e18f13a,山西晋城龙亭附近酒店旅馆,周口市,33.583716,114.661611,mobilitybench:f361a76c45e4786b43,维也纳酒店(晋城兰花路店),山西省 城区 兰花路1001号,35.494188,112.880449,267.84140205915656
mobilitybench_q_7050af00e12e18f13a,山西晋城龙亭附近酒店旅馆,周口市,33.583716,114.661611,mobilitybench:6b944f7ef9c9306a1c,全季酒店(晋城经济开发区兰花路店),山西省 城区 兰花路699号,35.492860,112.880377,267.7291233786528
mobilitybench_q_7050af00e12e18f13a,山西晋城龙亭附近酒店旅馆,周口市,33.583716,114.661611,mobilitybench:e4db7c70652cf0fb1a,银镀电竞酒店,山西省 城区 汉通大厦A座5楼,35.498005,112.881443,268.1204775200095
mobilitybench_q_7050af00e12e18f13a,山西晋城龙亭附近酒店旅馆,周口市,33.583716,114.661611,mobilitybench:8b8493fff18d383f43,晋城诺鑫酒店(兰花路店),山西省 城区 兰花路1001号,35.494167,112.880459,267.83900501560055
mobilitybench_q_7050af00e12e18f13a,山西晋城龙亭附近酒店旅馆,周口市,33.583716,114.661611,mobilitybench:ba51a6292dbfe54e23,金辇龙亭,山西省 城区 红星东街附近,35.496093,112.890590,267.44402381221045
mobilitybench_q_789ab5af35fafea9df,雪山万科城附近的招商银行,济南市,36.220414,117.893018,mobilitybench:9c8f0debd416b7acb6,招商银行(唐冶支行),山东省 历城区 国泰唐坊东门北210米,36.684481,117.226117,78.87027430514901
mobilitybench_q_789ab5af35fafea9df,雪山万科城附近的招商银行,济南市,36.220414,117.893018,mobilitybench:655ea24b09f53f996e,招商银行(济南高新支行),山东省 历下区 新泺大街1666号三庆齐盛广场1号楼底商106室,36.676741,117.135301,84.6630477257187
mobilitybench_q_789ab5af35fafea9df,雪山万科城附近的招商银行,济南市,36.220414,117.893018,mobilitybench:0ea2bc35d3e3c6cf83,招商银行24小时自助银行(济南高新支行),山东省 历下区 新泺大街1666号三庆齐盛广场1号楼底商106室,36.676724,117.135309,84.66134798462727
mobilitybench_q_789ab5af35fafea9df,雪山万科城附近的招商银行,济南市,36.220414,117.893018,mobilitybench:7a2d5e4ff810b60ca3,招商银行24小时自助银行(济南分行营业部),山东省 历城区 华冠路汉峪金谷,36.662165,117.148849,82.72866388935853
mobilitybench_q_789ab5af35fafea9df,雪山万科城附近的招商银行,济南市,36.220414,117.893018,mobilitybench:6538fcf5ddede1ac89,招商银行济南分行营业部,山东省 历城区 经十路7000号汉峪金融商务区A4-1楼,36.662125,117.148775,82.7313634747686
mobilitybench_q_789ab5af35fafea9df,雪山万科城附近的招商银行,济南市,36.220414,117.893018,mobilitybench:ed2d0397aea2e0d6a4,招商银行(济南工业南路支行),山东省 历下区 工业南路63号海信贤文世家中心3号商务公寓101-102,36.680196,117.113531,86.4550246208564
mobilitybench_q_789ab5af35fafea9df,雪山万科城附近的招商银行,济南市,36.220414,117.893018,mobilitybench:c243a46a979e94af4e,招商银行24小时自助银行(济南工业南路支行),山东省 历下区 工业南路与正丰路交叉口东北100米,36.680304,117.113390,86.47225672412236
mobilitybench_q_789ab5af35fafea9df,雪山万科城附近的招商银行,济南市,36.220414,117.893018,mobilitybench:7bfdf5210c0a30b86c,招商银行(济南解放东路支行),山东省 历下区 解放东路3-1号金宇大厦106-1号,36.663404,117.115336,85.23850868574533
mobilitybench_q_789ab5af35fafea9df,雪山万科城附近的招商银行,济南市,36.220414,117.893018,mobilitybench:0f01f6cb868e1fe37a,招商银行(济南龙奥支行),山东省 历下区 龙奥西路1号银丰财富广场c座裙楼B117号,36.651482,117.116262,84.41556842289155
mobilitybench_q_789ab5af35fafea9df,雪山万科城附近的招商银行,济南市,36.220414,117.893018,mobilitybench:b125468adbe5caad6d,招商银行24小时自助银行(济南龙奥支行),山东省 历下区 奥西路1号银丰财富广场c座裙楼B117号,36.651482,117.116261,84.41564206027249
mobilitybench_q_789ab5af35fafea9df,雪山万科城附近的招商银行,济南市,36.220414,117.893018,mobilitybench:e5e200f5796d18c8cc,雪山万科城庭逸园,山东省 历城区 凤鸣路948号,36.696657,117.186814,82.42057929884459
mobilitybench_q_899063a30fe2d7e756,玉林附近哪里有中国农业银行点,惠州市,22.969806,114.254450,mobilitybench:dc7dc8b67878680a57,中国农业银行(玉林玉州支行)(装修中),广西壮族自治区 玉州区 城站路4号,22.621230,110.155875,421.9146981169445
mobilitybench_q_899063a30fe2d7e756,玉林附近哪里有中国农业银行点,惠州市,22.969806,114.254450,mobilitybench:3feac4ea60d098fb03,玉林市,广西壮族自治区 玉州区 玉州区,22.654001,110.180970,418.9824404671147
mobilitybench_q_e742d7660774763447,长春市第一中等专业学校附近旅店,长春市,43.476935,124.767648,mobilitybench:52635d787af1307e0a,幸福家园宾馆(长春摩天活力城会展中心店),吉林省 南关区 金川街1657号经济开发区四区九栋6门114门市,43.847666,125.370387,63.64052601190435
mobilitybench_q_e742d7660774763447,长春市第一中等专业学校附近旅店,长春市,43.476935,124.767648,mobilitybench:09e5bcd67af5e373ae,佳豪宾馆(天地十二坊店),吉林省 南关区 珠海路天地12坊小区C20号楼,43.845901,125.369286,63.44653734110374
mobilitybench_q_e742d7660774763447,长春市第一中等专业学校附近旅店,长春市,43.476935,124.767648,mobilitybench:4c004fd6d72e4858bb,长春乐居时尚住宿,吉林省 南关区 金川街1869D号,43.845547,125.369520,63.43556518401353
mobilitybench_q_e742d7660774763447,长春市第一中等专业学校附近旅店,长春市,43.476935,124.767648,mobilitybench:5d0f8dfcd8d0444bfc,春海宾馆,吉林省 南关区 东南湖大路1066号,43.851203,125.372512,64.02469732519211
mobilitybench_q_e742d7660774763447,长春市第一中等专业学校附近旅店,长春市,43.476935,124.767648,mobilitybench:be752a0aa58872e3bb,长春福来仕主题宾馆,吉林省 南关区 经济技术开发区仙台大街2485号,43.841797,125.376678,63.610532126923374
mobilitybench_q_e742d7660774763447,长春市第一中等专业学校附近旅店,长春市,43.476935,124.767648,mobilitybench:71c60def0f139d237e,长春太阳花时尚旅馆,吉林省 南关区 长春经济技术开发区天地十二坊C12栋507室,43.845743,125.368395,63.380562164924285
mobilitybench_q_e742d7660774763447,长春市第一中等专业学校附近旅店,长春市,43.476935,124.767648,mobilitybench:97cd43483091e9a11a,紫豪宾馆,吉林省 南关区 珠海南胡同与金川街交叉口西北120米,43.845974,125.369081,63.439187221729526
mobilitybench_q_e742d7660774763447,长春市第一中等专业学校附近旅店,长春市,43.476935,124.767648,mobilitybench:9047d489d16dc3d9d3,太阳花时尚旅馆(珠海路店),吉林省 南关区 经济技术开发区经开四区19栋4门107室,43.846515,125.366907,63.34476644409949
mobilitybench_q_e742d7660774763447,长春市第一中等专业学校附近旅店,长春市,43.476935,124.767648,mobilitybench:10f1d258ded2d19d77,淳雅宾馆(长春国商百货天地十二坊店),吉林省 南关区 临河街与珠海路天地十二坊5016,43.844879,125.365501,63.141213997883796
mobilitybench_q_e742d7660774763447,长春市第一中等专业学校附近旅店,长春市,43.476935,124.767648,mobilitybench:c8be0b8a8451df5682,平安出租公寓,吉林省 南关区 临河街与威海路交汇国商沃尔玛旁边12坊28栋三单元1306室,43.845625,125.366883,63.27941041228863
mobilitybench_q_e742d7660774763447,长春市第一中等专业学校附近旅店,长春市,43.476935,124.767648,mobilitybench:596b650bc1275d792f,长春市第一中等专业学校,吉林省 南关区 东盛街道仙台大街与珠海路交汇,43.846665,125.375290,63.870117011240495
mobilitybench_q_85ae5704a3576601d7,银川兰花花大酒店附近的足疗店,石嘴山市,38.900247,106.812889,mobilitybench:8d6778cb4655d7c5c7,天指道养生馆(江南水乡·景园B区店),宁夏回族自治区 兴庆区 治平路江南水乡B区216号,38.435689,106.282799,69.18358602176632
mobilitybench_q_85ae5704a3576601d7,银川兰花花大酒店附近的足疗店,石嘴山市,38.900247,106.812889,mobilitybench:79eb9b2f1c3179f47a,银川市驰溪沐足养生会所,宁夏回族自治区 兴庆区 医科大南苑二期水木清苑34号商住楼商业101-102,38.437375,106.273467,69.58600199236373
mobilitybench_q_85ae5704a3576601d7,银川兰花花大酒店附近的足疗店,石嘴山市,38.900247,106.812889,mobilitybench:6826d9ae8dfa20858d,水云涧足道(清苑小区店),宁夏回族自治区 兴庆区 宁夏回族自治区银川市兴庆区清苑小区18号楼7商业网点,38.438696,106.272753,69.51893345688008
mobilitybench_q_85ae5704a3576601d7,银川兰花花大酒店附近的足疗店,石嘴山市,38.900247,106.812889,mobilitybench:b454488e86d52914e4,汉方舟足道馆(清苑丰景店),宁夏回族自治区 兴庆区 永安巷清苑二区26号楼商业101室2楼,38.438532,106.272314,69.5581418507512
mobilitybench_q_85ae5704a3576601d7,银川兰花花大酒店附近的足疗店,石嘴山市,38.900247,106.812889,mobilitybench:fe738c66f721945490,郑远元专业修脚房(银川市清苑小区店),宁夏回族自治区 兴庆区 永安巷清苑小区21号楼28号商业网点,38.440292,106.273259,69.35799115452731
mobilitybench_q_85ae5704a3576601d7,银川兰花花大酒店附近的足疗店,石嘴山市,38.900247,106.812889,mobilitybench:6b27a5e7555f4112c9,静心缘养生馆(清苑丰景店),宁夏回族自治区 兴庆区 永安南巷431号么肆烤肉二楼,38.440388,106.273333,69.34575919347587
mobilitybench_q_85ae5704a3576601d7,银川兰花花大酒店附近的足疗店,石嘴山市,38.900247,106.812889,mobilitybench:29fd809cc5c87e081b,足之韵养生,宁夏回族自治区 兴庆区 新一中永安巷445号,38.439821,106.272799,69.42368914278806
mobilitybench_q_85ae5704a3576601d7,银川兰花花大酒店附近的足疗店,石嘴山市,38.900247,106.812889,mobilitybench:5d7df99eaeba78dfaf,悠洋阁足道采耳养生,宁夏回族自治区 兴庆区 清苑丰景,38.439825,106.272725,69.42769938232415
mobilitybench_q_85ae5704a3576601d7,银川兰花花大酒店附近的足疗店,石嘴山市,38.900247,106.812889,mobilitybench:a560cac9d619758ccc,盛世汤泉(银川兴庆区),宁夏回族自治区 兴庆区 宝湖东路康桥水郡一号,38.441575,106.287095,68.44573464554357
mobilitybench_q_85ae5704a3576601d7,银川兰花花大酒店附近的足疗店,石嘴山市,38.900247,106.812889,mobilitybench:ea5f72413598ac704c,探巷采耳SPA馆(金玉广场店),宁夏回族自治区 兴庆区 治平路1号,38.438459,106.269740,69.71510282606562
mobilitybench_q_85ae5704a3576601d7,银川兰花花大酒店附近的足疗店,石嘴山市,38.900247,106.812889,mobilitybench:bcdeaba887304cf1b2,兰花桦酒店(宁夏医科大学总医院店),宁夏回族自治区 兴庆区 胜利街与治平路交叉口739号,38.436484,106.279643,69.3001756055416
mobilitybench_q_f5ef4288b9406486cf,搜索乌兰浩特附近的机场,赤峰市,42.044838,119.291766,mobilitybench:528d3253f94123a05b,乌兰浩特市,内蒙古自治区 乌兰浩特市 乌兰浩特市,46.072233,122.093309,500.5807576616823
mobilitybench_q_30899a06a7f83f6adb,江阴市锡澄路附近卖钢板的,上海市,30.929075,121.490702,mobilitybench:0ae2ae9a2db58f022b,锡澄路,江苏省 江阴市 江阴市,31.765411,120.261080,149.2744605746109
mobilitybench_q_1d3e0a4a3376708713,呃，请你查一下天津。西青区水西公园附近的泰康养老院。,北京市,39.859678,116.267704,mobilitybench:d3ada0eac8a5e719a2,泰康养老(天津环球金融中心店),天津市 和平区 大沽北路2号天津环球金融中心F62层,39.129689,117.202679,114.126849456186
mobilitybench_q_1d3e0a4a3376708713,呃，请你查一下天津。西青区水西公园附近的泰康养老院。,北京市,39.859678,116.267704,mobilitybench:03bf7b713d2bedc2e4,泰康之家·津园,天津市 西青区 西营门街文正路6号,39.107481,117.126160,111.4597739605571
mobilitybench_q_1d3e0a4a3376708713,呃，请你查一下天津。西青区水西公园附近的泰康养老院。,北京市,39.859678,116.267704,mobilitybench:c79b0b06e6dc792fa8,泰康之家·津园超级体验馆,天津市 西青区 一中心医院新院区对面,39.107792,117.127484,111.50886949854014
mobilitybench_q_1d3e0a4a3376708713,呃，请你查一下天津。西青区水西公园附近的泰康养老院。,北京市,39.859678,116.267704,mobilitybench:9d2aedc719d46dbc1d,水西公园,天津市 西青区 中北镇碧欣路侯台装饰城旁,39.113607,117.119901,110.59147308750971
mobilitybench_q_c8bee0bff450cb64b0,建长虹学校附近的塔斯汀门店,株洲市,27.218614,113.571465,mobilitybench:3e3469096b5abd4c57,塔斯汀中国汉堡(广厦御园店),河南省 湛河区 开源路与湛河南路交叉口向南50米路西自北向南第8间门面92-5号,33.726986,113.307904,724.1386333366044
mobilitybench_q_c8bee0bff450cb64b0,建长虹学校附近的塔斯汀门店,株洲市,27.218614,113.571465,mobilitybench:a825c17833c8d35496,塔斯汀中国汉堡(名门天街店),河南省 新华区 名门天街幸运咖旁,33.744175,113.280472,726.1447084808616
mobilitybench_q_c8bee0bff450cb64b0,建长虹学校附近的塔斯汀门店,株洲市,27.218614,113.571465,mobilitybench:d1333fc4b0dec4e1c5,长虹学校,河南省 新华区 凌云路105号,33.750624,113.281964,726.8557819405886
mobilitybench_q_a23c117ff205a0c1a3,北京市。汇贤家园附近的农业银行。,邢台市,37.035223,114.469291,mobilitybench:ed7bcd3b25e7f92d6d,中国农业银行24小时自助银行(东单支行),北京市 东城区 东单三条5号,39.910666,116.417542,361.90848132459104
mobilitybench_q_a23c117ff205a0c1a3,北京市。汇贤家园附近的农业银行。,邢台市,37.035223,114.469291,mobilitybench:c62385367f7355d32d,中国农业银行(北京东单支行),北京市 东城区 东单三条5号(东单地铁站F东北口步行270米),39.910809,116.417747,361.9308058613422
mobilitybench_q_a23c117ff205a0c1a3,北京市。汇贤家园附近的农业银行。,邢台市,37.035223,114.469291,mobilitybench:73520c331908a757db,中国农业银行24小时自助银行(崇文门支行),北京市 东城区 崇文门外大街18号国瑞购物中心1层(崇文门地铁站出入口旁),39.899046,116.419311,360.8464787197635
mobilitybench_q_a23c117ff205a0c1a3,北京市。汇贤家园附近的农业银行。,邢台市,37.035223,114.469291,mobilitybench:913c5a4cf031a7e000,中国农业银行(北京崇文门支行),北京市 东城区 崇文门外大街18号国瑞购物中心F1层(崇文门地铁站出入口旁),39.899059,116.419482,360.8547468016446
mobilitybench_q_a23c117ff205a0c1a3,北京市。汇贤家园附近的农业银行。,邢台市,37.035223,114.469291,mobilitybench:37e16c39eadba9996a,中国农业银行(崇文门支行),北京市 东城区 崇文门外大街18号国瑞购物中心1层,39.899078,116.419515,360.85795125376114
mobilitybench_q_a23c117ff205a0c1a3,北京市。汇贤家园附近的农业银行。,邢台市,37.035223,114.469291,mobilitybench:7220c8469162d92998,中国农业银行(北京银街支行)(不对外开放),北京市 东城区 建国门内大街69号中国农业银行大厦(东单地铁站F东北口旁),39.909299,116.419911,361.8716411613774
mobilitybench_q_a23c117ff205a0c1a3,北京市。汇贤家园附近的农业银行。,邢台市,37.035223,114.469291,mobilitybench:92fd48165272a375c4,中国农业银行(北京崇文支行),北京市 东城区 珠市口东大街1号新阳商务楼A座,39.893608,116.416308,360.19303741338695
mobilitybench_q_a23c117ff205a0c1a3,北京市。汇贤家园附近的农业银行。,邢台市,37.035223,114.469291,mobilitybench:8a55b0733edf2bc6fc,中国农业银行北京东城支行营业室,北京市 东城区 金宝街58号华丽大厦1层,39.915220,116.425013,362.6579982426629
mobilitybench_q_a23c117ff205a0c1a3,北京市。汇贤家园附近的农业银行。,邢台市,37.035223,114.469291,mobilitybench:33ebcee20518e69089,中国农业银行24小时自助银行(北京东城支行),北京市 东城区 金宝街58号,39.915260,116.424990,362.6609637053166
mobilitybench_q_a23c117ff205a0c1a3,北京市。汇贤家园附近的农业银行。,邢台市,37.035223,114.469291,mobilitybench:39c5b8cf3696e2df74,中国农业银行24小时自助银行(北京先农坛支行),北京市 西城区 天桥市场斜街45号(天桥地铁站A西北口步行170米),39.883937,116.396909,358.4565553093526
mobilitybench_q_a23c117ff205a0c1a3,北京市。汇贤家园附近的农业银行。,邢台市,37.035223,114.469291,mobilitybench:d0bbd7566eaf32be4d,北京市人民政府(旧址),北京市 东城区 正义路2号,39.904179,116.407387,360.86113012112554
mobilitybench_q_e718afa5753f480ff2,华阴市附近的CNG加气站,西安市,34.352654,108.883926,mobilitybench:4a866452c287b8aa85,逸华CNG加气站,陕西省 华阴市 东环路与310国道交叉口北140米,34.573662,110.117109,115.69653310389712
mobilitybench_q_e718afa5753f480ff2,华阴市附近的CNG加气站,西安市,34.352654,108.883926,mobilitybench:505c70b248e65e61a9,陕西燃气华山服务区北区LNG加气站,陕西省 华阴市 连霍高速华山服务区北区,34.540598,110.062515,110.07489192956643
mobilitybench_q_e718afa5753f480ff2,华阴市附近的CNG加气站,西安市,34.352654,108.883926,mobilitybench:d1ec090da52258390b,陕西燃气华山服务区南区LNG加气站,陕西省 华阴市 连霍高速华山服务区南区,34.537588,110.065210,110.25653338947022
mobilitybench_q_e718afa5753f480ff2,华阴市附近的CNG加气站,西安市,34.352654,108.883926,mobilitybench:c469ab3445754b2626,华阴市,陕西省 华阴市 华阴市,34.566552,110.092286,113.30981511332956
mobilitybench_q_cc924594c859ca05c1,查找广州塔附近的地铁站,东莞市,23.020035,113.842640,mobilitybench:9d5845d5a37193ff34,广州塔(地铁站),广东省 海珠区 3号线;APM线,23.106483,113.323464,53.97841546521109
mobilitybench_q_cc924594c859ca05c1,查找广州塔附近的地铁站,东莞市,23.020035,113.842640,mobilitybench:3740e39a1d14f0c78b,赤岗塔(地铁站),广东省 海珠区 12号线,23.102133,113.324659,53.77473724055237
mobilitybench_q_cc924594c859ca05c1,查找广州塔附近的地铁站,东莞市,23.020035,113.842640,mobilitybench:d8df59da2c2868c83c,海心沙(地铁站),广东省 天河区 APM线,23.111378,113.324063,54.01685898752302
mobilitybench_q_cc924594c859ca05c1,查找广州塔附近的地铁站,东莞市,23.020035,113.842640,mobilitybench:4bac1da939437b5bfd,大剧院(地铁站),广东省 天河区 APM线,23.115804,113.324428,54.07409120426607
mobilitybench_q_cc924594c859ca05c1,查找广州塔附近的地铁站,东莞市,23.020035,113.842640,mobilitybench:a8462787a0316698f0,客村(地铁站),广东省 海珠区 3号线;8号线,23.096197,113.320331,54.10508307369751
mobilitybench_q_cc924594c859ca05c1,查找广州塔附近的地铁站,东莞市,23.020035,113.842640,mobilitybench:3fd8ba8934a184d30f,花城大道(地铁站),广东省 天河区 APM线,23.119227,113.324521,54.140358653689006
mobilitybench_q_cc924594c859ca05c1,查找广州塔附近的地铁站,东莞市,23.020035,113.842640,mobilitybench:6c1e28a0a47100319b,珠江新城(地铁站),广东省 天河区 3号线;5号线,23.119366,113.321202,54.4759286705596
mobilitybench_q_cc924594c859ca05c1,查找广州塔附近的地铁站,东莞市,23.020035,113.842640,mobilitybench:cc63421c3c4074b739,赤岗(地铁站),广东省 海珠区 12号线;8号线,23.096448,113.334582,52.669958298862895
mobilitybench_q_cc924594c859ca05c1,查找广州塔附近的地铁站,东莞市,23.020035,113.842640,mobilitybench:aa69dea7b86b3770be,猎德(地铁站),广东省 天河区 5号线,23.118539,113.332105,53.36537744521683
mobilitybench_q_cc924594c859ca05c1,查找广州塔附近的地铁站,东莞市,23.020035,113.842640,mobilitybench:8a22189840d2e709b7,妇儿中心(地铁站),广东省 天河区 APM线,23.122553,113.324558,54.21256991830246
mobilitybench_q_cc924594c859ca05c1,查找广州塔附近的地铁站,东莞市,23.020035,113.842640,mobilitybench:a87de463e67b7f8b81,广州塔,广东省 海珠区 赤岗街道新鸿社区滨江东路222号,23.106428,113.324521,53.87092826629758
mobilitybench_q_71b616b9ed01c7e079,离银泰城最近的轻轨站是哪一站,金华市,29.284022,120.208303,mobilitybench:d9153c7b623e627f77,金华站(地铁站),浙江省 婺城区 金义东线,29.107367,119.636326,58.893401720856765
mobilitybench_q_71b616b9ed01c7e079,离银泰城最近的轻轨站是哪一站,金华市,29.284022,120.208303,mobilitybench:0bf2fb34592fe59dfc,双溪西路(地铁站),浙江省 婺城区 金义东线,29.088008,119.643743,58.981134466853604
mobilitybench_q_71b616b9ed01c7e079,离银泰城最近的轻轨站是哪一站,金华市,29.284022,120.208303,mobilitybench:cc2b2cc2eb75810d3c,八一南街(地铁站),浙江省 婺城区 金义东线,29.081611,119.654743,58.262833079752156
mobilitybench_q_71b616b9ed01c7e079,离银泰城最近的轻轨站是哪一站,金华市,29.284022,120.208303,mobilitybench:81c30eb6fc3833421f,万达广场(地铁站),浙江省 金东区 金义东线,29.088454,119.675717,56.08926596951289
mobilitybench_q_71b616b9ed01c7e079,离银泰城最近的轻轨站是哪一站,金华市,29.284022,120.208303,mobilitybench:58437da0ecee023d7e,大堰河街(地铁站),浙江省 金东区 金义东线,29.097496,119.702613,53.290767250448134
mobilitybench_q_71b616b9ed01c7e079,离银泰城最近的轻轨站是哪一站,金华市,29.284022,120.208303,mobilitybench:88aa1ac18588b45cc5,轨道大厦(地铁站),浙江省 金东区 金义东线,29.097531,119.721249,51.627581690512194
mobilitybench_q_71b616b9ed01c7e079,离银泰城最近的轻轨站是哪一站,金华市,29.284022,120.208303,mobilitybench:d1d1f09e2b9a8b6b50,银泰百货(金华江北店),浙江省 婺城区 解放东路168号,29.103787,119.654134,57.40533745084395
mobilitybench_q_4a45ebd230cd8dd79b,八一公园附近的农商银行,德州市,37.773153,117.391413,mobilitybench:ae2b7ec4a69fdae9dd,包头农商银行(钢铁大街支行),内蒙古自治区 昆都仑区 钢铁大街86号新邮电大厦F1层,40.657444,109.821142,726.4250430646823
mobilitybench_q_4a45ebd230cd8dd79b,八一公园附近的农商银行,德州市,37.773153,117.391413,mobilitybench:ac544289ec77170a0f,包头农商银行24小时自助银行(八一公园支行),内蒙古自治区 昆都仑区 钢铁大街88-5号附近,40.657450,109.821030,726.4339591203669
mobilitybench_q_4a45ebd230cd8dd79b,八一公园附近的农商银行,德州市,37.773153,117.391413,mobilitybench:1715a03fec70c1aa7a,内蒙古农商银行(少先路女商支行),内蒙古自治区 昆都仑区 市府西路76号,40.652893,109.836176,725.0604167806873
mobilitybench_q_4a45ebd230cd8dd79b,八一公园附近的农商银行,德州市,37.773153,117.391413,mobilitybench:905bf4a7cd25547bc2,包头农商银行24小时自助银行(青年路支行),内蒙古自治区 昆都仑区 蒙古族幼儿园北门西80米,40.664132,109.817554,727.0018210329042
mobilitybench_q_4a45ebd230cd8dd79b,八一公园附近的农商银行,德州市,37.773153,117.391413,mobilitybench:11a4c65c2585459b7d,内蒙古农商银行(包头青年路支行),内蒙古自治区 昆都仑区 青年路福清渔港综合楼1层,40.664273,109.817790,726.9899340054595
mobilitybench_q_4a45ebd230cd8dd79b,八一公园附近的农商银行,德州市,37.773153,117.391413,mobilitybench:a24fcd7081e08ef6b0,包头农商银行(林荫南路支行),内蒙古自治区 昆都仑区 林荫路街道林荫南路285号底店(后套美食旁边),40.641948,109.820594,725.7750168032431
mobilitybench_q_4a45ebd230cd8dd79b,八一公园附近的农商银行,德州市,37.773153,117.391413,mobilitybench:eac9e61883c60c8aed,内蒙古农商银行(包头林荫南路支行),内蒙古自治区 昆都仑区 林荫中路与昆工路交叉口南100米,40.641938,109.820595,725.7744938215523
mobilitybench_q_4a45ebd230cd8dd79b,八一公园附近的农商银行,德州市,37.773153,117.391413,mobilitybench:0641481828ab742f0d,内蒙古农商银行(包头鹿颐支行),内蒙古自治区 昆都仑区 森茂华庭东门旁,40.644879,109.810235,726.7063879671311
mobilitybench_q_4a45ebd230cd8dd79b,八一公园附近的农商银行,德州市,37.773153,117.391413,mobilitybench:cc90409c568ebaebfd,内蒙古农商银行(恰特分行),内蒙古自治区 昆都仑区 白云路街道白云路8号,40.670313,109.813340,727.6044870696979
mobilitybench_q_4a45ebd230cd8dd79b,八一公园附近的农商银行,德州市,37.773153,117.391413,mobilitybench:1e7aa88ed185462b9d,包头农商银行(昆都仑支行),内蒙古自治区 昆都仑区 钢铁大街与民族东路交叉口凯旋银河线109二楼,40.656915,109.848235,724.3101937785606
mobilitybench_q_4a45ebd230cd8dd79b,八一公园附近的农商银行,德州市,37.773153,117.391413,mobilitybench:67eb4e896e5d744ed0,八一公园,内蒙古自治区 昆都仑区 钢铁大街62号,40.655472,109.824276,726.094744700816
mobilitybench_q_8950b735b29fada3ee,附近24小时营业的加油站,永州市,25.591683,111.934207,mobilitybench:3794798e78659087f1,中国油联芦江加油站,湖南省 东安县 芦江村,26.595425,111.489289,120.1291628098918
mobilitybench_q_8950b735b29fada3ee,附近24小时营业的加油站,永州市,25.591683,111.934207,mobilitybench:50f5fd2a281c2ad0e7,中国石化东安灵心加油站,湖南省 东安县 芦洪市镇(省道s217号西侧)101一201,26.606871,111.494689,121.11533155636924
mobilitybench_q_8950b735b29fada3ee,附近24小时营业的加油站,永州市,25.591683,111.934207,mobilitybench:91cf06732457834854,中国国际能源芦洪加油站,湖南省 东安县 镇应阳路和217省道交叉口,26.608486,111.494928,121.27397956693396
mobilitybench_q_8950b735b29fada3ee,附近24小时营业的加油站,永州市,25.591683,111.934207,mobilitybench:719c75f2d29f8002e1,亚孚加油站,湖南省 东安县 芦花北路,26.617714,111.493710,122.2742485809985
mobilitybench_q_8950b735b29fada3ee,附近24小时营业的加油站,永州市,25.591683,111.934207,mobilitybench:1a2664d5ba9ac12b5c,伍家桥石化加油站,湖南省 东安县 014县道西南40米,26.629307,111.463741,124.57432310425165
mobilitybench_q_8950b735b29fada3ee,附近24小时营业的加油站,永州市,25.591683,111.934207,mobilitybench:b4a640e91efd5019f3,湘业石油加油站,"湖南省 东安县 鹿马桥镇,014县道四塘村路段",26.566574,111.444684,118.91771172995011
mobilitybench_q_8950b735b29fada3ee,附近24小时营业的加油站,永州市,25.591683,111.934207,mobilitybench:ceb2a8da6d42f1ff37,中化石油开胜加油站,湖南省 东安县 芦洪市镇赵家井村,26.570194,111.512072,116.68771926980962
mobilitybench_q_8950b735b29fada3ee,附近24小时营业的加油站,永州市,25.591683,111.934207,mobilitybench:7ca50e77e187f951a9,中澳石化加油站,湖南省 东安县 镇二广高速进岀口外,26.657188,111.500716,126.1353278147032
mobilitybench_q_8950b735b29fada3ee,附近24小时营业的加油站,永州市,25.591683,111.934207,mobilitybench:a37e1dece36473b7d3,湘业石化加油站,湖南省 东安县 014县道东北侧,26.673258,111.419695,130.77416834939535
mobilitybench_q_8950b735b29fada3ee,附近24小时营业的加油站,永州市,25.591683,111.934207,mobilitybench:6f9a6ec1a716c53671,永州红狮水泥有限公司,湖南省 东安县 芦江村一组,26.600110,111.475529,121.12586538055635
mobilitybench_q_0572ef3c0245245a29,徐州开化殡仪馆附近的充电桩,杭州市,30.220702,119.714748,mobilitybench:3d2c77a7acab90a07a,蔚来换电站(开化龙顶服务区长沙方向),浙江省 开化县 星华路41号,29.082422,118.322989,184.68023503959785
mobilitybench_q_0572ef3c0245245a29,徐州开化殡仪馆附近的充电桩,杭州市,30.220702,119.714748,mobilitybench:d0d7cdab440364317d,蔚来换电站(开化龙顶服务区杭州方向),浙江省 开化县 G6021杭长高速与开化龙顶服务区交叉口西南380米,29.080758,118.322010,184.87674760177714
mobilitybench_q_0572ef3c0245245a29,徐州开化殡仪馆附近的充电桩,杭州市,30.220702,119.714748,mobilitybench:9f35d5c506b8472f7e,蔚来超充站(开化龙顶服务区杭州方向),浙江省 开化县 开化龙顶服务区,29.080769,118.322003,184.8763960899617
mobilitybench_q_0572ef3c0245245a29,徐州开化殡仪馆附近的充电桩,杭州市,30.220702,119.714748,mobilitybench:ce27c1984b506668ea,国家电网汽车充电站(杭新景高速开化龙顶服务区杭州方向),浙江省 开化县 杭新景高速开化龙顶服务区北区(池淮镇星口村),29.082447,118.322732,184.69640297706843
mobilitybench_q_0572ef3c0245245a29,徐州开化殡仪馆附近的充电桩,杭州市,30.220702,119.714748,mobilitybench:df7dcbbe2c589f5eab,理想超级充电站(理想5C超充站杭长高速开化龙顶服务区杭州方向),浙江省 开化县 开化龙顶服务区,29.080828,118.321750,184.88966764411114
mobilitybench_q_0572ef3c0245245a29,徐州开化殡仪馆附近的充电桩,杭州市,30.220702,119.714748,mobilitybench:600fa1b4b840d42240,广汽能源汽车充电站(广汽能源杭长高速开化龙顶服务区长沙方向超充站),浙江省 开化县 开化龙顶服务区(长沙方向),29.082193,118.322136,184.75782337476164
mobilitybench_q_0572ef3c0245245a29,徐州开化殡仪馆附近的充电桩,杭州市,30.220702,119.714748,mobilitybench:9a85f427171b624277,理想超级充电站(理想5C超充站杭长高速开化龙顶服务区长沙方向),浙江省 开化县 开化龙顶服务区,29.082241,118.321846,184.77455477703123
mobilitybench_q_0572ef3c0245245a29,徐州开化殡仪馆附近的充电桩,杭州市,30.220702,119.714748,mobilitybench:8a1c3726756120f27e,开化龙顶服务区国家电网汽车充电站,浙江省 开化县 开化龙顶服务区与G6021杭长高速交叉口东360米地面停车场,29.080443,118.321049,184.96851717294146
mobilitybench_q_0572ef3c0245245a29,徐州开化殡仪馆附近的充电桩,杭州市,30.220702,119.714748,mobilitybench:c5ae2ee922fb475de0,广汽能源汽车充电站(广汽能源杭长高速开化龙顶服务区杭州方向超充站),浙江省 开化县 开化龙顶服务区(杭州方向),29.080589,118.320867,184.97012486989058
mobilitybench_q_0572ef3c0245245a29,徐州开化殡仪馆附近的充电桩,杭州市,30.220702,119.714748,mobilitybench:0c3bd4279ca48f14bd,国家电网汽车充电站(杭长高速开化龙顶服务区充电站二期杭州方向),浙江省 开化县 池淮镇开化龙顶服务区,29.081018,118.320830,184.9398308932778
mobilitybench_q_0572ef3c0245245a29,徐州开化殡仪馆附近的充电桩,杭州市,30.220702,119.714748,mobilitybench:db600eb21c47ab0cba,开化县殡仪馆,浙江省 开化县 池淮镇,29.076179,118.337800,184.12275081749735
mobilitybench_q_207771b5399f7dba5b,鹿城有没有中国石油加油站,乌鲁木齐市,43.901281,87.605961,mobilitybench:c50ff4968ca1c56061,中国石油永嘉三桥加油站(林垟南路),浙江省 永嘉县 林垟街86-88号,28.045886,120.623277,3421.118368701868
mobilitybench_q_207771b5399f7dba5b,鹿城有没有中国石油加油站,乌鲁木齐市,43.901281,87.605961,mobilitybench:e7911c2459c380d711,中国石油加油站(温州中油冶金加油站有限公司),浙江省 鹿城区 府东路856号,28.004512,120.700958,3429.919497796335
mobilitybench_q_207771b5399f7dba5b,鹿城有没有中国石油加油站,乌鲁木齐市,43.901281,87.605961,mobilitybench:73ba7c3957e48f8e5c,中国石油加油站(娄东大街),浙江省 瓯海区 娄东大街354-482号,27.975035,120.611772,3425.307530429235
mobilitybench_q_207771b5399f7dba5b,鹿城有没有中国石油加油站,乌鲁木齐市,43.901281,87.605961,mobilitybench:dbbc96a2ea7affcf92,中国石油温州好客加油站,浙江省 鹿城区 滨江街道会展路1118号,28.003039,120.728367,3432.089491730254
mobilitybench_q_207771b5399f7dba5b,鹿城有没有中国石油加油站,乌鲁木齐市,43.901281,87.605961,mobilitybench:4bd1dbc90f33e14cb7,中国石油罗东加油站,浙江省 永嘉县 三江街道芦田村,28.093017,120.703149,3423.7813984949025
mobilitybench_q_207771b5399f7dba5b,鹿城有没有中国石油加油站,乌鲁木齐市,43.901281,87.605961,mobilitybench:72d42eb2fb8cbee629,中国石油温州龙湾文泰加油站,浙江省 龙湾区 温州大道200号,27.972642,120.743195,3435.374275550306
mobilitybench_q_207771b5399f7dba5b,鹿城有没有中国石油加油站,乌鲁木齐市,43.901281,87.605961,mobilitybench:5677928ed3b2ea64b7,鹿城区,浙江省 鹿城区 鹿城区,28.015776,120.655199,3425.6694838870626
mobilitybench_q_2eec1be906f16d237e,华东农产品交易中心附近的酒店,中山市,22.600765,113.488441,mobilitybench:c31a60fb577849a5d6,格林豪泰智选酒店(盐城南洋机场环保产业园店),江苏省 亭湖区 南洋镇环保产业园凤翔路1号,33.440205,120.259904,1375.4960853937237
mobilitybench_q_2eec1be906f16d237e,华东农产品交易中心附近的酒店,中山市,22.600765,113.488441,mobilitybench:8eeaee89072a56160e,金山商务酒店(经一路),江苏省 亭湖区 迎宾大道888号环保产业园经一路民宿客栈酒店空调房公共浴室情侣,33.440312,120.261331,1375.5736183588235
mobilitybench_q_2eec1be906f16d237e,华东农产品交易中心附近的酒店,中山市,22.600765,113.488441,mobilitybench:0b28017166a04dde54,盐城畅春园宾馆,江苏省 亭湖区 瑞鹤路富民蔬菜市场南100米,33.442339,120.265994,1375.9876474536609
mobilitybench_q_2eec1be906f16d237e,华东农产品交易中心附近的酒店,中山市,22.600765,113.488441,mobilitybench:6ccf2b93aceae6746a,东郊旅馆,江苏省 亭湖区 江苏盐环实业有限公司东北门西南70米,33.437572,120.251079,1374.8279666325802
mobilitybench_q_2eec1be906f16d237e,华东农产品交易中心附近的酒店,中山市,22.600765,113.488441,mobilitybench:99616062622dd1afd6,盐城蓝海商务宾馆,江苏省 亭湖区 南洋镇盐海公路999号,33.436503,120.245502,1374.462882272228
mobilitybench_q_2eec1be906f16d237e,华东农产品交易中心附近的酒店,中山市,22.600765,113.488441,mobilitybench:36e0fccc8d1671003f,唐城大酒店,江苏省 亭湖区 新生路与建军东路交叉口北120米,33.436895,120.243128,1374.3886802960071
mobilitybench_q_2eec1be906f16d237e,华东农产品交易中心附近的酒店,中山市,22.600765,113.488441,mobilitybench:ac171a40cfaafb614f,向阳商务宾馆,江苏省 亭湖区 爱嘉元宾馆东南门旁,33.434991,120.240007,1374.05932635909
mobilitybench_q_2eec1be906f16d237e,华东农产品交易中心附近的酒店,中山市,22.600765,113.488441,mobilitybench:b03c1245a7040fd333,爱嘉元宾馆,江苏省 亭湖区 南洋镇盐海路南洋公园南门向西100米,33.435297,120.239869,1374.0821571741697
mobilitybench_q_2eec1be906f16d237e,华东农产品交易中心附近的酒店,中山市,22.600765,113.488441,mobilitybench:598f8c684d708458c8,盐城美之家宾馆,江苏省 亭湖区 南洋镇盐海路48号财富大酒店四楼,33.434883,120.237716,1373.9411712074038
mobilitybench_q_2eec1be906f16d237e,华东农产品交易中心附近的酒店,中山市,22.600765,113.488441,mobilitybench:dc3f67f196468842d1,盐城美家宾馆,江苏省 亭湖区 南洋镇盐海路48号财富大酒店四楼,33.434883,120.237716,1373.9411712074038
mobilitybench_q_2eec1be906f16d237e,华东农产品交易中心附近的酒店,中山市,22.600765,113.488441,mobilitybench:d788a3ca8f92123d50,华东盐城农产品交易中心,江苏省 亭湖区,33.442114,120.260009,1375.6838646372912
mobilitybench_q_a401cf9f704621b7ef,叶县附近的生机加气站。,资阳市,29.973810,105.596792,mobilitybench:859d5c1b38b8dccd4a,叶县,河南省 叶县 叶县,33.627437,113.357476,838.0454809875196
mobilitybench_q_4d2a9e5b4891827662,万载附近的村委会。万店。,随州市,31.813614,113.514645,mobilitybench:85f91e2222e16a7066,万载县,江西省 万载县 万载县,28.106201,114.445477,421.8796940714683
mobilitybench_q_e2bcf85b85dd71110f,寻甸附近SUV360改装店,福州市,26.103241,119.287381,mobilitybench:01e6fbdfaf026a1d74,寻甸回族彝族自治县,云南省 寻甸回族彝族自治县 寻甸回族彝族自治县,25.558163,103.256559,1604.5810674445047
mobilitybench_q_bc34d2664e19443891,请帮我查一下宁夏医科大附属医院附近的建设银行,吴忠市,37.901343,105.940921,mobilitybench:9c457b7adee5d4259a,中国建设银行ATM(胜利街分理处),宁夏回族自治区 兴庆区 中国人民解放军第五医院,38.432052,106.280506,66.0589270299832
mobilitybench_q_bc34d2664e19443891,请帮我查一下宁夏医科大附属医院附近的建设银行,吴忠市,37.901343,105.940921,mobilitybench:65ba842556bcda57bf,中国建设银行24小时自助银行(胜利南街支行),宁夏回族自治区 兴庆区 胜利南街双怡苑4号楼7-8号,38.438255,106.271239,66.31852779075506
mobilitybench_q_bc34d2664e19443891,请帮我查一下宁夏医科大附属医院附近的建设银行,吴忠市,37.901343,105.940921,mobilitybench:f605634bda9b559987,建行银川胜利南街支行,宁夏回族自治区 兴庆区 胜利南街双怡苑4号楼7-8号,38.438284,106.271265,66.32241785735914
mobilitybench_q_bc34d2664e19443891,请帮我查一下宁夏医科大附属医院附近的建设银行,吴忠市,37.901343,105.940921,mobilitybench:75b5f672c5635da154,中国建设银行(康桥水郡支行),宁夏回族自治区 兴庆区 宝湖东路520号,38.441031,106.288977,67.28313807302814
mobilitybench_q_bc34d2664e19443891,请帮我查一下宁夏医科大附属医院附近的建设银行,吴忠市,37.901343,105.940921,mobilitybench:3fef4e6ab5d91987b6,中国建设银行(银川南桥支行),宁夏回族自治区 兴庆区 胜利街417号天丰投资大厦F1层,38.445999,106.281091,67.46919826503358
mobilitybench_q_bc34d2664e19443891,请帮我查一下宁夏医科大附属医院附近的建设银行,吴忠市,37.901343,105.940921,mobilitybench:7c2bfa0f9201128831,中国建设银行24小时自助银行(南桥支行),宁夏回族自治区 兴庆区 胜利街417号天丰投资大厦F1层,38.446021,106.281139,67.47324145913018
mobilitybench_q_bc34d2664e19443891,请帮我查一下宁夏医科大附属医院附近的建设银行,吴忠市,37.901343,105.940921,mobilitybench:6c96385e3d697b2029,中国建设银行(星光华支行),宁夏回族自治区 兴庆区 民族南街星光花园14号,38.446246,106.269722,67.06192656667676
mobilitybench_q_bc34d2664e19443891,请帮我查一下宁夏医科大附属医院附近的建设银行,吴忠市,37.901343,105.940921,mobilitybench:ee25e9328cc4c981fb,中国建设银行(银川永安街支行),宁夏回族自治区 兴庆区 长城路永安巷永乐家园9号楼营业房,38.451864,106.276584,67.88348037957793
mobilitybench_q_bc34d2664e19443891,请帮我查一下宁夏医科大附属医院附近的建设银行,吴忠市,37.901343,105.940921,mobilitybench:21633e28aac742d3a4,中国建设银行24小时自助银行(银川永安街支行),宁夏回族自治区 兴庆区 永安巷与南塘巷交叉口西南100米,38.451901,106.276636,67.88915183302241
mobilitybench_q_bc34d2664e19443891,请帮我查一下宁夏医科大附属医院附近的建设银行,吴忠市,37.901343,105.940921,mobilitybench:991944700446375b74,中国建设银行(银川宝湖西路支行),宁夏回族自治区 金凤区 宝湖中路,38.444354,106.255494,66.34700459146285
mobilitybench_q_bc34d2664e19443891,请帮我查一下宁夏医科大附属医院附近的建设银行,吴忠市,37.901343,105.940921,mobilitybench:d504337401174894a4,宁夏医科大学总医院,宁夏回族自治区 兴庆区 胜利南街804号,38.433555,106.276807,66.06376571068728
mobilitybench_q_4b6126ddc5584b3a4b,杭州奥体中心附近的酒店,苏州市,31.330925,120.609190,mobilitybench:cca7604043e8e72349,杭州奥体中心希尔顿欢朋酒店,浙江省 滨江区 奥体中心地铁站D5口步行260米,30.226394,120.227688,128.11166342295647
mobilitybench_q_4b6126ddc5584b3a4b,杭州奥体中心附近的酒店,苏州市,31.330925,120.609190,mobilitybench:4923e1ec80da1f0430,伊奢公寓(杭州奥体博览城店),浙江省 滨江区 西兴街道绿地旭辉大厦一楼,30.224986,120.230645,128.18185895243047
mobilitybench_q_4b6126ddc5584b3a4b,杭州奥体中心附近的酒店,苏州市,31.330925,120.609190,mobilitybench:1936eff1dc2ca5da6c,杭州新旗公寓(奥体中心国际博览中心店),浙江省 滨江区 丹枫路和飞虹路交叉口丹枫路20号绿地旭辉大厦8号楼21层,30.224792,120.230561,128.20482861540717
mobilitybench_q_4b6126ddc5584b3a4b,杭州奥体中心附近的酒店,苏州市,31.330925,120.609190,mobilitybench:ec7d8583e4518d60b8,云熙公寓(杭州奥体博览城店),浙江省 滨江区 丹枫路20号旭辉大厦2512号,30.224812,120.230511,128.20404173649632
mobilitybench_q_4b6126ddc5584b3a4b,杭州奥体中心附近的酒店,苏州市,31.330925,120.609190,mobilitybench:d727bb96f49d1cf2d0,杭州依达公寓酒店(奥体国际博览中心店),浙江省 滨江区 丹枫路20号旭辉大厦,30.224825,120.230549,128.2016299631073
mobilitybench_q_4b6126ddc5584b3a4b,杭州奥体中心附近的酒店,苏州市,31.330925,120.609190,mobilitybench:4bcee16fe54157ea1c,奥乐居景观公寓(杭州奥体中心体育场店),浙江省 滨江区 丹枫路20号旭辉大厦702B室,30.224705,120.230443,128.21729479174172
mobilitybench_q_4b6126ddc5584b3a4b,杭州奥体中心附近的酒店,苏州市,31.330925,120.609190,mobilitybench:3d6ec93777467b234b,杭州与夏公寓(奥体博览城店),浙江省 滨江区 丹枫路20号旭辉大厦1楼,30.224722,120.230514,128.21356651611939
mobilitybench_q_4b6126ddc5584b3a4b,杭州奥体中心附近的酒店,苏州市,31.330925,120.609190,mobilitybench:7ba313b503736f46bc,杭州紫城公寓(奥体博览城店),浙江省 滨江区 丹枫路20号旭辉大厦1楼,30.224785,120.230562,128.20554877526044
mobilitybench_q_4b6126ddc5584b3a4b,杭州奥体中心附近的酒店,苏州市,31.330925,120.609190,mobilitybench:f294e2c08b33d6a415,杭州屿霖公寓(滨江奥体中心店),浙江省 滨江区 西兴街道绿地旭辉大厦1212室,30.224866,120.230623,128.19525957040665
mobilitybench_q_4b6126ddc5584b3a4b,杭州奥体中心附近的酒店,苏州市,31.330925,120.609190,mobilitybench:14212a4692168ec751,杭州奥旭酒店,浙江省 滨江区 丹枫路20号绿地旭辉大厦,30.224821,120.230590,128.20095182950232
mobilitybench_q_4b6126ddc5584b3a4b,杭州奥体中心附近的酒店,苏州市,31.330925,120.609190,mobilitybench:5d9340766d4fef39d0,杭州奥林匹克体育中心,浙江省 滨江区 飞虹路3号,30.228173,120.230349,127.84974837818456
mobilitybench_q_0eb37044a498ba5313,兰州市离我最近的专卖店,临夏回族自治州,35.454876,103.627340,mobilitybench:6561d74b9b0d5aab53,丁丁当当烟酒店,甘肃省 城关区 静宁路298号IBC中海国际大厦,36.058648,103.832153,69.63375235390389
mobilitybench_q_0eb37044a498ba5313,兰州市离我最近的专卖店,临夏回族自治州,35.454876,103.627340,mobilitybench:fa25d64b5e579dbced,白记牛羊肉专卖店,甘肃省 城关区 张掖路34号会馆巷小区(省政府地铁站A口步行360米),36.059257,103.830939,69.67005891596007
mobilitybench_q_0eb37044a498ba5313,兰州市离我最近的专卖店,临夏回族自治州,35.454876,103.627340,mobilitybench:1ee9ca875951221c3a,鼎鑫盛烟酒店,甘肃省 城关区 泰生大厦B座北门旁(省政府地铁站A口步行350米),36.058760,103.830680,69.61060393015467
mobilitybench_q_0eb37044a498ba5313,兰州市离我最近的专卖店,临夏回族自治州,35.454876,103.627340,mobilitybench:a0a063fe34a7fa1d7a,徐程茶叶店(泰生大厦店),甘肃省 城关区 张掖路19号泰生大厦F1层,36.058805,103.830484,69.6107700939844
mobilitybench_q_0eb37044a498ba5313,兰州市离我最近的专卖店,临夏回族自治州,35.454876,103.627340,mobilitybench:6c07d8b2dd8fb1c9cc,酒泉市特色农产品直营店,甘肃省 城关区 金昌北路与南滨河东路交叉口南180米,36.060737,103.838985,70.02328306756881
mobilitybench_q_0eb37044a498ba5313,兰州市离我最近的专卖店,临夏回族自治州,35.454876,103.627340,mobilitybench:2a52957d6298b9c70f,华西美塑小资生活美容店,甘肃省 城关区 五福巷2-12东方小区综合楼,36.056592,103.833487,69.44557129970326
mobilitybench_q_0eb37044a498ba5313,兰州市离我最近的专卖店,临夏回族自治州,35.454876,103.627340,mobilitybench:4036d101ecd2ec37a0,烟酒专卖,甘肃省 城关区 武都路与静宁北路交叉口西北20米,36.056791,103.831695,69.42375906723856
mobilitybench_q_0eb37044a498ba5313,兰州市离我最近的专卖店,临夏回族自治州,35.454876,103.627340,mobilitybench:7b96741dccd5013143,马栗乐顺达烟酒百货店,甘肃省 城关区 民勤街57号,36.055994,103.835555,69.43179164346685
mobilitybench_q_0eb37044a498ba5313,兰州市离我最近的专卖店,临夏回族自治州,35.454876,103.627340,mobilitybench:ea9448415dc813eac3,甘慕羊乳专营店,甘肃省 城关区 箭道巷108-2(省政府地铁站A口步行370米),36.061445,103.828151,69.83901371793385
mobilitybench_q_0eb37044a498ba5313,兰州市离我最近的专卖店,临夏回族自治州,35.454876,103.627340,mobilitybench:be3b6e3fa010b2c147,荣耀授权专卖店(兰州华庭街店),甘肃省 城关区 武都路东口华庭街1号荣耀手机店,36.056484,103.837683,69.53639809969954
mobilitybench_q_0eb37044a498ba5313,兰州市离我最近的专卖店,临夏回族自治州,35.454876,103.627340,mobilitybench:a7a40305d7719bb06d,兰州市,甘肃省 城关区 城关区,36.060798,103.834228,69.91397168380855
mobilitybench_q_835de0fe98c87fceac,上海市松江区沪亭南路附近电信营业厅,宿州市,34.417575,116.387688,mobilitybench:319a06ef81b9721ecd,中国电信股份有限公司上海松江电信局九亭分局,上海市 松江区 九亭大街890号,31.126811,121.318113,588.4079815670956
mobilitybench_q_835de0fe98c87fceac,上海市松江区沪亭南路附近电信营业厅,宿州市,34.417575,116.387688,mobilitybench:92028d1ed5bd51d5c3,工会驿站-中国电信上海莘东路营业厅户外职工爱心接力站,上海市 闵行区 莘庄镇莘东路199号,31.108875,121.377025,593.9977904900645
mobilitybench_q_835de0fe98c87fceac,上海市松江区沪亭南路附近电信营业厅,宿州市,34.417575,116.387688,mobilitybench:1e4c73da90dba0e799,中国电信(上海莘东路营业厅),上海市 闵行区 莘东路199号,31.107025,121.377775,594.1839231699049
mobilitybench_q_835de0fe98c87fceac,上海市松江区沪亭南路附近电信营业厅,宿州市,34.417575,116.387688,mobilitybench:8d9c8e60129fafece8,中国电信莘建分局(水清),上海市 闵行区 莘庄镇水清路雅致路185号(莘庄地铁站北1口步行470米),31.114782,121.381868,593.9350300717653
mobilitybench_q_835de0fe98c87fceac,上海市松江区沪亭南路附近电信营业厅,宿州市,34.417575,116.387688,mobilitybench:cce8853f683fa783ed,中国电信上海公司莘闵局莘建分局,上海市 闵行区 莘庄镇雅致路185号,31.114787,121.382119,593.9531102389742
mobilitybench_q_835de0fe98c87fceac,上海市松江区沪亭南路附近电信营业厅,宿州市,34.417575,116.387688,mobilitybench:0466aa11ce78ff95f1,中国电信公用电话亭,上海市 闵行区 春光路与银都路交叉口西北100米,31.088636,121.383635,595.9185126690261
mobilitybench_q_835de0fe98c87fceac,上海市松江区沪亭南路附近电信营业厅,宿州市,34.417575,116.387688,mobilitybench:b4a10222460f213be4,中国电信股份有限公司上海松江电信局(新桥分局),上海市 松江区 新北街335号,31.064050,121.315648,592.7161507242959
mobilitybench_q_835de0fe98c87fceac,上海市松江区沪亭南路附近电信营业厅,宿州市,34.417575,116.387688,mobilitybench:203d310f6cbfe3f7dd,中国电信(临港微厅)(暂停营业),上海市 松江区 莘砖公路518号11号楼3层临港电信,31.092960,121.321990,591.1049624221179
mobilitybench_q_835de0fe98c87fceac,上海市松江区沪亭南路附近电信营业厅,宿州市,34.417575,116.387688,mobilitybench:939d14d00c115a22d3,中国电信(九亭大街营业厅)(暂停营业),上海市 松江区 九亭大街855号,31.126145,121.319197,588.5346652537444
mobilitybench_q_835de0fe98c87fceac,上海市松江区沪亭南路附近电信营业厅,宿州市,34.417575,116.387688,mobilitybench:33c151e582343dea36,中国电信(暂停营业),上海市 松江区 新育路380号,31.063206,121.320973,593.1637851351484
mobilitybench_q_835de0fe98c87fceac,上海市松江区沪亭南路附近电信营业厅,宿州市,34.417575,116.387688,mobilitybench:d0f9fafae373863e0e,沪亭南路,上海市 松江区 松江区,31.103907,121.341008,591.7126266409598
mobilitybench_q_93acf284eb056d951d,长春市客运站附近的中信银行,通化市,42.523830,125.686599,mobilitybench:78120ecceb0723d319,中信银行(长春幸福街支行),吉林省 南关区 幸福街1836号,43.820873,125.310324,147.41689024173803
mobilitybench_q_93acf284eb056d951d,长春市客运站附近的中信银行,通化市,42.523830,125.686599,mobilitybench:6646eff72ee619bfd3,中信银行24小时自助银行(长春幸福街支行),吉林省 南关区 幸福街1778号附近,43.820854,125.310312,147.41502568306464
mobilitybench_q_93acf284eb056d951d,长春市客运站附近的中信银行,通化市,42.523830,125.686599,mobilitybench:0615d86c783885c708,中信银行(前进大街支行),吉林省 朝阳区 前进大街1244号诚品酒店1层,43.839429,125.290887,149.7648501538466
mobilitybench_q_93acf284eb056d951d,长春市客运站附近的中信银行,通化市,42.523830,125.686599,mobilitybench:5114ead799c29fa477,中信银行24小时自助银行(前进大街支行),吉林省 朝阳区 前进大街1244号,43.839428,125.290830,149.76573163892618
mobilitybench_q_93acf284eb056d951d,长春市客运站附近的中信银行,通化市,42.523830,125.686599,mobilitybench:167442bc8ba78e3311,中信银行(临河街支行),吉林省 南关区 临河街7099号(世荣路地铁站B口步行100米),43.826184,125.364849,147.14659594416716
mobilitybench_q_93acf284eb056d951d,长春市客运站附近的中信银行,通化市,42.523830,125.686599,mobilitybench:8e8d77066936cee1ef,中信银行24小时自助银行(临河街支行),吉林省 南关区 临河街7099号,43.826183,125.364850,147.14647217301314
mobilitybench_q_93acf284eb056d951d,长春市客运站附近的中信银行,通化市,42.523830,125.686599,mobilitybench:0ed535ba3da4c6317a,中信银行(南部新城支行),吉林省 南关区 新明街2842号(新明街地铁站C口步行290米),43.798069,125.315473,144.8509193941693
mobilitybench_q_93acf284eb056d951d,长春市客运站附近的中信银行,通化市,42.523830,125.686599,mobilitybench:3738af475053629981,中信银行(南三环支行),吉林省 南关区 临河街8277号(南环城路地铁站B口步行230米),43.815690,125.364882,145.99827653241704
mobilitybench_q_93acf284eb056d951d,长春市客运站附近的中信银行,通化市,42.523830,125.686599,mobilitybench:95768179dea43899fa,中信银行24小时自助银行,吉林省 南关区 临河街与东南湖大路辅路交叉口东北120米,43.852845,125.365366,150.05683674047145
mobilitybench_q_93acf284eb056d951d,长春市客运站附近的中信银行,通化市,42.523830,125.686599,mobilitybench:c9f7737244e7a99bbc,中信银行(长春中海支行),吉林省 南关区 经济技术开发区东南湖大路与临河街交汇中海紫御华府小区25栋103号,43.852831,125.365396,150.05488211736824
mobilitybench_q_93acf284eb056d951d,长春市客运站附近的中信银行,通化市,42.523830,125.686599,mobilitybench:ba3eb3ac3f0b6543ee,长春高速公路客运站,吉林省 南关区 人民大街8899号(近卫星广场),43.828009,125.324887,147.95432427913647
mobilitybench_q_1b7de2c0b3d0578442,江苏省我不行市朝阳农副产品批发市场有附近有江淮服务站吗,宿迁市,34.071404,118.705992,mobilitybench:e4fef1322e75f4c510,江淮汽车特约服务站,江苏省 玄武区 玄武大道东方城48号1楼,32.087476,118.829805,220.90437987062572
mobilitybench_q_1b7de2c0b3d0578442,江苏省我不行市朝阳农副产品批发市场有附近有江淮服务站吗,宿迁市,34.071404,118.705992,mobilitybench:5ed8493c99af0f7ed7,江苏省,江苏省 鼓楼区 鼓楼区,32.061377,118.763563,223.5694749934906
mobilitybench_q_57a5c74cc2b4a87feb,长春市岳阳街曙光路附近邮政储蓄银行,长春市,44.151273,125.829334,mobilitybench:06e43e5a660ad06298,中国邮政储蓄银行(曙光路营业所),吉林省 南关区 岳阳街701号,43.874049,125.328356,50.5497965653835
mobilitybench_q_57a5c74cc2b4a87feb,长春市岳阳街曙光路附近邮政储蓄银行,长春市,44.151273,125.829334,mobilitybench:a4a0207ceed4ce9e8a,中国邮政储蓄银行(树勋街营业所),吉林省 南关区 树勋街818号(平阳街地铁站D口步行370米),43.876172,125.331518,50.20488189339944
mobilitybench_q_57a5c74cc2b4a87feb,长春市岳阳街曙光路附近邮政储蓄银行,长春市,44.151273,125.829334,mobilitybench:a6385fb856be276022,中国邮政储蓄银行ATM(树勋街营业所),吉林省 南关区 树勋街22-2号(平阳街地铁站D口步行330米),43.876219,125.331529,50.200987737542064
mobilitybench_q_57a5c74cc2b4a87feb,长春市岳阳街曙光路附近邮政储蓄银行,长春市,44.151273,125.829334,mobilitybench:fc436773cec6489236,中国邮政储蓄银行(同志街支行),吉林省 朝阳区 同志街1527号,43.875446,125.317683,51.13518134488249
mobilitybench_q_57a5c74cc2b4a87feb,长春市岳阳街曙光路附近邮政储蓄银行,长春市,44.151273,125.829334,mobilitybench:fed772ae8343587bfb,中国邮政储蓄银行24小时自助银行(桂林路支行),吉林省 朝阳区 桂林路901号,43.867018,125.317241,51.73299070164996
mobilitybench_q_57a5c74cc2b4a87feb,长春市岳阳街曙光路附近邮政储蓄银行,长春市,44.151273,125.829334,mobilitybench:81fb817db70038bc22,中国邮政储蓄银行(桂林路支行),吉林省 朝阳区 桂林街道桂林路901号,43.866989,125.317190,51.7381976706715
mobilitybench_q_57a5c74cc2b4a87feb,长春市岳阳街曙光路附近邮政储蓄银行,长春市,44.151273,125.829334,mobilitybench:000900f5641926e86f,中国邮政储蓄银行(人民广场支行),吉林省 朝阳区 西安大路336号(人民广场地铁站D2口步行480米),43.887990,125.320835,50.102693901033795
mobilitybench_q_57a5c74cc2b4a87feb,长春市岳阳街曙光路附近邮政储蓄银行,长春市,44.151273,125.829334,mobilitybench:b9269c21c7d92ea3f6,中国邮政储蓄银行(红旗街北厅营业所),吉林省 朝阳区 红旗街45号,43.872536,125.301779,52.35016752219481
mobilitybench_q_57a5c74cc2b4a87feb,长春市岳阳街曙光路附近邮政储蓄银行,长春市,44.151273,125.829334,mobilitybench:7002e12b4e458a65a3,岳阳街与曙光路交叉口,吉林省 南关区 南关区,43.874241,125.328537,50.5252551562803
mobilitybench_q_59c779b0e1bb91df0d,机场高速附近小哨高速出口,楚雄彝族自治州,25.503493,102.072749,mobilitybench:44e3c35e6e1d9da51e,机场高速,新疆维吾尔自治区 新市区 新市区,43.884533,87.492233,2431.849330746217
mobilitybench_q_06b90fb38597b8b0a4,上海北蔡客运站附近餐饮配件,台湾省,24.105690,120.655206,mobilitybench:e68cec48dfebad9ddd,中国石化北蔡加油站,上海市 浦东新区 沪南路1133号(北蔡地铁站2号口步行350米),31.180177,121.556559,791.6311840251972
mobilitybench_q_0862335500f74f82c8,推荐一下华山附近的酒店,西安市,34.212381,108.955217,mobilitybench:845b280d53d822411b,华山北峰饭店,陕西省 华阴市 陕西省渭南市华阴市华山风景名胜区内北峰顶附近,34.490995,110.086428,108.36881921656645
mobilitybench_q_0862335500f74f82c8,推荐一下华山附近的酒店,西安市,34.212381,108.955217,mobilitybench:7f3b292e0c9eb4cd06,北峰饭店(华山店),陕西省 华阴市 华山风景名胜区-北峰(云台峰)南侧110米,34.491364,110.086737,108.40751627492958
mobilitybench_q_0862335500f74f82c8,推荐一下华山附近的酒店,西安市,34.212381,108.955217,mobilitybench:42099df722889fff0e,华山五云峰饭店,陕西省 华阴市 华山风景区内五云峰上,34.484925,110.087300,108.25826539409098
mobilitybench_q_0862335500f74f82c8,推荐一下华山附近的酒店,西安市,34.212381,108.955217,mobilitybench:cb05e9f76e35340034,华山东峰饭店,陕西省 华阴市 玉泉路南段华山风景名胜区内(东南角),34.477982,110.088067,108.11657503905589
mobilitybench_q_0862335500f74f82c8,推荐一下华山附近的酒店,西安市,34.212381,108.955217,mobilitybench:3fe8342afda2ea0077,腾岳宾馆(华山站店),陕西省 华阴市 华山站出站口东北方向约40米,34.521847,110.066773,107.66986439361702
mobilitybench_q_0862335500f74f82c8,推荐一下华山附近的酒店,西安市,34.212381,108.955217,mobilitybench:6c5c151b7d5268e6bf,华景国际酒店(华山景区店),陕西省 华阴市 华山兴和度假山庄院内,34.525434,110.076699,108.65853532026101
mobilitybench_q_0862335500f74f82c8,推荐一下华山附近的酒店,西安市,34.212381,108.955217,mobilitybench:0670213f5f9841525d,屿山露营酒店(华山景区店),陕西省 华阴市 华山镇华山路南洞新村卫生室西南方向约260米,34.525484,110.069182,108.00696867902415
mobilitybench_q_0862335500f74f82c8,推荐一下华山附近的酒店,西安市,34.212381,108.955217,mobilitybench:96362f46629db45f33,雅斯特国际酒店(华阴华山景区玉泉院店),陕西省 华阴市 华山路兴和度假山庄内南200米,34.524994,110.074612,108.46166732268942
mobilitybench_q_0862335500f74f82c8,推荐一下华山附近的酒店,西安市,34.212381,108.955217,mobilitybench:7e828cac94e13813cb,兴和度假山庄,陕西省 华阴市 华山镇华山协和医院旁,34.525543,110.074646,108.48388304558351
mobilitybench_q_0862335500f74f82c8,推荐一下华山附近的酒店,西安市,34.212381,108.955217,mobilitybench:0864fd312a3d297b49,华山玉泉宾馆,陕西省 华阴市 玉泉广场西侧50米,34.526058,110.080731,109.03096788587753
mobilitybench_q_0862335500f74f82c8,推荐一下华山附近的酒店,西安市,34.212381,108.955217,mobilitybench:1ffd81aeee87a64bdb,华山风景名胜区,陕西省 华阴市 集灵路,34.493336,110.070978,107.08475123041714
mobilitybench_q_054098daf4455de366,北京枫丹丽舍附近的快捷酒店。,上海市,31.106657,121.392035,mobilitybench:af2226762bad3fba48,北京回龙观酒店,北京市 昌平区 西三旗枫丹丽舍西路1号,40.066477,116.356477,1094.9062211870003
mobilitybench_q_054098daf4455de366,北京枫丹丽舍附近的快捷酒店。,上海市,31.106657,121.392035,mobilitybench:ba685f3441e68ed0c2,如家精选酒店(北京回龙观霍营地铁站店),北京市 昌平区 回龙观镇科星西路47号恒元福商业大厦,40.072902,116.358890,1095.4578517524726
mobilitybench_q_054098daf4455de366,北京枫丹丽舍附近的快捷酒店。,上海市,31.106657,121.392035,mobilitybench:b6189c9292046bd2a3,海友酒店(北京回龙观霍营地铁站店),北京市 昌平区 科星西路106号院(霍营地铁站E西北口步行150米),40.073742,116.359443,1095.5211180192493
mobilitybench_q_054098daf4455de366,北京枫丹丽舍附近的快捷酒店。,上海市,31.106657,121.392035,mobilitybench:92e53f36226bba4f4c,京彩青年酒店(回龙观霍营地铁站店),北京市 昌平区 科星西路106号(霍营地铁站E西北口步行260米),40.074049,116.359973,1095.5319965132949
mobilitybench_q_054098daf4455de366,北京枫丹丽舍附近的快捷酒店。,上海市,31.106657,121.392035,mobilitybench:aacb36765866cdfeac,漫曲酒店(北京回龙观霍营地铁站店),北京市 昌平区 东小口镇霍营村西2号3幢,40.075179,116.367424,1095.3668420209501
mobilitybench_q_054098daf4455de366,北京枫丹丽舍附近的快捷酒店。,上海市,31.106657,121.392035,mobilitybench:c01a001a4310af9d98,北京鑫百汇快捷酒店(西三旗育新地铁站店),北京市 昌平区 西三旗旧货市场内,40.062848,116.344080,1095.0080158477708
mobilitybench_q_054098daf4455de366,北京枫丹丽舍附近的快捷酒店。,上海市,31.106657,121.392035,mobilitybench:0c4fee222857c6d9a5,海友酒店(北京西三旗育新地铁站店),北京市 昌平区 建材城西路9号(育新地铁站A西北口步行280米),40.060296,116.344004,1094.7561168747764
mobilitybench_q_054098daf4455de366,北京枫丹丽舍附近的快捷酒店。,上海市,31.106657,121.392035,mobilitybench:adf75f68877127e660,北京海淀育新地铁站亚朵酒店,北京市 昌平区 建材城西路9号,40.060584,116.343892,1094.7890647860154
mobilitybench_q_054098daf4455de366,北京枫丹丽舍附近的快捷酒店。,上海市,31.106657,121.392035,mobilitybench:d2933200161393305d,百汇商务快捷酒店(三旗百汇购物中心店),北京市 昌平区 太平庄北街与文博路交叉口东180米,40.062866,116.344478,1094.9948934184342
mobilitybench_q_054098daf4455de366,北京枫丹丽舍附近的快捷酒店。,上海市,31.106657,121.392035,mobilitybench:12fd1a0c4974567d20,北京浣沙宾馆(西三旗育新地铁站店),北京市 海淀区 西三旗育新小区北口(育新地铁站D西南口步行340米),40.059355,116.342730,1094.7099685847083
mobilitybench_q_054098daf4455de366,北京枫丹丽舍附近的快捷酒店。,上海市,31.106657,121.392035,mobilitybench:0ea4bb174ee7e37f11,枫丹丽舍,北京市 海淀区 建材城中路1号,40.063953,116.362069,1094.4450434798746
mobilitybench_q_f8acd4e8388b9b794e,搜索泉州晋江机场附近高铁站。,广州市,23.093227,113.391388,mobilitybench:db3209f4d1bef54c72,福厦高铁泉州南站(公交站),福建省 晋江市 K603路;K607路;工业旅游年货专线一;晋江10路;晋江15路;晋江16路;晋江19路;晋江20路;晋江2路;晋江37路;晋江45路;晋江46路;晋江47路;晋江5路;晋江G1路;晋江S1路;晋江S2路;石狮12路;石狮801路,24.738978,118.585501,558.7305458426233
mobilitybench_q_f8acd4e8388b9b794e,搜索泉州晋江机场附近高铁站。,广州市,23.093227,113.391388,mobilitybench:d6be68f9331de65024,泉州南站,福建省 晋江市 坂头村山上,24.737783,118.584161,558.560711896976
mobilitybench_q_f8acd4e8388b9b794e,搜索泉州晋江机场附近高铁站。,广州市,23.093227,113.391388,mobilitybench:5e8b4738ebb1944a3e,小桔充电汽车充电站(泉州南站公交充电场站),福建省 晋江市 泉州南站网约车停车场,24.736876,118.582930,558.4112708136812
mobilitybench_q_f8acd4e8388b9b794e,搜索泉州晋江机场附近高铁站。,广州市,23.093227,113.391388,mobilitybench:659391151cfc9dff29,泉州晋江国际机场,福建省 晋江市 和平中路118号,24.794712,118.593047,561.4034912570838
mobilitybench_q_7f0ee8807cdb870386,和谐家园附近的水饺店。,济宁市,35.782854,116.085340,mobilitybench:e87e65e20713a5739d,周家水饺(环城西路),山东省 任城区 环城西路金盾医院对过,35.408256,116.573834,60.711208346283236
mobilitybench_q_7f0ee8807cdb870386,和谐家园附近的水饺店。,济宁市,35.782854,116.085340,mobilitybench:0551005eb09f5868c1,传军水饺(吉祥小区店),山东省 任城区 济宁饮食服务公司宿舍1号楼西1门西北150米,35.411176,116.573788,60.4852798502429
mobilitybench_q_7f0ee8807cdb870386,和谐家园附近的水饺店。,济宁市,35.782854,116.085340,mobilitybench:82ad64f388e1b1df1c,书君水饺(御水豪庭店),山东省 任城区 御水豪庭北门西70米,35.404146,116.570673,60.81993693852725
mobilitybench_q_7f0ee8807cdb870386,和谐家园附近的水饺店。,济宁市,35.782854,116.085340,mobilitybench:7f60fc88f2e7a53482,马宁手工水饺(御水豪庭店),山东省 任城区 御水豪庭西门旁,35.403936,116.570671,60.83601791179296
mobilitybench_q_7f0ee8807cdb870386,和谐家园附近的水饺店。,济宁市,35.782854,116.085340,mobilitybench:448b5b165d1ad88860,济宁家和水饺(西门大街店),山东省 任城区 光明街与西门大街交叉口东北40米,35.411710,116.575533,60.55998794248872
mobilitybench_q_7f0ee8807cdb870386,和谐家园附近的水饺店。,济宁市,35.782854,116.085340,mobilitybench:05700750157343ca38,东北熏酱熟食饺子馆(和欣家园东区店),山东省 任城区 和欣家园东区,35.403501,116.575070,61.156995384077064
mobilitybench_q_7f0ee8807cdb870386,和谐家园附近的水饺店。,济宁市,35.782854,116.085340,mobilitybench:bf86e84d7dd4226fe6,刘掌柜大馅水饺(吉安小区店),山东省 任城区 吉安小区北区南2门西50米,35.402795,116.568365,60.774163772830164
mobilitybench_q_7f0ee8807cdb870386,和谐家园附近的水饺店。,济宁市,35.782854,116.085340,mobilitybench:41b9924e63ff2d990c,小拜年现包饺子(太白广场店),山东省 任城区 环城西路太白国际1层,35.402125,116.573725,61.175054288465795
mobilitybench_q_7f0ee8807cdb870386,和谐家园附近的水饺店。,济宁市,35.782854,116.085340,mobilitybench:9ccc8bfecb71d0e2a5,城边头饺子馆(吉安小区北区店),山东省 任城区 任吉安小区15楼,35.402684,116.568239,60.77458296712474
mobilitybench_q_7f0ee8807cdb870386,和谐家园附近的水饺店。,济宁市,35.782854,116.085340,mobilitybench:f2c7cb1e60d3cf24de,聚福祥戈家手工水饺,山东省 任城区 济阳大街吉安小区17号楼营业房,35.402455,116.566085,60.652603497252045
mobilitybench_q_7f0ee8807cdb870386,和谐家园附近的水饺店。,济宁市,35.782854,116.085340,mobilitybench:cdca8358373c7bb2c8,和谐家园,山东省 任城区 环城西路55号,35.407785,116.571951,60.62356903263176
mobilitybench_q_5189512bde98a40f3a,帮我搜索杭州附近的复印店或者打印店,韶关市,25.259361,114.455530,mobilitybench:0f66b77485855f68d8,杭州市,浙江省 上城区 上城区,30.246566,120.209903,792.3001570097068
mobilitybench_q_b4dc2d156bdceace4d,帮我找找抚顺的自助洗车店,沈阳市,41.684183,123.391897,mobilitybench:ad879cc57b6a66ae09,徕喽24h高端共享自助洗车空间(抚顺裕城路店),辽宁省 顺城区 裕城路41-3号,41.888443,123.959626,52.26400585073769
mobilitybench_q_b4dc2d156bdceace4d,帮我找找抚顺的自助洗车店,沈阳市,41.684183,123.391897,mobilitybench:d17e5a9b44ac8f01f7,爱尚中广6元自助洗车服务,辽宁省 新抚区 榆林路抚矿招生办路口200米,41.871444,123.944087,50.300753826117266
mobilitybench_q_b4dc2d156bdceace4d,帮我找找抚顺的自助洗车店,沈阳市,41.684183,123.391897,mobilitybench:fbe6d633f033e240a4,爱洗自助洗车24小时(兴隆店),辽宁省 顺城区 珲春街河东超级大市场北口进入负二层,41.885663,123.937276,50.464380698006266
mobilitybench_q_b4dc2d156bdceace4d,帮我找找抚顺的自助洗车店,沈阳市,41.684183,123.391897,mobilitybench:09601c95dc5179332a,满又多6元自助洗车,辽宁省 顺城区 双阳北路5-1号,41.896874,123.954966,52.33048932718896
mobilitybench_q_b4dc2d156bdceace4d,帮我找找抚顺的自助洗车店,沈阳市,41.684183,123.391897,mobilitybench:5afe4b2a9902bb8698,徕禧自助洗车解压体验店,辽宁省 顺城区 长春四路6-6号楼1号门市,41.885081,123.935332,50.291408894748294
mobilitybench_q_b4dc2d156bdceace4d,帮我找找抚顺的自助洗车店,沈阳市,41.684183,123.391897,mobilitybench:189effd27ebec3fd5b,七喜共享自助洗车,辽宁省 顺城区 前大路14号,41.893028,123.974508,53.59532892488369
mobilitybench_q_b4dc2d156bdceace4d,帮我找找抚顺的自助洗车店,沈阳市,41.684183,123.391897,mobilitybench:09d46687f7168e32d8,6元共享自助洗车,辽宁省 顺城区 前大路76号,41.897488,123.990176,54.979494661508134
mobilitybench_q_b4dc2d156bdceace4d,帮我找找抚顺的自助洗车店,沈阳市,41.684183,123.391897,mobilitybench:7feb5a0d6cbd7aab21,淑涵24h自助洗车,辽宁省 顺城区 富城街与顺城路交叉口南100米,41.891361,123.995609,55.10004786986866
mobilitybench_q_b4dc2d156bdceace4d,帮我找找抚顺的自助洗车店,沈阳市,41.684183,123.391897,mobilitybench:caddddf97cc00df2b1,抚顺市,辽宁省 顺城区 顺城区,41.881311,123.957053,51.73333674176099
mobilitybench_q_07596c05c0a97c014f,沧州市运河区附近的小旅店,保定市,38.578526,114.631126,mobilitybench:178eec4e78170e8bde,无忧树良品酒店(沧州市政府南川老街店),河北省 运河区 朝阳街18号底商,38.302905,116.837217,194.56063769232327
mobilitybench_q_07596c05c0a97c014f,沧州市运河区附近的小旅店,保定市,38.578526,114.631126,mobilitybench:4c358cdaf9ee5c2880,正达宾馆(朝阳街),河北省 运河区 朝阳中路18号,38.302595,116.837213,194.56613280311026
mobilitybench_q_07596c05c0a97c014f,沧州市运河区附近的小旅店,保定市,38.578526,114.631126,mobilitybench:c892b4c3efc06038d7,世特宾馆,河北省 运河区 浮阳南大道24号,38.303028,116.843974,195.13945246233476
mobilitybench_q_07596c05c0a97c014f,沧州市运河区附近的小旅店,保定市,38.578526,114.631126,mobilitybench:a224f18bddb9143010,沧州宾馨旅馆,河北省 运河区 光荣路白官屯老村216号,38.309815,116.839619,194.6387141436789
mobilitybench_q_07596c05c0a97c014f,沧州市运河区附近的小旅店,保定市,38.578526,114.631126,mobilitybench:c8b5c56d996fa713ab,青山酒店(御河路店),河北省 运河区 御河路29号人才市场西邻,38.298686,116.833925,194.35760776285747
mobilitybench_q_07596c05c0a97c014f,沧州市运河区附近的小旅店,保定市,38.578526,114.631126,mobilitybench:dfdbe5d8eca1c6f727,阳光酒店(沧州第五中学南川老街店),河北省 运河区 解放西路21-3号,38.305067,116.848436,195.48514547568288
mobilitybench_q_07596c05c0a97c014f,沧州市运河区附近的小旅店,保定市,38.578526,114.631126,mobilitybench:9da08b8ae1d4faa02f,丰华旅馆,河北省 运河区 二中对过白官屯老村,38.312041,116.839494,194.58718898113918
mobilitybench_q_07596c05c0a97c014f,沧州市运河区附近的小旅店,保定市,38.578526,114.631126,mobilitybench:ea1a1b17acc504fd3c,西柚精品酒店(沧州市中心医院清风楼店),河北省 运河区 浮阳北大道2号(中心医院西侧),38.313061,116.843952,194.95233316055487
mobilitybench_q_07596c05c0a97c014f,沧州市运河区附近的小旅店,保定市,38.578526,114.631126,mobilitybench:923e875ce3cf047405,华逸宾馆(新华西路店),河北省 运河区 白官屯39号,38.312831,116.841057,194.7073248682644
mobilitybench_q_07596c05c0a97c014f,沧州市运河区附近的小旅店,保定市,38.578526,114.631126,mobilitybench:fcf8227cbfcdad3788,冬兴旅馆,河北省 运河区 行署西街与解放西路交叉口南120米,38.303570,116.848230,195.49536004695324
mobilitybench_q_07596c05c0a97c014f,沧州市运河区附近的小旅店,保定市,38.578526,114.631126,mobilitybench:a2f06b961b9ac4e487,沧州市,河北省 运河区 运河区,38.304676,116.838715,194.65624115576622
mobilitybench_q_43d64ae964be274a7c,科技城派出所附近有没有奶茶店,三亚市,18.353974,109.172706,mobilitybench:6352d02202557bce37,古茗(虎丘中移软件园店),江苏省 虎丘区 昆仑山路 58 号移动云能力中心 B01 一楼,31.359367,120.434878,1836.4590245388888
mobilitybench_q_43d64ae964be274a7c,科技城派出所附近有没有奶茶店,三亚市,18.353974,109.172706,mobilitybench:98bf5794c02b52ddeb,Yes Lemon就是柠·手打柠檬茶(星悦里店),江苏省 虎丘区 科技城天佑路9号2幢星悦里商场负一楼B08号商铺万家超市入口处,31.346412,120.436823,1835.4875988506203
mobilitybench_q_43d64ae964be274a7c,科技城派出所附近有没有奶茶店,三亚市,18.353974,109.172706,mobilitybench:950ef671730ed7fb7a,百分茶(星悦里店),江苏省 虎丘区 天佑路9号2幢星悦里商场一楼114-7号,31.346293,120.437024,1835.4900266448099
mobilitybench_q_43d64ae964be274a7c,科技城派出所附近有没有奶茶店,三亚市,18.353974,109.172706,mobilitybench:0ddc735a43fde0adc3,书亦烧仙草(星悦里店),江苏省 虎丘区 天佑路9号星悦里L1层L114-2,31.346189,120.437118,1835.4870882809003
mobilitybench_q_43d64ae964be274a7c,科技城派出所附近有没有奶茶店,三亚市,18.353974,109.172706,mobilitybench:5ad1d49662209146a1,7分甜(苏州星悦里店),江苏省 虎丘区 天佑路9号2幢星悦里商场101号商铺,31.346045,120.437159,1835.4774953900915
mobilitybench_q_43d64ae964be274a7c,科技城派出所附近有没有奶茶店,三亚市,18.353974,109.172706,mobilitybench:d19d4f4fff748f5cac,喜茶(苏州科技城星悦里店),江苏省 虎丘区 苏州科技城天佑路9号2栋117商铺,31.346076,120.437619,1835.5086125229523
mobilitybench_q_43d64ae964be274a7c,科技城派出所附近有没有奶茶店,三亚市,18.353974,109.172706,mobilitybench:cf1603918b4b4467a2,CHAGEE霸王茶姬(星悦里店),江苏省 虎丘区 天佑路9号星悦里L1层L135,31.344831,120.436822,1835.354321431715
mobilitybench_q_43d64ae964be274a7c,科技城派出所附近有没有奶茶店,三亚市,18.353974,109.172706,mobilitybench:b4cdaf43b445f40e1e,蜜雪冰城(达善花园店),江苏省 虎丘区 通安达善花园二期27幢善邻汇一楼A105-2号商铺,31.372333,120.449984,1838.4873424122482
mobilitybench_q_43d64ae964be274a7c,科技城派出所附近有没有奶茶店,三亚市,18.353974,109.172706,mobilitybench:4fca1561a5dec4d108,巡茶(苏州新区科技城店),江苏省 虎丘区 武夷山路69号梦之城F1层,31.342557,120.419135,1834.0670586266372
mobilitybench_q_43d64ae964be274a7c,科技城派出所附近有没有奶茶店,三亚市,18.353974,109.172706,mobilitybench:5b9305000847726b03,喜茶(苏州科技城龙湖水岸星悦荟店),江苏省 虎丘区 科技城武夷山路69号时尚水岸星悦荟5栋1-101,31.343124,120.416896,1833.9762436670126
mobilitybench_q_43d64ae964be274a7c,科技城派出所附近有没有奶茶店,三亚市,18.353974,109.172706,mobilitybench:93203d6c312e044e42,科技城派出所,江苏省 虎丘区 昆仑山路68号,31.360132,120.432131,1836.3534624393662
mobilitybench_q_d0de2b145f7dde0bd3,遇见张裕公园附近的宾馆,攀枝花市,26.910138,102.117632,mobilitybench:621c882b0321bb229f,逍遥民宿,四川省 仁和区 三线大道46号领地如享花城里2栋9楼18号,26.524992,101.743519,56.69928748433358
mobilitybench_q_d0de2b145f7dde0bd3,遇见张裕公园附近的宾馆,攀枝花市,26.910138,102.117632,mobilitybench:ad0f03e47ee0f005c3,后梦Lullaby云宿,四川省 仁和区 三线大道与干通路交叉口东北280米,26.525175,101.743575,56.6802537451929
mobilitybench_q_d0de2b145f7dde0bd3,遇见张裕公园附近的宾馆,攀枝花市,26.910138,102.117632,mobilitybench:6810ce806499520ec9,柏曼酒店Borrman Hotel(花城新区医院店),四川省 仁和区 三线大道46号4栋1单元2楼,26.525465,101.743555,56.657176200957444
mobilitybench_q_d0de2b145f7dde0bd3,遇见张裕公园附近的宾馆,攀枝花市,26.910138,102.117632,mobilitybench:dcc25f5a29c7165792,攀枝花有家民宿(三线大道店),四川省 仁和区 公安局交通警察支队西5米,26.525000,101.743607,56.692887010779785
mobilitybench_q_d0de2b145f7dde0bd3,遇见张裕公园附近的宾馆,攀枝花市,26.910138,102.117632,mobilitybench:f3089d089fe1a4fe69,愉住酒店(仁和区三线博物馆店),四川省 仁和区 三线大道46号2栋18楼,26.525172,101.743667,56.67451693748274
mobilitybench_q_d0de2b145f7dde0bd3,遇见张裕公园附近的宾馆,攀枝花市,26.910138,102.117632,mobilitybench:1db8555e7275a338fe,钒娱电竞酒店,四川省 仁和区 三线大道46号2栋3-1号(钒钛高新区),26.525110,101.743581,56.685328767323455
mobilitybench_q_d0de2b145f7dde0bd3,遇见张裕公园附近的宾馆,攀枝花市,26.910138,102.117632,mobilitybench:a9e9840e345964e3fa,沐晨民宿,四川省 仁和区 三线大道领地如享花城里2栋15楼13号,26.525190,101.743606,56.67697430882411
mobilitybench_q_d0de2b145f7dde0bd3,遇见张裕公园附近的宾馆,攀枝花市,26.910138,102.117632,mobilitybench:cea531034a68d6b5ac,攀枝花柏菲酒店(三线建设博物馆花城新区医院店),四川省 仁和区 仁和镇三线大道领地如享花城里四栋一单元9楼11楼,26.525880,101.743538,56.623409749837016
mobilitybench_q_d0de2b145f7dde0bd3,遇见张裕公园附近的宾馆,攀枝花市,26.910138,102.117632,mobilitybench:ccadafdd99e202bf17,简爱民宿(三线建设博物馆店),四川省 仁和区 三线大道领地如享花城里川滇宾馆,26.525216,101.743668,56.67075186977205
mobilitybench_q_d0de2b145f7dde0bd3,遇见张裕公园附近的宾馆,攀枝花市,26.910138,102.117632,mobilitybench:e44ecc7d7afccda508,攀枝花城里时光高空全景酒店(三线博物馆店),四川省 仁和区 三线大道46号领地如享花城里2栋1楼,26.525356,101.743611,56.662691943103475
mobilitybench_q_d0de2b145f7dde0bd3,遇见张裕公园附近的宾馆,攀枝花市,26.910138,102.117632,mobilitybench:18a6de5013f3a21963,小石潭公园,四川省 仁和区 三线大道与干通路交叉口东北200米,26.524902,101.742561,56.76925109473498
mobilitybench_q_8ebcf509736e97cf8f,北京市华德眼科医院附近的酒店。,绥化市,46.778891,126.679624,mobilitybench:181e0482d9e7714a3e,驿家酒店(北京金台路地铁站店),北京市 朝阳区 朝阳北路177号6层(金台路地铁站B东北口步行60米),39.923349,116.479549,1121.3728480287486
mobilitybench_q_8ebcf509736e97cf8f,北京市华德眼科医院附近的酒店。,绥化市,46.778891,126.679624,mobilitybench:0e370352fabe165b34,德全奢品酒店(北京国贸金台路地铁站店),北京市 朝阳区 金台路口西南角(金台路地铁站D西南口步行150米),39.922034,116.477808,1121.581148600018
mobilitybench_q_8ebcf509736e97cf8f,北京市华德眼科医院附近的酒店。,绥化市,46.778891,126.679624,mobilitybench:45fda88d77f24e8815,唯爱主题公寓(金台路店),北京市 朝阳区 红庙北里甲14号楼(金台路地铁站C东南口步行160米),39.922187,116.478546,1121.5252906917196
mobilitybench_q_8ebcf509736e97cf8f,北京市华德眼科医院附近的酒店。,绥化市,46.778891,126.679624,mobilitybench:78b5598454500f682b,汉庭酒店(北京国贸金台路地铁站店),北京市 朝阳区 红庙北里4号楼1层107、2至4层全部,39.920979,116.481800,1121.4300453379838
mobilitybench_q_8ebcf509736e97cf8f,北京市华德眼科医院附近的酒店。,绥化市,46.778891,126.679624,mobilitybench:23944f39336632bf78,海友酒店(北京金台路地铁站店),北京市 朝阳区 六里屯街道文化服务中心北门西100米,39.923473,116.482807,1121.170499874762
mobilitybench_q_8ebcf509736e97cf8f,北京市华德眼科医院附近的酒店。,绥化市,46.778891,126.679624,mobilitybench:436c3c9b27bf06175c,全季酒店(北京国贸金台路店),北京市 朝阳区 金台路红庙北里36号楼,39.919334,116.479759,1121.682538297373
mobilitybench_q_8ebcf509736e97cf8f,北京市华德眼科医院附近的酒店。,绥化市,46.778891,126.679624,mobilitybench:c669c8b5f02a2bfccc,UP华驿精选酒店(北京华贸金台路地铁站店),北京市 朝阳区 延静西里10号楼,39.920482,116.482314,1121.439572687501
mobilitybench_q_8ebcf509736e97cf8f,北京市华德眼科医院附近的酒店。,绥化市,46.778891,126.679624,mobilitybench:1d5d1957624c59044e,北京元顺旅馆(金台路地铁),北京市 朝阳区 水碓子东里24号楼(金台路地铁站A西北口步行210米),39.923459,116.474506,1121.6618957159435
mobilitybench_q_8ebcf509736e97cf8f,北京市华德眼科医院附近的酒店。,绥化市,46.778891,126.679624,mobilitybench:3636b0f7241a85905d,北京双龙迎客招待所,北京市 朝阳区 六里屯街道甜水园中街3号(金台路地铁站F东北口步行400米),39.926027,116.480779,1121.0854097173121
mobilitybench_q_8ebcf509736e97cf8f,北京市华德眼科医院附近的酒店。,绥化市,46.778891,126.679624,mobilitybench:42172ebdebd3f74966,盒子空间酒店(北京金台路地铁站店),北京市 朝阳区 延静西里13号楼,39.919937,116.482178,1121.4913312357205
mobilitybench_q_8ebcf509736e97cf8f,北京市华德眼科医院附近的酒店。,绥化市,46.778891,126.679624,mobilitybench:42be4351cc7074b297,北京华德眼科医院,北京市 朝阳区 北京城区金台路甜水园东街10号,39.923355,116.478797,1121.416780014868
mobilitybench_q_d1a4005d95d29be257,租赁站。 附近租赁站。,济南市,36.512301,116.726011,mobilitybench:eb96a5351a44707d1d,通达伟业架管租赁站,山东省 历城区 抬头河村,36.731910,117.327507,58.972942620545794
mobilitybench_q_d1a4005d95d29be257,租赁站。 附近租赁站。,济南市,36.512301,116.726011,mobilitybench:742878ebb26ceeaac2,历下区鑫宝架管租赁站,山东省 历城区 大正路抬头河村北向西188米,36.731688,117.327366,58.95134017124242
mobilitybench_q_d1a4005d95d29be257,租赁站。 附近租赁站。,济南市,36.512301,116.726011,mobilitybench:508f7894cac8cfa2c3,顺亿通架管脚手架租赁站,山东省 历城区 巨野河街道抬头河村大正路与胶济铁路线交汇向南240米向西460米,36.731647,117.327790,58.983917320923325
mobilitybench_q_d1a4005d95d29be257,租赁站。 附近租赁站。,济南市,36.512301,116.726011,mobilitybench:c9864869ecd8a97238,济南历下智勤架管租赁站,山东省 历城区 胶济铁路公铁立交南100米(外环高速西),36.731857,117.328045,59.01422782140872
mobilitybench_q_d1a4005d95d29be257,租赁站。 附近租赁站。,济南市,36.512301,116.726011,mobilitybench:39e0df9ca2a2fbfdc7,济南华鲁架管租赁站,山东省 历城区 大正路北段附近,36.731098,117.328588,59.02375295445539
mobilitybench_q_d1a4005d95d29be257,租赁站。 附近租赁站。,济南市,36.512301,116.726011,mobilitybench:db80ff40dee8874510,众信恒钢架管租赁站,山东省 历城区 抬头河村西,36.730458,117.328878,59.01825148536761
mobilitybench_q_d1a4005d95d29be257,租赁站。 附近租赁站。,济南市,36.512301,116.726011,mobilitybench:ffa6e6afeab378da90,历城区金茂源租赁站,山东省 历城区 柿子园商业街10路站牌往东100米,36.742260,117.337998,60.30198832367684
mobilitybench_q_d1a4005d95d29be257,租赁站。 附近租赁站。,济南市,36.512301,116.726011,mobilitybench:c1221f5a33ae6d50ef,济南高新区宏晟建筑设备租赁站,山东省 历城区 巨野河街道胡中坡村,36.709997,117.340675,59.102835347334945
mobilitybench_q_d1a4005d95d29be257,租赁站。 附近租赁站。,济南市,36.512301,116.726011,mobilitybench:96667760c364542fde,济南历下丰汇钢架管租赁站,山东省 历城区 北徐马村民委员会斜对面,36.704397,117.347843,59.472597879383045
mobilitybench_q_d1a4005d95d29be257,租赁站。 附近租赁站。,济南市,36.512301,116.726011,mobilitybench:8c1407593a052bf7dc,鲁燕架管租赁站,山东省 历城区 济南高新区巨野河街道北徐马村民委员会东侧200米,36.704658,117.349698,59.637469887423855
mobilitybench_q_43474c0df31de198ea,平潭县附近的慢充充电站,福州市,25.909535,119.355738,mobilitybench:ceeb0bee0270b6c7d0,万马爱充汽车充电站(翠园中路超充站),福建省 平潭县 翠园南路安置房东2门旁,25.496202,119.787220,63.09768958512522
mobilitybench_q_43474c0df31de198ea,平潭县附近的慢充充电站,福州市,25.909535,119.355738,mobilitybench:9b4a439d90061f622e,平高智联汽车充电站(西航路小湖庄通湖巷),福建省 平潭县 小湖庄(公交站),25.496381,119.794032,63.5528423305418
mobilitybench_q_43474c0df31de198ea,平潭县附近的慢充充电站,福州市,25.909535,119.355738,mobilitybench:4cde38d58512c175d8,平高智联汽车充电站(万谷酒店),福建省 平潭县 平潭万谷酒店,25.497020,119.784357,62.8349710514215
mobilitybench_q_43474c0df31de198ea,平潭县附近的慢充充电站,福州市,25.909535,119.355738,mobilitybench:24ba3aec21070fa2d6,万马爱充汽车充电站(城南村便民服务中心站充电站),福建省 平潭县 锦新路城南村农业综合大楼停车场,25.499987,119.783170,62.51264083885711
mobilitybench_q_43474c0df31de198ea,平潭县附近的慢充充电站,福州市,25.909535,119.355738,mobilitybench:b528a8bd515ea8bba2,小桔充电汽车充电站(亿晟充电站党校慢充站),福建省 平潭县 海坛街道万顺路东垄庄党校,25.506886,119.784800,62.068156632889085
mobilitybench_q_43474c0df31de198ea,平潭县附近的慢充充电站,福州市,25.909535,119.355738,mobilitybench:e54f41271c0f3defa1,小桔充电汽车充电站(可充大巴亿晟党校超充站),福建省 平潭县 东垄庄党校西北门旁,25.506939,119.784630,62.05210353420272
mobilitybench_q_43474c0df31de198ea,平潭县附近的慢充充电站,福州市,25.909535,119.355738,mobilitybench:1c30f0caa487b35639,特来电目的地充电站(平潭城东中学充电站),福建省 平潭县 龙山路与向学路交叉口城东中学内地面停车场,25.491509,119.798604,64.26161629303408
mobilitybench_q_43474c0df31de198ea,平潭县附近的慢充充电站,福州市,25.909535,119.355738,mobilitybench:de7522504287df4b46,特来电目的地充电站(特来电平潭城南慢充站),福建省 平潭县 海坛街道金峰路富春城办公楼,25.500847,119.777980,62.08744012231691
mobilitybench_q_43474c0df31de198ea,平潭县附近的慢充充电站,福州市,25.909535,119.355738,mobilitybench:3fd51547c22c4d4d82,云快充汽车充电站(龙景路快充站),福建省 平潭县 海坛街道东门居委会龙景路北侧停车场,25.498157,119.802507,64.00098443157357
mobilitybench_q_43474c0df31de198ea,平潭县附近的慢充充电站,福州市,25.909535,119.355738,mobilitybench:26aea626ee9dec7e25,云快充目的地充电站(城东中学慢充站),福建省 平潭县 平潭城东中学,25.491203,119.799970,64.38081759807307
mobilitybench_q_43474c0df31de198ea,平潭县附近的慢充充电站,福州市,25.909535,119.355738,mobilitybench:dcca30bf8a00152494,平潭县,福建省 平潭县 平潭县,25.498767,119.789893,63.074317009159465
mobilitybench_q_81bb572c18dc0dabf4,搜索河南省信阳市附近的物业公司,常州市,31.642030,119.932808,mobilitybench:c3c2909a2373383fe9,铂金丽都物业公司,河南省 平桥区 桂花园,32.150823,114.085979,554.7920611974355
mobilitybench_q_81bb572c18dc0dabf4,搜索河南省信阳市附近的物业公司,常州市,31.642030,119.932808,mobilitybench:98858524a01569c7cc,河南三圣物业管理有限公司,河南省 平桥区 新六大街28号太古广场F14层,32.147299,114.084266,554.9236361118984
mobilitybench_q_81bb572c18dc0dabf4,搜索河南省信阳市附近的物业公司,常州市,31.642030,119.932808,mobilitybench:287b53f3d41e735ce9,信阳美丽家物业服务中心,河南省 平桥区 新七大道与新六大街交汇处向西200米中信上城品,32.142475,114.079125,555.3667913262221
mobilitybench_q_81bb572c18dc0dabf4,搜索河南省信阳市附近的物业公司,常州市,31.642030,119.932808,mobilitybench:73c31f9ed55174bee6,安泰物业服务有限公司清华园客服中心,河南省 平桥区 清华园南门东90米,32.150226,114.105945,552.9127167347655
mobilitybench_q_81bb572c18dc0dabf4,搜索河南省信阳市附近的物业公司,常州市,31.642030,119.932808,mobilitybench:ca0c044bc310b3ce2a,信合·阳光城物业服务中心,河南省 平桥区 信合·阳光城,32.138947,114.101528,553.2344335724865
mobilitybench_q_81bb572c18dc0dabf4,搜索河南省信阳市附近的物业公司,常州市,31.642030,119.932808,mobilitybench:40b40134b7eecbab01,东方今典D区物业服务中心,河南省 平桥区 皓康口腔(门诊部)东侧220米,32.139097,114.105809,552.8336486181836
mobilitybench_q_81bb572c18dc0dabf4,搜索河南省信阳市附近的物业公司,常州市,31.642030,119.932808,mobilitybench:1269ba8a3e939032e9,龙翔物业王家湾服务中心,河南省 平桥区 前进街道新十六街39号,32.133261,114.101677,553.1746574249728
mobilitybench_q_81bb572c18dc0dabf4,搜索河南省信阳市附近的物业公司,常州市,31.642030,119.932808,mobilitybench:ff0f220e2f95d02c1a,信阳市物业管理工作领导小组办公室,河南省 浉河区 四一路与新华东路交叉口和平大厦,32.127952,114.079057,555.2573051601223
mobilitybench_q_81bb572c18dc0dabf4,搜索河南省信阳市附近的物业公司,常州市,31.642030,119.932808,mobilitybench:c917bd76f7d8bab760,明辉·阿卡迪亚物业服务处,河南省 平桥区 明辉·阿卡迪亚南区北门旁,32.139025,114.118275,551.6624713595818
mobilitybench_q_81bb572c18dc0dabf4,搜索河南省信阳市附近的物业公司,常州市,31.642030,119.932808,mobilitybench:ccc44ae088f7af111a,如家东方今典中央城物业服务中心,河南省 平桥区 东方今典中央城A区东门旁,32.133428,114.118486,551.5973494434492
mobilitybench_q_81bb572c18dc0dabf4,搜索河南省信阳市附近的物业公司,常州市,31.642030,119.932808,mobilitybench:ab01e7e1b7a6e05b62,信阳市,河南省 平桥区 平桥区,32.148624,114.091058,554.2969423962951
mobilitybench_q_b1c9c00f6c6a8ec12c,听起来最近的菜市场在哪里？你现在网上开展,惠州市,22.617012,114.914649,mobilitybench:391cc63007d3dcfc9e,日日新鲜蔬菜水果超市,广东省 惠城区 惠城区江北街道江北三新三角湖南路3巷22号,23.121277,114.414642,75.94949052755948
mobilitybench_q_b1c9c00f6c6a8ec12c,听起来最近的菜市场在哪里？你现在网上开展,惠州市,22.617012,114.914649,mobilitybench:db02083ebf1626f3c5,菜妈妈蔬菜(江北三新店),广东省 惠城区 对面环路与上屋路交叉口南140米,23.125463,114.416135,76.19062290931204
mobilitybench_q_b1c9c00f6c6a8ec12c,听起来最近的菜市场在哪里？你现在网上开展,惠州市,22.617012,114.914649,mobilitybench:8e0ae9be7a9fe1da93,新苑市场,广东省 惠城区 富民路与三角湖路交叉口西80米,23.119886,114.416563,75.70273709627708
mobilitybench_q_b1c9c00f6c6a8ec12c,听起来最近的菜市场在哪里？你现在网上开展,惠州市,22.617012,114.914649,mobilitybench:cc22f2750186a7ac3f,鲜达菜场(三新集贸市场店),广东省 惠城区 江北街道三新村五组29号一楼,23.125704,114.416529,76.18343367713034
mobilitybench_q_b1c9c00f6c6a8ec12c,听起来最近的菜市场在哪里？你现在网上开展,惠州市,22.617012,114.914649,mobilitybench:d79d4864f5ae1ffaa1,大谷仓生鲜果蔬(江北店),广东省 惠城区 上屋路与对面环路交叉口东南80米,23.126225,114.416725,76.21294854607834
mobilitybench_q_b1c9c00f6c6a8ec12c,听起来最近的菜市场在哪里？你现在网上开展,惠州市,22.617012,114.914649,mobilitybench:fe7417beea298444eb,蔬菜档,广东省 惠城区 惠州大道三新集贸市场南门进去88号,23.126249,114.416681,76.217945581276
mobilitybench_q_b1c9c00f6c6a8ec12c,听起来最近的菜市场在哪里？你现在网上开展,惠州市,22.617012,114.914649,mobilitybench:c48afa3ea03ffe2a15,三新集贸市场,广东省 惠城区 惠州大道,23.126386,114.416647,76.23157790530801
mobilitybench_q_b1c9c00f6c6a8ec12c,听起来最近的菜市场在哪里？你现在网上开展,惠州市,22.617012,114.914649,mobilitybench:b81538a49be8aaa79f,三新市场,广东省 惠城区 对面环路与上屋路交叉口东南40米,23.126495,114.416298,76.2645027802202
mobilitybench_q_b1c9c00f6c6a8ec12c,听起来最近的菜市场在哪里？你现在网上开展,惠州市,22.617012,114.914649,mobilitybench:c57f39250026892815,家园蔬菜水果超市,广东省 惠城区 江北新岗北二路1号163,23.123321,114.422692,75.56458368757146
mobilitybench_q_b1c9c00f6c6a8ec12c,听起来最近的菜市场在哪里？你现在网上开展,惠州市,22.617012,114.914649,mobilitybench:66bab590e94a5bd6ec,鲜特惠生鲜(城市绿兴店),广东省 惠城区 新江路21号城市绿兴,23.127280,114.421921,75.9451282567718
mobilitybench_q_b1c9c00f6c6a8ec12c,听起来最近的菜市场在哪里？你现在网上开展,惠州市,22.617012,114.914649,mobilitybench:78aac5b600faeb6635,一起狗起来,广东省 惠城区 江北街道三新北路126号组门店,23.122740,114.415896,75.98302413075179
mobilitybench_q_1b4389d2e1a88b8f33,小爱同学帮我搜索附近有没有哪里有卖这个宠物衣服的,北京市,40.314814,116.633091,mobilitybench:755d5c5754a95dcc8f,小艾同学,天津市 西青区 张家窝社会山南苑46-102,39.047701,117.047351,145.28765503645687
mobilitybench_q_c7d1549c739abcf5e7,三亚哪里有吃海鲜的地方,廊坊市,39.747933,117.002214,mobilitybench:e48dabefbd0db8e3c0,虾道小龙虾·烤鱼·田鸡(银城公寓店),海南省 吉阳区 商品街一巷与商品街中巷交叉路口对面二楼(六婆串串香隔壁),18.244978,109.513866,2497.0328653167203
mobilitybench_q_c7d1549c739abcf5e7,三亚哪里有吃海鲜的地方,廊坊市,39.747933,117.002214,mobilitybench:22599b7b20e79a1552,小胖原味海鲜烧烤(建设小吃街店),海南省 天涯区 建设街55号,18.243018,109.507296,2497.425242811137
mobilitybench_q_c7d1549c739abcf5e7,三亚哪里有吃海鲜的地方,廊坊市,39.747933,117.002214,mobilitybench:762746ec0d3928bf5a,一手好菜·川菜海鲜(建设小吃街店),海南省 天涯区 跃进街192号,18.241059,109.507414,2497.632163858953
mobilitybench_q_c7d1549c739abcf5e7,三亚哪里有吃海鲜的地方,廊坊市,39.747933,117.002214,mobilitybench:716c149fbeafd6d3b8,客来欢美食店,海南省 天涯区 椰风巷76号,18.239685,109.508828,2497.740397170046
mobilitybench_q_c7d1549c739abcf5e7,三亚哪里有吃海鲜的地方,廊坊市,39.747933,117.002214,mobilitybench:f0d49e37590339e917,红姐海鲜(第一市场店),海南省 天涯区 椰风巷084号一、二、三层,18.239496,109.508863,2497.759706470898
mobilitybench_q_c7d1549c739abcf5e7,三亚哪里有吃海鲜的地方,廊坊市,39.747933,117.002214,mobilitybench:34774fce60ec13a88a,渔觅海鲜加工店(第一市场店),海南省 天涯区 第一市场新民街144号,18.237141,109.508814,2498.013751946778
mobilitybench_q_c7d1549c739abcf5e7,三亚哪里有吃海鲜的地方,廊坊市,39.747933,117.002214,mobilitybench:81f0cff539681f87a1,三亚迦南海鲜(友谊美食广场店),海南省 天涯区 友谊路海鲜加工广场c栋1号,18.265213,109.495599,2495.3686627920783
mobilitybench_q_c7d1549c739abcf5e7,三亚哪里有吃海鲜的地方,廊坊市,39.747933,117.002214,mobilitybench:96887947f782e45316,鱼乐鱼海鲜(滨河公园游船码头总店),海南省 吉阳区 鹿回头滨河公园三亚游船旅游中心1号楼,18.231749,109.516608,2498.3764662566746
mobilitybench_q_c7d1549c739abcf5e7,三亚哪里有吃海鲜的地方,廊坊市,39.747933,117.002214,mobilitybench:57099276e90d82c77a,老谭门海鲜大排档(椰梦长廊店),海南省 天涯区 兰海花园2期3号商铺1楼,18.267044,109.487042,2495.4101277465675
mobilitybench_q_c7d1549c739abcf5e7,三亚哪里有吃海鲜的地方,廊坊市,39.747933,117.002214,mobilitybench:d304bbaf8768299c8c,Yolo悠乐海鲜烧烤小龙虾,海南省 吉阳区 海花路与海韵路交叉口北140米鹿鸣小区,18.224349,109.520257,2499.0695964474053
mobilitybench_q_c7d1549c739abcf5e7,三亚哪里有吃海鲜的地方,廊坊市,39.747933,117.002214,mobilitybench:1d174f0ce950b33920,三亚市,海南省 吉阳区 吉阳区,18.252865,109.511709,2496.2463710382644
mobilitybench_q_539549a0f6b319cf49,搜索邯郸桥附近小商品城,北京市,39.789550,116.278451,mobilitybench:262dd6ae6357999552,圣达小商品城,河北省 邯山区 邯山街15号,36.601827,114.482092,387.64087951031763
mobilitybench_q_539549a0f6b319cf49,搜索邯郸桥附近小商品城,北京市,39.789550,116.278451,mobilitybench:e9bcddf906b45979a8,邯郸市邯山区速意小商品日用百货批发部,河北省 邯山区 邯山街圣达小商品批发市场零楼25号,36.601864,114.482254,387.63137352190137
mobilitybench_q_539549a0f6b319cf49,搜索邯郸桥附近小商品城,北京市,39.789550,116.278451,mobilitybench:70b654c506a9029597,康德义乌小商品批发城,河北省 丛台区,36.605820,114.484981,387.13104697944976
mobilitybench_q_539549a0f6b319cf49,搜索邯郸桥附近小商品城,北京市,39.789550,116.278451,mobilitybench:88d15618a52a0fbee4,义乌购小商品城(国风购物中心店),河北省 丛台区 东三道六号国风购物中心F1层,36.604346,114.486928,387.21278686313406
mobilitybench_q_539549a0f6b319cf49,搜索邯郸桥附近小商品城,北京市,39.789550,116.278451,mobilitybench:574ce19e6c77b8bebb,邯武大桥,河北省 复兴区 复兴区,36.619472,114.414027,388.29562580401966
mobilitybench_q_3c93ce0283100164fd,威威海神道口附近的药店,烟台市,37.535001,121.241386,mobilitybench:44841d0738e9c1ac34,凤凰大药店(理想山西南),山东省 环翠区 神道口A区2-2号,37.516081,122.100812,75.81896178869766
mobilitybench_q_3c93ce0283100164fd,威威海神道口附近的药店,烟台市,37.535001,121.241386,mobilitybench:2a47ecfa297fe43c48,燕喜堂医药连锁(奈古山路店),山东省 环翠区 奈古山路与花园中路交叉口西南140米,37.515092,122.103813,76.08713017808243
mobilitybench_q_3c93ce0283100164fd,威威海神道口附近的药店,烟台市,37.535001,121.241386,mobilitybench:3a8b20880800c186cd,康福安大药房(花园中路店),山东省 环翠区 奈古山路A27-4,37.515759,122.104053,76.10582486759291
mobilitybench_q_3c93ce0283100164fd,威威海神道口附近的药店,烟台市,37.535001,121.241386,mobilitybench:c034dda07f80c3ab29,燕喜堂医药连锁(神道口店),山东省 环翠区 古寨东路315-5号,37.516433,122.099633,75.71377480800636
mobilitybench_q_3c93ce0283100164fd,威威海神道口附近的药店,烟台市,37.535001,121.241386,mobilitybench:55545ea22ab0286900,燕喜堂医药连锁(高新花园),山东省 环翠区 古寨东路141-102号,37.512716,122.098339,75.61400288875124
mobilitybench_q_3c93ce0283100164fd,威威海神道口附近的药店,烟台市,37.535001,121.241386,mobilitybench:0604006eca509e8cdc,燕喜堂医药连锁(卧龙山店),山东省 环翠区 西北山路41号富富佳对面,37.515991,122.107776,76.43317583430259
mobilitybench_q_3c93ce0283100164fd,威威海神道口附近的药店,烟台市,37.535001,121.241386,mobilitybench:621943410a3411dfc5,立健药店连锁(文化广场店),山东省 环翠区 文化中路与古北四巷交叉口西80米,37.511415,122.103826,76.10314219400094
mobilitybench_q_3c93ce0283100164fd,威威海神道口附近的药店,烟台市,37.535001,121.241386,mobilitybench:9716fe60f1b1d302e6,燕喜堂(文化广场店),山东省 环翠区 古北四巷与文化中路交叉口西南60米,37.511305,122.104150,76.1321767304848
mobilitybench_q_3c93ce0283100164fd,威威海神道口附近的药店,烟台市,37.535001,121.241386,mobilitybench:e8a9d557211e209950,燕喜堂医药连锁(西北山路店),山东省 环翠区 西北山路6号-丙号,37.513025,122.107125,76.38714467135419
mobilitybench_q_3c93ce0283100164fd,威威海神道口附近的药店,烟台市,37.535001,121.241386,mobilitybench:4ab8aa9ccab1c3e165,立健药店连锁(西北山店),山东省 环翠区 西北三路10号附1号,37.516023,122.108276,76.47713728571115
mobilitybench_q_3c93ce0283100164fd,威威海神道口附近的药店,烟台市,37.535001,121.241386,mobilitybench:0d17890d8f37d629be,威海社区卫生神道口站,山东省 环翠区 高区文化中路59-6党校园内,37.515697,122.102307,75.9521390302229
mobilitybench_q_d433e2d12ea4790ca9,云林云林在那个照相馆最近的照相馆在哪里,怀化市,28.435580,110.408179,mobilitybench:8f68f2741b3ba468ed,有家宝贝儿童摄影(深港宝阁丽别墅店),江苏省 新吴区 深港宝阁丽83-104,31.579055,120.399916,1023.1237820877436
mobilitybench_q_d433e2d12ea4790ca9,云林云林在那个照相馆最近的照相馆在哪里,怀化市,28.435580,110.408179,mobilitybench:9eda7d9818a055f649,时光里儿童摄影(荟聚店),江苏省 锡山区 赛维拉广场7号楼28号时光里儿童摄影,31.583696,120.399423,1023.2337824361953
mobilitybench_q_d433e2d12ea4790ca9,云林云林在那个照相馆最近的照相馆在哪里,怀化市,28.435580,110.408179,mobilitybench:2ec4f153b054818610,宇檬儿童摄影(旗舰店),江苏省 新吴区 东安路与新竹路交叉口东南180米,31.578967,120.402040,1023.3128406794996
mobilitybench_q_d433e2d12ea4790ca9,云林云林在那个照相馆最近的照相馆在哪里,怀化市,28.435580,110.408179,mobilitybench:a41fe0858b721930c6,锡山区爱去摄影工作室(H studio ),江苏省 锡山区 长泰国际社区南区A区70-2,31.580795,120.401916,1023.3624635360871
mobilitybench_q_d433e2d12ea4790ca9,云林云林在那个照相馆最近的照相馆在哪里,怀化市,28.435580,110.408179,mobilitybench:81c27b0d9011d72fec,九日摄影工作室(深港天地店),江苏省 新吴区 纺城大道299号深港天地9号楼1804室,31.578501,120.402734,1023.3600718610762
mobilitybench_q_d433e2d12ea4790ca9,云林云林在那个照相馆最近的照相馆在哪里,怀化市,28.435580,110.408179,mobilitybench:a5d35fa993808f4498,速达工匠摄影(江溪店),江苏省 新吴区 坊和路与锡宇路交叉口东200米,31.573447,120.400238,1022.9664523718791
mobilitybench_q_d433e2d12ea4790ca9,云林云林在那个照相馆最近的照相馆在哪里,怀化市,28.435580,110.408179,mobilitybench:199b5c21caefb39f29,畅拍爱定格照相馆(长泰汇智广场店),江苏省 锡山区 东安大道与坊溪路交叉口西160米,31.580870,120.406862,1023.8120065249344
mobilitybench_q_d433e2d12ea4790ca9,云林云林在那个照相馆最近的照相馆在哪里,怀化市,28.435580,110.408179,mobilitybench:4590d8c35cdae64fc8,畅拍爱定格照相馆(长泰汇智广场店),江苏省 锡山区 东安路长泰汇智广场280-14,31.580888,120.406892,1023.8153170086185
mobilitybench_q_d433e2d12ea4790ca9,云林云林在那个照相馆最近的照相馆在哪里,怀化市,28.435580,110.408179,mobilitybench:83cbe8af24b165f044,太湖照相馆(学士路),江苏省 锡山区 东亭学士路87号(近资景路),31.581533,120.370012,1020.5040696728221
mobilitybench_q_d433e2d12ea4790ca9,云林云林在那个照相馆最近的照相馆在哪里,怀化市,28.435580,110.408179,mobilitybench:1c6105bee7cb436e28,腾龙照相馆(学士路店),江苏省 锡山区 东亭学士路66号,31.581758,120.369993,1020.5098728135141
mobilitybench_q_d433e2d12ea4790ca9,云林云林在那个照相馆最近的照相馆在哪里,怀化市,28.435580,110.408179,mobilitybench:6f23303b4f68bb9e2c,云林(地铁站),江苏省 锡山区 2号线,31.579536,120.395030,1022.698175717659
mobilitybench_q_fbbe8dc21381ae5d52,呃烤鸭店附近有没有烤鸭店,邢台市,37.528325,115.239485,mobilitybench:d49dfc3f2370b53517,守敬礼新冀菜,河北省 信都区 青青家园东区对面(原两岸咖啡),37.102098,114.484375,81.88681156364554
mobilitybench_q_fbbe8dc21381ae5d52,呃烤鸭店附近有没有烤鸭店,邢台市,37.528325,115.239485,mobilitybench:2e9f49b38c96dfa1f8,大金硕北京烤鸭(富水嘉园B区店),河北省 信都区 公园东路与莲池西大街交叉口西北40米,37.097918,114.484365,82.1589208007442
mobilitybench_q_fbbe8dc21381ae5d52,呃烤鸭店附近有没有烤鸭店,邢台市,37.528325,115.239485,mobilitybench:64bd3f3597c26372fe,宁记北京烤鸭,河北省 信都区 公园东街与莲池大街交叉口西北角,37.097733,114.484441,82.16550986078583
mobilitybench_q_fbbe8dc21381ae5d52,呃烤鸭店附近有没有烤鸭店,邢台市,37.528325,115.239485,mobilitybench:4baa6c81b421e48aef,京味張福记北京烤鸭冒烤鸭,河北省 信都区 富民路131号底商(京味张福记北京烤鸭冒烤鸭),37.099190,114.479116,82.45427810681404
mobilitybench_q_fbbe8dc21381ae5d52,呃烤鸭店附近有没有烤鸭店,邢台市,37.528325,115.239485,mobilitybench:7f4522576706a93ee7,冒拾喜·老成都冒菜冒烤鸭,河北省 信都区 锦绣鹏城南门东100米,37.100654,114.477417,82.48236218283307
mobilitybench_q_fbbe8dc21381ae5d52,呃烤鸭店附近有没有烤鸭店,邢台市,37.528325,115.239485,mobilitybench:f4f9912bfdf6e11a10,大金硕北京烤鸭店,河北省 信都区 公园东街与永祥街交叉口东南角,37.094885,114.484726,82.33103571156902
mobilitybench_q_fbbe8dc21381ae5d52,呃烤鸭店附近有没有烤鸭店,邢台市,37.528325,115.239485,mobilitybench:617d0d95b08a167378,北京果木烤鸭(北关街菜市场店),河北省 襄都区 豫让桥路与深圳街交叉口北100米,37.100636,114.508823,80.23024448115463
mobilitybench_q_fbbe8dc21381ae5d52,呃烤鸭店附近有没有烤鸭店,邢台市,37.528325,115.239485,mobilitybench:5d05424bdd1cc67fab,北京烤鸭,河北省 信都区 达活泉斜街尚泉城楼下门市十号,37.082582,114.488305,82.88970724788696
mobilitybench_q_fbbe8dc21381ae5d52,呃烤鸭店附近有没有烤鸭店,邢台市,37.528325,115.239485,mobilitybench:aeab47afed6a5d82a3,京城居北京烤鸭(公园东街店),河北省 信都区 公园东街136号,37.081005,114.484481,83.2662314467552
mobilitybench_q_fbbe8dc21381ae5d52,呃烤鸭店附近有没有烤鸭店,邢台市,37.528325,115.239485,mobilitybench:9d5aaa113859805a91,大鸭良北京烤鸭,河北省 襄都区 襄都区襄都区豫东市场北二街2-1号,37.094692,114.509168,80.60136642903677
mobilitybench_q_b52438d21a44ba7ca3,同学请问二郎附近哪里有口腔医院,重庆市,29.522831,106.457106,mobilitybench:65df6138f4677418e0,诚毅口腔(铜龙路诊所),重庆市 铜梁区 铜龙路271-273号,29.843622,106.078091,51.11722490630042
mobilitybench_q_b52438d21a44ba7ca3,同学请问二郎附近哪里有口腔医院,重庆市,29.522831,106.457106,mobilitybench:e0d88a0c8cd7b6b944,壹品口腔,重庆市 铜梁区 金龙大道525号,29.840497,106.080591,50.70222843790858
mobilitybench_q_b52438d21a44ba7ca3,同学请问二郎附近哪里有口腔医院,重庆市,29.522831,106.457106,mobilitybench:86b85b91891a11bc98,兴瑞口腔,重庆市 铜梁区 凤平路81号3-6、3-7、3-8号,29.839942,106.073480,51.154795747233365
mobilitybench_q_b52438d21a44ba7ca3,同学请问二郎附近哪里有口腔医院,重庆市,29.522831,106.457106,mobilitybench:a79ed8a50cb51ee16c,甲乙口腔,重庆市 铜梁区 东城街道办事处金龙大道438号,29.839035,106.081201,50.54694406272216
mobilitybench_q_b52438d21a44ba7ca3,同学请问二郎附近哪里有口腔医院,重庆市,29.522831,106.457106,mobilitybench:c05392ed7b57c5b722,铜梁兴仪口腔,重庆市 铜梁区 东城街道中兴东路521-1号,29.837221,106.071270,51.10259408267913
mobilitybench_q_b52438d21a44ba7ca3,同学请问二郎附近哪里有口腔医院,重庆市,29.522831,106.457106,mobilitybench:db7849e9b60611f993,汪印口腔,重庆市 铜梁区 龙城大道537号-539号,29.848435,106.072085,51.905631230158114
mobilitybench_q_b52438d21a44ba7ca3,同学请问二郎附近哪里有口腔医院,重庆市,29.522831,106.457106,mobilitybench:c216c138bc3bbeba91,祥杰口腔,重庆市 铜梁区 塔山东街488号,29.834493,106.065659,51.294257239532016
mobilitybench_q_b52438d21a44ba7ca3,同学请问二郎附近哪里有口腔医院,重庆市,29.522831,106.457106,mobilitybench:ff5e1cc35e44a8eaac,铜梁区李磊口腔诊所,重庆市 铜梁区 迎龙路185-191,29.835417,106.064512,51.44523836940357
mobilitybench_q_b52438d21a44ba7ca3,同学请问二郎附近哪里有口腔医院,重庆市,29.522831,106.457106,mobilitybench:8ce46c5dd081f9d72e,康齿莱口腔,重庆市 铜梁区 区迎宾东路172号,29.831001,106.069226,50.77837256340236
mobilitybench_q_b52438d21a44ba7ca3,同学请问二郎附近哪里有口腔医院,重庆市,29.522831,106.457106,mobilitybench:a9f2ba7d99f4dbe1a6,重庆驰康口腔诊所连锁有限公司,重庆市 铜梁区 群龙街6号,29.840400,106.059793,52.1550899973382
mobilitybench_q_b52438d21a44ba7ca3,同学请问二郎附近哪里有口腔医院,重庆市,29.522831,106.457106,mobilitybench:542df801f3cfd9ee7a,童学馆,重庆市 铜梁区 东城街道迎春东路258号新鹏瑞郦城3楼,29.841884,106.077217,51.043453756698504
mobilitybench_q_e581c601c01efbb309,搜索观景雅苑附近的洗车店,温州市,27.566179,120.535957,mobilitybench:fefa5a5de6c6689dc6,小拇指汽车维修保养轮胎(赵巷镇中泽路店),上海市 青浦区 中泽路327号,31.140813,121.167885,402.16959262366777
mobilitybench_q_e581c601c01efbb309,搜索观景雅苑附近的洗车店,温州市,27.566179,120.535957,mobilitybench:739902f12f333b2d99,小曹汽车快修轮胎电瓶维修保养道路救援,上海市 青浦区 中泽路180.182号,31.138139,121.169260,401.8961709240747
mobilitybench_q_e581c601c01efbb309,搜索观景雅苑附近的洗车店,温州市,27.566179,120.535957,mobilitybench:01ba965cd73c74f78e,黄亮汽修,上海市 青浦区 上海市青浦区赵巷镇中步村中泽路192号,31.137957,121.169341,401.87737772734374
mobilitybench_q_e581c601c01efbb309,搜索观景雅苑附近的洗车店,温州市,27.566179,120.535957,mobilitybench:0ce5ba8118bf0ac616,净舒汽车一站式服务,上海市 青浦区 秀泉路502号,31.148875,121.150756,402.80649785645033
mobilitybench_q_e581c601c01efbb309,搜索观景雅苑附近的洗车店,温州市,27.566179,120.535957,mobilitybench:143f4a3070cfa6700f,车冲冲24H自助洗车(青立方运动中心店),上海市 青浦区 汇金路130号,31.153737,121.152894,403.37161503007763
mobilitybench_q_e581c601c01efbb309,搜索观景雅苑附近的洗车店,温州市,27.566179,120.535957,mobilitybench:66a97db749c5575cfa,上海历练汽车服务,上海市 青浦区 赵巷镇沪青平公路3818号,31.146219,121.180878,402.9567380801827
mobilitybench_q_e581c601c01efbb309,搜索观景雅苑附近的洗车店,温州市,27.566179,120.535957,mobilitybench:18364b60440fe223c3,Noble Shine尊耀净驰,上海市 青浦区 崧达路与盈港东路交叉口南200米,31.159360,121.174142,404.2993879356391
mobilitybench_q_e581c601c01efbb309,搜索观景雅苑附近的洗车店,温州市,27.566179,120.535957,mobilitybench:1a72c18311f9568755,车泛·龙膜店,上海市 青浦区 崧华路777号-101室,31.161534,121.169122,404.4641394865415
mobilitybench_q_e581c601c01efbb309,搜索观景雅苑附近的洗车店,温州市,27.566179,120.535957,mobilitybench:0ccc8e174b28552a54,车泛AXFilm龙膜精英店,上海市 青浦区 崧华路777号2幢一层101-102号,31.161571,121.169419,404.472568891795
mobilitybench_q_e581c601c01efbb309,搜索观景雅苑附近的洗车店,温州市,27.566179,120.535957,mobilitybench:6109269c72619b683a,萌马自助洗车(航空产业园店),上海市 青浦区 崧秋路与崧辉路交叉口西北260米,31.158066,121.177315,404.204396177972
mobilitybench_q_e581c601c01efbb309,搜索观景雅苑附近的洗车店,温州市,27.566179,120.535957,mobilitybench:08e9b85d388e9a340e,崧泽华城·观景雅苑,上海市 青浦区 秀涓路46弄,31.141714,121.160965,402.16706941999007
mobilitybench_q_35c774cb0e90e77a9c,中国中医科学院西苑医院附近的旺家民宿,秦皇岛市,39.712653,119.161801,mobilitybench:4b3cbf3911efd37a13,旺家民宿(复兴路分店),北京市 海淀区 复兴路六建大院统建楼五棵松六建大院,39.907055,116.271072,247.85105446779178
mobilitybench_q_35c774cb0e90e77a9c,中国中医科学院西苑医院附近的旺家民宿,秦皇岛市,39.712653,119.161801,mobilitybench:887d63f07bdef9f3a5,旺家公寓,北京市 海淀区 塔院晴冬园1号楼1104室,39.980819,116.359862,241.04608596113863
mobilitybench_q_35c774cb0e90e77a9c,中国中医科学院西苑医院附近的旺家民宿,秦皇岛市,39.712653,119.161801,mobilitybench:6d3b808451c6e39928,旺家家庭旅馆(北医三院店),北京市 海淀区 花园北路48号院邮科社区塔五号楼103,39.980218,116.357852,241.20913445126385
mobilitybench_q_35c774cb0e90e77a9c,中国中医科学院西苑医院附近的旺家民宿,秦皇岛市,39.712653,119.161801,mobilitybench:9bd752a0d5d643f45a,中国中医科学院西苑医院,北京市 海淀区 西苑操场1号,39.995160,116.293634,246.82930569388415
mobilitybench_q_4f2a6b90b23b9ecbd2,北京丰台火车站周边的宾馆,乌鲁木齐市,43.763409,87.579730,mobilitybench:4ca6219de7216aa41c,桔子酒店(北京丰台火车站地铁站店),北京市 丰台区 丰桥路七号院16号楼1层商业西段08号,39.850526,116.305659,2407.762732221344
mobilitybench_q_4f2a6b90b23b9ecbd2,北京丰台火车站周边的宾馆,乌鲁木齐市,43.763409,87.579730,mobilitybench:2b72e8fd50f30ba400,乐途青年酒店(北京丰台火车站地铁站店),北京市 丰台区 丰益桥西育芳园北路三环新城七号院16号楼,39.850359,116.305363,2407.745263045292
mobilitybench_q_4f2a6b90b23b9ecbd2,北京丰台火车站周边的宾馆,乌鲁木齐市,43.763409,87.579730,mobilitybench:d48c7f6bbe1b45ab8c,速8酒店(北京天坛医院丰台地铁站店),北京市 丰台区 丰桥路7号院16号楼01号,39.850758,116.306635,2407.832355278001
mobilitybench_q_4f2a6b90b23b9ecbd2,北京丰台火车站周边的宾馆,乌鲁木齐市,43.763409,87.579730,mobilitybench:25db279e08b2c12f1a,乐途酒店·心悦精选(北京天坛医院丰台地铁站店),北京市 丰台区 三环新城7号院16号楼(丰台站地铁站C2东南口旁),39.850375,116.305375,2407.7456230363864
mobilitybench_q_4f2a6b90b23b9ecbd2,北京丰台火车站周边的宾馆,乌鲁木齐市,43.763409,87.579730,mobilitybench:640108901f1b6ab2cf,雅逸宾馆(北京丰台火车站店),北京市 丰台区 丰桥路7号院12(丰台站地铁站C2东南口步行210米),39.850926,116.307660,2407.9083278342237
mobilitybench_q_4f2a6b90b23b9ecbd2,北京丰台火车站周边的宾馆,乌鲁木齐市,43.763409,87.579730,mobilitybench:970d33cdc45a1c204a,桔子酒店(北京丰台火车站丰管路店),北京市 丰台区 丰管路与泥洼路2号楼,39.856620,116.298189,2406.9330407556845
mobilitybench_q_4f2a6b90b23b9ecbd2,北京丰台火车站周边的宾馆,乌鲁木齐市,43.763409,87.579730,mobilitybench:ae9ce9e445ac33544c,鑫馨宾馆(北京丰台火车站地铁站店),北京市 丰台区 丰桥路三环新城六号院3号楼,39.850601,116.309097,2408.035984006817
mobilitybench_q_4f2a6b90b23b9ecbd2,北京丰台火车站周边的宾馆,乌鲁木齐市,43.763409,87.579730,mobilitybench:1a9f9ded9f7ab05c17,北京西国贸大酒店,北京市 丰台区 丰管路16号8号楼,39.855510,116.309066,2407.8483469332423
mobilitybench_q_4f2a6b90b23b9ecbd2,北京丰台火车站周边的宾馆,乌鲁木齐市,43.763409,87.579730,mobilitybench:621f2b22f7456876ff,聚尚酒店(北京丰台站丰管路店),北京市 丰台区 丰管路与泥洼路交叉口西南220米,39.856651,116.298273,2406.9386174816605
mobilitybench_q_4f2a6b90b23b9ecbd2,北京丰台火车站周边的宾馆,乌鲁木齐市,43.763409,87.579730,mobilitybench:c77e1beb99e6931488,汉庭酒店(北京丰台火车站地铁站店),北京市 丰台区 丰桥路七号院八号楼B段,39.851645,116.310634,2408.120025410029
mobilitybench_q_4f2a6b90b23b9ecbd2,北京丰台火车站周边的宾馆,乌鲁木齐市,43.763409,87.579730,mobilitybench:ac3d8d5fcbbd274737,北京丰台站,北京市 丰台区 正阳大街4号(丰台站地铁站C2东南口步行170米),39.850889,116.301463,2407.4120868131786
mobilitybench_q_7e21243e77dd200e62,309国道最近最近的加气站,潍坊市,36.965888,119.563481,mobilitybench:b1d787797bb29fa8a2,元亨利达CNG加油加气站,山东省 潍城区 山东第二医科大学北门对过往东400米(宝通西街与利民路交叉路口往西300米),36.672444,119.040692,56.835536697014696
mobilitybench_q_7e21243e77dd200e62,309国道最近最近的加气站,潍坊市,36.965888,119.563481,mobilitybench:1fcac57b22d7e70f4f,309国道,山东省 潍城区 潍城区,36.607487,118.972706,66.00012678692796
mobilitybench_q_88c3dca6558bc27612,宁夏大学中卫校区附近的驾校,吴忠市,37.443437,106.364459,mobilitybench:ba73dc25c1f99db278,红宝驾校报名处,宁夏回族自治区 沙坡头区 蔡桥街与沙坡头东大道交叉口北120米,37.506888,105.199037,103.08526676600705
mobilitybench_q_88c3dca6558bc27612,宁夏大学中卫校区附近的驾校,吴忠市,37.443437,106.364459,mobilitybench:df905b08e85cdcc16b,合众驾驶员培训学校,宁夏回族自治区 沙坡头区 文昌镇黄河花园二期,37.504900,105.209687,102.13400816753925
mobilitybench_q_88c3dca6558bc27612,宁夏大学中卫校区附近的驾校,吴忠市,37.443437,106.364459,mobilitybench:61a83156534c75f6db,众合驾驶员培训学校报名处,宁夏回族自治区 沙坡头区 黄河街与沙坡头东大道交叉口东南60米,37.504957,105.209703,102.13298492407871
mobilitybench_q_88c3dca6558bc27612,宁夏大学中卫校区附近的驾校,吴忠市,37.443437,106.364459,mobilitybench:5548d4109ea92e49aa,德旭交规理论咨询服务中心,宁夏回族自治区 沙坡头区 怡苑小区西门向北50米3号营业房,37.516868,105.204859,102.64820346591571
mobilitybench_q_88c3dca6558bc27612,宁夏大学中卫校区附近的驾校,吴忠市,37.443437,106.364459,mobilitybench:37ad5800101aa8bb84,中卫市卫宁驾校业务处,宁夏回族自治区 沙坡头区 文萃南路与世纪路交叉口西北60米,37.509930,105.210575,102.09138231736328
mobilitybench_q_88c3dca6558bc27612,宁夏大学中卫校区附近的驾校,吴忠市,37.443437,106.364459,mobilitybench:28f133047e7219cf70,阳光驾校报名处(小台苑小区东),宁夏回族自治区 沙坡头区 鼓楼东街与文萃北路交叉口西220米,37.516035,105.208424,102.32785061280372
mobilitybench_q_88c3dca6558bc27612,宁夏大学中卫校区附近的驾校,吴忠市,37.443437,106.364459,mobilitybench:8ad7bb9426d81acf50,华顺驾校报名处,宁夏回族自治区 沙坡头区 文昌镇鼓楼东街天莉花园斜对面,37.519831,105.220650,101.28440503128286
mobilitybench_q_88c3dca6558bc27612,宁夏大学中卫校区附近的驾校,吴忠市,37.443437,106.364459,mobilitybench:d9a3aa54f236a64b39,阳光驾校,宁夏回族自治区 沙坡头区 迎水桥,37.502900,105.108187,111.06050527309989
mobilitybench_q_88c3dca6558bc27612,宁夏大学中卫校区附近的驾校,吴忠市,37.443437,106.364459,mobilitybench:f59d64d888fa8f5ec4,中卫市卫宁机动车驾驶员培训学校,宁夏回族自治区 沙坡头区 G2012定武高速与中卫立交交叉口东南80米,37.468120,105.226867,100.45123418426483
mobilitybench_q_88c3dca6558bc27612,宁夏大学中卫校区附近的驾校,吴忠市,37.443437,106.364459,mobilitybench:fb6cf2f20f6dd8e7b4,中卫合众驾校,宁夏回族自治区 沙坡头区 黄河花园二期,37.526285,105.263909,97.54230840658697
mobilitybench_q_88c3dca6558bc27612,宁夏大学中卫校区附近的驾校,吴忠市,37.443437,106.364459,mobilitybench:faad325150286cc631,宁夏大学中卫校区,宁夏回族自治区 沙坡头区 平安西路北50米,37.497504,105.172913,105.32716265813016
mobilitybench_q_28e31e90abd5efef4e,帮我看一下中国人民解放军第七医学中心附近的地铁站,长沙市,28.265317,113.054941,mobilitybench:6b23f06a286fce00d8,东四十条(地铁站),北京市 东城区 2号线;3号线,39.933704,116.434137,1333.9517606911477
mobilitybench_q_28e31e90abd5efef4e,帮我看一下中国人民解放军第七医学中心附近的地铁站,长沙市,28.265317,113.054941,mobilitybench:6007455d62d89adb36,朝阳门(地铁站),北京市 朝阳区 2号线;6号线,39.924487,116.434508,1332.96729225287
mobilitybench_q_28e31e90abd5efef4e,帮我看一下中国人民解放军第七医学中心附近的地铁站,长沙市,28.265317,113.054941,mobilitybench:da46a8e573554b1690,张自忠路(地铁站),北京市 东城区 5号线,39.933635,116.417403,1333.5887906367711
mobilitybench_q_28e31e90abd5efef4e,帮我看一下中国人民解放军第七医学中心附近的地铁站,长沙市,28.265317,113.054941,mobilitybench:ac9b6b382e7161b9ca,东四(地铁站),北京市 东城区 5号线;6号线,39.924562,116.417492,1332.6135023339687
mobilitybench_q_28e31e90abd5efef4e,帮我看一下中国人民解放军第七医学中心附近的地铁站,长沙市,28.265317,113.054941,mobilitybench:c433c731a868330ef5,东直门(地铁站),北京市 东城区 (在建)13B号线;13号线;2号线;首都机场线,39.941626,116.435842,1334.8410377469859
mobilitybench_q_28e31e90abd5efef4e,帮我看一下中国人民解放军第七医学中心附近的地铁站,长沙市,28.265317,113.054941,mobilitybench:b47377d5abf35b764e,北新桥(地铁站),北京市 东城区 5号线;首都机场线,39.940782,116.416884,1334.3475736786772
mobilitybench_q_28e31e90abd5efef4e,帮我看一下中国人民解放军第七医学中心附近的地铁站,长沙市,28.265317,113.054941,mobilitybench:b14eb6fd442f70ac9b,中国美术馆(地铁站),北京市 东城区 8号线,39.924158,116.410798,1332.428104678348
mobilitybench_q_28e31e90abd5efef4e,帮我看一下中国人民解放军第七医学中心附近的地铁站,长沙市,28.265317,113.054941,mobilitybench:83b0b045df69427549,灯市口(地铁站),北京市 东城区 5号线,39.917113,116.417783,1331.8174476608021
mobilitybench_q_28e31e90abd5efef4e,帮我看一下中国人民解放军第七医学中心附近的地铁站,长沙市,28.265317,113.054941,mobilitybench:455ff8463c6f482482,工人体育场(地铁站),北京市 朝阳区 17号线;3号线,39.934058,116.450448,1334.338021953526
mobilitybench_q_28e31e90abd5efef4e,帮我看一下中国人民解放军第七医学中心附近的地铁站,长沙市,28.265317,113.054941,mobilitybench:db7260a3f213b4b8ac,东大桥(地铁站),北京市 朝阳区 (在建)22号线/平谷线;(在建)28号线;17号线;6号线,39.922852,116.450379,1333.1303874481646
mobilitybench_q_28e31e90abd5efef4e,帮我看一下中国人民解放军第七医学中心附近的地铁站,长沙市,28.265317,113.054941,mobilitybench:6aaa9e5d361cfb5257,中国人民解放军总医院第七医学中心,北京市 东城区 东四十条南门仓胡同5号,39.930995,116.429131,1333.5535208136096
mobilitybench_q_af7f84e90a5c210797,附近小学在哪？附近小学在哪？,淮南市,32.602314,116.775007,mobilitybench:284fa24c1d0c4e64e3,寿县广岩中学,安徽省 寿县 031县道与021县道交叉口西南340米,32.001650,116.887902,67.62843719561435
mobilitybench_q_af7f84e90a5c210797,附近小学在哪？附近小学在哪？,淮南市,32.602314,116.775007,mobilitybench:4f7ca98a7517a45eae,寿县广岩小学,安徽省 寿县 021县道与031县道交叉口南260米,32.001233,116.890197,67.70838969801255
mobilitybench_q_af7f84e90a5c210797,附近小学在哪？附近小学在哪？,淮南市,32.602314,116.775007,mobilitybench:03e10bb020f3bc4733,寿县第三实验小学,安徽省 寿县 新桥产业园安康大道与双河路交口东南侧,31.998846,116.899933,68.12217541139196
mobilitybench_q_af7f84e90a5c210797,附近小学在哪？附近小学在哪？,淮南市,32.602314,116.775007,mobilitybench:02d36bba473ad5b4ec,谢墩小学,安徽省 寿县 104乡道与108乡道交叉口,32.022772,116.842334,64.75207557952798
mobilitybench_q_af7f84e90a5c210797,附近小学在哪？附近小学在哪？,淮南市,32.602314,116.775007,mobilitybench:255c09b2209afcec7f,寿县炎刘小学,安徽省 寿县 024县道与081乡道交叉口西南150米,32.069459,116.875381,59.99660899332548
mobilitybench_q_af7f84e90a5c210797,附近小学在哪？附近小学在哪？,淮南市,32.602314,116.775007,mobilitybench:cf24885f5b59b11c42,寿县古井小学,安徽省 寿县 刘岗镇刘岗村,32.070828,116.931299,60.89546926235019
mobilitybench_q_af7f84e90a5c210797,附近小学在哪？附近小学在哪？,淮南市,32.602314,116.775007,mobilitybench:c7f770e1bdbfc91111,寿县三觉镇余集小学,安徽省 寿县 028县道(余集幼儿园斜对面),31.935109,116.828059,74.35740057156815
mobilitybench_q_26e7a39dff8e449c85,查找厦门市海景东二路9-6号附近的宾馆,无锡市,31.296111,119.843591,mobilitybench:a20118ccc69d1f16f7,布书酒店(阿罗海店),福建省 海沧区 兴港路661号,24.467258,118.029273,779.9480485990471
mobilitybench_q_26e7a39dff8e449c85,查找厦门市海景东二路9-6号附近的宾馆,无锡市,31.296111,119.843591,mobilitybench:f8cdd366b995cde922,拾光悦夕阳,福建省 海沧区 兴港路辅路与湖岸南二路交叉口西北120米,24.467375,118.029275,779.9353172169682
mobilitybench_q_26e7a39dff8e449c85,查找厦门市海景东二路9-6号附近的宾馆,无锡市,31.296111,119.843591,mobilitybench:0c56023a49d1d22854,托卡酒店(厦门海沧体育馆中心店),福建省 海沧区 兴港六里6号106,24.472128,118.028250,779.4429525421212
mobilitybench_q_26e7a39dff8e449c85,查找厦门市海景东二路9-6号附近的宾馆,无锡市,31.296111,119.843591,mobilitybench:797a15c4d06519f9f2,大黄家公寓(湖岸南二路分店),福建省 海沧区 湖岸南二路禹洲尊海,24.466528,118.032331,779.9586986124397
mobilitybench_q_26e7a39dff8e449c85,查找厦门市海景东二路9-6号附近的宾馆,无锡市,31.296111,119.843591,mobilitybench:b46dd4843fbd5e2936,暖居公寓(湖岸南二路分店),福建省 海沧区 湖岸南二路禹洲尊海,24.466575,118.032375,779.9526169656345
mobilitybench_q_26e7a39dff8e449c85,查找厦门市海景东二路9-6号附近的宾馆,无锡市,31.296111,119.843591,mobilitybench:30f034af9a02625dad,幸会民宿(厦门海沧阿罗海城市广场海沧商务中心地铁站店),福建省 海沧区 兴港路与角嵩路交汇处东南侧水云湾,24.463019,118.033601,780.3108190861645
mobilitybench_q_26e7a39dff8e449c85,查找厦门市海景东二路9-6号附近的宾馆,无锡市,31.296111,119.843591,mobilitybench:da78309e613d81876e,多多驿站(水云湾站),福建省 海沧区 角嵩路与兴港路辅路交叉口东南320米,24.463025,118.033675,780.3085138596489
mobilitybench_q_26e7a39dff8e449c85,查找厦门市海景东二路9-6号附近的宾馆,无锡市,31.296111,119.843591,mobilitybench:681cdb550e0b1a00cf,平潭心怡情客栈,福建省 海沧区 海景路与海景中路交叉口东140米,24.470933,118.017739,779.8090861392038
mobilitybench_q_26e7a39dff8e449c85,查找厦门市海景东二路9-6号附近的宾馆,无锡市,31.296111,119.843591,mobilitybench:d953d73ebb367524bd,又见花开客栈(嵩屿北路分店),福建省 海沧区 兴港路辅路(未来海岸),24.462552,118.034846,780.3336380849347
mobilitybench_q_26e7a39dff8e449c85,查找厦门市海景东二路9-6号附近的宾馆,无锡市,31.296111,119.843591,mobilitybench:e1ee3a6f81a987c611,厦门海沧正元希尔顿逸林酒店,福建省 海沧区 滨湖一里208号,24.475604,118.032574,778.9690700677262
mobilitybench_q_26e7a39dff8e449c85,查找厦门市海景东二路9-6号附近的宾馆,无锡市,31.296111,119.843591,mobilitybench:352fc95ceb93c5d2e7,厦门泛新艺品实业有限公司,福建省 海沧区 海景东二路9-9号403单元,24.464773,118.024369,780.3275677075258
mobilitybench_q_f0d4fc7ff406d18b93,搜一下河南大学郑州校区附近的工商银行,焦作市,35.243813,113.227062,mobilitybench:2c20631bf6d8d87e9c,中国工商银行(郑州博学路支行),河南省 金水区 北三环东延线与博学路口向北20米,34.806297,113.793987,70.93429356560391
mobilitybench_q_f0d4fc7ff406d18b93,搜一下河南大学郑州校区附近的工商银行,焦作市,35.243813,113.227062,mobilitybench:1250004467d5b6c0eb,中国工商银行郑州龙子湖支行户外劳动者爱心驿站,河南省 金水区 郑东新区龙子湖湖心岛中道西路八号,34.795819,113.803411,72.36075917442103
mobilitybench_q_f0d4fc7ff406d18b93,搜一下河南大学郑州校区附近的工商银行,焦作市,35.243813,113.227062,mobilitybench:dd80e5ec61830f1a68,中国工商银行24小时自助银行(郑州龙子湖支行),河南省 金水区 中道西路NEW ZEALAND,34.795725,113.803431,72.36929782302086
mobilitybench_q_f0d4fc7ff406d18b93,搜一下河南大学郑州校区附近的工商银行,焦作市,35.243813,113.227062,mobilitybench:f0420d95db9ed7b598,中国工商银行(郑州龙湖中环支行),河南省 金水区 夏令街6号(郑大一附院东区地铁站A口步行100米),34.795324,113.763772,69.8263125866431
mobilitybench_q_f0d4fc7ff406d18b93,搜一下河南大学郑州校区附近的工商银行,焦作市,35.243813,113.227062,mobilitybench:ddfa196b0dea5de04f,中国工商银行(郑州相济路支行),河南省 金水区 相济路与庙张街交叉口西南角观屿国际1号楼附4-5号,34.782745,113.772914,71.41166284914989
mobilitybench_q_f0d4fc7ff406d18b93,搜一下河南大学郑州校区附近的工商银行,焦作市,35.243813,113.227062,mobilitybench:5b1187f67904213283,中国工商银行(自贸试验区分行),河南省 金水区 心怡路金水东路交叉口(地铁站D口旁),34.770278,113.771507,72.32801058042914
mobilitybench_q_f0d4fc7ff406d18b93,搜一下河南大学郑州校区附近的工商银行,焦作市,35.243813,113.227062,mobilitybench:416f1e880b203ea2fa,中国工商银行ATM(自贸试验区支行),河南省 金水区 心怡路楷林IFC-D座,34.770257,113.771503,72.3294651351357
mobilitybench_q_f0d4fc7ff406d18b93,搜一下河南大学郑州校区附近的工商银行,焦作市,35.243813,113.227062,mobilitybench:730c7668f3f7a04e7e,中国工商银行24小时自助银行(杨金路支行),河南省 金水区 杨金路郑州聚方科技园,34.845065,113.740698,64.43873894475054
mobilitybench_q_f0d4fc7ff406d18b93,搜一下河南大学郑州校区附近的工商银行,焦作市,35.243813,113.227062,mobilitybench:d7c376b252138581cc,中国工商银行(杨金路支行),河南省 金水区 杨金路8号,34.845047,113.740686,64.43932719435027
mobilitybench_q_f0d4fc7ff406d18b93,搜一下河南大学郑州校区附近的工商银行,焦作市,35.243813,113.227062,mobilitybench:0dde11d5718ceb66ed,中国工商银行24小时自助银行(天赋路支行),河南省 金水区 天赋路29-4号楼附近,34.783496,113.748403,69.81476573968128
mobilitybench_q_f0d4fc7ff406d18b93,搜一下河南大学郑州校区附近的工商银行,焦作市,35.243813,113.227062,mobilitybench:0a18dc204f5d10f279,河南大学(郑州校区),河南省 金水区 明理路北段379号,34.820703,113.819123,71.55008893567097
mobilitybench_q_8e47a970d6d2de0356,哈尔滨世一堂附近的药店,南京市,31.989104,118.879222,mobilitybench:ac1e60b71125204bcb,哈尔滨市草药居中药有限公司,黑龙江省 道里区 机场路198号海宁皮革城二楼香港路9号,45.691038,126.538725,1659.8031463153166
mobilitybench_q_8e47a970d6d2de0356,哈尔滨世一堂附近的药店,南京市,31.989104,118.879222,mobilitybench:053c94d53fb8e3dae4,永成大药房,黑龙江省 道里区 新发镇机场路小三姓屯胜利嘉园A栋,45.686110,126.521245,1658.7152738798457
mobilitybench_q_8e47a970d6d2de0356,哈尔滨世一堂附近的药店,南京市,31.989104,118.879222,mobilitybench:faa3c7268b05cc3ad3,吕氏堂中医馆,黑龙江省 道里区 哈尔滨市道里区胜利家园D栋八单元,45.684981,126.519976,1658.5592357289174
mobilitybench_q_8e47a970d6d2de0356,哈尔滨世一堂附近的药店,南京市,31.989104,118.879222,mobilitybench:7fd3fb15a43a6148b8,金翼大药房,黑龙江省 道里区 胜利嘉园西北侧100米,45.686503,126.520033,1658.7133088258502
mobilitybench_q_8e47a970d6d2de0356,哈尔滨世一堂附近的药店,南京市,31.989104,118.879222,mobilitybench:eca099f7b097af86a9,禹佳大药房,黑龙江省 南岗区 哈双路255号,45.676909,126.555051,1658.9492134131233
mobilitybench_q_8e47a970d6d2de0356,哈尔滨世一堂附近的药店,南京市,31.989104,118.879222,mobilitybench:146cebab57e1a34ec4,华伟大药房(鑫泉·金岗湾店),黑龙江省 南岗区 鑫泉·金岗湾东南1门东北70米,45.674579,126.553134,1658.6510227079664
mobilitybench_q_8e47a970d6d2de0356,哈尔滨世一堂附近的药店,南京市,31.989104,118.879222,mobilitybench:500f7455f24feb12f9,启康百姓医药连锁(金海城14栋店),黑龙江省 南岗区 哈双路294-4号,45.677589,126.555712,1659.039709668176
mobilitybench_q_8e47a970d6d2de0356,哈尔滨世一堂附近的药店,南京市,31.989104,118.879222,mobilitybench:fad3526111e8f436f3,启康医药连锁(金岗湾店),黑龙江省 南岗区 哈双路305号,45.673508,126.552241,1658.513552005795
mobilitybench_q_8e47a970d6d2de0356,哈尔滨世一堂附近的药店,南京市,31.989104,118.879222,mobilitybench:823e936a781fb3a123,黑龙江省安舒医药连锁有限公司家合店,黑龙江省 南岗区 王岗镇哈双路305号宏泰家园1号楼1层03号,45.673020,126.551669,1658.4452695570992
mobilitybench_q_8e47a970d6d2de0356,哈尔滨世一堂附近的药店,南京市,31.989104,118.879222,mobilitybench:a92afa1ce56438e390,德康大药房(家合城店),黑龙江省 南岗区 王岗镇哈双路305号家合城3栋,45.672667,126.551583,1658.407080834996
mobilitybench_q_8e47a970d6d2de0356,哈尔滨世一堂附近的药店,南京市,31.989104,118.879222,mobilitybench:1acfa0ce17b09cb693,世一堂,黑龙江省 道里区 新发镇达康路18号,45.682791,126.536756,1658.9120435667535
mobilitybench_q_574ef4a0331593a5ce,你好小v附近的工商银行在哪里？,商丘市,34.460513,115.672432,mobilitybench:03545a3c0c66c93c23,中国工商银行(睢县支行),河南省 睢县 中央大街与凤城大道交叉口西南150米,34.443749,115.078866,54.456711748614396
mobilitybench_q_574ef4a0331593a5ce,你好小v附近的工商银行在哪里？,商丘市,34.460513,115.672432,mobilitybench:c28fef885d108cf220,中国工商银行24小时自助银行(睢县支行),河南省 睢县 中央大街丹尼斯城市广场(凤城大道店),34.443817,115.079008,54.44341876523293
mobilitybench_q_574ef4a0331593a5ce,你好小v附近的工商银行在哪里？,商丘市,34.460513,115.672432,mobilitybench:f48b2b79f72f974346,中国工商银行(睢县凤城支行),河南省 睢县 富民路与凤城大道交叉口东北80米,34.444560,115.093897,53.07598542457623
mobilitybench_q_574ef4a0331593a5ce,你好小v附近的工商银行在哪里？,商丘市,34.460513,115.672432,mobilitybench:e36588b247b26bfec5,小V·私厨,河南省 睢县 文化路与中心大街交叉口西200米路南,34.422564,115.077323,54.736093178608556
mobilitybench_q_ee2451ed084fef8fef,离此地最近的五金电器维修店,十堰市,32.636811,110.794370,mobilitybench:196920ec9d410abff4,天润双辉装饰材料灯具管材(大牛坊社区3期店),北京市 海淀区 西北旺镇大牛坊安置房小区三区底商1层324,40.088279,116.235682,960.716626981775
mobilitybench_q_ee2451ed084fef8fef,离此地最近的五金电器维修店,十堰市,32.636811,110.794370,mobilitybench:fef66d4f9447332a43,驰晖纱窗定制金刚网,北京市 昌平区 上奥世纪中心1号楼西三旗建材家具1层东A03,40.057453,116.331139,962.174570458426
mobilitybench_q_ee2451ed084fef8fef,离此地最近的五金电器维修店,十堰市,32.636811,110.794370,mobilitybench:79d94eee7a2a3bd722,防水保温,北京市 昌平区 松兰堡4队街21号防水保温油漆涂料通风橡胶,40.153533,116.299208,969.7343249574315
mobilitybench_q_ee2451ed084fef8fef,离此地最近的五金电器维修店,十堰市,32.636811,110.794370,mobilitybench:f4f955dbf3dde3fed8,五金精品电动工具,北京市 海淀区 北京城区锦绣家居建材商城B1层,40.050947,116.246380,957.6892096109773
mobilitybench_q_ee2451ed084fef8fef,离此地最近的五金电器维修店,十堰市,32.636811,110.794370,mobilitybench:75723825db221b6455,盛鑫达五金开锁换锁芯配钥匙配门禁(宏福亿发购物中心店),北京市 昌平区 宏福苑大门红绿灯往北150米,40.116955,116.364007,969.2536845487347
mobilitybench_q_ee2451ed084fef8fef,离此地最近的五金电器维修店,十堰市,32.636811,110.794370,mobilitybench:5c964f0bb5287ac846,立邦五金卫浴水电维修(龙锦苑东二区店),北京市 昌平区 龙锦苑东二区东北2门旁,40.087237,116.368566,966.682388534996
mobilitybench_q_ee2451ed084fef8fef,离此地最近的五金电器维修店,十堰市,32.636811,110.794370,mobilitybench:c6ada6c8b16dca476b,五金灯具水暖(便民维修站),北京市 海淀区 东升镇宝盛里小区2号楼底商五金灯具水暖,40.035945,116.368137,961.8713581551555
mobilitybench_q_ee2451ed084fef8fef,离此地最近的五金电器维修店,十堰市,32.636811,110.794370,mobilitybench:55dc997c6f54eda38c,此时此地写字台(北京超极合生汇店),北京市 昌平区 北清路1号院超极合生汇负二层85号,40.096373,116.292551,964.0583207297615
mobilitybench_q_5fa52a9e6588bde4fd,郑州兰溪上苑附近的汉庭,上海市,31.147574,121.455240,mobilitybench:3e30ee7a43abbc7db6,汉庭酒店(郑州东站省政府店),河南省 管城回族区 商鼎路51号,34.754338,113.756895,822.318229126647
mobilitybench_q_5fa52a9e6588bde4fd,郑州兰溪上苑附近的汉庭,上海市,31.147574,121.455240,mobilitybench:936276aa722162ef3d,汉庭酒店(郑州东站站前广场店),河南省 金水区 莆田西路与动力北路交叉口汽车枢纽站一层,34.761261,113.783410,820.5128189466404
mobilitybench_q_5fa52a9e6588bde4fd,郑州兰溪上苑附近的汉庭,上海市,31.147574,121.455240,mobilitybench:b791ce667285007094,汉庭酒店(郑州省人民医院店),河南省 金水区 红旗路99号,34.776737,113.702268,827.8950276605916
mobilitybench_q_5fa52a9e6588bde4fd,郑州兰溪上苑附近的汉庭,上海市,31.147574,121.455240,mobilitybench:a0ba2176926e34813a,汉庭酒店(郑州东站东广场商鼎路店),河南省 管城回族区 商鼎路与嘉园路交叉口华润置地新时代广场4号楼,34.755878,113.787342,819.9199573335408
mobilitybench_q_5fa52a9e6588bde4fd,郑州兰溪上苑附近的汉庭,上海市,31.147574,121.455240,mobilitybench:c6f4d117140e3adaf2,汉庭酒店(郑州会展中心未来路店),河南省 金水区 未来路与纬二路交叉口西南角鼎城广场,34.768408,113.705612,827.2026511493775
mobilitybench_q_5fa52a9e6588bde4fd,郑州兰溪上苑附近的汉庭,上海市,31.147574,121.455240,mobilitybench:866576e559a6589fc2,汉庭酒店(郑州经三路店),河南省 金水区 东风路19号15-9层(枣庄地铁站D口步行360米),34.795348,113.689446,829.8788909259086
mobilitybench_q_5fa52a9e6588bde4fd,郑州兰溪上苑附近的汉庭,上海市,31.147574,121.455240,mobilitybench:caa17d61f0f57fa921,汉庭优佳酒店(郑州东站省骨科医院店),河南省 管城回族区 商都路与心怡路交汇处中晟伟业国际广场,34.745025,113.775675,820.3192046571245
mobilitybench_q_5fa52a9e6588bde4fd,郑州兰溪上苑附近的汉庭,上海市,31.147574,121.455240,mobilitybench:8b30f9b3e39747e928,汉庭酒店(郑州郑东商业中心农业南路店),河南省 管城回族区 农业南路与永平路交叉口东南角,34.740516,113.757236,821.592920805602
mobilitybench_q_5fa52a9e6588bde4fd,郑州兰溪上苑附近的汉庭,上海市,31.147574,121.455240,mobilitybench:865f8357a89fb5bc23,汉庭酒店(郑州会展中心东十里铺地铁站店),河南省 金水区 十里铺街12号诚工大厦东塔,34.744394,113.729535,824.0450943988432
mobilitybench_q_5fa52a9e6588bde4fd,郑州兰溪上苑附近的汉庭,上海市,31.147574,121.455240,mobilitybench:a97c323979c7d70bb0,汉庭酒店(郑州火车东站店)(暂停营业),河南省 管城回族区 普惠路与东站南街交叉口东南角升龙广场2号楼A座,34.757588,113.772287,821.2306690307207
mobilitybench_q_5fa52a9e6588bde4fd,郑州兰溪上苑附近的汉庭,上海市,31.147574,121.455240,mobilitybench:7e9a04ecd871d7be9f,兰溪上苑,河南省 金水区 龙湖街道朝阳路与龙翔四街交汇处东南角,34.795550,113.754504,824.6054195928871
mobilitybench_q_4e200444a59336974c,保定附近的康养中心。,保亭黎族苗族自治县,18.639259,109.713808,mobilitybench:5927ac43183025c9d6,东庆康养中心,河北省 竞秀区 天威西路499号,38.861016,115.459399,2315.915183491099
mobilitybench_q_4e200444a59336974c,保定附近的康养中心。,保亭黎族苗族自治县,18.639259,109.713808,mobilitybench:5845d26fd247e7a4fc,紫康园康养服务中心,河北省 竞秀区 康欣园北区东门,38.865539,115.448439,2316.1470076022533
mobilitybench_q_4e200444a59336974c,保定附近的康养中心。,保亭黎族苗族自治县,18.639259,109.713808,mobilitybench:6275428794512b6029,佰善康养中心,河北省 竞秀区 世家花园西区东1门旁,38.892682,115.453524,2319.1734409795
mobilitybench_q_4e200444a59336974c,保定附近的康养中心。,保亭黎族苗族自治县,18.639259,109.713808,mobilitybench:3b2583ac9849745f8f,幸福园养老中心(二五二医院店),河北省 莲池区 西关街道百花东路998号,38.866093,115.489251,2317.150335394249
mobilitybench_q_4e200444a59336974c,保定附近的康养中心。,保亭黎族苗族自治县,18.639259,109.713808,mobilitybench:a8bbe27e4c622edaac,养云生命健康养护中心,河北省 竞秀区 隆兴中路与风清街交叉口西南80米,38.900325,115.474625,2320.4793559571826
mobilitybench_q_4e200444a59336974c,保定附近的康养中心。,保亭黎族苗族自治县,18.639259,109.713808,mobilitybench:93b6db233fabc3cd66,云志养老服务中心,河北省 竞秀区 隆兴西路1377号,38.901030,115.443633,2319.840676711692
mobilitybench_q_4e200444a59336974c,保定附近的康养中心。,保亭黎族苗族自治县,18.639259,109.713808,mobilitybench:736e298ca2671ba060,善孝居老年服务中心,河北省 莲池区 利民街176号,38.842286,115.475723,2314.2860602690503
mobilitybench_q_4e200444a59336974c,保定附近的康养中心。,保亭黎族苗族自治县,18.639259,109.713808,mobilitybench:c4a3ff6499bdbeeeb1,竞秀区泰福春居家社区养老服务中心,河北省 竞秀区 富宁街109号,38.848555,115.435754,2314.0342895551953
mobilitybench_q_4e200444a59336974c,保定附近的康养中心。,保亭黎族苗族自治县,18.639259,109.713808,mobilitybench:0b1e3633948cadc8b6,子轩堂健康养护中心(复兴中路西苑北小区东区店),河北省 莲池区 复兴中路与李庄街交叉口西140米,38.895416,115.500667,2320.5564728696468
mobilitybench_q_4e200444a59336974c,保定附近的康养中心。,保亭黎族苗族自治县,18.639259,109.713808,mobilitybench:b6f8046329a45814fc,保定市莲池区安心居康复养老中心,河北省 莲池区 三丰中路224号,38.845900,115.491623,2315.0423319964843
mobilitybench_q_4e200444a59336974c,保定附近的康养中心。,保亭黎族苗族自治县,18.639259,109.713808,mobilitybench:05606e2e146f286d3c,保定市,河北省 竞秀区 竞秀区,38.874476,115.464523,2317.475974841099
mobilitybench_q_3e825fe37f5087da96,承德武烈路附近新乾隆酒楼,辽阳市,41.415010,123.332203,mobilitybench:ca53a864205f5bfd99,新乾隆酒楼·大福的店(迎宾路店),河北省 双桥区 世纪中路福地华园西区A3底商,40.958525,117.960675,452.28085133985695
mobilitybench_q_3e825fe37f5087da96,承德武烈路附近新乾隆酒楼,辽阳市,41.415010,123.332203,mobilitybench:494725216678565190,新乾隆酒楼(帝景园店),河北省 双桥区 新华路帝景园大厦1楼,40.969091,117.941447,453.7130745100836
mobilitybench_q_3e825fe37f5087da96,承德武烈路附近新乾隆酒楼,辽阳市,41.415010,123.332203,mobilitybench:1aaa90d6055163f623,武烈路,河北省 双桥区 双桥区,40.959868,117.952712,452.9214066852639
mobilitybench_q_6533ed54524557017d,上海复旦大学附属医院附近的酒店。,三明市,26.077355,117.458254,mobilitybench:4a77b2b8ffd689ac6c,永丰苑旅馆(华山医院店),上海市 静安区 乌鲁木齐中路11号,31.216359,121.444152,691.0986757312365
mobilitybench_q_6533ed54524557017d,上海复旦大学附属医院附近的酒店。,三明市,26.077355,117.458254,mobilitybench:babb1a48ea8b579e72,上海mei莉公寓(长乐路分店),上海市 徐汇区 长乐路1131弄1-2号长乐路1131弄,31.215125,121.443475,690.9494495144053
mobilitybench_q_6533ed54524557017d,上海复旦大学附属医院附近的酒店。,三明市,26.077355,117.458254,mobilitybench:62869e9ce5b646f8dc,米娅民宿(长乐路分店),上海市 徐汇区 长乐路1131弄小区,31.215116,121.443232,690.9353049731732
mobilitybench_q_6533ed54524557017d,上海复旦大学附属医院附近的酒店。,三明市,26.077355,117.458254,mobilitybench:f7667839bb3964cde1,mei莉民宿(淮海路店)长乐路1121弄华山医院对面,上海市 徐汇区 长乐路1131弄2号203室,31.215068,121.443316,690.9355514124161
mobilitybench_q_6533ed54524557017d,上海复旦大学附属医院附近的酒店。,三明市,26.077355,117.458254,mobilitybench:29be3bdc66f1dbd553,上海惠家宾馆(华山医院店),上海市 静安区 华山路439号潮汕大楼商务楼7层,31.217137,121.444498,691.1883260369688
mobilitybench_q_6533ed54524557017d,上海复旦大学附属医院附近的酒店。,三明市,26.077355,117.458254,mobilitybench:2d649611a9243d0e5d,上海静安寺华山路亚朵X酒店,上海市 静安区 乌鲁木齐北路458号中雅大楼,31.218580,121.443377,691.2579640289624
mobilitybench_q_6533ed54524557017d,上海复旦大学附属医院附近的酒店。,三明市,26.077355,117.458254,mobilitybench:2bb6f5ef3891e2f351,上海旺财旅店(华山医院店),上海市 静安区 静安街道华山路439号3楼,31.216788,121.444649,691.164903092552
mobilitybench_q_6533ed54524557017d,上海复旦大学附属医院附近的酒店。,三明市,26.077355,117.458254,mobilitybench:1154b542b7bf3d4657,小猪用户民宿(静安寺6号店),上海市 静安区 乌鲁木齐中路与长乐路交叉口北60米,31.215982,121.444416,691.0789080336174
mobilitybench_q_6533ed54524557017d,上海复旦大学附属医院附近的酒店。,三明市,26.077355,117.458254,mobilitybench:d87aca869bb8326661,上海安逸小筑,上海市 静安区 愚园路涌泉坊(静安寺地铁站12号口步行480米),31.217689,121.443511,691.1843557444599
mobilitybench_q_6533ed54524557017d,上海复旦大学附属医院附近的酒店。,三明市,26.077355,117.458254,mobilitybench:ee8a1beaf8a9f131d3,上海永远期盼民宿2号店,上海市 静安区 乌鲁木齐中路19弄1号,31.216069,121.444456,691.0890047721127
mobilitybench_q_6533ed54524557017d,上海复旦大学附属医院附近的酒店。,三明市,26.077355,117.458254,mobilitybench:3b1ca93e84a81662b1,复旦大学附属华山医院,上海市 静安区 乌鲁木齐中路12号,31.216111,121.442932,691.0092452726888
mobilitybench_q_150e4592c9cb5aaabb,东湖国际附近，山东阳谷包子铺在什么地方？,广州市,23.377006,113.226897,mobilitybench:dd09ab79468c025966,阳春东湖国际大酒店,广东省 阳春市 东湖东路213号,22.158192,111.806100,198.96573316582416
mobilitybench_q_f632973b06c51f1fe9,沙区法院附近的草帽鱼锅,大连市,38.832683,121.400153,mobilitybench:b968a618b41c41bbe4,沙区法院(公交站),新疆维吾尔自治区 沙依巴克区 56路;917路,43.811780,87.596181,2855.954986275099
mobilitybench_q_4f0372d6e9a11da24d,沧州附近有专卖店卖鞋的吗火车站,沧州市,38.302699,117.877091,mobilitybench:e8aa1329c76b095a60,佰顺依依拓步森健康鞋专卖,河北省 运河区 世纪家园南区东南门北80米,38.323249,116.827198,91.6287147170136
mobilitybench_q_4f0372d6e9a11da24d,沧州附近有专卖店卖鞋的吗火车站,沧州市,38.302699,117.877091,mobilitybench:a2f06b961b9ac4e487,沧州市,河北省 运河区 运河区,38.304676,116.838715,90.60727127342166
mobilitybench_q_856eaa26b7e4f972c0,定襄县瑶三线附近集装箱东,忻州市,39.058354,112.784189,mobilitybench:56b5789fecc28ef88f,瑶三线,山西省 定襄县 定襄县,38.581620,112.870492,53.535147366652424
mobilitybench_q_997974e047384e9cf1,乍浦站附近的加油站。,宁德市,26.882214,120.019334,mobilitybench:32fc7c0b10e8e2ba8f,中国石化乍浦加油站,浙江省 平湖市 乍浦沪杭路46号,30.599101,121.095383,426.3981711044262
mobilitybench_q_997974e047384e9cf1,乍浦站附近的加油站。,宁德市,26.882214,120.019334,mobilitybench:e31db1b570e54fc7ba,中国石化金门加油站,浙江省 平湖市 乍浦镇金门村六组,30.627873,121.141568,430.617200839937
mobilitybench_q_997974e047384e9cf1,乍浦站附近的加油站。,宁德市,26.882214,120.019334,mobilitybench:f4e7652faeba0907e5,凯港加油点,浙江省 平湖市 外环中路与乍王路交叉路口往东约100米,30.615532,121.078694,427.77179006977474
mobilitybench_q_997974e047384e9cf1,乍浦站附近的加油站。,宁德市,26.882214,120.019334,mobilitybench:b4ed5154a09db0276f,中国石化新雅山加油站,浙江省 平湖市 乍浦镇乍王路619号,30.613824,121.077747,427.56542303292036
mobilitybench_q_997974e047384e9cf1,乍浦站附近的加油站。,宁德市,26.882214,120.019334,mobilitybench:64c87e3642925ae4a0,中国石化平湖第六加油站,浙江省 平湖市 天吉路与101省道交汇处,30.634101,121.083675,429.8903782690349
mobilitybench_q_997974e047384e9cf1,乍浦站附近的加油站。,宁德市,26.882214,120.019334,mobilitybench:e92a51567a330c7eb1,中国石化滨海大道加油加气站,浙江省 平湖市 乍浦镇滨海大道1515号,30.595920,121.070929,425.4753205513604
mobilitybench_q_997974e047384e9cf1,乍浦站附近的加油站。,宁德市,26.882214,120.019334,mobilitybench:9b8c84fd094a8a5b9e,中国石油嘉兴港区加油站,浙江省 平湖市 嘉兴港区东西大道绿道与龙王路交叉口东80米,30.626146,121.067860,428.66302164979743
mobilitybench_q_997974e047384e9cf1,乍浦站附近的加油站。,宁德市,26.882214,120.019334,mobilitybench:b2183b664a5f98b48d,新光明加油站,浙江省 平湖市 林埭镇S101省道陈匠段468号,30.655571,121.133067,433.3848623164146
mobilitybench_q_997974e047384e9cf1,乍浦站附近的加油站。,宁德市,26.882214,120.019334,mobilitybench:dfb711dff23dcb32c3,光明石化大亚保丰综合供能加油站,浙江省 平湖市 金海洋大道3088号,30.653745,121.093686,432.2432524948031
mobilitybench_q_997974e047384e9cf1,乍浦站附近的加油站。,宁德市,26.882214,120.019334,mobilitybench:4b7a8f4ea9e7e47255,中国石化黄姑加油站,浙江省 平湖市 独山港镇101省道聚福段85号,30.657477,121.138017,433.71075330153093
mobilitybench_q_997974e047384e9cf1,乍浦站附近的加油站。,宁德市,26.882214,120.019334,mobilitybench:7f853d93e04418bb7f,乍浦公交枢纽站,浙江省 平湖市 雅山东路与牛桥路交叉口西南120米,30.610312,121.117170,428.13084723156356
mobilitybench_q_a9b724d49c9e37770a,帮我搜一下东山社区附近的微闭宠宠物医院,西安市,34.222663,108.903044,mobilitybench:7917c02b5454210a61,东山社区居委会,广东省 龙岗区 东大路附近,22.556630,114.540918,1408.8551159051617
mobilitybench_q_036fb05c7ba0cd5dd4,帮我在北海市开江尾村十一巷15号附近找一家打印店,乐山市,29.613523,103.746628,mobilitybench:a64fbf42b43220617e,宸鑫广告,广西壮族自治区 海城区 湖海路与尚源路口的停车场铺面,21.489993,109.166720,1053.9087161576228
mobilitybench_q_036fb05c7ba0cd5dd4,帮我在北海市开江尾村十一巷15号附近找一家打印店,乐山市,29.613523,103.746628,mobilitybench:9ce5a12078d2c24e8f,明锐图文,广西壮族自治区 海城区 南珠大道50-1号荔枝湾,21.485246,109.168505,1054.4583475402014
mobilitybench_q_036fb05c7ba0cd5dd4,帮我在北海市开江尾村十一巷15号附近找一家打印店,乐山市,29.613523,103.746628,mobilitybench:d9238e92acf982e159,千胜图文广告,广西壮族自治区 海城区 北海大道东延线3号海枫和苑4幢三单元,21.486949,109.175262,1054.6430006805645
mobilitybench_q_036fb05c7ba0cd5dd4,帮我在北海市开江尾村十一巷15号附近找一家打印店,乐山市,29.613523,103.746628,mobilitybench:81dfdbafc08669de41,北海银珠印刷广告(24小时自助打印),广西壮族自治区 海城区 北部湾东路高德街道南洋小区5号,21.499098,109.162144,1052.7950662135634
mobilitybench_q_036fb05c7ba0cd5dd4,帮我在北海市开江尾村十一巷15号附近找一家打印店,乐山市,29.613523,103.746628,mobilitybench:aa589c8557bc0ce0c9,国伟文印室,广西壮族自治区 海城区 河南路东14号高德市场对面,21.497173,109.157735,1052.7531736978906
mobilitybench_q_036fb05c7ba0cd5dd4,帮我在北海市开江尾村十一巷15号附近找一家打印店,乐山市,29.613523,103.746628,mobilitybench:4f2d501306e924003e,图索图文广告,广西壮族自治区 海城区 新业花园北门旁,21.497086,109.157417,1052.745163160345
mobilitybench_q_036fb05c7ba0cd5dd4,帮我在北海市开江尾村十一巷15号附近找一家打印店,乐山市,29.613523,103.746628,mobilitybench:6ffd7f6944191bb292,北海市胜彩广告,广西壮族自治区 海城区 湖北路供电小区七排,21.487096,109.152870,1053.4741687287974
mobilitybench_q_036fb05c7ba0cd5dd4,帮我在北海市开江尾村十一巷15号附近找一家打印店,乐山市,29.613523,103.746628,mobilitybench:1f31206e133b35ca1e,茗扬文印,广西壮族自治区 海城区 河南路与文广东里交叉口南20米,21.499802,109.156259,1052.4236293360316
mobilitybench_q_036fb05c7ba0cd5dd4,帮我在北海市开江尾村十一巷15号附近找一家打印店,乐山市,29.613523,103.746628,mobilitybench:9efcf9ffede67af6ff,湘鑫图文广告(北星路店),广西壮族自治区 海城区 北星路龙飞花园807号,21.481033,109.149516,1053.886433563875
mobilitybench_q_036fb05c7ba0cd5dd4,帮我在北海市开江尾村十一巷15号附近找一家打印店,乐山市,29.613523,103.746628,mobilitybench:9891df50001af64632,天宇摄影打印复印,广西壮族自治区 海城区 上海路与郑州路交叉口,21.481149,109.147048,1053.7483124896005
mobilitybench_q_036fb05c7ba0cd5dd4,帮我在北海市开江尾村十一巷15号附近找一家打印店,乐山市,29.613523,103.746628,mobilitybench:fedc389af3da848cf3,开江尾村十一巷15号,广西壮族自治区 海城区 高德街道开江尾村十一巷15号,21.489027,109.166524,1053.991710009851
mobilitybench_q_2dcdb924186249709e,搜索二中附近永胜台球厅,唐山市,40.204194,117.951327,mobilitybench:4d5f06aa4bf5038130,唐山市第二中学,河北省 路南区 友谊路2号,39.619098,118.140994,67.04072330490396
mobilitybench_q_b9b222c0f5086d3ab1,帮我看看吉林省吉林市火车站附近的民宿,北京市,40.064217,116.425650,mobilitybench:48a174b4509d4cce6c,吉林红姐民宿,吉林省 昌邑区 华业大厦B座2118室,43.860631,126.580013,938.8335636998466
mobilitybench_q_b9b222c0f5086d3ab1,帮我看看吉林省吉林市火车站附近的民宿,北京市,40.064217,116.425650,mobilitybench:ef5a987c07e507524c,朴宿(华业店),吉林省 昌邑区 延安路华业国际城A座2114室,43.860488,126.579709,938.8048951048777
mobilitybench_q_b9b222c0f5086d3ab1,帮我看看吉林省吉林市火车站附近的民宿,北京市,40.064217,116.425650,mobilitybench:3d2c0c1b0b3922cc24,吉林华业上佳日租公寓,吉林省 昌邑区 华业地产嫩江街华业B座公寓,43.860723,126.579749,938.8181477403577
mobilitybench_q_b9b222c0f5086d3ab1,帮我看看吉林省吉林市火车站附近的民宿,北京市,40.064217,116.425650,mobilitybench:65af11f23e05b9f52f,吉林至尚民宿,吉林省 昌邑区 华业国际城11号楼2单元22层420室,43.860875,126.579775,938.826729342479
mobilitybench_q_b9b222c0f5086d3ab1,帮我看看吉林省吉林市火车站附近的民宿,北京市,40.064217,116.425650,mobilitybench:7508ec184049708722,伊伊日租公寓(吉林火车站店),吉林省 昌邑区 四川街华业广场A座26层2622号,43.860716,126.579982,938.8350072447015
mobilitybench_q_b9b222c0f5086d3ab1,帮我看看吉林省吉林市火车站附近的民宿,北京市,40.064217,116.425650,mobilitybench:c4dbda0cb493b51ea7,520淘淘日租房(吉林火车站店),吉林省 昌邑区 嫩江街华业大厦B座(火车站东出口北侧),43.860730,126.580259,938.8560295073808
mobilitybench_q_b9b222c0f5086d3ab1,帮我看看吉林省吉林市火车站附近的民宿,北京市,40.064217,116.425650,mobilitybench:06a3711959b0c00cc7,吉林拾光电竞民宿,吉林省 昌邑区 华业国际城11号楼1单元25层498号,43.860750,126.579826,938.8250048473542
mobilitybench_q_b9b222c0f5086d3ab1,帮我看看吉林省吉林市火车站附近的民宿,北京市,40.064217,116.425650,mobilitybench:f5746a9eb7443343b4,小海绵民宿(吉林火车站3号店),吉林省 昌邑区 四川街与广北路交叉口东北100米,43.860383,126.579884,938.8131842067914
mobilitybench_q_b9b222c0f5086d3ab1,帮我看看吉林省吉林市火车站附近的民宿,北京市,40.064217,116.425650,mobilitybench:82a357ddcd38df2795,伴糖民宿(吉林市火车站店),吉林省 昌邑区 嫩江街199号华业国际城11号楼2单元909室,43.860720,126.581050,938.9138695130465
mobilitybench_q_b9b222c0f5086d3ab1,帮我看看吉林省吉林市火车站附近的民宿,北京市,40.064217,116.425650,mobilitybench:9ecf54cc16d586364e,吉林客罗森公寓,吉林省 昌邑区 华业国际城11号楼2单元11层104号,43.860271,126.581066,938.8953614448571
mobilitybench_q_b9b222c0f5086d3ab1,帮我看看吉林省吉林市火车站附近的民宿,北京市,40.064217,116.425650,mobilitybench:c8cabb37459b68c0ce,吉林站,吉林省 昌邑区 重庆路1号,43.859222,126.578085,938.6297281688687
mobilitybench_q_09f01b53190525512d,垃圾场这这个最近的垃圾场,邯郸市,36.337749,115.001098,mobilitybench:4c2000978df1bf6b52,水厂路垃圾中转站,河北省 邯山区 邯郸市第二幼儿园北门东北60米,36.581316,114.497668,52.54076236893756
mobilitybench_q_09f01b53190525512d,垃圾场这这个最近的垃圾场,邯郸市,36.337749,115.001098,mobilitybench:7454b7fc149ac58ddb,育红垃圾压缩站,河北省 邯山区 华明路罗城头-2号院,36.577856,114.496573,52.42860206007409
mobilitybench_q_09f01b53190525512d,垃圾场这这个最近的垃圾场,邯郸市,36.337749,115.001098,mobilitybench:a58e52e0df6a44b845,明怡街垃圾中转站(河北工程大学家属院店),河北省 邯山区 明怡街河北工程大学-家属院,36.573682,114.496946,52.16599376436641
mobilitybench_q_09f01b53190525512d,垃圾场这这个最近的垃圾场,邯郸市,36.337749,115.001098,mobilitybench:25a8a68753786eab50,滏阳街垃圾压缩站,河北省 邯山区 滏阳街农林路81号院,36.589568,114.505491,52.42479322988471
mobilitybench_q_09f01b53190525512d,垃圾场这这个最近的垃圾场,邯郸市,36.337749,115.001098,mobilitybench:95241a5d6b5934fe43,绿化南垃圾压缩站,河北省 邯山区 大北城佳苑西北门西南180米,36.594787,114.495577,53.48298730046334
mobilitybench_q_09f01b53190525512d,垃圾场这这个最近的垃圾场,邯郸市,36.337749,115.001098,mobilitybench:0e1d9e581b3ac582d6,滏园新村垃圾中转站,河北省 邯山区 滏园街六一幼儿园(邯郸市住房公积金管理中心东南),36.590878,114.512561,51.969822305929505
mobilitybench_q_09f01b53190525512d,垃圾场这这个最近的垃圾场,邯郸市,36.337749,115.001098,mobilitybench:b828e3e615cd012a0d,农林西垃圾中转站(青城逸园店),河北省 邯山区 青城逸园北门旁,36.593130,114.481089,54.48660180396625
mobilitybench_q_09f01b53190525512d,垃圾场这这个最近的垃圾场,邯郸市,36.337749,115.001098,mobilitybench:ce2b7cf0d240ab3be6,138院垃圾中转站,河北省 邯山区 中华巷一三八家属院,36.600211,114.499885,53.483153663608704
mobilitybench_q_09f01b53190525512d,垃圾场这这个最近的垃圾场,邯郸市,36.337749,115.001098,mobilitybench:1fe4742d1da3e177e7,劳动路垃圾压缩站,河北省 邯山区 万浩家园2期南2门旁,36.597542,114.479602,54.85575501709752
mobilitybench_q_09f01b53190525512d,垃圾场这这个最近的垃圾场,邯郸市,36.337749,115.001098,mobilitybench:41be5bb2f56d0510c4,通达街垃圾压缩站,河北省 丛台区 通达街8号通达名园,36.604613,114.517260,52.4623453808473
mobilitybench_q_c154afb374bf84a678,肿瘤医院附近的黄金时代,宿迁市,33.936808,118.267236,mobilitybench:e088b229cd00039fe3,时代大药房(泰安新城店),江苏省 泗洪县 黄山北路5号,33.476525,118.240785,51.23965623054277
mobilitybench_q_c154afb374bf84a678,肿瘤医院附近的黄金时代,宿迁市,33.936808,118.267236,mobilitybench:2c6561a87049699cdd,时代大药房(金鹰店),江苏省 泗洪县 泗州中大街12号第一幢102号,33.459542,118.206677,53.36452036147474
mobilitybench_q_c154afb374bf84a678,肿瘤医院附近的黄金时代,宿迁市,33.936808,118.267236,mobilitybench:0aa34278569f7b8241,宿迁市分金亭医院集团肿瘤医院,江苏省 泗洪县 泗洪经济开发区双沟西路1号,33.488416,118.210665,50.13280151069483
mobilitybench_q_ff4068829e5ac62460,东安路口有没有工商银行,张家界市,29.112114,110.485974,mobilitybench:0aee521e530193eedc,中国工商银行(永州东安支行),湖南省 东安县 白牙市镇同心路3号,26.395617,111.307820,312.6961957416908
mobilitybench_q_ff4068829e5ac62460,东安路口有没有工商银行,张家界市,29.112114,110.485974,mobilitybench:277297da4a259870f1,中国工商银行(永州东安龙溪支行),湖南省 东安县 白牙市镇龙溪路385号,26.393730,111.294971,312.57476894644515
mobilitybench_q_ff4068829e5ac62460,东安路口有没有工商银行,张家界市,29.112114,110.485974,mobilitybench:8a0242b920931d1e61,中国工商银行24小时自助银行(东安支行),湖南省 东安县 白牙市镇龙溪路385号,26.393800,111.294818,312.5634026521319
mobilitybench_q_ff4068829e5ac62460,东安路口有没有工商银行,张家界市,29.112114,110.485974,mobilitybench:98a7df47752c42106a,东安大道与东安大道辅路交叉口,湖南省 东安县 东安县,26.392460,111.324995,313.47634153163773
mobilitybench_q_07d50aa715067062e1,上海江苏路地铁站附近的酒店公寓,石家庄市,38.027078,114.611502,mobilitybench:57a8badacee4d48722,上海后来居上精品公寓(镇宁路分店),上海市 静安区 南京西路公馆1600(江苏路地铁站2号口步行470米),31.219483,121.436872,980.7104238936977
mobilitybench_q_07d50aa715067062e1,上海江苏路地铁站附近的酒店公寓,石家庄市,38.027078,114.611502,mobilitybench:8716867c9e31041b86,馨乐庭延安西路店,上海市 长宁区 延安西路1066号,31.211915,121.430667,981.0170641272509
mobilitybench_q_07d50aa715067062e1,上海江苏路地铁站附近的酒店公寓,石家庄市,38.027078,114.611502,mobilitybench:c47d1880c36d81174f,轻住·多客莱公寓(武宁路地铁站店),上海市 静安区 万航渡路858号后面5楼,31.227550,121.429118,979.5498410119651
mobilitybench_q_07d50aa715067062e1,上海江苏路地铁站附近的酒店公寓,石家庄市,38.027078,114.611502,mobilitybench:3793bb6ec8aa32fe0d,上海馨乐庭长寿路公寓酒店,上海市 普陀区 长寿路1188号,31.229828,121.426882,979.2194234619741
mobilitybench_q_07d50aa715067062e1,上海江苏路地铁站附近的酒店公寓,石家庄市,38.027078,114.611502,mobilitybench:60284784afef962b5e,兆丰公寓酒店,上海市 长宁区 华阳路200号(中山公园地铁站旁),31.222771,121.422755,979.6015550148502
mobilitybench_q_07d50aa715067062e1,上海江苏路地铁站附近的酒店公寓,石家庄市,38.027078,114.611502,mobilitybench:9ba77022a1239aa61a,悦樘臻选酒店式公寓(上海中山公园店),上海市 长宁区 长宁路889号(中山公园地铁站8号口步行140米),31.218549,121.419716,979.7974132157747
mobilitybench_q_07d50aa715067062e1,上海江苏路地铁站附近的酒店公寓,石家庄市,38.027078,114.611502,mobilitybench:ef5e5fef225f6d1e96,青池·尔闻,上海市 静安区 新闸路1972号(武定路地铁站2号口步行420米),31.226503,121.440267,980.2895903825643
mobilitybench_q_07d50aa715067062e1,上海江苏路地铁站附近的酒店公寓,石家庄市,38.027078,114.611502,mobilitybench:530d3b8cc912b3b892,上海城寓镇宁路店公寓,上海市 静安区 镇宁路与昭化东路交叉口东南40米,31.215025,121.438925,981.222220698881
mobilitybench_q_07d50aa715067062e1,上海江苏路地铁站附近的酒店公寓,石家庄市,38.027078,114.611502,mobilitybench:ad2f62e01e9cf6de86,上海国际丽都公馆酒店式服务公寓,上海市 静安区 愚园路268号(静安寺地铁站1号口步行250米),31.223354,121.443121,980.7325951160199
mobilitybench_q_07d50aa715067062e1,上海江苏路地铁站附近的酒店公寓,石家庄市,38.027078,114.611502,mobilitybench:0213f527b65235ee46,长江·尔闻酒店公寓,上海市 静安区 新闸路1972号(武定路地铁站2号口步行470米),31.226492,121.440392,980.2978222501926
mobilitybench_q_07d50aa715067062e1,上海江苏路地铁站附近的酒店公寓,石家庄市,38.027078,114.611502,mobilitybench:b12c55fb63becd4bfb,江苏路(地铁站),上海市 长宁区 11号线;2号线,31.220408,121.430635,980.2669182539444
mobilitybench_q_ed5f093b4bc185c430,查找苏州广济医院附近的民宿。,驻马店市,33.030509,113.347138,mobilitybench:804639140ca44d78a3,众享小院,江苏省 相城区 林荫一路与蠡东路交叉口西南440米,31.373794,120.663296,712.4235917798038
mobilitybench_q_ed5f093b4bc185c430,查找苏州广济医院附近的民宿。,驻马店市,33.030509,113.347138,mobilitybench:77f656b9980308a412,苏州遇见城宿公寓酒店(鑫鑫国际广场店),江苏省 相城区 嘉元路鑫鑫国际鑫鑫国际,31.374298,120.645078,710.7526440566638
mobilitybench_q_ed5f093b4bc185c430,查找苏州广济医院附近的民宿。,驻马店市,33.030509,113.347138,mobilitybench:42d25c7a7a5d0111aa,丽朵酒店式公寓(苏州高铁北站店),江苏省 相城区 蠡太路518号芯汇湖商务中心A幢15楼,31.413426,120.642521,709.2645565387932
mobilitybench_q_ed5f093b4bc185c430,查找苏州广济医院附近的民宿。,驻马店市,33.030509,113.347138,mobilitybench:0d6cb9572488e52e05,瑞亭小院,江苏省 相城区 阳澄湖东路与徐阳路交叉口西140米,31.368368,120.659926,712.2933176477421
mobilitybench_q_ed5f093b4bc185c430,查找苏州广济医院附近的民宿。,驻马店市,33.030509,113.347138,mobilitybench:323d81c51ff8f15f8f,不晚·设计师美宿公寓,江苏省 相城区 高铁新城芯汇湖商务中心A栋南塔11楼1112室,31.413475,120.642275,709.2406284658296
mobilitybench_q_ed5f093b4bc185c430,查找苏州广济医院附近的民宿。,驻马店市,33.030509,113.347138,mobilitybench:7b9ab54ea029636457,友涧民宿(苏州高铁北站店),江苏省 相城区 芯汇湖商务中心2幢2017,31.414272,120.642949,709.2765944417048
mobilitybench_q_ed5f093b4bc185c430,查找苏州广济医院附近的民宿。,驻马店市,33.030509,113.347138,mobilitybench:0312209ad1eedfc3f5,怡景酒店式公寓(苏州高铁北站店),江苏省 相城区 蠡太路518号芯汇湖商务中心A幢11楼,31.413124,120.642392,709.2624255708021
mobilitybench_q_ed5f093b4bc185c430,查找苏州广济医院附近的民宿。,驻马店市,33.030509,113.347138,mobilitybench:fbc38546223f0d686d,Xbed互联网民宿(苏州嘉园路鑫鑫国际店),江苏省 相城区 嘉园路2号鑫鑫国际西幢,31.374176,120.645287,710.775577627492
mobilitybench_q_ed5f093b4bc185c430,查找苏州广济医院附近的民宿。,驻马店市,33.030509,113.347138,mobilitybench:a42f450192d6175018,苏州城湖友客民宿,江苏省 相城区 北河泾街道陆港街28号芯汇湖商务中心2栋2820室,31.414714,120.642878,709.2560966594106
mobilitybench_q_ed5f093b4bc185c430,查找苏州广济医院附近的民宿。,驻马店市,33.030509,113.347138,mobilitybench:c608fe9cc808d56cab,康曼东方酒店(苏州相城苏州北站店),江苏省 相城区 芯汇湖商务中心1幢1楼,31.415054,120.642791,709.2373859812905
mobilitybench_q_ed5f093b4bc185c430,查找苏州广济医院附近的民宿。,驻马店市,33.030509,113.347138,mobilitybench:5361e78185751bde0d,苏州市广济医院,江苏省 相城区 广前路11号,31.392970,120.667799,712.2154512089494
mobilitybench_q_a682acec98dc77ccef,和贵庄园的附近停车场。,保定市,39.335410,115.886697,mobilitybench:27ab06b0d472a475d7,地面停车场,重庆市 沙坪坝区 后槽路东侧,29.655978,106.406867,1381.407284052131
mobilitybench_q_a682acec98dc77ccef,和贵庄园的附近停车场。,保定市,39.335410,115.886697,mobilitybench:be33f82b19a46a56aa,周氏农家停车场,重庆市 沙坪坝区 龙泉村许家祠堂组26号,29.657259,106.407192,1381.2739052889228
mobilitybench_q_a682acec98dc77ccef,和贵庄园的附近停车场。,保定市,39.335410,115.886697,mobilitybench:3c868448e105f7550b,七彩祥耘开心农场停车场,重庆市 沙坪坝区 六股树社100号七彩祥耘开心农场(中梁店),29.658274,106.406713,1381.2103711465018
mobilitybench_q_a682acec98dc77ccef,和贵庄园的附近停车场。,保定市,39.335410,115.886697,mobilitybench:5571cd63b729299470,炫地沙滩车越野俱乐部(沙坪坝店)地面停车场,重庆市 沙坪坝区,29.652113,106.414854,1381.2968434906732
mobilitybench_q_a682acec98dc77ccef,和贵庄园的附近停车场。,保定市,39.335410,115.886697,mobilitybench:7ba54c07d7dded517b,地面停车场,重庆市 沙坪坝区 后槽路与中新路交叉口西北420米,29.643638,106.408611,1382.4135321358078
mobilitybench_q_a682acec98dc77ccef,和贵庄园的附近停车场。,保定市,39.335410,115.886697,mobilitybench:a7ed816bcfa1f0617a,新发路-道路停车位,重庆市 沙坪坝区 新发路与中新路交叉口南40米,29.641736,106.413300,1382.316030525754
mobilitybench_q_a682acec98dc77ccef,和贵庄园的附近停车场。,保定市,39.335410,115.886697,mobilitybench:6b4aa0ed446504d44c,中梁公路服务区停车场,重庆市 沙坪坝区 北金路西30米中梁公路服务区,29.661242,106.419465,1380.2148980215666
mobilitybench_q_a682acec98dc77ccef,和贵庄园的附近停车场。,保定市,39.335410,115.886697,mobilitybench:b89976f3de475a8d2c,道路停车位,重庆市 沙坪坝区 中新路与中土路交叉口东北100米,29.639884,106.412685,1382.5172476413036
mobilitybench_q_a682acec98dc77ccef,和贵庄园的附近停车场。,保定市,39.335410,115.886697,mobilitybench:7ad09b30f12d09e142,诺亚森林度假山庄停车场,重庆市 沙坪坝区 新发路1号,29.657032,106.423558,1380.358271383014
mobilitybench_q_a682acec98dc77ccef,和贵庄园的附近停车场。,保定市,39.335410,115.886697,mobilitybench:62a18b0a59b2b5e2c3,新发路-道路停车位,重庆市 沙坪坝区 中新路与新兴路交叉口东北120米,29.638717,106.413504,1382.5750986517594
mobilitybench_q_a682acec98dc77ccef,和贵庄园的附近停车场。,保定市,39.335410,115.886697,mobilitybench:beb6add4f259cf3dfb,和贵生态家庭农场草莓采摘,重庆市 沙坪坝区 中梁镇龙泉村长坎子社36号,29.653258,106.407926,1381.5904389972718
mobilitybench_q_c9823d28ca800bcecd,哈尔滨哈东站附近的小旅店,绥化市,47.249591,127.084352,mobilitybench:3f131e466a5dc233ca,龙江快捷时尚宾馆(哈尔滨东火车站店),黑龙江省 道外区 桦树街1号(三棵树客运站东侧),45.790009,126.709917,164.80699709684515
mobilitybench_q_c9823d28ca800bcecd,哈尔滨哈东站附近的小旅店,绥化市,47.249591,127.084352,mobilitybench:ffd5f8b5462b308aee,天天快捷宾馆(哈尔滨哈东站店),黑龙江省 道外区 南棵街60号(哈尔滨东站地铁站4号口步行60米),45.788497,126.708700,164.98882844599584
mobilitybench_q_c9823d28ca800bcecd,哈尔滨哈东站附近的小旅店,绥化市,47.249591,127.084352,mobilitybench:9b8c35e6f62de36aca,龙江快捷时尚宾馆(哈尔滨东火车站三棵树客运站店),黑龙江省 道外区 北棵街1号(哈尔滨东站地铁站1号口步行70米),45.790270,126.708758,164.79384303389293
mobilitybench_q_c9823d28ca800bcecd,哈尔滨哈东站附近的小旅店,绥化市,47.249591,127.084352,mobilitybench:ad4bf3c46688599ea4,哈尔滨经贸招待所(三棵树十字商业街店),黑龙江省 道外区 哈尔滨道外区十字商业街D栋31号,45.788420,126.708740,164.99673005403054
mobilitybench_q_c9823d28ca800bcecd,哈尔滨哈东站附近的小旅店,绥化市,47.249591,127.084352,mobilitybench:4afd07d8875f7b669c,哈尔滨禹通宾馆,黑龙江省 道外区 火车头街33号,45.790091,126.710235,164.7937870566438
mobilitybench_q_c9823d28ca800bcecd,哈尔滨哈东站附近的小旅店,绥化市,47.249591,127.084352,mobilitybench:a5f5ee581484f23eaa,三棵招待所(哈尔滨东站店),黑龙江省 道外区 北棵街桦树家园4号楼二楼,45.790133,126.708216,164.8160842401864
mobilitybench_q_c9823d28ca800bcecd,哈尔滨哈东站附近的小旅店,绥化市,47.249591,127.084352,mobilitybench:0aa2de8378e3a9385f,金玉快捷宾馆(哈尔滨哈东站店),黑龙江省 道外区 北棵街桦树A区4号楼楼下,45.790250,126.708276,164.80246750290053
mobilitybench_q_c9823d28ca800bcecd,哈尔滨哈东站附近的小旅店,绥化市,47.249591,127.084352,mobilitybench:80ca21609542e2f694,哈尔滨糖果时尚宾馆,黑龙江省 道外区 桦树街21号(哈尔滨东站地铁站1号口步行130米),45.789299,126.707339,164.9191565043133
mobilitybench_q_c9823d28ca800bcecd,哈尔滨哈东站附近的小旅店,绥化市,47.249591,127.084352,mobilitybench:ec4db9572f0b84ce41,薰衣草时尚宾馆(哈尔滨东站店),黑龙江省 道外区 桦树街22号(哈尔滨东站地铁站4号口步行230米),45.788630,126.707226,164.99394202584514
mobilitybench_q_c9823d28ca800bcecd,哈尔滨哈东站附近的小旅店,绥化市,47.249591,127.084352,mobilitybench:650ff0a0126b4a197c,玉兰旅店(南棵街),黑龙江省 道外区 哈东站十字商业街B栋9号,45.788463,126.708173,164.9995805504546
mobilitybench_q_c9823d28ca800bcecd,哈尔滨哈东站附近的小旅店,绥化市,47.249591,127.084352,mobilitybench:5eabdb15964aa853fe,哈尔滨东站(地铁站),黑龙江省 道外区 1号线,45.789336,126.709138,164.89108792679357
mobilitybench_q_3f86a9a72bddc15e2d,找龙马湖公园附近的菜市场,德宏傣族景颇族自治州,23.996221,97.840403,mobilitybench:9fcc823968eb90b910,宏昊蔬菜批发市场,四川省 简阳市 成简快速路辅路与SA2成都第二绕城高速出口交叉口西400米,30.490553,104.449176,973.3559310065116
mobilitybench_q_3f86a9a72bddc15e2d,找龙马湖公园附近的菜市场,德宏傣族景颇族自治州,23.996221,97.840403,mobilitybench:5e5a885af4d6f72b1a,蒋记时鲜果蔬驿站,四川省 简阳市 世纪街与08780县道交叉口西南440米,30.491469,104.495705,976.5154369961205
mobilitybench_q_3f86a9a72bddc15e2d,找龙马湖公园附近的菜市场,德宏傣族景颇族自治州,23.996221,97.840403,mobilitybench:f1eb3a16820e8e14e5,简阳市优选新鲜蔬菜店,四川省 简阳市 世纪街与08780县道交叉口西南420米,30.491384,104.496147,976.5379985481171
mobilitybench_q_3f86a9a72bddc15e2d,找龙马湖公园附近的菜市场,德宏傣族景颇族自治州,23.996221,97.840403,mobilitybench:a506ddd9c3cc08a5dd,养马综合菜市场,四川省 简阳市 养马镇芙蓉街151号,30.493360,104.504210,977.2321842850002
mobilitybench_q_3f86a9a72bddc15e2d,找龙马湖公园附近的菜市场,德宏傣族景颇族自治州,23.996221,97.840403,mobilitybench:f3afb5c949704998c4,简阳市养马镇张思君蔬菜水果门市,四川省 简阳市 芙蓉街与川橡路交叉口东南120米,30.493404,104.504557,977.2587774332927
mobilitybench_q_3f86a9a72bddc15e2d,找龙马湖公园附近的菜市场,德宏傣族景颇族自治州,23.996221,97.840403,mobilitybench:0992bad826a4996e02,果兜兜生鲜,四川省 简阳市 沱江街与极乐寺路交叉口东20米,30.494475,104.506675,977.4853494220193
mobilitybench_q_3f86a9a72bddc15e2d,找龙马湖公园附近的菜市场,德宏傣族景颇族自治州,23.996221,97.840403,mobilitybench:a013d0e341da3eb26f,天天鲜蔬果店(简州新城店),四川省 简阳市 沱江街与鱼巷子交叉口东南80米,30.492671,104.508482,977.46110121556
mobilitybench_q_3f86a9a72bddc15e2d,找龙马湖公园附近的菜市场,德宏傣族景颇族自治州,23.996221,97.840403,mobilitybench:d4cd5d3bd62f3bf40d,养马杰特综合市场,四川省 简阳市 沱江街与鱼巷子交叉口东南60米,30.492861,104.508616,977.4852215570545
mobilitybench_q_3f86a9a72bddc15e2d,找龙马湖公园附近的菜市场,德宏傣族景颇族自治州,23.996221,97.840403,mobilitybench:e987f48f580bf84de7,果蔬汇,四川省 简阳市 石盘街与银定西巷交叉口西北60米,30.474064,104.418588,970.0057891847802
mobilitybench_q_3f86a9a72bddc15e2d,找龙马湖公园附近的菜市场,德宏傣族景颇族自治州,23.996221,97.840403,mobilitybench:2e6f0a72541ae8b11a,石盘昂桷综合市场,四川省 简阳市 石盘街21号,30.474556,104.417025,969.9420334499531
mobilitybench_q_3f86a9a72bddc15e2d,找龙马湖公园附近的菜市场,德宏傣族景颇族自治州,23.996221,97.840403,mobilitybench:1f6fa7645fb2a9053b,龙马湖公园游客服务中心,四川省 简阳市 简州新城龙马湖公园(东南角),30.493138,104.462213,974.4270614441294
mobilitybench_q_765d5863de110580f8,江西新余渝水区和谐大道附近巨邦集团,徐州市,34.330279,118.522902,mobilitybench:6bfcc18beed347026b,江西巨邦实业有限公司,江西省 渝水区 和谐大道附近,27.905882,114.917273,792.3725831674151
mobilitybench_q_765d5863de110580f8,江西新余渝水区和谐大道附近巨邦集团,徐州市,34.330279,118.522902,mobilitybench:b32d0a6f040e2930b8,江西悦轮科技有限公司,江西省 渝水区 下村镇和谐大道江西巨邦实业有限公司,27.905025,114.918125,792.4240827664402
mobilitybench_q_765d5863de110580f8,江西新余渝水区和谐大道附近巨邦集团,徐州市,34.330279,118.522902,mobilitybench:e0c3725101e011652d,和谐大道,江西省 渝水区 渝水区,27.904034,114.910437,792.8405780677136
mobilitybench_q_39fb10558675c24b0f,龙门镇周边有没有审车的地方,天水市,34.754603,105.119548,mobilitybench:f6a37835f161eab3ca,临洮城南机动车检测管理有限责任公司,甘肃省 临洮县 南苑市场院内向东20米,35.365542,103.864317,132.91889627614566
mobilitybench_q_39fb10558675c24b0f,龙门镇周边有没有审车的地方,天水市,34.754603,105.119548,mobilitybench:8e5e4ddf6e2eb34350,甘肃陇瑞通机动车检测有限公司,甘肃省 临洮县 八里铺镇王家大庄村前庄社171号,35.397250,103.875750,133.85516073137933
mobilitybench_q_39fb10558675c24b0f,龙门镇周边有没有审车的地方,天水市,34.754603,105.119548,mobilitybench:3dcf63543627dd1e3d,会通机动车检测服务有限公司,甘肃省 临洮县 洮阳镇北五里铺村,35.406258,103.869264,134.88468005418028
mobilitybench_q_39fb10558675c24b0f,龙门镇周边有没有审车的地方,天水市,34.754603,105.119548,mobilitybench:195e8b059a2768ef5e,永泰机动车检测站,甘肃省 临洮县 吉运公交公司西南侧130米,35.407987,103.867653,135.1106036913554
mobilitybench_q_39fb10558675c24b0f,龙门镇周边有没有审车的地方,天水市,34.754603,105.119548,mobilitybench:e75106eda6ff19b861,龙门镇政府,甘肃省 临洮县 095县道附近,35.355477,103.937651,126.63927881417146
