query_id,poi_id,label,source
mobilitybench_q_339a6d8022e406d062,mobilitybench:8fdde3d05b6ad11892,1,mobilitybench
mobilitybench_q_ef7282fe4d233324e0,mobilitybench:2747e4bf5f34cc0d70,1,mobilitybench
mobilitybench_q_29e277049326da9ce6,mobilitybench:aee9c07922bd3509d0,1,mobilitybench
mobilitybench_q_0ca4074ddceae1ab21,mobilitybench:7390a265a55307bf97,1,mobilitybench
mobilitybench_q_949d7c44341d17a0a6,mobilitybench:980b8126b1dc5aaae5,1,mobilitybench
mobilitybench_q_8040cf1a2912bb4596,mobilitybench:ef078a6c3ab12a725d,1,mobilitybench
mobilitybench_q_af8db7c28c8caf8501,mobilitybench:21b4c304d16a3e1cfa,1,mobilitybench
mobilitybench_q_ae57222cc9cc47f891,mobilitybench:675e9a91de536bbbb3,1,mobilitybench
mobilitybench_q_7d1210be43502f4d46,mobilitybench:1f99b73ed289f1982e,1,mobilitybench
mobilitybench_q_27be76dc082c48f3d5,mobilitybench:e9747a95faa7e91343,1,mobilitybench
mobilitybench_q_f3a436bf8acb754407,mobilitybench:4c6a3647504e43025d,1,mobilitybench
mobilitybench_q_8d3914ed0deda2504a,mobilitybench:9da00c4bf5b58a735f,1,mobilitybench
mobilitybench_q_602192db5aee23b39a,mobilitybench:96177b85cdaac6b64e,1,mobilitybench
mobilitybench_q_8330a84cfd17820aba,mobilitybench:62af8139b881267095,1,mobilitybench
mobilitybench_q_adf363d472d5d0bef2,mobilitybench:4c7a1a0741ad6072ff,1,mobilitybench
mobilitybench_q_c143a3d09cb7ee4adf,mobilitybench:470b74e7244a5b26d0,1,mobilitybench
mobilitybench_q_f8636a3d34a15bda87,mobilitybench:6ae486379dc3ab57fd,1,mobilitybench
mobilitybench_q_7ac73bb0787d4cfd9e,mobilitybench:5aafd92a9b4b4dabde,1,mobilitybench
mobilitybench_q_f6e4cc34330576930f,mobilitybench:22390bdbc222efc4c8,1,mobilitybench
mobilitybench_q_2cfca3ee2fd42378e1,mobilitybench:105cec2b702e254116,1,mobilitybench
mobilitybench_q_fbfaa755644261814b,mobilitybench:9dbed9a3b0499d2d4c,1,mobilitybench
mobilitybench_q_8a4bc183b5a77ab7b2,mobilitybench:c5b4526aa6d59a984d,1,mobilitybench
mobilitybench_q_e9203dc8b56a5582b5,mobilitybench:5b4eb665a73a09ea23,1,mobilitybench
mobilitybench_q_4302d3108ed6fd92a7,mobilitybench:7964727ff53d5ed108,1,mobilitybench
mobilitybench_q_646dad28353d23edbb,mobilitybench:d35b65c6884bf20562,1,mobilitybench
mobilitybench_q_1a4271f6b81a6210cc,mobilitybench:57a97e2a043fbd3379,1,mobilitybench
mobilitybench_q_39223972fc7baa2db6,mobilitybench:e5f9509ba8281bdff9,1,mobilitybench
mobilitybench_q_6fa4f4262373a84371,mobilitybench:42dba992499ed72caf,1,mobilitybench
mobilitybench_q_7284085e1f800a9d38,mobilitybench:b24b5b9bdd8739615a,1,mobilitybench
mobilitybench_q_976039778cb7b338de,mobilitybench:8b90b1aff8d08d26cc,1,mobilitybench
mobilitybench_q_8dd1e15e8047f9c94d,mobilitybench:682b122088fb0eb11b,1,mobilitybench
mobilitybench_q_d52ff12d088bc1338f,mobilitybench:436076a86a873efb21,1,mobilitybench
mobilitybench_q_d7faa8ce31bf95b3ed,mobilitybench:f844b850a379ec1909,1,mobilitybench
mobilitybench_q_2ad24400aaf5c1b638,mobilitybench:5792200184f94b8404,1,mobilitybench
mobilitybench_q_af515dac7e9db80936,mobilitybench:94ff29436990a06e12,1,mobilitybench
mobilitybench_q_5b16380839b408cca6,mobilitybench:4e899011947dffd798,1,mobilitybench
mobilitybench_q_6f6da603419e9574e3,mobilitybench:322fe488273e952885,1,mobilitybench
mobilitybench_q_994caf90c55c250721,mobilitybench:fa7663672b4381641b,1,mobilitybench
mobilitybench_q_fe8e1b2e7cc6fbc590,mobilitybench:58940ca226e6acbe5a,1,mobilitybench
mobilitybench_q_97392272aabf0ed177,mobilitybench:2ad10c6463a712e972,1,mobilitybench
mobilitybench_q_d2c7258d1234923688,mobilitybench:a35bec9f90f5eb0254,1,mobilitybench
mobilitybench_q_49666f669449a17447,mobilitybench:d9370d95eef9467df7,1,mobilitybench
mobilitybench_q_04047aad32f642be81,mobilitybench:da29e6beadf8312c42,1,mobilitybench
mobilitybench_q_35f6f95890c0b02cec,mobilitybench:ff1fb53ff20ee49bec,1,mobilitybench
mobilitybench_q_2e2af279749da93ee6,mobilitybench:02a345afb4ea497148,1,mobilitybench
mobilitybench_q_8d0fa42fce2c5193d2,mobilitybench:6a4fdf4755e69c124d,1,mobilitybench
mobilitybench_q_f8fe753de35d276c98,mobilitybench:3f9a85be112d23f30b,1,mobilitybench
mobilitybench_q_441ae6772dc0d469a9,mobilitybench:5809b84aa779dfa58b,1,mobilitybench
mobilitybench_q_3cbd11bbcbe28512bc,mobilitybench:22048283551718163b,1,mobilitybench
mobilitybench_q_12010f120469c9ce75,mobilitybench:98e42974efa52ba932,1,mobilitybench
mobilitybench_q_9825b041fa24b4537e,mobilitybench:83c09e446ac7e2e0ba,1,mobilitybench
mobilitybench_q_e64c3ab2e2074380e7,mobilitybench:93d869c834910f3623,1,mobilitybench
mobilitybench_q_f67701eb7ea19ee8eb,mobilitybench:605d28a1cfd5d56f7b,1,mobilitybench
mobilitybench_q_ba5ea7022b3ee00705,mobilitybench:526b2907f697e58f47,1,mobilitybench
mobilitybench_q_c33f2b365e62532f7f,mobilitybench:bbb9a6084a502d4ffe,1,mobilitybench
mobilitybench_q_87df64f30c9716d033,mobilitybench:e78d0fd225432f29ff,1,mobilitybench
mobilitybench_q_10371d1010d611e5d1,mobilitybench:f09de5539160cf3880,1,mobilitybench
mobilitybench_q_aad1cc3f90f1631609,mobilitybench:bc7ef364c6d9396b2b,1,mobilitybench
mobilitybench_q_ae093ed7257c08813d,mobilitybench:8f44845f7267e44f02,1,mobilitybench
mobilitybench_q_066289324093e212f3,mobilitybench:fcfc9931c07b9efc28,1,mobilitybench
mobilitybench_q_ba79c68b364cfc1e4c,mobilitybench:0b03e5d16bb7711667,1,mobilitybench
mobilitybench_q_ac3d6f8eaf396b4b6c,mobilitybench:13015c724ab07b4a44,1,mobilitybench
mobilitybench_q_17239a3539089cd67e,mobilitybench:3907dbbe2c120ba3a9,1,mobilitybench
mobilitybench_q_c6998db378554da02c,mobilitybench:68ff76dd1614ba97f5,1,mobilitybench
mobilitybench_q_e96e269adf0c61209f,mobilitybench:b46cc5ac2c75feefc3,1,mobilitybench
mobilitybench_q_08be9219950cffd21b,mobilitybench:566d1a59175bbf4222,1,mobilitybench
mobilitybench_q_609fe6b1811ee211eb,mobilitybench:0c735ff23d2c0d0915,1,mobilitybench
mobilitybench_q_95e789bba85b1b22d6,mobilitybench:dc9e71616a8ec55d8b,1,mobilitybench
mobilitybench_q_b7100de21f43846fd3,mobilitybench:0c732f271691198733,1,mobilitybench
mobilitybench_q_fc3d942cc474d22c4e,mobilitybench:4a3c0f314b5b15a22e,1,mobilitybench
mobilitybench_q_8091a0f15d5bb90a95,mobilitybench:49fc4f38d29039f2c3,1,mobilitybench
mobilitybench_q_4a344e22675c2b3014,mobilitybench:2abd4f56a77949d86e,1,mobilitybench
mobilitybench_q_4cdef9190442b6d7f7,mobilitybench:3ba0b53f2b32ea1080,1,mobilitybench
mobilitybench_q_7cba9c38bbcbce661a,mobilitybench:7c19997d1d184c5c11,1,mobilitybench
mobilitybench_q_f0aaf65a24fd0ff659,mobilitybench:8d7937e0b48c33c9ca,1,mobilitybench
mobilitybench_q_908b47f315c6959bf8,mobilitybench:17e582ce184ec7ebdf,1,mobilitybench
mobilitybench_q_190eafb4831f5201c8,mobilitybench:738908812f3ffd2078,1,mobilitybench
mobilitybench_q_286988dbace29c3f1a,mobilitybench:b16b3d0db8f940b5fc,1,mobilitybench
mobilitybench_q_9fdc4ceba46a9aca2b,mobilitybench:073c6a868876725489,1,mobilitybench
mobilitybench_q_f78da9104ffedbfe53,mobilitybench:862a755cd6f9bb7cf1,1,mobilitybench
mobilitybench_q_15c512cdb2aacbdd39,mobilitybench:ff6f467b5a579def04,1,mobilitybench
mobilitybench_q_854178a7de494b5b1e,mobilitybench:ab2ca8943d52376686,1,mobilitybench
mobilitybench_q_a97835333846c05829,mobilitybench:71a64d8f0a8c743603,1,mobilitybench
mobilitybench_q_7ffd74bb50d57f254e,mobilitybench:cd47a9f624627d7c48,1,mobilitybench
mobilitybench_q_9756d824e65b4c36f5,mobilitybench:c47fb09e61cde0c7d9,1,mobilitybench
mobilitybench_q_b63bca5d998536b8e9,mobilitybench:ae8218f5ea8954d03e,1,mobilitybench
mobilitybench_q_9b585ee101f10b4004,mobilitybench:d5d4a20029ea3986e6,1,mobilitybench
mobilitybench_q_322df7e5ac2dced871,mobilitybench:2f83ea2a1ed3717ef1,1,mobilitybench
mobilitybench_q_cc97309e9be50ac554,mobilitybench:8abe0ac628a78b0e2f,1,mobilitybench
mobilitybench_q_fbc1b503bfd22f16b5,mobilitybench:c5e1cfda427a24a7ae,1,mobilitybench
mobilitybench_q_a18305189fe66ba39a,mobilitybench:36e1207e7abba9aa00,1,mobilitybench
mobilitybench_q_898b4bf266ef310391,mobilitybench:3927089049f6e2588e,1,mobilitybench
mobilitybench_q_32cd7cd5e46e5c1b44,mobilitybench:7e20eb33c90027b3a4,1,mobilitybench
mobilitybench_q_ff409b386187a11910,mobilitybench:0938a7925ed43a122e,1,mobilitybench
mobilitybench_q_3d3a854b0f9b7437b5,mobilitybench:f6473d075313e6484b,1,mobilitybench
mobilitybench_q_b18b839268e9909bd1,mobilitybench:99a1f2e57751c39b41,1,mobilitybench
mobilitybench_q_102755d425d30b6fac,mobilitybench:37f6f96aeded9c6d4b,1,mobilitybench
mobilitybench_q_feb68a6bfb0273d938,mobilitybench:1a04eb7b65f38f71d3,1,mobilitybench
mobilitybench_q_344220a3867ea94d7a,mobilitybench:554effa7b88f4bcfdc,1,mobilitybench
mobilitybench_q_117457128c368be943,mobilitybench:e4fae447dd32c50914,1,mobilitybench
mobilitybench_q_f4fb6350bef2f457a4,mobilitybench:c4d39816c44244d0f2,1,mobilitybench
mobilitybench_q_0e808d5038f4b92d7b,mobilitybench:7481b9452ef561c7c6,1,mobilitybench
mobilitybench_q_0f1513ec57a7e9129d,mobilitybench:328172f3e73b4550a5,1,mobilitybench
mobilitybench_q_930cb28472bff4b2cd,mobilitybench:4cca67b327d017b331,1,mobilitybench
mobilitybench_q_8e89f8f4c84c5bb5fb,mobilitybench:d853169174583ccf03,1,mobilitybench
mobilitybench_q_da41e2a19f793c67ba,mobilitybench:6c7b78da8c912e805b,1,mobilitybench
mobilitybench_q_61e0b402278738168b,mobilitybench:c4f64164ff96d7d61b,1,mobilitybench
mobilitybench_q_268750753640fdb833,mobilitybench:c7d61c048a3b614d5b,1,mobilitybench
mobilitybench_q_2f29870eeb625093bd,mobilitybench:bcee43d0e1d3741371,1,mobilitybench
mobilitybench_q_a83f2d5e5bfcc54707,mobilitybench:e9c12fa02959bf0662,1,mobilitybench
mobilitybench_q_9da1681f1d5f986050,mobilitybench:7fb29473ac5888ff6e,1,mobilitybench
mobilitybench_q_acfed39e43949a54c4,mobilitybench:d2dbef2223a7cce3eb,1,mobilitybench
mobilitybench_q_98d44132df732a70e8,mobilitybench:b1d05e1404c411f200,1,mobilitybench
mobilitybench_q_d6b986bca616d71050,mobilitybench:266b71d14a48aef6bd,1,mobilitybench
mobilitybench_q_5f554b34050bd4c413,mobilitybench:92681b107c7d474a31,1,mobilitybench
mobilitybench_q_c5140eb02faee35b2e,mobilitybench:9eb44010ff77b95a76,1,mobilitybench
mobilitybench_q_3be724fb2fbfa56f4c,mobilitybench:020c09502bc5c36953,1,mobilitybench
mobilitybench_q_6e36f6d97404fbe022,mobilitybench:7e08ae845d81a2f42b,1,mobilitybench
mobilitybench_q_e4adb9408105c17af2,mobilitybench:4f801e5d7f325a93c9,1,mobilitybench
mobilitybench_q_ca0a5d9e9c9d9dfd14,mobilitybench:a455c9b184d140bdb1,1,mobilitybench
mobilitybench_q_156ae85d7590e2cf08,mobilitybench:fdd8be02dc4896d8bd,1,mobilitybench
mobilitybench_q_8a4d68024a409b522f,mobilitybench:6995299939ef46e388,1,mobilitybench
mobilitybench_q_451812d0a6f255f070,mobilitybench:f22c95ee010e9309c9,1,mobilitybench
mobilitybench_q_577f10e0b4e6c5dfa6,mobilitybench:55abe879e2c6ca632e,1,mobilitybench
mobilitybench_q_588db4c96a65a9c29e,mobilitybench:21f6665e5cb8830f11,1,mobilitybench
mobilitybench_q_5adf0ed022313e0db0,mobilitybench:36896b8826babbed3a,1,mobilitybench
mobilitybench_q_d4675a8f71470da2b4,mobilitybench:996ca665b0a82632db,1,mobilitybench
mobilitybench_q_795204ff0556f9523a,mobilitybench:c87d5f3287a733457c,1,mobilitybench
mobilitybench_q_747955eeed9b879567,mobilitybench:dd4ff8a7925b6ebd9d,1,mobilitybench
mobilitybench_q_d9852909458706982d,mobilitybench:c2cd473af48ec2a5b7,1,mobilitybench
mobilitybench_q_47d46dd61fe9c2800e,mobilitybench:e34ff1c3e0c1db53f6,1,mobilitybench
mobilitybench_q_4671dd9eedb3bc374d,mobilitybench:4bb77e4fa1a70e57c6,1,mobilitybench
mobilitybench_q_3c1f0379d6dc5bfeb6,mobilitybench:c00903ce6918b1c04a,1,mobilitybench
mobilitybench_q_eefa9d558c567f9beb,mobilitybench:d132f947c6dc5192fe,1,mobilitybench
mobilitybench_q_056b80afb62456f19b,mobilitybench:eb6e34a60ebe7ff2b7,1,mobilitybench
mobilitybench_q_234c2466cada686d8c,mobilitybench:95db0963fcb6f74440,1,mobilitybench
mobilitybench_q_2b11fc0b8662804015,mobilitybench:e8ba1fc4042a9cb3ca,1,mobilitybench
mobilitybench_q_8fd11685e67884a1bf,mobilitybench:5fa45a5a12c3b10687,1,mobilitybench
mobilitybench_q_15ef1f892e686d4012,mobilitybench:a4ee49a27cbcf15443,1,mobilitybench
mobilitybench_q_f402b872a1f9043c15,mobilitybench:50cbcad8177f1ce42a,1,mobilitybench
mobilitybench_q_4af4c087de12b3968a,mobilitybench:267d11242c65ff0a80,1,mobilitybench
mobilitybench_q_02d55d0c45a005613f,mobilitybench:05df9eb00ab56c27ad,1,mobilitybench
mobilitybench_q_67f1822fcf32aae682,mobilitybench:1f48b947c89a7eab28,1,mobilitybench
mobilitybench_q_d182dd19d7ba30d002,mobilitybench:9a5cd5ef7787d4f6d5,1,mobilitybench
mobilitybench_q_1a5010984316291396,mobilitybench:d947c333dcfd2b3497,1,mobilitybench
mobilitybench_q_8755460026ad4a20d8,mobilitybench:6e9f780b4159ea26f9,1,mobilitybench
mobilitybench_q_82cece890ce0da06dc,mobilitybench:8b41c267fb0e79851a,1,mobilitybench
mobilitybench_q_9076ac614fdd88fcb8,mobilitybench:45132a8dd3c0fc23ee,1,mobilitybench
mobilitybench_q_8e2053a7ca4e9130b6,mobilitybench:86710245c88c79e247,1,mobilitybench
mobilitybench_q_8b301dddc837fb56b8,mobilitybench:02be9071c5ace8b7f1,1,mobilitybench
mobilitybench_q_4dc22c17a884434b13,mobilitybench:59af32a1d6014948a4,1,mobilitybench
mobilitybench_q_e3c55cc225118c3573,mobilitybench:47aa14e61ec7145625,1,mobilitybench
mobilitybench_q_b0095ac866dd5c6d23,mobilitybench:74a6c003423f38ef70,1,mobilitybench
mobilitybench_q_8c07affdb19c19de22,mobilitybench:c668edd7fb45e8a485,1,mobilitybench
mobilitybench_q_57fa3d6739e8b52a3f,mobilitybench:dfc5451acdec7d276d,1,mobilitybench
mobilitybench_q_8ff977c44f85d5a687,mobilitybench:6a47bd431bfa9818e3,1,mobilitybench
mobilitybench_q_f3b5974f691ee2b245,mobilitybench:e046776c06c566f05e,1,mobilitybench
mobilitybench_q_7245a97abd60aa8b59,mobilitybench:3a22f1de42aed63241,1,mobilitybench
mobilitybench_q_32e791ca6f4280604e,mobilitybench:e3a4eed94f0ccb84fd,1,mobilitybench
mobilitybench_q_f914f93791dc0e97d4,mobilitybench:cbe9c80fc2062b1aba,1,mobilitybench
mobilitybench_q_f0017458a0554e0db2,mobilitybench:a0962b8fb803a04a24,1,mobilitybench
mobilitybench_q_f0d37052d5293a2dfc,mobilitybench:6b216a9e8ae66a6fb9,1,mobilitybench
mobilitybench_q_3eab737ade209cbe29,mobilitybench:c0b23d6705bea879c8,1,mobilitybench
mobilitybench_q_fa8771392a2190fb4c,mobilitybench:673c8512c461354f08,1,mobilitybench
mobilitybench_q_a661a70cfcbb1e79b4,mobilitybench:f74f914b4428e10bda,1,mobilitybench
mobilitybench_q_f6670178d7c01937fd,mobilitybench:c69e23d690aa62f471,1,mobilitybench
mobilitybench_q_7e4d11ed565193a538,mobilitybench:5d86c280dac987acfb,1,mobilitybench
mobilitybench_q_3192f84b05d62932d5,mobilitybench:77f8db79f910ffd951,1,mobilitybench
mobilitybench_q_5f42d790a58161e36d,mobilitybench:e89e3bc3bbc954b5d9,1,mobilitybench
mobilitybench_q_88de20e499e71f4a5a,mobilitybench:57a0c16cfe0bec132a,1,mobilitybench
mobilitybench_q_928fbdac05da42e26e,mobilitybench:29a64631c2f4db1b53,1,mobilitybench
mobilitybench_q_eb2c90e651c7b7843b,mobilitybench:dc79da6865993c7912,1,mobilitybench
mobilitybench_q_f30049bfbbfd46ced8,mobilitybench:5961ab9ffba9765f69,1,mobilitybench
mobilitybench_q_202c2301aff39e20b6,mobilitybench:279b628a1d44105444,1,mobilitybench
mobilitybench_q_425eed06bfd91d9402,mobilitybench:c3f1056e60fafb4906,1,mobilitybench
mobilitybench_q_718d2a579a52e0acc5,mobilitybench:b1b06d094848646123,1,mobilitybench
mobilitybench_q_a6c28e829095cf2a67,mobilitybench:c93f97dbfabf676b28,1,mobilitybench
mobilitybench_q_491fa8a3cb3e1c25d4,mobilitybench:2a3ec05a5a24a5de4a,1,mobilitybench
mobilitybench_q_250dfc07b0e5fdbf59,mobilitybench:61a605e178a9da81fa,1,mobilitybench
mobilitybench_q_95a17d9ce7ea054eb5,mobilitybench:ccc01388b48a890244,1,mobilitybench
mobilitybench_q_d0aae4a0690fe581e0,mobilitybench:6ede0d2ff93ca6f715,1,mobilitybench
mobilitybench_q_47b7a1d46711830028,mobilitybench:46734f7f50c27e136a,1,mobilitybench
mobilitybench_q_8338f8653fba070134,mobilitybench:ab41574bf8e330f07f,1,mobilitybench
mobilitybench_q_6c8620dd629ad3ae89,mobilitybench:48367d0e527eb2189c,1,mobilitybench
mobilitybench_q_87c0c8e356d3e2b930,mobilitybench:da4c17aaa6bd6b9e49,1,mobilitybench
mobilitybench_q_ed867a4309e81ee599,mobilitybench:b6c18d648e8614599c,1,mobilitybench
mobilitybench_q_8237c7ddbbbca6384e,mobilitybench:0e2d0fed0214f0ea66,1,mobilitybench
mobilitybench_q_86b05f91bd9c37b742,mobilitybench:684f494de392474b7c,1,mobilitybench
mobilitybench_q_9d02da62eed428317c,mobilitybench:9f45f510e1293a93c8,1,mobilitybench
mobilitybench_q_2b0db75a9c8048e3b4,mobilitybench:5edefa6fe0ae49cf40,1,mobilitybench
mobilitybench_q_fd677720f299c05c53,mobilitybench:913a2c09ba4d6be1fe,1,mobilitybench
mobilitybench_q_2b4b33496aa14720c1,mobilitybench:97bf408f04a16a789c,1,mobilitybench
mobilitybench_q_1984c0b727539ee2f8,mobilitybench:22b6a43050b94d1102,1,mobilitybench
mobilitybench_q_373e2d68e13a2df122,mobilitybench:145a38f9c8fd663218,1,mobilitybench
mobilitybench_q_2911360bb60d9d8d3d,mobilitybench:5adaf588f1894656ef,1,mobilitybench
mobilitybench_q_5cb27fab7f13211823,mobilitybench:380eb7b08f940594a8,1,mobilitybench
mobilitybench_q_7fabe7f760100666b9,mobilitybench:158b0e26b64f80bc8b,1,mobilitybench
mobilitybench_q_e5493f2a607582922e,mobilitybench:655bc27eb8a7488811,1,mobilitybench
mobilitybench_q_9ca205d5fcd99e3eb0,mobilitybench:254ec4192d7e859abc,1,mobilitybench
mobilitybench_q_fd7753c5c9d0460853,mobilitybench:f3ba8f7a5dec633fba,1,mobilitybench
mobilitybench_q_50925e598136ca7ea4,mobilitybench:d9b7d08734b68abc50,1,mobilitybench
mobilitybench_q_c62679155595b30a1d,mobilitybench:7fdd8f32e6d76ca956,1,mobilitybench
mobilitybench_q_b6200f3c97b4f2732d,mobilitybench:1e60b3e59dad267d76,1,mobilitybench
mobilitybench_q_99830a98700bf14033,mobilitybench:7d8ad80eb556461ed5,1,mobilitybench
mobilitybench_q_eafbf79ae719817fcb,mobilitybench:4693e1bc57849e0b5e,1,mobilitybench
mobilitybench_q_3eedc399e60aaca2e8,mobilitybench:056380c4fcb02704b9,1,mobilitybench
mobilitybench_q_0692d508537d080d6d,mobilitybench:2681f2aac3c13f16f2,1,mobilitybench
mobilitybench_q_0d9f6dc40e55cb4a80,mobilitybench:88d67f5b7752bac881,1,mobilitybench
mobilitybench_q_140f2150d21e0a93ce,mobilitybench:6fe43d334dd8a04d56,1,mobilitybench
mobilitybench_q_8f4524b95396c96db0,mobilitybench:8a7af6e1bf64666e12,1,mobilitybench
mobilitybench_q_de408a6ef1bb0c34d7,mobilitybench:70fd7fc9364220e06c,1,mobilitybench
mobilitybench_q_d9a8d99a3e52ae3984,mobilitybench:0b43ffc8975c176b55,1,mobilitybench
mobilitybench_q_efeb19254163fd8757,mobilitybench:c8e0c2b57c56c0b5e8,1,mobilitybench
mobilitybench_q_4b022ddd5a9e1a6ebe,mobilitybench:57f5aee9237a1e3ff1,1,mobilitybench
mobilitybench_q_74eba53f2106870a25,mobilitybench:882a073d05e7a707b0,1,mobilitybench
mobilitybench_q_a6489b7e5e58bdc811,mobilitybench:941d9e0b13ae272eae,1,mobilitybench
mobilitybench_q_ff4e20194b8dac6877,mobilitybench:90a30daf4276024280,1,mobilitybench
mobilitybench_q_8ab687461506df3fe8,mobilitybench:4a1fdff1e020e146eb,1,mobilitybench
mobilitybench_q_15ab92076093c2241b,mobilitybench:b7bf3adb1c1f3da551,1,mobilitybench
mobilitybench_q_e70c85dc460c135e5b,mobilitybench:964921f8efcd1b1d50,1,mobilitybench
mobilitybench_q_67afc966d6c23840a6,mobilitybench:86d55da2a13808a451,1,mobilitybench
mobilitybench_q_a4910ad87549441aaf,mobilitybench:a92fe60d9956c2dc44,1,mobilitybench
mobilitybench_q_45c05c4c6f62c8a8f0,mobilitybench:cc965efc4622d50b96,1,mobilitybench
mobilitybench_q_6419c27720b64686f2,mobilitybench:941cb815191e0c1a2f,1,mobilitybench
mobilitybench_q_78828bdf7d245d24cc,mobilitybench:9acb023971a2c7dd7a,1,mobilitybench
mobilitybench_q_3ec6e3b320fc222b35,mobilitybench:e87b9f96535557d167,1,mobilitybench
mobilitybench_q_da0e67c5ffe62827f4,mobilitybench:91931b0c0bd21354b7,1,mobilitybench
mobilitybench_q_55c82b9f00dd58b36b,mobilitybench:63d42de323d0182679,1,mobilitybench
mobilitybench_q_87d2dde4182412fc26,mobilitybench:e588eb28db5109049f,1,mobilitybench
mobilitybench_q_eda41bc4eabca3a2ff,mobilitybench:febd9adf3009e065c3,1,mobilitybench
mobilitybench_q_63c7f8bf8dbfd14bf0,mobilitybench:b662ef3979a2484570,1,mobilitybench
mobilitybench_q_78208e3cb09665bf1b,mobilitybench:14fe20f89232092c8d,1,mobilitybench
mobilitybench_q_285bac9ca3453076e8,mobilitybench:2980e7bc123204240c,1,mobilitybench
mobilitybench_q_a4848df35011199d58,mobilitybench:f83ea85608b5f8dd1c,1,mobilitybench
mobilitybench_q_0388f4897ab469fe84,mobilitybench:81ee646421daa79ca5,1,mobilitybench
mobilitybench_q_9428548e6a45ebbae4,mobilitybench:a200418118857e3585,1,mobilitybench
mobilitybench_q_f383ef17ceddb15982,mobilitybench:86c462e0fea679eb38,1,mobilitybench
mobilitybench_q_62a1c9d33be8aa8e4e,mobilitybench:575dac0d8bf798a51b,1,mobilitybench
mobilitybench_q_5d634e8874f1476c90,mobilitybench:81a89ef255188e48c3,1,mobilitybench
mobilitybench_q_ca6c686a1e0636fb08,mobilitybench:71d851559fb5a48f38,1,mobilitybench
mobilitybench_q_0938b27fd7e7cf4189,mobilitybench:dfa921298d12f74309,1,mobilitybench
mobilitybench_q_63619e30ccb9aa569c,mobilitybench:194a2f5b9a7f8d9672,1,mobilitybench
mobilitybench_q_15bc126eb3773624ff,mobilitybench:33f8832ecb2056c972,1,mobilitybench
mobilitybench_q_86efcc952ab1fda7ae,mobilitybench:b0eaa6e9c4f138fd31,1,mobilitybench
mobilitybench_q_239b5d666f5b76afa8,mobilitybench:6c4687497d30f4f4c8,1,mobilitybench
mobilitybench_q_158d0d0e8a6bf7e81e,mobilitybench:b651d2afea663deabf,1,mobilitybench
mobilitybench_q_d759f2207681c43c3f,mobilitybench:f197ffedaec2e74a38,1,mobilitybench
mobilitybench_q_c8ddae6f7b869c5862,mobilitybench:96d2515b3a94339f01,1,mobilitybench
mobilitybench_q_dd663c79f6f3050960,mobilitybench:8d35f4473362b04732,1,mobilitybench
mobilitybench_q_15807f4e333514b273,mobilitybench:b005df70b49dc30e19,1,mobilitybench
mobilitybench_q_16ec3eb13c15b21aae,mobilitybench:532f5dc10a07ffe622,1,mobilitybench
mobilitybench_q_1f6434923e2fec8abd,mobilitybench:bfe1a16b4dd9fddae9,1,mobilitybench
mobilitybench_q_d7b5d47120a315ff14,mobilitybench:b676ecda4f30bfd5cb,1,mobilitybench
mobilitybench_q_ca7dafecc730417657,mobilitybench:d2e1ae70e03aba8230,1,mobilitybench
mobilitybench_q_2050fdebf24b6b629a,mobilitybench:f202f5b46b68a66ec9,1,mobilitybench
mobilitybench_q_ca14d3f92b26ca41cd,mobilitybench:24e58503f1b0b7d574,1,mobilitybench
mobilitybench_q_b3b1be132181d3d850,mobilitybench:9923cbc895c71760da,1,mobilitybench
mobilitybench_q_4dc080c954d8bc1542,mobilitybench:5369f1195f86e9dbe9,1,mobilitybench
mobilitybench_q_62cbaf6705ecd4c9c5,mobilitybench:ec476d9a79ab089ec8,1,mobilitybench
mobilitybench_q_fe87e373593adc874c,mobilitybench:2d083e62ff68bbc909,1,mobilitybench
mobilitybench_q_1e97e86db076965999,mobilitybench:e52adea2e02f792f06,1,mobilitybench
mobilitybench_q_a0755de681281b214f,mobilitybench:b88d0fa55fd04d0859,1,mobilitybench
mobilitybench_q_204e0cfbf07d7352e0,mobilitybench:257d626db71be3b9ab,1,mobilitybench
mobilitybench_q_2b5d1dd350d38c09f3,mobilitybench:125fb92e22a867ff51,1,mobilitybench
mobilitybench_q_04edf85ac2a0ade9b4,mobilitybench:8fa6b813c19b42cd17,1,mobilitybench
mobilitybench_q_fc002590becf71817b,mobilitybench:2473dfe10a159e30d7,1,mobilitybench
mobilitybench_q_a75776efd4905d4994,mobilitybench:a2f1778280e8343094,1,mobilitybench
mobilitybench_q_711f6218bf2fbca1ac,mobilitybench:9b85c2b9feba6e3b3d,1,mobilitybench
mobilitybench_q_4d9e99eadb7921e85e,mobilitybench:282e56601e3d9ca0be,1,mobilitybench
mobilitybench_q_e9e7d0fdcc22813835,mobilitybench:a10d863ed2d9ec75d5,1,mobilitybench
mobilitybench_q_4f56a8167e2b49b144,mobilitybench:2a4d9f0861a158f12c,1,mobilitybench
mobilitybench_q_12de8b09c2482775d1,mobilitybench:720008b947f7ef1588,1,mobilitybench
mobilitybench_q_6cf5ce09897324239f,mobilitybench:0a1b2adaf2004fc34b,1,mobilitybench
mobilitybench_q_0802e54a2336de2258,mobilitybench:ad7ab2c0d3e0bbff0a,1,mobilitybench
mobilitybench_q_4ab7b32da6922c1f4c,mobilitybench:38f713de134b92c7ed,1,mobilitybench
mobilitybench_q_457a01f25d6f803b73,mobilitybench:433881ce999916ebdc,1,mobilitybench
mobilitybench_q_0b203389c7cddf13f6,mobilitybench:bc22344dd29980807c,1,mobilitybench
mobilitybench_q_0921fce4760d20f452,mobilitybench:cf9306de423d3a3f35,1,mobilitybench
mobilitybench_q_93f3753272663f5957,mobilitybench:af257ce35b3bc0a323,1,mobilitybench
mobilitybench_q_9d4f3fe99caaf661c6,mobilitybench:2a80012cf7fce72a06,1,mobilitybench
mobilitybench_q_8ddd0b5209e156b82a,mobilitybench:777e040633cf976287,1,mobilitybench
mobilitybench_q_8e54b450748dc2d5e6,mobilitybench:e7bd9240ab62883d0e,1,mobilitybench
mobilitybench_q_aa1f921af44af97a19,mobilitybench:2003ecceb09c9dbfe9,1,mobilitybench
mobilitybench_q_8eb9125ba2724c63f0,mobilitybench:5d3813abbe94d6a547,1,mobilitybench
mobilitybench_q_348da4173656d84096,mobilitybench:f01e1d7dcd98c277ea,1,mobilitybench
mobilitybench_q_cbeb5fe81da08082a0,mobilitybench:ad5fab3903adcbe794,1,mobilitybench
mobilitybench_q_a3c7e01d9b2b8b2836,mobilitybench:8cf321049a8da86e03,1,mobilitybench
mobilitybench_q_3b07fe40d450d2247e,mobilitybench:9790b9cf8d01587943,1,mobilitybench
mobilitybench_q_c942293de83ffe1d2d,mobilitybench:5ea1e7b940455e21e0,1,mobilitybench
mobilitybench_q_69fe4b73da43565c1f,mobilitybench:f6d5baa6d27fec4881,1,mobilitybench
mobilitybench_q_2d701e0d0ac325dcb0,mobilitybench:aed61c4f35d2cf789e,1,mobilitybench
mobilitybench_q_4b533e68111d7042bb,mobilitybench:40ec008062b8bc7ab3,1,mobilitybench
mobilitybench_q_45471837ec0befe606,mobilitybench:a0bb4c9c337c4c814b,1,mobilitybench
mobilitybench_q_c1b7b79ad20d891de9,mobilitybench:9d235cd781b36c90bf,1,mobilitybench
mobilitybench_q_524f925f3e270caaf3,mobilitybench:d43f9447b9a0c68ffd,1,mobilitybench
mobilitybench_q_d847d50fe5c86884ce,mobilitybench:74208740d850d02d35,1,mobilitybench
mobilitybench_q_75e5b5170190396efb,mobilitybench:8acbd8314d509e980d,1,mobilitybench
mobilitybench_q_6d8e9132f3f62b4ff3,mobilitybench:424d6645ba1171b7d7,1,mobilitybench
mobilitybench_q_e8c1e9045546e63443,mobilitybench:159446635fa3af5bf9,1,mobilitybench
mobilitybench_q_6277cdcccc833d4b73,mobilitybench:056f2d2b29e1d74352,1,mobilitybench
mobilitybench_q_3cc159cc45dc7ed118,mobilitybench:220011fc4fde76e201,1,mobilitybench
mobilitybench_q_ce88b051455164891a,mobilitybench:f0377170eff1c621a0,1,mobilitybench
mobilitybench_q_762c3a474afc450aec,mobilitybench:0cee55feec784944e8,1,mobilitybench
mobilitybench_q_81d4aabf515f59d2e0,mobilitybench:ebe95b03ca75957636,1,mobilitybench
mobilitybench_q_0937cec071130a33be,mobilitybench:38e6616664ee62402d,1,mobilitybench
mobilitybench_q_548a284033fe84350d,mobilitybench:19c5aae154e79dc799,1,mobilitybench
mobilitybench_q_0019e554203e6dbabc,mobilitybench:c4963bd1b348c27688,1,mobilitybench
mobilitybench_q_27661a2a1b82454c70,mobilitybench:b132f76682f497dcac,1,mobilitybench
mobilitybench_q_15493ef6dcb9f922d2,mobilitybench:b61f4d0ffe4b99238b,1,mobilitybench
mobilitybench_q_a9fd86b2589e474e1c,mobilitybench:50cadd828da18d75d6,1,mobilitybench
mobilitybench_q_4981275ebff5795cc0,mobilitybench:8ebe40a6d8293c0282,1,mobilitybench
mobilitybench_q_792869bec787dfc3af,mobilitybench:053a3d728662d6fa28,1,mobilitybench
mobilitybench_q_754e96c12c8d78f52b,mobilitybench:d5d3036576e40aaddb,1,mobilitybench
mobilitybench_q_1fe3e6b9d0aa051446,mobilitybench:62bbb5d45f54b57c17,1,mobilitybench
mobilitybench_q_716beed3efc10597b0,mobilitybench:98e0831fe2c0f27446,1,mobilitybench
mobilitybench_q_8dc51ab0e4ba8361c1,mobilitybench:ef2dcd6c4481565188,1,mobilitybench
mobilitybench_q_8e48cc5d0711b46bbe,mobilitybench:c9b039c6ec502be1f8,1,mobilitybench
mobilitybench_q_5c7fcdf1598b3c143e,mobilitybench:53520f1196715b69bf,1,mobilitybench
mobilitybench_q_800a5278e40ec80ee5,mobilitybench:2b061eb473c6943b48,1,mobilitybench
mobilitybench_q_9bb97fc51e8ad5a9f6,mobilitybench:f254db91ebd3bbe328,1,mobilitybench
mobilitybench_q_0dbcfa04b3d04530ce,mobilitybench:0a525c14ce0fcdf207,1,mobilitybench
mobilitybench_q_6657dc79a241a14722,mobilitybench:930230111f6880b45a,1,mobilitybench
mobilitybench_q_e09cabfe272f3f89d5,mobilitybench:dbb35cf2b1613eebea,1,mobilitybench
mobilitybench_q_3d180816fd22841aba,mobilitybench:3af58659d3d6ba8d2c,1,mobilitybench
mobilitybench_q_f71cd610c96c91e6ab,mobilitybench:683154171c050f7d41,1,mobilitybench
mobilitybench_q_00bd9287711c17ebcc,mobilitybench:e423402f0c344cfeb4,1,mobilitybench
mobilitybench_q_513e99ce42a730c85d,mobilitybench:2014c406764a156df3,1,mobilitybench
mobilitybench_q_5ccd31c21ca2dd00c8,mobilitybench:05f8de1c639a510c24,1,mobilitybench
mobilitybench_q_7810b49fc0ba7a9845,mobilitybench:8c49c8d39f2d45edb0,1,mobilitybench
mobilitybench_q_e4c2bb7614ae9d828f,mobilitybench:78a58da27d3aaff8d6,1,mobilitybench
mobilitybench_q_8d653853e66f4e8155,mobilitybench:59cfb3dfe44e3df55b,1,mobilitybench
mobilitybench_q_88d4ca2d1b85d7872d,mobilitybench:1fdbf4bf2de603366f,1,mobilitybench
mobilitybench_q_f6db9a7c8507fc2a90,mobilitybench:780ca4f6051765955c,1,mobilitybench
mobilitybench_q_cd82472607baa41484,mobilitybench:a1841f083eee15aa46,1,mobilitybench
mobilitybench_q_f8f168c31c40c2d4b0,mobilitybench:cade2d5ff4349b0eac,1,mobilitybench
mobilitybench_q_f3e1f0b52f0e5969a7,mobilitybench:cace6ab6cc1f0bc0f1,1,mobilitybench
mobilitybench_q_e864779ec1966f2a66,mobilitybench:ddea38246dd4ec2daa,1,mobilitybench
mobilitybench_q_205d8a868d77972f35,mobilitybench:1a4dfd71a6c8f0df82,1,mobilitybench
mobilitybench_q_7ea9d1b1833e657959,mobilitybench:ef5a3be4c504e10b32,1,mobilitybench
mobilitybench_q_b754ede5b57ebd21d1,mobilitybench:4d61cf37ccb028b45a,1,mobilitybench
mobilitybench_q_b834f1e297aa1b5a41,mobilitybench:9688330a6ed9a82587,1,mobilitybench
mobilitybench_q_d92de5106f47b8dd73,mobilitybench:ebc0cea61dd6ee48f7,1,mobilitybench
mobilitybench_q_e11601177ebd428419,mobilitybench:a9a4985addf55f2d64,1,mobilitybench
mobilitybench_q_0890f631518eb94d08,mobilitybench:a92691e6d12face47c,1,mobilitybench
mobilitybench_q_2d30a4206db93126de,mobilitybench:44b162d0639eb253a7,1,mobilitybench
mobilitybench_q_4613e3a45e0efe11c8,mobilitybench:adfc8bc1ccd9aa314e,1,mobilitybench
mobilitybench_q_0a9e2c0f6007660783,mobilitybench:9b73a595e5c57a9960,1,mobilitybench
mobilitybench_q_fe451c514744cc0f64,mobilitybench:551894dc10bf1a3804,1,mobilitybench
mobilitybench_q_7998aa76870c061e80,mobilitybench:93fc630b09c78ed0a2,1,mobilitybench
mobilitybench_q_f83b926b2a92c30038,mobilitybench:fef2e83d2cbf763d20,1,mobilitybench
mobilitybench_q_b5770e41b0e0dbe3de,mobilitybench:20c4ca99fe7c2924a1,1,mobilitybench
mobilitybench_q_6983d65b642c9e25a1,mobilitybench:791aedb3155d8a490e,1,mobilitybench
mobilitybench_q_a1764055933180da46,mobilitybench:6d29c96113d1295951,1,mobilitybench
mobilitybench_q_a4c1c8ba796db383be,mobilitybench:ddb9e9e5ee5bd55f6f,1,mobilitybench
mobilitybench_q_72a30d892644e87289,mobilitybench:46e82322f77a4e6ca3,1,mobilitybench
mobilitybench_q_5ca23fd4a314fc121b,mobilitybench:67a006726ff91881c6,1,mobilitybench
mobilitybench_q_aaecb3ab21cc58be96,mobilitybench:9d2ea7a9d004f0fde6,1,mobilitybench
mobilitybench_q_e18e93c18ae5f64e88,mobilitybench:1688407ddb4cf1c2ac,1,mobilitybench
mobilitybench_q_760fb36c19abeac4b6,mobilitybench:a970c12a9d2c27bedf,1,mobilitybench
mobilitybench_q_583b84096a959657af,mobilitybench:19ff9193132d5e9a1f,1,mobilitybench
mobilitybench_q_8fe984c66e2bce0bc6,mobilitybench:33b439b00d3ba07074,1,mobilitybench
mobilitybench_q_bd1aeb2de15a5c4fbd,mobilitybench:5a67ec5dd462cbcc88,1,mobilitybench
mobilitybench_q_3dce82f3ef1bf3dc02,mobilitybench:b6fdd46fb99a9247c8,1,mobilitybench
mobilitybench_q_c77d1c7433b60d522d,mobilitybench:80e71aa50c42b9b620,1,mobilitybench
mobilitybench_q_d7faecb05b88faf1fd,mobilitybench:0dc37618e6b1a1fece,1,mobilitybench
mobilitybench_q_23ea19fc4f820b7af5,mobilitybench:e77e07b22182178a68,1,mobilitybench
mobilitybench_q_e5dec70e6a32bb9ef3,mobilitybench:4609671dac60d64653,1,mobilitybench
mobilitybench_q_96ee366bdba7a67e36,mobilitybench:d0a915b7f0feaf1d30,1,mobilitybench
mobilitybench_q_826fe97fbbbefc9ce1,mobilitybench:9a149c96273215477a,1,mobilitybench
mobilitybench_q_58fa96f3be3243fa9b,mobilitybench:2b4be78b72ff468f38,1,mobilitybench
mobilitybench_q_13a990be40d24f652b,mobilitybench:18ea26da12e58902e6,1,mobilitybench
mobilitybench_q_fb4c8c81527b8c2ddb,mobilitybench:97265b14b17d7b9621,1,mobilitybench
mobilitybench_q_de2dc0934a606217fd,mobilitybench:dbc188169e45dcd56c,1,mobilitybench
mobilitybench_q_eb2639fea17e57d29a,mobilitybench:5b9e4a0ea32a8d9353,1,mobilitybench
mobilitybench_q_57cd03c76c1c74467d,mobilitybench:15bcace25f04147dfd,1,mobilitybench
mobilitybench_q_b2ce0f8074a42394ba,mobilitybench:72f4f0bd49337e4eb4,1,mobilitybench
mobilitybench_q_76fafd19d3e2b8a50f,mobilitybench:2690358efd32c09987,1,mobilitybench
mobilitybench_q_cf4a9fdd8cf9d74343,mobilitybench:0e6d18236722c7e3ec,1,mobilitybench
mobilitybench_q_c81ae5f54080f6ca78,mobilitybench:359f3110f1bf97cdd8,1,mobilitybench
mobilitybench_q_1c257d3dc31e222bf4,mobilitybench:7870dab1c4661fc514,1,mobilitybench
mobilitybench_q_baea1c2b8b01bbd446,mobilitybench:114019fb64ea94150a,1,mobilitybench
mobilitybench_q_b160de24db9e61600a,mobilitybench:0b2a1a4ec200d12ac0,1,mobilitybench
mobilitybench_q_6d29de72e8c45abdcd,mobilitybench:5d31770bb42c8ecee8,1,mobilitybench
mobilitybench_q_36eb574413b5602eca,mobilitybench:7349bd6c280785cdca,1,mobilitybench
mobilitybench_q_0af7960b18daa3bc4b,mobilitybench:07966ec3281af98707,1,mobilitybench
mobilitybench_q_490d62f4d20ec148f0,mobilitybench:dc9dcd04426810ac01,1,mobilitybench
mobilitybench_q_f979c913816204b6f1,mobilitybench:6f866997ca3a96bcf4,1,mobilitybench
mobilitybench_q_e72c11b97e6cbf9c68,mobilitybench:a9b28c56867c74d0de,1,mobilitybench
mobilitybench_q_7f62e2a944d8978bac,mobilitybench:f6f43ce49b86a1fc19,1,mobilitybench
mobilitybench_q_1c383980919d890f3d,mobilitybench:42efcd01d77f7f2b9a,1,mobilitybench
mobilitybench_q_7705b737f7010ffacb,mobilitybench:63933eced4ae75daed,1,mobilitybench
mobilitybench_q_a9237bed03ceef562e,mobilitybench:226634a78d23f4a57f,1,mobilitybench
mobilitybench_q_a208db7868f909a229,mobilitybench:b9fdb5e6b50136ef84,1,mobilitybench
mobilitybench_q_0106cd01bb3301431e,mobilitybench:c5076bc6187c187d7e,1,mobilitybench
mobilitybench_q_ab7435546a0967d33e,mobilitybench:337dcaa1542b52f299,1,mobilitybench
mobilitybench_q_7d0391f21ffccfbe7f,mobilitybench:a5f38719290c2e464b,1,mobilitybench
mobilitybench_q_2691fa6302b2ad8476,mobilitybench:16e0247652255011d9,1,mobilitybench
mobilitybench_q_9dde32f7c8f84ab216,mobilitybench:94971686ee3a2e7427,1,mobilitybench
mobilitybench_q_bf3fdf42a36444374b,mobilitybench:bf90b4fb5c15ae190e,1,mobilitybench
mobilitybench_q_bccfa56fc11fa57dbc,mobilitybench:9bbca8b3c529299103,1,mobilitybench
mobilitybench_q_205360eca3c9ce9610,mobilitybench:9b88fc25f77bfe8b99,1,mobilitybench
mobilitybench_q_0615902eb1fc7fb5c5,mobilitybench:859c7971014c54410a,1,mobilitybench
mobilitybench_q_0fbc3e37fc79b72f3c,mobilitybench:28be3258237634ecde,1,mobilitybench
mobilitybench_q_f84de96fddd84088b6,mobilitybench:132ea9b5431947c9d7,1,mobilitybench
mobilitybench_q_5a20a1986a17b82a81,mobilitybench:c1b9fcc5ada75dd2ec,1,mobilitybench
mobilitybench_q_11ba975c40a70a9a5a,mobilitybench:2a63f8e4f87810940b,1,mobilitybench
mobilitybench_q_f5950a6a5e86b4b724,mobilitybench:35128ed4e228f9f28c,1,mobilitybench
mobilitybench_q_3f45aef0fbe1e16337,mobilitybench:ada761c9f02abe7dd4,1,mobilitybench
mobilitybench_q_abb85e9f5667646531,mobilitybench:83a33db201a2c507ca,1,mobilitybench
mobilitybench_q_d3e6958368b7fe03c0,mobilitybench:9de66c4eaf587a73fb,1,mobilitybench
mobilitybench_q_3887f9ec2b64fbdfdd,mobilitybench:eb05e41e9316f8bb7b,1,mobilitybench
mobilitybench_q_9e3314c074f5334682,mobilitybench:f23dbca01b1f0078c0,1,mobilitybench
mobilitybench_q_790bddae533fc904df,mobilitybench:58be3998c0ebfac7ed,1,mobilitybench
mobilitybench_q_f88dd490e988e19c3a,mobilitybench:d7b11555ecefcc85a3,1,mobilitybench
mobilitybench_q_f95652499c24877bad,mobilitybench:1236bc7c2eccabeabe,1,mobilitybench
mobilitybench_q_0f129e643107fce984,mobilitybench:052943784fcd99ac31,1,mobilitybench
mobilitybench_q_fa4e23aa5bc3ad34d8,mobilitybench:45da0d3564010e281f,1,mobilitybench
mobilitybench_q_0a1eddd51c6b68d563,mobilitybench:cd538adf3c93ee180f,1,mobilitybench
mobilitybench_q_5c0766558858f5d49b,mobilitybench:a17b835a426b2fe176,1,mobilitybench
mobilitybench_q_873c28c7e77eec9084,mobilitybench:2284f25e67033a43c6,1,mobilitybench
mobilitybench_q_58808fa2f58df7d8a0,mobilitybench:d1922b978bd5ab3116,1,mobilitybench
mobilitybench_q_76483af5d570b7dbde,mobilitybench:bf879b7b3e21da1df4,1,mobilitybench
mobilitybench_q_c4eae12df6afc8b763,mobilitybench:a17ecf561c56c9c9ac,1,mobilitybench
mobilitybench_q_04d839e08f01ff83d9,mobilitybench:c26dfceabc5cad4b6a,1,mobilitybench
mobilitybench_q_1400511960b587eada,mobilitybench:eb9d7ba4e17fabf4cc,1,mobilitybench
mobilitybench_q_e7ce2391c3a33c02e9,mobilitybench:8882747dc6e4e89e4a,1,mobilitybench
mobilitybench_q_8d0d2765ba184a72a3,mobilitybench:c4abeb3273d8e903d8,1,mobilitybench
mobilitybench_q_59084b30e43ec8cb8a,mobilitybench:ffceadc88721816a39,1,mobilitybench
mobilitybench_q_cb5767c5004bf1bd5e,mobilitybench:46489cad7452f134f6,1,mobilitybench
mobilitybench_q_418850992026279342,mobilitybench:39a6e6087415d5746b,1,mobilitybench
mobilitybench_q_e163c4279f41e0d120,mobilitybench:8edb80551812daa025,1,mobilitybench
mobilitybench_q_b2e1740ee5da978b5d,mobilitybench:a73d89cec9b3a95505,1,mobilitybench
mobilitybench_q_085d5368067d0bb9a1,mobilitybench:51980593435a4e9a3e,1,mobilitybench
mobilitybench_q_c01be8a6fbbff98bbb,mobilitybench:4c04fb8b2e6d167990,1,mobilitybench
mobilitybench_q_6ad2cdddf3eb20f9f8,mobilitybench:01154b714085f28ef9,1,mobilitybench
mobilitybench_q_d5a06de779bc41bb23,mobilitybench:549a04b62bd4bda5b1,1,mobilitybench
mobilitybench_q_9a700f69b843378383,mobilitybench:3edcd973981af2aa99,1,mobilitybench
mobilitybench_q_6ad9e52e8868a6b06f,mobilitybench:f94fc9288c51e3cb66,1,mobilitybench
mobilitybench_q_45eb84467bebf45b73,mobilitybench:aa8de5ad7c5ae1c435,1,mobilitybench
mobilitybench_q_d1a78387040f1f9654,mobilitybench:f4594a18bbb6a361fa,1,mobilitybench
mobilitybench_q_7035747d46b875c833,mobilitybench:7fde3022f53d7095d8,1,mobilitybench
mobilitybench_q_46e56f9f57f1085621,mobilitybench:412e38c98fcde1816e,1,mobilitybench
mobilitybench_q_3e6b2e5d73d18e4200,mobilitybench:216da223e5ef09d0d0,1,mobilitybench
mobilitybench_q_60dc960ad813d88a8a,mobilitybench:6f45d0be3d6b61ca7f,1,mobilitybench
mobilitybench_q_c4f219e6cac852d860,mobilitybench:51f076ae1566589cd3,1,mobilitybench
mobilitybench_q_70052f76b69d59fdc7,mobilitybench:b8e825fb183554e425,1,mobilitybench
mobilitybench_q_34c145d6c8afcd082a,mobilitybench:177a369335401367f1,1,mobilitybench
mobilitybench_q_508de27c1bed8db4af,mobilitybench:030aada90699a27aee,1,mobilitybench
mobilitybench_q_ab5b44110a8c6dd8c4,mobilitybench:c2d871bcbee4ff5d70,1,mobilitybench
mobilitybench_q_f98195bc4df7da861d,mobilitybench:9194be27b6170d78b2,1,mobilitybench
mobilitybench_q_cf31cfdfdfac3b994d,mobilitybench:cde4e3802c26e6b058,1,mobilitybench
mobilitybench_q_8569a2670e9b3f2e96,mobilitybench:a31f7db4be41ce6558,1,mobilitybench
mobilitybench_q_83da75a651303911ae,mobilitybench:3873c9b026b4e979b6,1,mobilitybench
mobilitybench_q_faf8e7b811f24873ae,mobilitybench:6e3c3dbe13cde6cd78,1,mobilitybench
mobilitybench_q_b69b397e948b8a49a3,mobilitybench:8d9a74835627646a99,1,mobilitybench
mobilitybench_q_860fe98bfa56eb9920,mobilitybench:77cb728f8a99b4fa84,1,mobilitybench
mobilitybench_q_5d780df5979962cc14,mobilitybench:dcfeea82f5520fd869,1,mobilitybench
mobilitybench_q_69d63f5d10f97054ef,mobilitybench:636aace09efcaf1140,1,mobilitybench
mobilitybench_q_b6c9ba69a68e93753d,mobilitybench:4c1f18fb2074445dbf,1,mobilitybench
mobilitybench_q_8564bf7d79f51771ee,mobilitybench:34f9589b3a95ff663a,1,mobilitybench
mobilitybench_q_72116d0159a6f0a7b5,mobilitybench:52d2c68ec5b780ca4b,1,mobilitybench
mobilitybench_q_159624512e9868b1c3,mobilitybench:d699af733150f60207,1,mobilitybench
mobilitybench_q_574f5365964e33301f,mobilitybench:f49eedcbb2df98e6d8,1,mobilitybench
mobilitybench_q_3f478421a47d2b2180,mobilitybench:d4bdb4ed58dae08dfc,1,mobilitybench
mobilitybench_q_4e4e2ab4f4989e9bd5,mobilitybench:73d719735941711b01,1,mobilitybench
mobilitybench_q_19a103bc87f745f042,mobilitybench:dfd055ac9dcd333347,1,mobilitybench
mobilitybench_q_1a5581afeffd52f5ca,mobilitybench:2e539a47f34bb62350,1,mobilitybench
mobilitybench_q_85fae68b0e2596e05e,mobilitybench:24c5d770d3fd151ea4,1,mobilitybench
mobilitybench_q_4c04a332b86ad06569,mobilitybench:93af3c730b2547dfd0,1,mobilitybench
mobilitybench_q_a2ae978c4e2ac90fad,mobilitybench:3429e00902cf4c0b50,1,mobilitybench
mobilitybench_q_ac108ab7cb63110e26,mobilitybench:9a840fbbaf2e17f720,1,mobilitybench
mobilitybench_q_63cb1a9cc0a5c013f7,mobilitybench:b25a5a9ac6cb32d326,1,mobilitybench
mobilitybench_q_77ebda786402e6f6f5,mobilitybench:45c574c3f31f50d848,1,mobilitybench
mobilitybench_q_5f4151c6edf94d1324,mobilitybench:15526325b8d798b104,1,mobilitybench
mobilitybench_q_4d0dbfe218328bb1ba,mobilitybench:39433e6658b014d316,1,mobilitybench
mobilitybench_q_dfe3f85a0cd3224626,mobilitybench:563707b305f003ee51,1,mobilitybench
mobilitybench_q_b06f19b0ca7956c9cc,mobilitybench:6558ba6c6452b4efe3,1,mobilitybench
mobilitybench_q_c7d051a97e79bc8380,mobilitybench:77b4df7213bca57d76,1,mobilitybench
mobilitybench_q_6c9c368e9bc2185740,mobilitybench:e3c1be716cc0a13415,1,mobilitybench
mobilitybench_q_a4d6c16fe422bae485,mobilitybench:44aabca45fa75295fb,1,mobilitybench
mobilitybench_q_a52b0df2606d19ff98,mobilitybench:61a80c9309b6f42863,1,mobilitybench
mobilitybench_q_f9e3ebc321cbec1f2e,mobilitybench:9c5b47cb375ac98a48,1,mobilitybench
mobilitybench_q_e2201b618612a110ef,mobilitybench:aa26774e583a469724,1,mobilitybench
mobilitybench_q_aca5fba1ef5e84b344,mobilitybench:6bda9e806eb3962368,1,mobilitybench
mobilitybench_q_5ea7d56256012daa30,mobilitybench:e4a37aaa2af627def9,1,mobilitybench
mobilitybench_q_d45f8548009db48762,mobilitybench:c91f2812f65d561c72,1,mobilitybench
mobilitybench_q_4ec480df43853efcc1,mobilitybench:21494cdf49dec0efca,1,mobilitybench
mobilitybench_q_2221c14ddd2483888f,mobilitybench:ee0d3f4d998562bad6,1,mobilitybench
mobilitybench_q_2ea9dc7af595e2c9b0,mobilitybench:8435ebce6cfab0218d,1,mobilitybench
mobilitybench_q_36354535039905ee21,mobilitybench:9c5adfe2098215cb65,1,mobilitybench
mobilitybench_q_3d5b294bc7a2a4938c,mobilitybench:ff30cfceb300d98641,1,mobilitybench
mobilitybench_q_2524d5c800e82700c1,mobilitybench:f250fe1e71c714aa7d,1,mobilitybench
mobilitybench_q_b2d8cc9e2566ecb4db,mobilitybench:237ade9d5780262cf6,1,mobilitybench
mobilitybench_q_19b096cf4d28a8812a,mobilitybench:b7f19101743ad15721,1,mobilitybench
mobilitybench_q_5d1222c16bdea157e6,mobilitybench:0100cad8d926c60062,1,mobilitybench
mobilitybench_q_f65a867643b25703b3,mobilitybench:500af03d4fe1a2da47,1,mobilitybench
mobilitybench_q_77540f796de886ba6a,mobilitybench:951922164c432154e5,1,mobilitybench
mobilitybench_q_d5c41688271e39a7ed,mobilitybench:400429ca3b87207f78,1,mobilitybench
mobilitybench_q_fadd73f8ec64a7be7a,mobilitybench:09560de1af0dafa8f1,1,mobilitybench
mobilitybench_q_0793a28d8a55248a2a,mobilitybench:ff77f8c81ee0fbc278,1,mobilitybench
mobilitybench_q_1d3bc3cd4b83b08afe,mobilitybench:586e3c65b504333fca,1,mobilitybench
mobilitybench_q_c7b0f2e105edbaa662,mobilitybench:300c0b7d8cc18d695b,1,mobilitybench
mobilitybench_q_064a3616b6a54d9025,mobilitybench:de418c8b519f015ab1,1,mobilitybench
mobilitybench_q_0e86550fa334d4416d,mobilitybench:5231ba119f00d8a26f,1,mobilitybench
mobilitybench_q_786cfca964e2684377,mobilitybench:e4208a70ee670d5484,1,mobilitybench
mobilitybench_q_95c4706f01dd9d1dd8,mobilitybench:4d802e72b109a03a3e,1,mobilitybench
mobilitybench_q_4bec52179e7ae422b2,mobilitybench:ac26c87a0b4fabb691,1,mobilitybench
mobilitybench_q_5fbe7bdac5b175b0a0,mobilitybench:164f7532e14aca5e3f,1,mobilitybench
mobilitybench_q_c579c14230238a346a,mobilitybench:3e47f77ae392a187cd,1,mobilitybench
mobilitybench_q_63cd4be1c9602eec40,mobilitybench:a92b104e7d4ead4ee0,1,mobilitybench
mobilitybench_q_234d87551976ae02f7,mobilitybench:d5e66ca3e78add7b2b,1,mobilitybench
mobilitybench_q_b76b7b50742be32d1a,mobilitybench:6c397b1b3e5b6542b3,1,mobilitybench
mobilitybench_q_b64106640096d026a3,mobilitybench:5c9587f8e11d5e0ec3,1,mobilitybench
mobilitybench_q_599c21c6734f59f8eb,mobilitybench:7602dfa36f7386e8d2,1,mobilitybench
mobilitybench_q_3ecde820e416de99d2,mobilitybench:9bffd91e16229efd42,1,mobilitybench
mobilitybench_q_6893815dce4383e504,mobilitybench:cca686cc3c891cbd21,1,mobilitybench
mobilitybench_q_6e33ae09a4b6921b41,mobilitybench:1bef5c43d7a76f08a7,1,mobilitybench
mobilitybench_q_693e694a95b58eb1a8,mobilitybench:9232c55cbb8a16e2e6,1,mobilitybench
mobilitybench_q_ea21acb3eef4c5c993,mobilitybench:39bff77555bc2c1d58,1,mobilitybench
mobilitybench_q_1ea7e6b24037a4a709,mobilitybench:8b837aa61a0ac7ed69,1,mobilitybench
mobilitybench_q_a762295121483c965f,mobilitybench:b9b89816b5d5ebb6f2,1,mobilitybench
mobilitybench_q_01338dbcf4ac7cef18,mobilitybench:3e6a78fe037ce96450,1,mobilitybench
mobilitybench_q_6a2fff9a9a74387876,mobilitybench:4626a8f839f0239066,1,mobilitybench
mobilitybench_q_718a0b9f2562ab11c9,mobilitybench:cb30c021952c722d3c,1,mobilitybench
mobilitybench_q_a1f6ed03dae023f2ee,mobilitybench:49c20a957dfc8aa531,1,mobilitybench
mobilitybench_q_0ff6511e730958c6b6,mobilitybench:b33e6329479574fbc7,1,mobilitybench
mobilitybench_q_ce3d3ec9bec8a2eda7,mobilitybench:f65b4286acc6602c9e,1,mobilitybench
mobilitybench_q_4be6b2c3b0651ec8f5,mobilitybench:c3d9e87a2fbf8d09ed,1,mobilitybench
mobilitybench_q_5fb5a877af74077516,mobilitybench:de73267c3516f61482,1,mobilitybench
mobilitybench_q_80262af51dd21364bd,mobilitybench:2cbbb07d7965ea5997,1,mobilitybench
mobilitybench_q_bbdf98866a6b0e7e74,mobilitybench:0241e41a3e67d914d7,1,mobilitybench
mobilitybench_q_1da3cf2690c7a00da4,mobilitybench:54a55538d86d98162e,1,mobilitybench
mobilitybench_q_95635b068fad93af73,mobilitybench:c074fc9c1ee98f97bb,1,mobilitybench
mobilitybench_q_c449999961dc1be5dd,mobilitybench:707fae38c606d70b94,1,mobilitybench
mobilitybench_q_d3bf24e378508ed4ee,mobilitybench:06eb6306b43341f502,1,mobilitybench
mobilitybench_q_8057e4943a1b26a30d,mobilitybench:b1ff3ec89b6e498b9c,1,mobilitybench
mobilitybench_q_93c45a2bb833ecbe5a,mobilitybench:f8fcdef4053d5880eb,1,mobilitybench
mobilitybench_q_23357e012ab2ecd57c,mobilitybench:09038901e357fb7a59,1,mobilitybench
mobilitybench_q_34b89097d997a24159,mobilitybench:9f1d78bbe933318ccb,1,mobilitybench
mobilitybench_q_34bd991723487fbc20,mobilitybench:ae879c9842c31dd2b1,1,mobilitybench
mobilitybench_q_565ae89fd41075ecfb,mobilitybench:452700104af9639396,1,mobilitybench
mobilitybench_q_08e7d6d3885ce8f939,mobilitybench:85cb53ee10cd6a939c,1,mobilitybench
mobilitybench_q_5e17a71dd5da6ec3fb,mobilitybench:273888574c8561b3a2,1,mobilitybench
mobilitybench_q_d18ecd5f46b41ba322,mobilitybench:e832291c26d31ecec2,1,mobilitybench
mobilitybench_q_d8978f60e911a438ce,mobilitybench:69e757b474f479e452,1,mobilitybench
mobilitybench_q_646c7877153e55b949,mobilitybench:f6c2020d8f4224145e,1,mobilitybench
mobilitybench_q_85624cd47712e09e71,mobilitybench:d252c98cf24bd87f1c,1,mobilitybench
mobilitybench_q_cfbd5987f766ba51c7,mobilitybench:edd95e0cec5206d85a,1,mobilitybench
mobilitybench_q_8f3b4b6da7a0002dff,mobilitybench:2e85b34df9569663ed,1,mobilitybench
mobilitybench_q_41ef131c84f04fd1b6,mobilitybench:86fba28c8739081fbf,1,mobilitybench
mobilitybench_q_cc9633ad7d16e5f965,mobilitybench:913a3a8b21676b526e,1,mobilitybench
mobilitybench_q_35171fb2b49f9be258,mobilitybench:355079e5ba57069f21,1,mobilitybench
mobilitybench_q_0c6ffca8b86a455316,mobilitybench:33d56318b46d12b5bf,1,mobilitybench
mobilitybench_q_9efcb2760e314d9e67,mobilitybench:430b77b0c8a43d72c8,1,mobilitybench
mobilitybench_q_ee2d81e9f8b84e87dd,mobilitybench:7458bc690e92ebb33a,1,mobilitybench
mobilitybench_q_64dfd83877e11f2ba4,mobilitybench:f6f49ed866025870d8,1,mobilitybench
mobilitybench_q_66ee82ef429bd0e51a,mobilitybench:e9ca59a7975fdf194e,1,mobilitybench
mobilitybench_q_54aaa2f483097321cd,mobilitybench:1187dea793c31de134,1,mobilitybench
mobilitybench_q_05a14fa68ecab69c9e,mobilitybench:82f9ef3b2b6c1d1466,1,mobilitybench
mobilitybench_q_6246118baf70d1f757,mobilitybench:88a7cb8e98e296545b,1,mobilitybench
mobilitybench_q_945347dc651aa69bd1,mobilitybench:3cd0ea105b4bc1bf91,1,mobilitybench
mobilitybench_q_3144063325c9adf84d,mobilitybench:69c6c3b1a58ef7af5b,1,mobilitybench
mobilitybench_q_e5cf9736a5107cda94,mobilitybench:058fe420b1db9eb003,1,mobilitybench
mobilitybench_q_09286cb187a61fd694,mobilitybench:545c3bf26002b9e509,1,mobilitybench
mobilitybench_q_3c4b1be2b39b3513d1,mobilitybench:6d1d438e3db61d78c2,1,mobilitybench
mobilitybench_q_8151d6e9e23bce7189,mobilitybench:780bf8977586625812,1,mobilitybench
mobilitybench_q_28ec8333dc6a3cca31,mobilitybench:f230d0ac94c6b028c6,1,mobilitybench
mobilitybench_q_bf13a6e2d3ffdfe755,mobilitybench:cbe5a7ea35281e81ec,1,mobilitybench
mobilitybench_q_b915c0ba2bb91c86a4,mobilitybench:026616699b04f2f49d,1,mobilitybench
mobilitybench_q_3532bcaa283bfd7744,mobilitybench:7e487bb2e0aa47a429,1,mobilitybench
mobilitybench_q_00bfa65cca37fd12bc,mobilitybench:1dbc5d0ee256e8a430,1,mobilitybench
mobilitybench_q_f90b190ee69ce46498,mobilitybench:bd5d7dbee34ca9fb8e,1,mobilitybench
mobilitybench_q_402b4bb4f1cdae02e7,mobilitybench:03eee0643ed0905503,1,mobilitybench
mobilitybench_q_6391acc9c721d5a732,mobilitybench:187523145eb555757c,1,mobilitybench
mobilitybench_q_7bc9855431b722d214,mobilitybench:babe2c0b72445905f4,1,mobilitybench
mobilitybench_q_f08a4c210b80ab5e67,mobilitybench:3c089cd5841a3b953a,1,mobilitybench
mobilitybench_q_82539bc3a62643b44c,mobilitybench:2f91b4202d195f9db2,1,mobilitybench
mobilitybench_q_34bbada624c083b308,mobilitybench:cecf793f8916a7f007,1,mobilitybench
mobilitybench_q_18666c20aff088cdf5,mobilitybench:c515ad0932ac21cb05,1,mobilitybench
mobilitybench_q_2cad7f6a4bfb7ab821,mobilitybench:c0a59fb24da30a0440,1,mobilitybench
mobilitybench_q_7a6981aec893894766,mobilitybench:37e0e31ce8a19c5b63,1,mobilitybench
mobilitybench_q_b08fc1304744e0274c,mobilitybench:ad970f6b06662a3fc3,1,mobilitybench
mobilitybench_q_7ffda5a2ffa6f56d5b,mobilitybench:8015a4f478e789c0de,1,mobilitybench
mobilitybench_q_3afb272f4245b83e3e,mobilitybench:1cdcd265aa4d3d5f00,1,mobilitybench
mobilitybench_q_6be4d936a3184f1b3f,mobilitybench:beb021388737fb4929,1,mobilitybench
mobilitybench_q_07aadc3cf2f611a521,mobilitybench:2720c72e3af5800be3,1,mobilitybench
mobilitybench_q_877f34af21ec2d8cad,mobilitybench:10582f0302a2690848,1,mobilitybench
mobilitybench_q_5853c96262eb3ce847,mobilitybench:96be1dc532ccd39e11,1,mobilitybench
mobilitybench_q_9c753710c04101bc19,mobilitybench:513104e82ef92c2dcb,1,mobilitybench
mobilitybench_q_04317f41b0f2579e9d,mobilitybench:00daf01444ad40fca4,1,mobilitybench
mobilitybench_q_e10e8d3a3232bd617c,mobilitybench:c7a6ecf3bbcf22bc55,1,mobilitybench
mobilitybench_q_762e6926dd740a798b,mobilitybench:cbe3c5130837a2da7f,1,mobilitybench
mobilitybench_q_210af914f5ab50df4c,mobilitybench:ef7bc3c2d8d37390bc,1,mobilitybench
mobilitybench_q_10b1ddbd8390081fa4,mobilitybench:4e381c7277de2152f1,1,mobilitybench
mobilitybench_q_554c37def5d7a52eee,mobilitybench:e2115b0206ebbac986,1,mobilitybench
mobilitybench_q_787223e32e9eab0357,mobilitybench:7a08c71b4800766328,1,mobilitybench
mobilitybench_q_2bd17223952857f460,mobilitybench:9b6e7c7d81f8d6ee53,1,mobilitybench
mobilitybench_q_11ef267d0d9258bf00,mobilitybench:39f0a636ed1dddca9f,1,mobilitybench
mobilitybench_q_e4a7e355e35cf63cf4,mobilitybench:408d06e6c8a0a09a34,1,mobilitybench
mobilitybench_q_eae1ece0448daccae0,mobilitybench:408a0c85225d11bdbf,1,mobilitybench
mobilitybench_q_462929cda18be5bbe2,mobilitybench:011cf1724f833a8ec0,1,mobilitybench
mobilitybench_q_8d7438968513ee0bb1,mobilitybench:8adcc37ee81843fbf7,1,mobilitybench
mobilitybench_q_213dc8c02010a968da,mobilitybench:6556bd105420fe3af1,1,mobilitybench
mobilitybench_q_5deb3e0090d7de6434,mobilitybench:356c7996cd3ca43dda,1,mobilitybench
mobilitybench_q_c531f4e46706c86cec,mobilitybench:80f5d0cd22c75ae3ac,1,mobilitybench
mobilitybench_q_c2594732a67e5b128b,mobilitybench:df2bfb373bab2a0137,1,mobilitybench
mobilitybench_q_b480df1011259b0663,mobilitybench:42e64a768eb42e15a1,1,mobilitybench
mobilitybench_q_2421d3abb685e79ef6,mobilitybench:587fd9cf1ba07859f7,1,mobilitybench
mobilitybench_q_e6d6a45adca8249991,mobilitybench:172fdea342692dcf07,1,mobilitybench
mobilitybench_q_05656753798da982a9,mobilitybench:567dc3bb6a8492f1f7,1,mobilitybench
mobilitybench_q_e852d5adaeb800fac9,mobilitybench:405769f5910a84f3b5,1,mobilitybench
mobilitybench_q_d0ffa18720d97cf8a1,mobilitybench:e41d8f07b45414b676,1,mobilitybench
mobilitybench_q_88b99e58a050fcce1a,mobilitybench:e2bc9674d9623fc52b,1,mobilitybench
mobilitybench_q_730b48675135964682,mobilitybench:7be93f5362c572730c,1,mobilitybench
mobilitybench_q_5d2ae93eb0a790d13b,mobilitybench:07a5d2df59e26dd3d8,1,mobilitybench
mobilitybench_q_6d9d40e2b8584acc42,mobilitybench:7203020966d6f421b5,1,mobilitybench
mobilitybench_q_44774ec004681e8645,mobilitybench:92449899ce263b1160,1,mobilitybench
mobilitybench_q_39ce023f45ddbceb28,mobilitybench:b064686f4bad06d5c3,1,mobilitybench
mobilitybench_q_9b732f790ac6153472,mobilitybench:cb2208533014071cac,1,mobilitybench
mobilitybench_q_aa86fe33d6ea1fe85a,mobilitybench:5650c24d9d25f38703,1,mobilitybench
mobilitybench_q_f7217f6df06a6fd2ee,mobilitybench:3113d5696ff2eb4c44,1,mobilitybench
mobilitybench_q_6d2ab712137d473eba,mobilitybench:1a39ef46ad0e14710b,1,mobilitybench
mobilitybench_q_4a89d3aa18427b82b3,mobilitybench:5b1b9498daa66a708d,1,mobilitybench
mobilitybench_q_3876a9fc1339c8f369,mobilitybench:ddaf3d1bed81d34e75,1,mobilitybench
mobilitybench_q_9470128291a3496218,mobilitybench:fdace85a8f7c2ad145,1,mobilitybench
mobilitybench_q_7d9b3ea9dd04227616,mobilitybench:9c674914beb115f237,1,mobilitybench
mobilitybench_q_a1860b1c9422590627,mobilitybench:575662b45676e054b4,1,mobilitybench
mobilitybench_q_dc8ca1414bae238df6,mobilitybench:3853e7ffb70d95ead0,1,mobilitybench
mobilitybench_q_d1b96adb9277e90379,mobilitybench:ae63db36d792268175,1,mobilitybench
mobilitybench_q_493d3e3d5f7ea72975,mobilitybench:0e953771e66243765c,1,mobilitybench
mobilitybench_q_9bf617e63dfa062bc6,mobilitybench:c1c7ca989e149c2a96,1,mobilitybench
mobilitybench_q_4307edeb25674f7e78,mobilitybench:d699af733150f60207,1,mobilitybench
mobilitybench_q_888b2897b771c5e160,mobilitybench:631752439d4ca53319,1,mobilitybench
mobilitybench_q_13dc1df2cb5c666e05,mobilitybench:15a85b52992d0581f4,1,mobilitybench
mobilitybench_q_c95181e07ef0e88932,mobilitybench:030a7b8015b5af1716,1,mobilitybench
mobilitybench_q_ca2759a1374468c369,mobilitybench:92ac81321a2319091b,1,mobilitybench
mobilitybench_q_3d8b5a45039dbe37ea,mobilitybench:2ce5760d5ecc1cf883,1,mobilitybench
mobilitybench_q_42fb0f0efe4234d58b,mobilitybench:2aa39c6942fead7b64,1,mobilitybench
mobilitybench_q_5a00c2f0c7313b2d82,mobilitybench:38ec18ee65e64057b3,1,mobilitybench
mobilitybench_q_d8b7a0fab07cf49cff,mobilitybench:a395bbb9256b1105d9,1,mobilitybench
mobilitybench_q_4160b0688090926293,mobilitybench:7d397bed150f4672c6,1,mobilitybench
mobilitybench_q_6ee44187974e1a0258,mobilitybench:5ee4a50c6ee5447136,1,mobilitybench
mobilitybench_q_3a51d943221300c34b,mobilitybench:8a17f541b32fd354c0,1,mobilitybench
mobilitybench_q_0b5a6b3b580e1563e5,mobilitybench:f0ff57847d7d3b3748,1,mobilitybench
mobilitybench_q_3e0377cbe51f629e1b,mobilitybench:3703b4aca0925e9de5,1,mobilitybench
mobilitybench_q_a21a9dd38337561e94,mobilitybench:1a4f985cd354a02b1f,1,mobilitybench
mobilitybench_q_c047b591066dd59569,mobilitybench:8f35c6a100b6a83130,1,mobilitybench
mobilitybench_q_c531aae82f8adc4c6a,mobilitybench:ab56bd1656161b8981,1,mobilitybench
mobilitybench_q_c597ec343a2822b000,mobilitybench:f64b3905d0fe1e33e1,1,mobilitybench
mobilitybench_q_218fbb45cbc0b8247c,mobilitybench:226388b051d90bc9c4,1,mobilitybench
mobilitybench_q_887b686f6b834d2f70,mobilitybench:560e73ed3ce78670eb,1,mobilitybench
mobilitybench_q_f274d4e78c2f145a5e,mobilitybench:eef069bf9085179cb0,1,mobilitybench
mobilitybench_q_97656053c88636c048,mobilitybench:d6b440bf9e7810c255,1,mobilitybench
mobilitybench_q_871fc50e5bfeea5bab,mobilitybench:dfdef260829450fcfa,1,mobilitybench
mobilitybench_q_7aa53c3453d2a4ee13,mobilitybench:ab687d7c4a76e6c6ac,1,mobilitybench
mobilitybench_q_83de7a19b195ac52b1,mobilitybench:859fed65c13d13f382,1,mobilitybench
mobilitybench_q_03e329b6458fc4b807,mobilitybench:3ca77b887992a67ee5,1,mobilitybench
mobilitybench_q_177e2f2a33388a1469,mobilitybench:77b4e6c741d5864522,1,mobilitybench
mobilitybench_q_7c0239ad402c5bbe75,mobilitybench:cb11cea34c272a3968,1,mobilitybench
mobilitybench_q_a75488bdb67539dd0a,mobilitybench:84387c45b234cabdda,1,mobilitybench
mobilitybench_q_ee78b7fb54f2db140d,mobilitybench:768e24faad7e1cb5fe,1,mobilitybench
mobilitybench_q_a5f425a1dc8867f487,mobilitybench:b8d63200c8b0c8ff2b,1,mobilitybench
mobilitybench_q_7c82015ea37b5952f4,mobilitybench:59073cfb42cb7886a3,1,mobilitybench
mobilitybench_q_f1ed42c6743859a130,mobilitybench:f1b6f9557b08d770de,1,mobilitybench
mobilitybench_q_7c734b7465e269e27b,mobilitybench:787dd2f24a04afe917,1,mobilitybench
mobilitybench_q_cb8793c460093e72ee,mobilitybench:df14be02f119750c59,1,mobilitybench
mobilitybench_q_208bf253d1960c24f0,mobilitybench:a3c7881c97753ca729,1,mobilitybench
mobilitybench_q_4a0b866e4942a85e32,mobilitybench:76bf9858e809fc7466,1,mobilitybench
mobilitybench_q_f0fbb55a49720bf733,mobilitybench:97332a32809e02fadf,1,mobilitybench
mobilitybench_q_c92c567750f538966a,mobilitybench:39861b61ba98b7292e,1,mobilitybench
mobilitybench_q_1e68c27ed0f2e68371,mobilitybench:2096922d64febbb44e,1,mobilitybench
mobilitybench_q_b417cec2c18fcb4d99,mobilitybench:ca0a64a85e84b270e9,1,mobilitybench
mobilitybench_q_c326231837e9af73be,mobilitybench:996e12866c5c65d6f6,1,mobilitybench
mobilitybench_q_36bac69f4f3d01bae5,mobilitybench:9b892a9b9b2e189a98,1,mobilitybench
mobilitybench_q_1edcc366f0ab62b4f2,mobilitybench:4a30df4b27accfc405,1,mobilitybench
mobilitybench_q_afda5b815a9dd40fc3,mobilitybench:4faf90f952daf2f4d5,1,mobilitybench
mobilitybench_q_913dbd8e9e88590cc8,mobilitybench:59829f89cb16010439,1,mobilitybench
mobilitybench_q_f3d211973cd1f64777,mobilitybench:751055e83d7c8e9148,1,mobilitybench
mobilitybench_q_1b55ed4feb0f0ab442,mobilitybench:0bac8fd627a7375cb3,1,mobilitybench
mobilitybench_q_b7ecca2dd353fa0751,mobilitybench:f975e0d301d5c952ea,1,mobilitybench
mobilitybench_q_e9ef6551bf7e491923,mobilitybench:de3341635484880bb0,1,mobilitybench
mobilitybench_q_9fc27d45a26f0d2ad9,mobilitybench:24e3743dd6f605bfd6,1,mobilitybench
mobilitybench_q_ccd849c84e4cde2fda,mobilitybench:b6ea4dc9a4857b771c,1,mobilitybench
mobilitybench_q_7fd1ec0b436d1f2e58,mobilitybench:261a446a782a1b1c01,1,mobilitybench
mobilitybench_q_4eb0641a004392808a,mobilitybench:31e45900072b58a8af,1,mobilitybench
mobilitybench_q_1d9f2b0dad3bb733e8,mobilitybench:8462d33841af276be9,1,mobilitybench
mobilitybench_q_01546d71aca169c515,mobilitybench:ecc1ba5d9413855757,1,mobilitybench
mobilitybench_q_31ce87e9997a0292f7,mobilitybench:b191b23f95fb4a1034,1,mobilitybench
mobilitybench_q_57642e5b93f85062bb,mobilitybench:9c65bf21b125f16c89,1,mobilitybench
mobilitybench_q_4cef01aaa16eee9a7d,mobilitybench:00fa5248a9a2526118,1,mobilitybench
mobilitybench_q_29e806534ffa5ed586,mobilitybench:b64937bf4cf145a8e6,1,mobilitybench
mobilitybench_q_5f4db96e1fcf4bf5da,mobilitybench:9dac24e5fc0c807039,1,mobilitybench
mobilitybench_q_a901c4898997f9f6e0,mobilitybench:e9178017095f4ce90d,1,mobilitybench
mobilitybench_q_53f94c91b3995458ce,mobilitybench:22a2a50817d212df19,1,mobilitybench
mobilitybench_q_6c975804bdfd442d0b,mobilitybench:15d84b6c1103820d58,1,mobilitybench
mobilitybench_q_6b9f61bdc8c9fac973,mobilitybench:4aa1b3f1312217486e,1,mobilitybench
mobilitybench_q_b2b409a5e749482401,mobilitybench:b91f50e596bf4f6678,1,mobilitybench
mobilitybench_q_a530363e89ce84ca02,mobilitybench:049a0206063899dd31,1,mobilitybench
mobilitybench_q_6f38bb99429d597376,mobilitybench:5c5b3bda9cf5aac764,1,mobilitybench
mobilitybench_q_1891a5e32ea51d9b9e,mobilitybench:ff01c03495db82b2cd,1,mobilitybench
mobilitybench_q_fa33b3dffb4697302c,mobilitybench:36a9253f75474ba374,1,mobilitybench
mobilitybench_q_8fde9aac084ef80d2f,mobilitybench:ffe88f3672c1b9a700,1,mobilitybench
mobilitybench_q_b06be90d431d2ab6d7,mobilitybench:b86a80c7dfbbd72622,1,mobilitybench
mobilitybench_q_bd79e26d0439472859,mobilitybench:6f33316eceb859cda5,1,mobilitybench
mobilitybench_q_8b42894f0709e7ebfe,mobilitybench:f1d4961fadda03db26,1,mobilitybench
mobilitybench_q_3959aad4c02fee08e1,mobilitybench:da43ab5ba6224d4237,1,mobilitybench
mobilitybench_q_ebf435dd3ddad1e5ef,mobilitybench:513553b33913ff3906,1,mobilitybench
mobilitybench_q_eece7ddf4fa86cbc83,mobilitybench:cf778aef7ef266c5f9,1,mobilitybench
mobilitybench_q_8c7ba4e4c4bc17557c,mobilitybench:6965f839098d7d9cf1,1,mobilitybench
mobilitybench_q_33ea33a3026a7cd0e5,mobilitybench:6bd5dee289226f7b64,1,mobilitybench
mobilitybench_q_4d64787eb8e8bab867,mobilitybench:3a694b62af1b7d0b70,1,mobilitybench
mobilitybench_q_9cad6bfca2b54552be,mobilitybench:cbc14417aa0ed1ac05,1,mobilitybench
mobilitybench_q_610b229cea026e11fe,mobilitybench:a2144d7d4819163023,1,mobilitybench
mobilitybench_q_a2d8615bc8c73d9f5b,mobilitybench:6c563746b5897dbed7,1,mobilitybench
mobilitybench_q_b1e19e41ee6706fd25,mobilitybench:353167a6ca43d2402d,1,mobilitybench
mobilitybench_q_562b5430e10438c0ca,mobilitybench:0e1903c2c1089190e9,1,mobilitybench
mobilitybench_q_2ea27ab4ba788560b3,mobilitybench:70c39a34c05eb0210b,1,mobilitybench
mobilitybench_q_e46b305e217bb0d8c4,mobilitybench:75d3b26bfb64ba46f3,1,mobilitybench
mobilitybench_q_8efb9e5ede31516ebf,mobilitybench:ac97fad94478371b0c,1,mobilitybench
mobilitybench_q_211b3cc33cc88c4a36,mobilitybench:0b2fc0a641bd967696,1,mobilitybench
mobilitybench_q_7c64dd2a114e8e9671,mobilitybench:67b2e867ef121d8ac8,1,mobilitybench
mobilitybench_q_7e4ceed6decc916314,mobilitybench:47c8597979312769f2,1,mobilitybench
mobilitybench_q_1f4f129b3c97f4eeaa,mobilitybench:8864789880b867cf80,1,mobilitybench
mobilitybench_q_01993c994d12603738,mobilitybench:c4a814276aec3ad6db,1,mobilitybench
mobilitybench_q_fce797a32017cb5bab,mobilitybench:d64931e004efd828d5,1,mobilitybench
mobilitybench_q_f47a81f0dac4e17ed5,mobilitybench:e32af7c18bedd69d04,1,mobilitybench
mobilitybench_q_b9b8cf1ab2b5ded7d4,mobilitybench:916c5a1409616b9e8e,1,mobilitybench
mobilitybench_q_c22df1de05fa758874,mobilitybench:19d253c0bdc1a21d1d,1,mobilitybench
mobilitybench_q_297af6b8802cecb452,mobilitybench:8129f0f43608476164,1,mobilitybench
mobilitybench_q_fd70693fd21f29dd0c,mobilitybench:ba8fd83a1f2c8f571d,1,mobilitybench
mobilitybench_q_92c9dd0f79b5ad5de2,mobilitybench:ef9fc9a814508817af,1,mobilitybench
mobilitybench_q_c62636c23bfec8f77a,mobilitybench:d2b9cf45624f02cedf,1,mobilitybench
mobilitybench_q_c4119c7eaeb6fab440,mobilitybench:f3e164a893ef45da98,1,mobilitybench
mobilitybench_q_b54e544e710fa02bd7,mobilitybench:4ed3013c644348fe18,1,mobilitybench
mobilitybench_q_04fe0b3d92444c39a8,mobilitybench:ae0e8bb2f37b058b08,1,mobilitybench
mobilitybench_q_4a68cd50b57bcaedd8,mobilitybench:f7eb122b9024e686ff,1,mobilitybench
mobilitybench_q_b41d38c7ef7cd5d52c,mobilitybench:0d8e1c37fcfed1dc02,1,mobilitybench
mobilitybench_q_a6c66439460e75168a,mobilitybench:cfbf4c4442979bb58b,1,mobilitybench
mobilitybench_q_6eeee3dcb989d14bd8,mobilitybench:eec9ae09088767f494,1,mobilitybench
mobilitybench_q_f66c7b2f0376789d2e,mobilitybench:ddbb8ab5bbdf6aef57,1,mobilitybench
mobilitybench_q_d3790368192b168bc8,mobilitybench:8ad2454e7c9b8117d5,1,mobilitybench
mobilitybench_q_ec9b09a8c9ba68159c,mobilitybench:3d5eb1b3686331ba89,1,mobilitybench
mobilitybench_q_3a6be4ff2f5d252097,mobilitybench:1d596ebb38468c3608,1,mobilitybench
mobilitybench_q_036a11c80494ab343a,mobilitybench:414ce504f361b211c0,1,mobilitybench
mobilitybench_q_b7c3135c4ce0e1f809,mobilitybench:6d244b0f380c6e5025,1,mobilitybench
mobilitybench_q_2c5e8c682a02f956bc,mobilitybench:aa046d9e925e9b0e60,1,mobilitybench
mobilitybench_q_57e5d671a26115727a,mobilitybench:56d2c56b7c0096f054,1,mobilitybench
mobilitybench_q_5e01108c1d286eb3cc,mobilitybench:02a475f1109308ca40,1,mobilitybench
mobilitybench_q_a422346301a7e7c767,mobilitybench:e9f200c0fb36c41a33,1,mobilitybench
mobilitybench_q_fdcd872a27cd03bdd2,mobilitybench:cdf097043c60832ce7,1,mobilitybench
mobilitybench_q_5ff2dc177786d176df,mobilitybench:082f2871e63b32bfd6,1,mobilitybench
mobilitybench_q_02b194e362ba477a82,mobilitybench:5ee2e4e661260302dc,1,mobilitybench
mobilitybench_q_9fb43ba26f5641f046,mobilitybench:e7ae41f5ca83dd2832,1,mobilitybench
mobilitybench_q_c2179e2b56767e0a0f,mobilitybench:a16a89a97d0a0253bd,1,mobilitybench
mobilitybench_q_4c2ebb02e7696c6b7f,mobilitybench:2198885c0fc6a13da5,1,mobilitybench
mobilitybench_q_7d87cd36fac14cc496,mobilitybench:0c75ac2d2527faccc3,1,mobilitybench
mobilitybench_q_c106fc90e604338f72,mobilitybench:6544c58255c78d8e9b,1,mobilitybench
mobilitybench_q_8496ad9b3484dff8dc,mobilitybench:3f1c61975be8d575c1,1,mobilitybench
mobilitybench_q_ffbfa4f36cfab0550f,mobilitybench:407ee3bb08dd764d71,1,mobilitybench
mobilitybench_q_f2a6c7b9203db82e0d,mobilitybench:6866623a233e626e60,1,mobilitybench
mobilitybench_q_9015fb98a6f6b8796b,mobilitybench:bc52df651cccc407c1,1,mobilitybench
mobilitybench_q_e5ac21e408e1f55070,mobilitybench:83390c378fe7f8927d,1,mobilitybench
mobilitybench_q_1b00aa65f27b94f720,mobilitybench:5c70632c0fdb4b1a9c,1,mobilitybench
mobilitybench_q_ea1d21310077553bdb,mobilitybench:d14652d02350b74e3b,1,mobilitybench
mobilitybench_q_a9e2aa6159f5beee76,mobilitybench:444cc2a6f4360973e6,1,mobilitybench
mobilitybench_q_24b77be738da034c3e,mobilitybench:b96bfc04af6e63fba1,1,mobilitybench
mobilitybench_q_57ab0a3e1eff39f560,mobilitybench:a6ffa936e7fe61c96a,1,mobilitybench
mobilitybench_q_a98ac8ba527ae9fbd0,mobilitybench:4a7adb247557e1928e,1,mobilitybench
mobilitybench_q_7e2cb80369a7042c96,mobilitybench:9c2d4c7ca44633c1c0,1,mobilitybench
mobilitybench_q_e2753550275742d26f,mobilitybench:86a25df6b589ce15ff,1,mobilitybench
mobilitybench_q_3e51161376a8a5d6cd,mobilitybench:36e3e523b2e24c85b7,1,mobilitybench
mobilitybench_q_a9210f07c051a80262,mobilitybench:3b7d5cf69ab6436002,1,mobilitybench
mobilitybench_q_f8f77dc776e2185566,mobilitybench:74b6bd88f70ab4a4db,1,mobilitybench
mobilitybench_q_616205f102a6271366,mobilitybench:06be433a520780c39d,1,mobilitybench
mobilitybench_q_c1fd36ea86590ea29b,mobilitybench:86e287401633b378a1,1,mobilitybench
mobilitybench_q_41059cdaab453768bf,mobilitybench:7e0376c00d8bf63985,1,mobilitybench
mobilitybench_q_fa72ea045312d7cce7,mobilitybench:b8d955437dcf04b55d,1,mobilitybench
mobilitybench_q_4116d9d9e6f3168443,mobilitybench:c822c30573ee5ff440,1,mobilitybench
mobilitybench_q_e7241818de243811fc,mobilitybench:1dc3a57e3d9f84ee19,1,mobilitybench
mobilitybench_q_5f4046cb0d95939d4b,mobilitybench:f803b2081196fb69d9,1,mobilitybench
mobilitybench_q_b54e8c17200f50d8ca,mobilitybench:4260b643b5c6f6c619,1,mobilitybench
mobilitybench_q_ea76be9e3d346b8aab,mobilitybench:bda06e886a9d92f148,1,mobilitybench
mobilitybench_q_2f2bff94e0f4174f6a,mobilitybench:7d0ba73e2617e1ba87,1,mobilitybench
mobilitybench_q_bb9f29c37426d46950,mobilitybench:b849b1f1111dd5b5ae,1,mobilitybench
mobilitybench_q_ded1d9021044a95630,mobilitybench:42c01c0e936fd2dc6c,1,mobilitybench
mobilitybench_q_20d6df069accae4ab8,mobilitybench:efc775beb16e411e4f,1,mobilitybench
mobilitybench_q_9ff448ff8a9d30d709,mobilitybench:6519d4a99212a20b7f,1,mobilitybench
mobilitybench_q_a79af6b764064d9a0f,mobilitybench:298032f9b33a2cd0c5,1,mobilitybench
mobilitybench_q_e9651328a131e647c6,mobilitybench:a0fc42596094b19f18,1,mobilitybench
mobilitybench_q_ea2d37ed29932535e2,mobilitybench:981bfaae9848230f0b,1,mobilitybench
mobilitybench_q_f2201befb520e95313,mobilitybench:0b9d30f11499481e23,1,mobilitybench
mobilitybench_q_4eef3f9dd5be50cfe2,mobilitybench:a88e20e5ba68b9fed7,1,mobilitybench
mobilitybench_q_f4729e84387649baf1,mobilitybench:3ccd5417775bffe4c5,1,mobilitybench
mobilitybench_q_96e6b3543662de6486,mobilitybench:00d32643bfbce2125a,1,mobilitybench
mobilitybench_q_e7abb8f9a5270c1780,mobilitybench:1104fb848eb13a1bce,1,mobilitybench
mobilitybench_q_d3bb5a67ef034d742c,mobilitybench:049c05ce9082861991,1,mobilitybench
mobilitybench_q_9a71aeac3c556e569d,mobilitybench:360d5b5e4cd759c5c7,1,mobilitybench
mobilitybench_q_b91c3f986a04add519,mobilitybench:cc13e8e758b3d62bc1,1,mobilitybench
mobilitybench_q_764a07b2fa02f87035,mobilitybench:cc1088c7739bfe39de,1,mobilitybench
mobilitybench_q_82fbc53f9e51c78db6,mobilitybench:ed8f18d4aec5851bc7,1,mobilitybench
mobilitybench_q_c9f22e3eb0b915e089,mobilitybench:ef3ef5f027f99d9d94,1,mobilitybench
mobilitybench_q_36e2979adedc867001,mobilitybench:3d42b27641a09c0abe,1,mobilitybench
mobilitybench_q_0544963fd80b126d9f,mobilitybench:0084542a42f266c4f2,1,mobilitybench
mobilitybench_q_6f57e1a4a40c1bc61d,mobilitybench:df6dab09f749cd4df4,1,mobilitybench
mobilitybench_q_452f4b2533b3f171c2,mobilitybench:7b3be16b4098d2aa7b,1,mobilitybench
mobilitybench_q_231dca4a9f9527627e,mobilitybench:667c7e502eac9859c0,1,mobilitybench
mobilitybench_q_9ed99e2bb7166aea31,mobilitybench:d3b80285f4bba771a6,1,mobilitybench
mobilitybench_q_746a6dd6290f2c470a,mobilitybench:099c5a47c32b0fe133,1,mobilitybench
mobilitybench_q_774430fa2d6ba67cb7,mobilitybench:0f8eb5802cdc6ef1a0,1,mobilitybench
mobilitybench_q_b41e81bf05420e3316,mobilitybench:ac33fe2595e2a8c900,1,mobilitybench
mobilitybench_q_d2322f311d742eb8fa,mobilitybench:2353b5169bdbcf4085,1,mobilitybench
mobilitybench_q_2976aaf130b0cc950a,mobilitybench:49eaf62f21e51ca627,1,mobilitybench
mobilitybench_q_c6e7893a3c30c7c10f,mobilitybench:22ad118fd862b46c27,1,mobilitybench
mobilitybench_q_076808dc9a61a492d8,mobilitybench:4441af5c645989d85b,1,mobilitybench
mobilitybench_q_138423aebc763f9ebe,mobilitybench:7002e781a5438da611,1,mobilitybench
mobilitybench_q_9e59f3be9c446a58fb,mobilitybench:fad0a6ec78f463565d,1,mobilitybench
mobilitybench_q_44c70b41af089aa8b6,mobilitybench:605ba432af1ee21ed8,1,mobilitybench
mobilitybench_q_304143d142af58def1,mobilitybench:f74c41c35971412bef,1,mobilitybench
mobilitybench_q_4df830a16c914e3a98,mobilitybench:c678d36fb474e7db18,1,mobilitybench
mobilitybench_q_973bf9e1f5bb711537,mobilitybench:64ea76b610831ec88a,1,mobilitybench
mobilitybench_q_5d69461ffbdc151e4e,mobilitybench:7ab919acb68c0755fc,1,mobilitybench
mobilitybench_q_f2773a3147cbc55cc8,mobilitybench:9ad333f9d2fc6ee4ae,1,mobilitybench
mobilitybench_q_34536445afb941abfb,mobilitybench:672ff26a54e0da0bdc,1,mobilitybench
mobilitybench_q_c557dc4d7ab49711ae,mobilitybench:b00a8b8fcd7f819721,1,mobilitybench
mobilitybench_q_83948589233eeae564,mobilitybench:ecb71eb93c70785088,1,mobilitybench
mobilitybench_q_9653380e18aada57e6,mobilitybench:17660d9d86b6dd1348,1,mobilitybench
mobilitybench_q_4e8841b9425749d3cc,mobilitybench:e06c6ff79d31659e8b,1,mobilitybench
mobilitybench_q_1de19f5486b5396f6e,mobilitybench:d786330a4307dee255,1,mobilitybench
mobilitybench_q_eb4a72a832ce6458e1,mobilitybench:f15dd5270f4e125e04,1,mobilitybench
mobilitybench_q_e4689c9d4b6b24d4b6,mobilitybench:1497d09b534e6a780e,1,mobilitybench
mobilitybench_q_697202188066e5b2f5,mobilitybench:d9ded13c149f517425,1,mobilitybench
mobilitybench_q_3423dd2f4bc469c34f,mobilitybench:c612c3992740f9d527,1,mobilitybench
mobilitybench_q_20375463c6972ad933,mobilitybench:58fd46327b3502873c,1,mobilitybench
mobilitybench_q_61ddd2d332b9ac56c6,mobilitybench:1fe7e4311e867ad22b,1,mobilitybench
mobilitybench_q_4e63fbeacbf6709ad0,mobilitybench:bbcb7cfb546d4002d5,1,mobilitybench
mobilitybench_q_de9b51106892c1ec98,mobilitybench:4db16c62b2ea9c5432,1,mobilitybench
mobilitybench_q_19bd84556874bafbc5,mobilitybench:e74d91476ccf0010b4,1,mobilitybench
mobilitybench_q_8192d9a122b8cc246c,mobilitybench:9e12ea2f3069e14f77,1,mobilitybench
mobilitybench_q_fcb6908e52b4c06244,mobilitybench:61dfc59fad6bbb9d8d,1,mobilitybench
mobilitybench_q_c3614f5ffab54b6366,mobilitybench:6a777ceba52a90232e,1,mobilitybench
mobilitybench_q_809371865813786586,mobilitybench:d706495ac3215d9885,1,mobilitybench
mobilitybench_q_545f4a3087aa977ac6,mobilitybench:758160aa4477636b58,1,mobilitybench
mobilitybench_q_5b8208823b14517b3e,mobilitybench:448a24c348f0f3379a,1,mobilitybench
mobilitybench_q_4bc41ff4f6b509ff91,mobilitybench:2b7b0df26279bfcd90,1,mobilitybench
mobilitybench_q_cd02414db1fadad3b5,mobilitybench:47d31fdcf5c920938c,1,mobilitybench
mobilitybench_q_29ec33057ae6771b3f,mobilitybench:99bddd7e893d8fb33b,1,mobilitybench
mobilitybench_q_d8668c56f4795d5db1,mobilitybench:5ef45c62909da99599,1,mobilitybench
mobilitybench_q_9a3be7516f5752f6d4,mobilitybench:e871d152753f3d8969,1,mobilitybench
mobilitybench_q_02d1dd9ba2e44f7e40,mobilitybench:df40611bda3418088d,1,mobilitybench
mobilitybench_q_64190a337970f6cc1a,mobilitybench:0a0bf4b3311a890c5c,1,mobilitybench
mobilitybench_q_421a6bd3ad6e91389e,mobilitybench:8365456f8f540d25ff,1,mobilitybench
mobilitybench_q_c2f328bc01e11805de,mobilitybench:0029768fa764b2668c,1,mobilitybench
mobilitybench_q_c36dc83f9429f8ea78,mobilitybench:05e99484aaa6041410,1,mobilitybench
mobilitybench_q_72689110636f4ff131,mobilitybench:44bf2a2296c84f3821,1,mobilitybench
mobilitybench_q_8a2d7fc955afc04529,mobilitybench:bb5567bfedd9129407,1,mobilitybench
mobilitybench_q_cb787f54ba490b11ad,mobilitybench:4282b84c4a711cd4ca,1,mobilitybench
mobilitybench_q_0283d985078bc00613,mobilitybench:5ea11c747067921825,1,mobilitybench
mobilitybench_q_699822a569acdfe16a,mobilitybench:1dbff6039b4f85b99e,1,mobilitybench
mobilitybench_q_0f1b7046b5044bc23e,mobilitybench:e3508924d3eb85efca,1,mobilitybench
mobilitybench_q_df122b7ee822fd40b8,mobilitybench:2ace54f8c5daa92306,1,mobilitybench
mobilitybench_q_7effb06dfeaf25ad97,mobilitybench:be6b7b3371b99ca677,1,mobilitybench
mobilitybench_q_8a76badb22e7efd598,mobilitybench:e9a4a8ee870b273ea7,1,mobilitybench
mobilitybench_q_b444a35eb96c42e1ad,mobilitybench:4ce0fc20fd6ae7ccfe,1,mobilitybench
mobilitybench_q_8a94ceb96e12d10f50,mobilitybench:871f9a1ebcf527c85c,1,mobilitybench
mobilitybench_q_cef627fcb1c500da35,mobilitybench:8454a33104370436d5,1,mobilitybench
mobilitybench_q_5ea9efd8dfc8aad64b,mobilitybench:3a0c3b7032a1ffebad,1,mobilitybench
mobilitybench_q_68b1beaf450fc00013,mobilitybench:3ee1685ec0320f7082,1,mobilitybench
mobilitybench_q_66cc4a317f9b6c0f3e,mobilitybench:5528c9044d553d2c08,1,mobilitybench
mobilitybench_q_13b44d02506e85bdfe,mobilitybench:2d14ae52dcc8c1a611,1,mobilitybench
mobilitybench_q_6c43b894cab9c6959c,mobilitybench:1c70acdb73ac473326,1,mobilitybench
mobilitybench_q_f1cf6240a82af0bf3c,mobilitybench:df48ec22ca3d82fff0,1,mobilitybench
mobilitybench_q_6c4f770e76f715692f,mobilitybench:89ffb10b7b30aaeed8,1,mobilitybench
mobilitybench_q_f984b98c7c1f1b5806,mobilitybench:1d0a9722d4d4503ef4,1,mobilitybench
mobilitybench_q_403153dc6bff95d988,mobilitybench:ff1f98996aa9e8d876,1,mobilitybench
mobilitybench_q_1aa57140ff204d511b,mobilitybench:e5d8948ce345dae2a6,1,mobilitybench
mobilitybench_q_b7d06b2a46b8af6575,mobilitybench:360d10d522aa8fc95f,1,mobilitybench
mobilitybench_q_61908237710db8f105,mobilitybench:057c621684cfc7efdd,1,mobilitybench
mobilitybench_q_b6ec79d6aa3427c61c,mobilitybench:ffd5d9f87dece3f217,1,mobilitybench
mobilitybench_q_afc9c02f3ad7c2700f,mobilitybench:e7cb12caf817a35164,1,mobilitybench
mobilitybench_q_73b5c805e768a23074,mobilitybench:b2be87f0532ee59055,1,mobilitybench
mobilitybench_q_1da4984861e1521aca,mobilitybench:8ee4ec158f0a5ed93d,1,mobilitybench
mobilitybench_q_d5261f89c55ccb0046,mobilitybench:1363dc06907ae36c10,1,mobilitybench
mobilitybench_q_c80b45c0a051e176f4,mobilitybench:b217d93dd9f0e31ae8,1,mobilitybench
mobilitybench_q_f93ba18e288ee584ad,mobilitybench:3a6be3ab59782189ad,1,mobilitybench
mobilitybench_q_eaba61056c628d11fa,mobilitybench:3fb375a25ebf7e658a,1,mobilitybench
mobilitybench_q_f9a1b55a6e46f2f58a,mobilitybench:e515481b2696762d2a,1,mobilitybench
mobilitybench_q_83da90b3403221c6f9,mobilitybench:13e249b46754b7a08d,1,mobilitybench
mobilitybench_q_2b6bfa0e8234e5875f,mobilitybench:ebe8af4d4f7a78a8a6,1,mobilitybench
mobilitybench_q_09c55f6536dc0a6ef6,mobilitybench:577537771add8c5a42,1,mobilitybench
mobilitybench_q_8f50ce5aa13baf176c,mobilitybench:6ca71fe586feb21d37,1,mobilitybench
mobilitybench_q_26d36df78dfee8bb1d,mobilitybench:5921acce1ad97e9d25,1,mobilitybench
mobilitybench_q_c54d7e0e232d9bd56a,mobilitybench:500fa1ffb2c14ed287,1,mobilitybench
mobilitybench_q_4cb5c2d82c9a581dc4,mobilitybench:fdcedd49f721d728f8,1,mobilitybench
mobilitybench_q_0bf67795f7ff2cdc3c,mobilitybench:70a1bb590a8eb2fc73,1,mobilitybench
mobilitybench_q_c28bae971a14968850,mobilitybench:4d168089961115675c,1,mobilitybench
mobilitybench_q_d53d3eca0506727f55,mobilitybench:77b8f655f6e2c25e4f,1,mobilitybench
mobilitybench_q_ea2778bcdfe8f16951,mobilitybench:8734c3a3a2ac89918e,1,mobilitybench
mobilitybench_q_fe39a34a7f2b9863fd,mobilitybench:3256d7fa8f516471ea,1,mobilitybench
mobilitybench_q_9b8fda633b424578aa,mobilitybench:82b5aaf35d9920c73e,1,mobilitybench
mobilitybench_q_cbe459bcc33c8c6b6b,mobilitybench:72c16cfd6f2f705338,1,mobilitybench
mobilitybench_q_cdf4813205d24b54bd,mobilitybench:d3430048205d0d2eeb,1,mobilitybench
mobilitybench_q_63665fdd6a77606d5b,mobilitybench:47b94b6e6a2f2cbbcb,1,mobilitybench
mobilitybench_q_54e900c17417c3b7ec,mobilitybench:d0c12884202018fbfa,1,mobilitybench
mobilitybench_q_0fc680a3d45e61dc4e,mobilitybench:6a32544f11ce4e7539,1,mobilitybench
mobilitybench_q_6ea59490f4344a9ba9,mobilitybench:6d805578b882d6faef,1,mobilitybench
mobilitybench_q_06026d2a4c00ba817b,mobilitybench:ab9a5e44bda822b00d,1,mobilitybench
mobilitybench_q_407d6e43b71b4be2c0,mobilitybench:fe529d539ba51920f3,1,mobilitybench
mobilitybench_q_e480b6878ea0a77ac8,mobilitybench:d3ab3f74b875330417,1,mobilitybench
mobilitybench_q_a09f9d94347550bd02,mobilitybench:d39cdae859dc3ea4d5,1,mobilitybench
mobilitybench_q_eaf000f879d628d9f4,mobilitybench:47ffd868deecbd221c,1,mobilitybench
mobilitybench_q_b70c989db7e17157cd,mobilitybench:169cccbbd7793dedc3,1,mobilitybench
mobilitybench_q_a6931d63b0c5fb2e90,mobilitybench:c2095428b61e0afc57,1,mobilitybench
mobilitybench_q_f9472f1f39cc89f5d5,mobilitybench:1f3011ca7f50addc91,1,mobilitybench
mobilitybench_q_eed5a4c31d44899017,mobilitybench:286419a30c4d6d912b,1,mobilitybench
mobilitybench_q_53f17774ca83c22944,mobilitybench:5e88a3e40c70a18f36,1,mobilitybench
mobilitybench_q_67c39afe18886ee3fa,mobilitybench:2d773fa6f30d5153fa,1,mobilitybench
mobilitybench_q_8f1319e51527a31441,mobilitybench:4086c1d7870cef0a5d,1,mobilitybench
mobilitybench_q_4b4f22e726de40fbc2,mobilitybench:c27991159c6a967eaf,1,mobilitybench
mobilitybench_q_f71802041916d0e9f6,mobilitybench:22fe6a8cbaa7fd858d,1,mobilitybench
mobilitybench_q_4409f0d12172988976,mobilitybench:b029b72256e87af3d3,1,mobilitybench
mobilitybench_q_cfd03a1cae5b72a792,mobilitybench:b00c2501f79ed9c595,1,mobilitybench
mobilitybench_q_bac8dee8b72775d5b4,mobilitybench:de8cb62bd4cb018d85,1,mobilitybench
mobilitybench_q_88133bf92364f36604,mobilitybench:4f2f21ea8f4d8d7729,1,mobilitybench
mobilitybench_q_dbc67e155ac19b0999,mobilitybench:d556b3c66c2bbde5d2,1,mobilitybench
mobilitybench_q_94f99fbfbd640eb17f,mobilitybench:a06639e4b4a852126c,1,mobilitybench
mobilitybench_q_ee3580405a638a0c6a,mobilitybench:c5bc25fd42db40f9f1,1,mobilitybench
mobilitybench_q_6184319a70feae8f00,mobilitybench:04c62c11827015adc9,1,mobilitybench
mobilitybench_q_99b064e66bc533dfa7,mobilitybench:6621b4a801506a394d,1,mobilitybench
mobilitybench_q_6bb68f6885dbc800e2,mobilitybench:8c09b43937f4e09d19,1,mobilitybench
mobilitybench_q_bec01dcc62c6032361,mobilitybench:9c6ba39144642d578d,1,mobilitybench
mobilitybench_q_e9d5985235f97a94bb,mobilitybench:5ccbda1eede686ddf8,1,mobilitybench
mobilitybench_q_ae649cc306dbc8a1e3,mobilitybench:9e8a88fa79462d6430,1,mobilitybench
mobilitybench_q_cac6135205c2cde6c0,mobilitybench:caba6bb867ebe00879,1,mobilitybench
mobilitybench_q_9f6c2511310871b064,mobilitybench:6af018adaa9e0bc791,1,mobilitybench
mobilitybench_q_d6963c318c75b914c1,mobilitybench:7cd796599236b856f8,1,mobilitybench
mobilitybench_q_d5341c18c80b1e75d6,mobilitybench:1f36525031d2e241d3,1,mobilitybench
mobilitybench_q_771493cb51b47aa999,mobilitybench:022b506874d6639e25,1,mobilitybench
mobilitybench_q_444931dfed6eeeac22,mobilitybench:82b3495915d0a01fa1,1,mobilitybench
mobilitybench_q_70e40cb0545e432652,mobilitybench:73c7e42cb1b10e3f49,1,mobilitybench
mobilitybench_q_2487d096d84aedf3d1,mobilitybench:90471406f8e46e74dc,1,mobilitybench
mobilitybench_q_cc7a38976372eff90d,mobilitybench:6e9d03f6829992c770,1,mobilitybench
mobilitybench_q_baee7330c5127c7105,mobilitybench:a63c467e14b1f36e3f,1,mobilitybench
mobilitybench_q_294d5f46df20223498,mobilitybench:40a83a83bdbe3b60f0,1,mobilitybench
mobilitybench_q_8a5ea397c96736f5f1,mobilitybench:602b87e8629aa5a456,1,mobilitybench
mobilitybench_q_f662d8312ce84b8755,mobilitybench:774924fc31afaf26c1,1,mobilitybench
mobilitybench_q_5071c2399398916e23,mobilitybench:fecf2a545a81b09947,1,mobilitybench
mobilitybench_q_0eb506e948925327a2,mobilitybench:805170000a38305a84,1,mobilitybench
mobilitybench_q_240dad4914508759e1,mobilitybench:36ee879aae56dc78db,1,mobilitybench
mobilitybench_q_6bb41d1ca7ac597fd7,mobilitybench:f5591d4868cc06a075,1,mobilitybench
mobilitybench_q_42238fd8f17455d4be,mobilitybench:1760ff1d65e8d9a77e,1,mobilitybench
mobilitybench_q_1d26f8561729f92c43,mobilitybench:76bb2398dd7e193bb6,1,mobilitybench
mobilitybench_q_dc62e5b21e5c5eb713,mobilitybench:995dee3805c19df94c,1,mobilitybench
mobilitybench_q_b018e3e35eb07ee929,mobilitybench:cca71ec25317c0f90d,1,mobilitybench
mobilitybench_q_a334585c6b8c0b47e0,mobilitybench:4189b7f06bd71e6aa6,1,mobilitybench
mobilitybench_q_b895b3b68e9ca7f6dc,mobilitybench:600665b1bca56fad6c,1,mobilitybench
mobilitybench_q_d168e08538bc2bfdfb,mobilitybench:39a32262f516152451,1,mobilitybench
mobilitybench_q_45c08a9293854d3373,mobilitybench:0e4685f70d93e3802d,1,mobilitybench
mobilitybench_q_989070e625adc33520,mobilitybench:fb8ad3e8581efb1b2a,1,mobilitybench
mobilitybench_q_65394093309cb6f3be,mobilitybench:8fc2d5acb46f357471,1,mobilitybench
mobilitybench_q_242f852807fa330423,mobilitybench:72bfa770e0d8e6d490,1,mobilitybench
mobilitybench_q_ae3afc5a5351f9fe70,mobilitybench:b6e1d05dc50095c104,1,mobilitybench
mobilitybench_q_e893fac0d176052ad7,mobilitybench:999da8da80a30e99a9,1,mobilitybench
mobilitybench_q_87d6651278b98b5580,mobilitybench:228fafa39eb5f3d4ab,1,mobilitybench
mobilitybench_q_ac58c50dc3fdbcfabd,mobilitybench:b119fa4d393c0fcbbc,1,mobilitybench
mobilitybench_q_ffe3555296f1f058ba,mobilitybench:2b32cc9f77eedd7ef8,1,mobilitybench
mobilitybench_q_978089e86580b8af3d,mobilitybench:db5db4b2e93ad16fb9,1,mobilitybench
mobilitybench_q_e4fee97009e60c43fa,mobilitybench:a20f99f6638d411799,1,mobilitybench
mobilitybench_q_8fb81d65d4de4a999a,mobilitybench:cf95e0b49e8d9bcbc3,1,mobilitybench
mobilitybench_q_39a8d0c6a5be0023f0,mobilitybench:0b2c5bd89f53bbb313,1,mobilitybench
mobilitybench_q_7635ad57a4afa508fb,mobilitybench:ca9e2a1fe4cef32c66,1,mobilitybench
mobilitybench_q_c9b841cc2c022fd712,mobilitybench:2d732313d043458f63,1,mobilitybench
mobilitybench_q_e0c93c49177e7a4575,mobilitybench:9ecaa2658715e3cf28,1,mobilitybench
mobilitybench_q_05e970b2027653725b,mobilitybench:0a364b46ebd379db02,1,mobilitybench
mobilitybench_q_08b96d8d1b4ec07b55,mobilitybench:da5a2db1a3c77245ed,1,mobilitybench
mobilitybench_q_a2366a7588fe614706,mobilitybench:390493b99413953ef3,1,mobilitybench
mobilitybench_q_64707d533b66b7f314,mobilitybench:5cc1fdee0085b28ff0,1,mobilitybench
mobilitybench_q_59c4143f2a9d3af3e2,mobilitybench:2a4e4eeb5bbd387105,1,mobilitybench
mobilitybench_q_69424063fea90cd09f,mobilitybench:b479d841d026fee020,1,mobilitybench
mobilitybench_q_d4f005033c33b59178,mobilitybench:bcf6a23ed961d14886,1,mobilitybench
mobilitybench_q_e02b4620d4b52b8144,mobilitybench:7ce4598fd2668de6ec,1,mobilitybench
mobilitybench_q_dab3f7fe6219a8b037,mobilitybench:2dadc8c64f4b36dc23,1,mobilitybench
mobilitybench_q_da197922770f8fe185,mobilitybench:8542030b1177cdfa6b,1,mobilitybench
mobilitybench_q_5b0335d44956d1af9f,mobilitybench:a41d8eeba14e74c441,1,mobilitybench
mobilitybench_q_ba6a0b4d1472fc6e4c,mobilitybench:7e93d8d62e7a05e1d4,1,mobilitybench
mobilitybench_q_8f5118d4329295c629,mobilitybench:e4d5733726b8eba90b,1,mobilitybench
mobilitybench_q_3a6f874fd0066cb300,mobilitybench:30713e2c5c75d8c4b6,1,mobilitybench
mobilitybench_q_07669fc908efd2b7a2,mobilitybench:9ffe017955ecccae03,1,mobilitybench
mobilitybench_q_ef3eaa92b53cf8ebfd,mobilitybench:1acebe2e29a0ea4c79,1,mobilitybench
mobilitybench_q_dcf7f6694d459001d1,mobilitybench:f2d352803fa89374dc,1,mobilitybench
mobilitybench_q_2eef0e102538f2f175,mobilitybench:fe00fe56028e572329,1,mobilitybench
mobilitybench_q_9af5004f53a5f3f791,mobilitybench:58efc304453aea9df9,1,mobilitybench
mobilitybench_q_96e9e71eba9858468d,mobilitybench:61c340574d583f498d,1,mobilitybench
mobilitybench_q_2c20a92592d5d08123,mobilitybench:cd5d13109c62fdea41,1,mobilitybench
mobilitybench_q_be0cb2fb9d0958ecdc,mobilitybench:48cb42aa0c3b890a3c,1,mobilitybench
mobilitybench_q_510ab600e485d8d65e,mobilitybench:a45407197d14995500,1,mobilitybench
mobilitybench_q_0edf0f90b8af7ad252,mobilitybench:306f6ee93ff49cbcba,1,mobilitybench
mobilitybench_q_464cfff418bfddc6ca,mobilitybench:56979bf915780b9bfc,1,mobilitybench
mobilitybench_q_b19b74f40cd88cdeaf,mobilitybench:c28babfb4769a77d41,1,mobilitybench
mobilitybench_q_11a689e7c43cc4e102,mobilitybench:e4f410b3a1c7cf2eb0,1,mobilitybench
mobilitybench_q_21acaa8f74a7025b66,mobilitybench:7efdd5fc61d6281983,1,mobilitybench
mobilitybench_q_1de4bc38465cd9280f,mobilitybench:5667f844b55a2887b4,1,mobilitybench
mobilitybench_q_677ed181603f1df4c6,mobilitybench:b999a6203cf7478ab3,1,mobilitybench
mobilitybench_q_f46e0b3e0fa972a324,mobilitybench:dd43bc12bf48dbbd6a,1,mobilitybench
mobilitybench_q_525517e4bbbe670e41,mobilitybench:427176289ad7596f9c,1,mobilitybench
mobilitybench_q_6f1a3391eb7ce66e1f,mobilitybench:dfacd3cc9734e63b22,1,mobilitybench
mobilitybench_q_5056be494bd9b5976b,mobilitybench:7d781575e1352abe87,1,mobilitybench
mobilitybench_q_d8e1df1dc37ac83d51,mobilitybench:1a3e83c2bb59916634,1,mobilitybench
mobilitybench_q_98c9def43dd04fb887,mobilitybench:28a45a824435fd0371,1,mobilitybench
mobilitybench_q_fb45b7437b59292fcf,mobilitybench:8f7550ccef4008f201,1,mobilitybench
mobilitybench_q_f074d7f758702c716d,mobilitybench:32071846e406ee4f6e,1,mobilitybench
mobilitybench_q_981e76d0b9589262d1,mobilitybench:76de51db33a85efd21,1,mobilitybench
mobilitybench_q_f336673fd377673be4,mobilitybench:85cbcec7555b73d1e0,1,mobilitybench
mobilitybench_q_0b2eb1e258306ab00e,mobilitybench:09f303cd1fa1bd3e4f,1,mobilitybench
mobilitybench_q_047fa5d98a3fee8541,mobilitybench:116523df1aec6a83b9,1,mobilitybench
mobilitybench_q_33deeea27ade45fcbf,mobilitybench:4e54c179e9f710833c,1,mobilitybench
mobilitybench_q_11fd110d6e21c47996,mobilitybench:2659f91fb2e9bad8da,1,mobilitybench
mobilitybench_q_7cda8ed98da1d1224d,mobilitybench:b4134002deb980b899,1,mobilitybench
mobilitybench_q_8f9bc6e73c1f6de892,mobilitybench:f96b69a6c2e22fa092,1,mobilitybench
mobilitybench_q_6990808bc2e8ea7a13,mobilitybench:164556ff64c363ced4,1,mobilitybench
mobilitybench_q_8833d8ddce27d8125a,mobilitybench:593df74016e3677544,1,mobilitybench
mobilitybench_q_64de03932bf85355ef,mobilitybench:6c10f26fb3912b4473,1,mobilitybench
mobilitybench_q_edb0cf2bbb4a77c79d,mobilitybench:afcfdf347009cf292f,1,mobilitybench
mobilitybench_q_cc104720251623b379,mobilitybench:76b316cc228aa44d61,1,mobilitybench
mobilitybench_q_904d838b8589929059,mobilitybench:74df14f52f5c7642f3,1,mobilitybench
mobilitybench_q_d19220d152f6b35861,mobilitybench:82e3e886a3cf6c432a,1,mobilitybench
mobilitybench_q_5ea98c1228f0fc2dc4,mobilitybench:751c3c1570184f26c5,1,mobilitybench
mobilitybench_q_cbafce56a05873e271,mobilitybench:f20f8975b05fb20dee,1,mobilitybench
mobilitybench_q_24fc10d3ff6cf5c37e,mobilitybench:9d088df2a434af5775,1,mobilitybench
mobilitybench_q_8143ecf38abcf2f214,mobilitybench:9065d08c62aba1c331,1,mobilitybench
mobilitybench_q_58542db0f2fa65f986,mobilitybench:9171de27281b0851b0,1,mobilitybench
mobilitybench_q_6fb8d54f8816c54c64,mobilitybench:803a54fc001b4e5787,1,mobilitybench
mobilitybench_q_174e5dd5c4ff25559e,mobilitybench:3dcb059acf8804bf8c,1,mobilitybench
mobilitybench_q_5d8d4db469781033db,mobilitybench:e7e1e698f64762b0fc,1,mobilitybench
mobilitybench_q_a9a971c65f294d55b8,mobilitybench:c75bd419d67cbf19d1,1,mobilitybench
mobilitybench_q_676466f728055f2f3f,mobilitybench:cf6d52b3c16cb97c50,1,mobilitybench
mobilitybench_q_c380023ac15f55d485,mobilitybench:faaa44e1eca8e7703a,1,mobilitybench
mobilitybench_q_12be51cca6ce57b7be,mobilitybench:28ff8f9a16f892dd00,1,mobilitybench
mobilitybench_q_5413db53598d150edb,mobilitybench:6c59235234f70dbee4,1,mobilitybench
mobilitybench_q_1e2048fe35bf16af75,mobilitybench:8c0de347efcef74705,1,mobilitybench
mobilitybench_q_b158ccb72b89c61eeb,mobilitybench:a5271ca7b5cfa8b10d,1,mobilitybench
mobilitybench_q_19212e24ef4d1cf92c,mobilitybench:21f9409d9c5f4f9059,1,mobilitybench
mobilitybench_q_27f5a4f0396cad51c9,mobilitybench:c217056953e7dfc527,1,mobilitybench
mobilitybench_q_71da176e3177a71c9c,mobilitybench:257afb61cce470e26e,1,mobilitybench
mobilitybench_q_ea3cb6251193392611,mobilitybench:08ebb07a5838aea86b,1,mobilitybench
mobilitybench_q_d15192e4d2748f667d,mobilitybench:81fc842f7f72ff0607,1,mobilitybench
mobilitybench_q_33fc4464ff2e312911,mobilitybench:e7bc51f1cdb1358a2e,1,mobilitybench
mobilitybench_q_8d81222f0b95747343,mobilitybench:da0192267bbd83f557,1,mobilitybench
mobilitybench_q_55cf5c429daf155012,mobilitybench:2c74aa3a90c980d481,1,mobilitybench
mobilitybench_q_849866f1c54ae54a70,mobilitybench:605c205c4061cb915c,1,mobilitybench
mobilitybench_q_1e50f19c25e7d58fc0,mobilitybench:4405ad9cc28728697b,1,mobilitybench
mobilitybench_q_f2d9e9db6a4d7d2a60,mobilitybench:d734d832c937cb2df7,1,mobilitybench
mobilitybench_q_10f6de26e1a804267b,mobilitybench:db6591a950eb6edc2c,1,mobilitybench
mobilitybench_q_ce73c8bea2bafa0e05,mobilitybench:511c70d4dc2b359927,1,mobilitybench
mobilitybench_q_887441282fd0a704d4,mobilitybench:c5dfd823da14954f5f,1,mobilitybench
mobilitybench_q_02b0c8ef805f22e01e,mobilitybench:148f9b4a89aa05f2db,1,mobilitybench
mobilitybench_q_2d75a0f5168adf097e,mobilitybench:11d8fc52798ce2558a,1,mobilitybench
mobilitybench_q_c2f461acde9dd0ac83,mobilitybench:b3c646da12064a1a82,1,mobilitybench
mobilitybench_q_24ebc4f13537b5958d,mobilitybench:fce457a4cf1e9038a4,1,mobilitybench
mobilitybench_q_ad9928eeba8f201d35,mobilitybench:0264de7d8847278dfd,1,mobilitybench
mobilitybench_q_d59be81a444ea9039f,mobilitybench:61853afb513ea12f66,1,mobilitybench
mobilitybench_q_d2ceb20db580b27c5f,mobilitybench:1a03b3f08df71729ca,1,mobilitybench
mobilitybench_q_0629bcfde4102606f2,mobilitybench:3f723d38324fc0316d,1,mobilitybench
mobilitybench_q_eaaf70eab25f59fe3f,mobilitybench:f1746d4d25506026c2,1,mobilitybench
mobilitybench_q_71ecc679d91ff6d29e,mobilitybench:b6fe91c4e9e8f69606,1,mobilitybench
mobilitybench_q_285a4dd5604bad392f,mobilitybench:d40c40d3e7c713d116,1,mobilitybench
mobilitybench_q_69011f148ea633045a,mobilitybench:15d6fe7d389608ba8f,1,mobilitybench
mobilitybench_q_3a9758d6a1a9aa8481,mobilitybench:dce1a1e4b5b3957322,1,mobilitybench
mobilitybench_q_07af28599506caa531,mobilitybench:32a74b4f99f7048f8c,1,mobilitybench
mobilitybench_q_b010fecfcad257daac,mobilitybench:6b71923c8c05d50c21,1,mobilitybench
mobilitybench_q_53f646fc39c91fc3e9,mobilitybench:4a896f6d7ad83d2b3b,1,mobilitybench
mobilitybench_q_41c244b459187220b8,mobilitybench:d2c802f77f19cdba8c,1,mobilitybench
mobilitybench_q_1ceb42514373bb57af,mobilitybench:e8192829909c1a7ce1,1,mobilitybench
mobilitybench_q_7983df32d92629fa35,mobilitybench:027ccfbecb6d954251,1,mobilitybench
mobilitybench_q_9d3aee6b071ec6af0d,mobilitybench:cad986d3f2982398ec,1,mobilitybench
mobilitybench_q_b7ea99629a7ecbe618,mobilitybench:00d1bea4a26bfb24df,1,mobilitybench
mobilitybench_q_a58a61551fed2557c0,mobilitybench:5e9c889d9b5df5503a,1,mobilitybench
mobilitybench_q_ca3b1b1626f2f0a890,mobilitybench:edc4f45d8c0a969c7a,1,mobilitybench
mobilitybench_q_a95ccd89546dd1b62b,mobilitybench:3c8b11d65a3173c117,1,mobilitybench
mobilitybench_q_e563ebbac9799c66b9,mobilitybench:5c31f068f83375c4c1,1,mobilitybench
mobilitybench_q_244cb10270422fe0d1,mobilitybench:df8447c7e3f86c1724,1,mobilitybench
mobilitybench_q_40e522153a104f5068,mobilitybench:85eb75a2cd672b4a40,1,mobilitybench
mobilitybench_q_ff0b43e811620cdf3c,mobilitybench:aabc98852cc2b2fa3e,1,mobilitybench
mobilitybench_q_3847f2addbfa324cae,mobilitybench:859d5c1b38b8dccd4a,1,mobilitybench
mobilitybench_q_849d9ae702bd8c8333,mobilitybench:5f7350c0cd77034e00,1,mobilitybench
mobilitybench_q_9c252778bbef8f2b30,mobilitybench:6dd3052d687ec1d972,1,mobilitybench
mobilitybench_q_38f2bd4e7610a9266b,mobilitybench:f125f2277a5baafcb0,1,mobilitybench
mobilitybench_q_f45282aacdd52bd98d,mobilitybench:00dcc684f591fcb784,1,mobilitybench
mobilitybench_q_00e116960d8c244a40,mobilitybench:b07e7f8fac2b2fb8fc,1,mobilitybench
mobilitybench_q_2fddfbb282a83666f6,mobilitybench:e5cfcabed8f5f2068c,1,mobilitybench
mobilitybench_q_999588d3d9d7b74ea2,mobilitybench:487c8e6d2757fd887a,1,mobilitybench
mobilitybench_q_a3e96927b129c100ed,mobilitybench:1e76048db5633b1f0d,1,mobilitybench
mobilitybench_q_cd112585f8583258bd,mobilitybench:0c133e2e6e516d2c4c,1,mobilitybench
mobilitybench_q_967054d0aab9f4a5d0,mobilitybench:76dd9df760533f8e3e,1,mobilitybench
mobilitybench_q_77d5c2377c839cbe98,mobilitybench:8f587d1921198a9229,1,mobilitybench
mobilitybench_q_d00031db630aa8213c,mobilitybench:4254d14117229b0888,1,mobilitybench
mobilitybench_q_8318ce08bd7bb5274d,mobilitybench:978e0fe85484dbd42d,1,mobilitybench
mobilitybench_q_1ea71b8e8c1588f721,mobilitybench:25f0447a6a795112ad,1,mobilitybench
mobilitybench_q_8fd634a832f437b52c,mobilitybench:5258fa905721ce76ad,1,mobilitybench
mobilitybench_q_2ae2ea85313d047c5f,mobilitybench:149d593caa22d828df,1,mobilitybench
mobilitybench_q_a2d66bb1c5d884ca91,mobilitybench:051b5a5000824a2fca,1,mobilitybench
mobilitybench_q_84fe26f4d12352b60e,mobilitybench:b1acd5bc0bc3bdddaa,1,mobilitybench
mobilitybench_q_ab5f8555369bfd0e5f,mobilitybench:5173c5fe795e0dc535,1,mobilitybench
mobilitybench_q_71bb97ab40e7cd7102,mobilitybench:cbb83d25dc366a5d78,1,mobilitybench
mobilitybench_q_9df014a5f45ec80a39,mobilitybench:44a6e0be0678a466ea,1,mobilitybench
mobilitybench_q_29c7c978c634fe42a5,mobilitybench:a5e093ad21d4e64956,1,mobilitybench
mobilitybench_q_647974cc474af57c45,mobilitybench:cfead6df7286f37203,1,mobilitybench
mobilitybench_q_9f64449d08c2e4759a,mobilitybench:be86ca6b7334d5e3d5,1,mobilitybench
mobilitybench_q_e35e4b1759b1c9f3c7,mobilitybench:8b5da3e4e0101edfd5,1,mobilitybench
mobilitybench_q_6b556fc6a512625b18,mobilitybench:b1d077d109d1d36b57,1,mobilitybench
mobilitybench_q_0b120677fde7ddd91e,mobilitybench:e8e9e44163ae2f7a6b,1,mobilitybench
mobilitybench_q_b85aaa32c58d0fdcf2,mobilitybench:7619fb7c0bd5e3db58,1,mobilitybench
mobilitybench_q_51405e3571c155941a,mobilitybench:79999f43cccc46dab0,1,mobilitybench
mobilitybench_q_79822cec971e2f5197,mobilitybench:baacf30f05f0dbdf16,1,mobilitybench
mobilitybench_q_4898adc2b18a8f977e,mobilitybench:c79bb154affa3f7e91,1,mobilitybench
mobilitybench_q_eaf5ad599d24903ec0,mobilitybench:6d8cc0c0e587ed3682,1,mobilitybench
mobilitybench_q_0a65f4e369b87b1a45,mobilitybench:d839682b520fea728e,1,mobilitybench
mobilitybench_q_b39cabd51bd3122072,mobilitybench:6e7bc9a5d18e8733e0,1,mobilitybench
mobilitybench_q_976e07f6f419db65ee,mobilitybench:d889e55b8f9cd47fc0,1,mobilitybench
mobilitybench_q_aefe6d191284f62e25,mobilitybench:e4d1598d260657e82d,1,mobilitybench
mobilitybench_q_8070efec733c3ac6bf,mobilitybench:3076c08633b5dde4ba,1,mobilitybench
mobilitybench_q_2f8814c4b14867d5d5,mobilitybench:42c0dab0197b9ed629,1,mobilitybench
mobilitybench_q_0ed75dc855ffac7da1,mobilitybench:47b1623539abc7eff4,1,mobilitybench
mobilitybench_q_fe41c479abe068cb22,mobilitybench:0498e16f96adc96242,1,mobilitybench
mobilitybench_q_1ad09d4127ff1903ea,mobilitybench:c28fc2ea104e01e935,1,mobilitybench
mobilitybench_q_76883607822118a697,mobilitybench:ee344813ec28fef4ab,1,mobilitybench
mobilitybench_q_35fb7eb42113a0cf45,mobilitybench:33393162455a268b5a,1,mobilitybench
mobilitybench_q_a959d10cb39e313f1b,mobilitybench:b7e342d56446f159c5,1,mobilitybench
mobilitybench_q_8f4074d3daf6d74cab,mobilitybench:f3ebb39bee2586b424,1,mobilitybench
mobilitybench_q_57ce748369399f2b35,mobilitybench:e23b92b668fd842bb7,1,mobilitybench
mobilitybench_q_ce26e9ebd4fbb33975,mobilitybench:c46b12fcadfddc51b5,1,mobilitybench
mobilitybench_q_61a8348917efba59f6,mobilitybench:014739340fe466c6b9,1,mobilitybench
mobilitybench_q_d723ba47c1c21b6200,mobilitybench:0ce9938680b19f0d75,1,mobilitybench
mobilitybench_q_3bd1fabf27e5ebc485,mobilitybench:9b5d63e3be62905d0c,1,mobilitybench
mobilitybench_q_0168da25a034ca1695,mobilitybench:d8a5adbd50b00ba3b9,1,mobilitybench
mobilitybench_q_235a632dcf258d8d9b,mobilitybench:a7302abf86d03adf1e,1,mobilitybench
mobilitybench_q_d314db998f86596734,mobilitybench:60813ccc2fd4a1fb3a,1,mobilitybench
mobilitybench_q_1361741e04bf8acfbe,mobilitybench:0f34ef6ade0a50f881,1,mobilitybench
mobilitybench_q_7dfa24e9a37a87068d,mobilitybench:dbab285538d8ab1677,1,mobilitybench
mobilitybench_q_53444eed82e64a7b92,mobilitybench:38abcaf0961e9165b3,1,mobilitybench
mobilitybench_q_640e5e6772ef6f9fe7,mobilitybench:2c7f5dd9cc2dab26a4,1,mobilitybench
mobilitybench_q_e65d3a55744caee750,mobilitybench:d9b3d6880e43bfba42,1,mobilitybench
mobilitybench_q_a433c5ade8a27de50a,mobilitybench:9269fe8bb48aecb143,1,mobilitybench
mobilitybench_q_15543ecc6ae9925be6,mobilitybench:cbfd807ae6f0e7bd62,1,mobilitybench
mobilitybench_q_3e81d3eaac93b8edb2,mobilitybench:d79111fef4592cc663,1,mobilitybench
mobilitybench_q_f0f12d76f568d021b8,mobilitybench:cf000f3b11c6eecd4c,1,mobilitybench
mobilitybench_q_e5c43c323a3fc997c7,mobilitybench:01b3169446deaf03c5,1,mobilitybench
mobilitybench_q_262d7f9a3d14f4e644,mobilitybench:dc7ae69fda298e28c4,1,mobilitybench
mobilitybench_q_0d1c20be8bd6fee44f,mobilitybench:aeb7fd40e1e92bb55a,1,mobilitybench
mobilitybench_q_025e6e280d7dc78e4b,mobilitybench:db5b5e8b55ac69dc46,1,mobilitybench
mobilitybench_q_c35b6ab0e39104607f,mobilitybench:f28d8b9f701d466aac,1,mobilitybench
mobilitybench_q_c0fe7826989e2bf11f,mobilitybench:f90629c30a6ae002ca,1,mobilitybench
mobilitybench_q_67bcc9b3f027931b0d,mobilitybench:4ad715c6c31516ee88,1,mobilitybench
mobilitybench_q_5bf673667cb66d4872,mobilitybench:01c010f3a62848bbfb,1,mobilitybench
mobilitybench_q_115ed47168ba9754e5,mobilitybench:83a2a467e3c90d103b,1,mobilitybench
mobilitybench_q_e598f79450d587241a,mobilitybench:d3521c864ff8f0e842,1,mobilitybench
mobilitybench_q_f4594aab0b07c8682b,mobilitybench:997c1893afe6911139,1,mobilitybench
mobilitybench_q_fea38f543802710b39,mobilitybench:67c99465655137a0c5,1,mobilitybench
mobilitybench_q_ecc2aa3a476de5ec4e,mobilitybench:ad2c7a8aa6750db953,1,mobilitybench
mobilitybench_q_a3f3eae8a9f8e97fac,mobilitybench:63264a273af2a5ee00,1,mobilitybench
mobilitybench_q_cde55d5519a61b85bd,mobilitybench:0ed4f0cbf69f9b3e4d,1,mobilitybench
mobilitybench_q_a90edf11b033d26c75,mobilitybench:e11661bc205f26af01,1,mobilitybench
mobilitybench_q_ac12217ef41d17a41b,mobilitybench:7753a1d2bb64169f0e,1,mobilitybench
mobilitybench_q_54d36151f6d38b6283,mobilitybench:f3dac905586444ef72,1,mobilitybench
mobilitybench_q_c529f1ea1a7fd4ae1d,mobilitybench:d0ba2e0f56a5f7f55e,1,mobilitybench
mobilitybench_q_30516cead8731b2ce3,mobilitybench:3be750841df7329387,1,mobilitybench
mobilitybench_q_c767f0d130b35891f1,mobilitybench:7836d6987afa53472f,1,mobilitybench
mobilitybench_q_017d796fb5fa6116f1,mobilitybench:de19721d9e1a934868,1,mobilitybench
mobilitybench_q_678aef78e5df4401e8,mobilitybench:d67ec926804d0b14fa,1,mobilitybench
mobilitybench_q_5e0dae8f0636638d25,mobilitybench:54a0f2cb6c5fafa211,1,mobilitybench
mobilitybench_q_b48acbf2ac8fcd32d3,mobilitybench:95b7bb6f3b0e2ab3b1,1,mobilitybench
mobilitybench_q_c7adf216007b482b0a,mobilitybench:e8657db912f7e7b6bf,1,mobilitybench
mobilitybench_q_a044fbaeebe65c82d8,mobilitybench:cdc53cd5302f06c249,1,mobilitybench
mobilitybench_q_976436eccb7dcfb2b7,mobilitybench:035e3231f24ea10702,1,mobilitybench
mobilitybench_q_df0e5ffbf45503c0b8,mobilitybench:45ffdf41125e97a9f2,1,mobilitybench
mobilitybench_q_28ef4f5a592f5352be,mobilitybench:82ecf6b7ab626bbf44,1,mobilitybench
mobilitybench_q_d61badffb911eeff1e,mobilitybench:47c9a288552248df07,1,mobilitybench
mobilitybench_q_af7c6d56ba5783d850,mobilitybench:9233936618a679304a,1,mobilitybench
mobilitybench_q_1c077d5fc2877ec284,mobilitybench:679119da7acac4b7c0,1,mobilitybench
mobilitybench_q_3469d5f9f8526889e3,mobilitybench:b45cc22755cb9da799,1,mobilitybench
mobilitybench_q_3539b4f0a58504c7c6,mobilitybench:c64a5319e9b76a0a7c,1,mobilitybench
mobilitybench_q_d08a2a0464fff0846b,mobilitybench:e36fdd17f064ccbab9,1,mobilitybench
mobilitybench_q_045e0d550b6d0b326e,mobilitybench:7c74d684321c8355c6,1,mobilitybench
mobilitybench_q_90e670c1b6b8960d07,mobilitybench:b7a53e230ab02e70c9,1,mobilitybench
mobilitybench_q_8e61ac4257d256a238,mobilitybench:66efce6e1ce94d4d34,1,mobilitybench
mobilitybench_q_2323d5db0ccaa31643,mobilitybench:eeb0845cad00f2936e,1,mobilitybench
mobilitybench_q_c8297b03063230a3a1,mobilitybench:24b5573bd4b7ecc798,1,mobilitybench
mobilitybench_q_74b90b2c5aa1258a9e,mobilitybench:3d45d24c95cfe20df0,1,mobilitybench
mobilitybench_q_7a289efb7628546d5b,mobilitybench:a2e57bb84dddaab79c,1,mobilitybench
mobilitybench_q_782a774b322420cda4,mobilitybench:a9bff332df46d05708,1,mobilitybench
mobilitybench_q_5d0172ceb7fcb7ffe2,mobilitybench:6423780e6f82b1982a,1,mobilitybench
mobilitybench_q_8b51ebbc0edf26e430,mobilitybench:384181e3d0897012f4,1,mobilitybench
mobilitybench_q_37a3e0142b01f2ac46,mobilitybench:4935b9476b2ebd8351,1,mobilitybench
mobilitybench_q_65fcc9c749851d6b0d,mobilitybench:055163e8d7016c962a,1,mobilitybench
mobilitybench_q_8b67572d9ee72efc59,mobilitybench:1d8639106b9f6759dd,1,mobilitybench
mobilitybench_q_f2d3dd39d760eb33a1,mobilitybench:ee343ba6b18bbbbf85,1,mobilitybench
mobilitybench_q_1b95dddf1dd694a075,mobilitybench:1f6e7e1e4cd12e3520,1,mobilitybench
mobilitybench_q_e5b9b50b0459330a2e,mobilitybench:9bfa7d2b27cd0957b6,1,mobilitybench
mobilitybench_q_f1979283e9dea343a2,mobilitybench:27a454d5a364ef0232,1,mobilitybench
mobilitybench_q_713f9d7e8975f444d4,mobilitybench:89394833afb6c33dfe,1,mobilitybench
mobilitybench_q_fafbdddfcacf6c5993,mobilitybench:940adc1dad3915e5e0,1,mobilitybench
mobilitybench_q_58df4f502acd1a034d,mobilitybench:2dc518e321bbaccb34,1,mobilitybench
mobilitybench_q_406cdc3f960c104dd7,mobilitybench:b247070e49d5947f55,1,mobilitybench
mobilitybench_q_bcd80d4d2ffac63ab4,mobilitybench:e57a93dfa551e7bac1,1,mobilitybench
mobilitybench_q_53e45fb0ae7a90c725,mobilitybench:19ddaf937a72f2307b,1,mobilitybench
mobilitybench_q_294272cdc865c9dc70,mobilitybench:34dbbc1d6a30f48c7b,1,mobilitybench
mobilitybench_q_7769f7accb5430a2cc,mobilitybench:35dbbcfbaf294140a9,1,mobilitybench
mobilitybench_q_00d06c48f9ccdb0ddd,mobilitybench:3667e8ca6e2dacd654,1,mobilitybench
mobilitybench_q_ecd9f1728a5565d3f4,mobilitybench:525eb773f3dec4c639,1,mobilitybench
mobilitybench_q_1c1be86a8d9538291d,mobilitybench:363ec0d7f51371b3ba,1,mobilitybench
mobilitybench_q_9c629e31b39a0e987b,mobilitybench:b26893ed9ce60a4b1d,1,mobilitybench
mobilitybench_q_feb1d41adf8e67f564,mobilitybench:579479a203a30333ed,1,mobilitybench
mobilitybench_q_8fe608f6b76ac9db09,mobilitybench:bfcdf9dc8eedf6a4b4,1,mobilitybench
mobilitybench_q_c3aab11f87c34dfb02,mobilitybench:9df0666e97de227f0d,1,mobilitybench
mobilitybench_q_20a3d67006bb7b9d07,mobilitybench:b8faca4887429029d1,1,mobilitybench
mobilitybench_q_65947bdd47b2c6daf5,mobilitybench:ab33335010195477b2,1,mobilitybench
mobilitybench_q_bb257b55fd0df036ea,mobilitybench:c746eeae3d37dec33e,1,mobilitybench
mobilitybench_q_f9af4ff2b3f3352b66,mobilitybench:b3c955cabdbcd106fe,1,mobilitybench
mobilitybench_q_1d127092934bdafe3d,mobilitybench:a3ed7d60dcb5793ff1,1,mobilitybench
mobilitybench_q_8dfc92203119db5dfd,mobilitybench:8dd2b3e51230697cd9,1,mobilitybench
mobilitybench_q_c2bcbf8e89a09bf85b,mobilitybench:11bb70997936efeaeb,1,mobilitybench
mobilitybench_q_2bc26921b989e4560e,mobilitybench:7e4a6f4eeabf0b01fa,1,mobilitybench
mobilitybench_q_1296b99adb5a5775bb,mobilitybench:6afadb332adc8d4e47,1,mobilitybench
mobilitybench_q_76188e3520b9c1f5e9,mobilitybench:cdad80f198eb1da569,1,mobilitybench
mobilitybench_q_cc49338ef7e11ab2ed,mobilitybench:4d7c72eb3b9d2d0d3a,1,mobilitybench
mobilitybench_q_18fa5e385fa437ffc0,mobilitybench:c68a95c34c69ca7ab1,1,mobilitybench
mobilitybench_q_e160f1d29ac67a5d91,mobilitybench:01c4428289daf53506,1,mobilitybench
mobilitybench_q_8eb13d75a36615c0c3,mobilitybench:1b89b4b74beb02659c,1,mobilitybench
mobilitybench_q_b6df047637b9a77e17,mobilitybench:6e59aa6043d8e2447e,1,mobilitybench
mobilitybench_q_ab5110badad3365dcc,mobilitybench:cd77ca3ce08a3ab057,1,mobilitybench
mobilitybench_q_2fe5b086fa21af645f,mobilitybench:523b337eb0c7e742d9,1,mobilitybench
mobilitybench_q_8e1a3ab4106596f519,mobilitybench:af2f5e4e73743ed229,1,mobilitybench
mobilitybench_q_3fbf7ea31e3b97e0ca,mobilitybench:9c26493bbda668365e,1,mobilitybench
mobilitybench_q_69997c951965607374,mobilitybench:7bb9131e892a35def7,1,mobilitybench
mobilitybench_q_930450d40e1575fcd0,mobilitybench:85d0826ab8a670c92f,1,mobilitybench
mobilitybench_q_5aeebce1b665631ff8,mobilitybench:a8ff93189f66672dbc,1,mobilitybench
mobilitybench_q_5e3d405be19f262e24,mobilitybench:352a22ce1f9c8f52e0,1,mobilitybench
mobilitybench_q_8d2bf85292af14a632,mobilitybench:6775c642d7792dc249,1,mobilitybench
mobilitybench_q_867e56c476aeffc67d,mobilitybench:82dee7a4810db39057,1,mobilitybench
mobilitybench_q_0d8b109858defe6b4d,mobilitybench:0fb9305327fd1d48b9,1,mobilitybench
mobilitybench_q_b514438bbdaad13d9e,mobilitybench:801d8af0c9602bf6c9,1,mobilitybench
mobilitybench_q_e46311922b80d975eb,mobilitybench:e2abdee29b4405c41d,1,mobilitybench
mobilitybench_q_05a15421b707e85b64,mobilitybench:460e4f5650a0dc1ac0,1,mobilitybench
mobilitybench_q_171e379d78fb729793,mobilitybench:239388fe19c7153022,1,mobilitybench
mobilitybench_q_b2198bdb0dd685c2dc,mobilitybench:ed1141d03639272892,1,mobilitybench
mobilitybench_q_ffb997bdd588aca4a1,mobilitybench:687e8d1f2454457ee5,1,mobilitybench
mobilitybench_q_7ae9f214ab09a6437b,mobilitybench:f7487100441c503374,1,mobilitybench
mobilitybench_q_e8a5011aed3fb2ca84,mobilitybench:4806cdef6930a4e8fa,1,mobilitybench
mobilitybench_q_26cb85b834a03d5bde,mobilitybench:0efb31789052764290,1,mobilitybench
mobilitybench_q_f68c8eddf3acdd53a4,mobilitybench:0f6e278871c108d96e,1,mobilitybench
mobilitybench_q_87da247beab99bf2ac,mobilitybench:86e3856720b95a4c55,1,mobilitybench
mobilitybench_q_55808d54b975e2cf36,mobilitybench:98e25846b9180db9ae,1,mobilitybench
mobilitybench_q_77afb0581720ccff6f,mobilitybench:72111f4b6ba813176d,1,mobilitybench
mobilitybench_q_19104c4eed1e0e6a7f,mobilitybench:2c989ab2f33eed1305,1,mobilitybench
mobilitybench_q_46d9299a128d1859ab,mobilitybench:0c80054342611d8395,1,mobilitybench
mobilitybench_q_0bd5102e617b873d93,mobilitybench:3ca7476ce8a6c6210d,1,mobilitybench
mobilitybench_q_f90dd907a5e806ebd9,mobilitybench:1c5538068c26644f8f,1,mobilitybench
mobilitybench_q_fac162553a6519b1e9,mobilitybench:d4e0359a3ec648cd0b,1,mobilitybench
mobilitybench_q_a4e6466f365dd79628,mobilitybench:5e656e0892c301bbb6,1,mobilitybench
mobilitybench_q_5e8aa79ad867c0afdc,mobilitybench:3eb60a595d26e663c9,1,mobilitybench
mobilitybench_q_6af772b43ab467f9dc,mobilitybench:656e92fc70413ee08a,1,mobilitybench
mobilitybench_q_5554971a1af8522ca0,mobilitybench:c62a585f2badadfbf4,1,mobilitybench
mobilitybench_q_1fac25491b4e1ba066,mobilitybench:01e4c458790c722b9e,1,mobilitybench
mobilitybench_q_0f99dc39d59b80d02b,mobilitybench:00953f6c0d1297ec82,1,mobilitybench
mobilitybench_q_110ec2256339354953,mobilitybench:215fdacd27a667f5c0,1,mobilitybench
mobilitybench_q_2d1eee522b9df2a1c6,mobilitybench:464d29bfe463674963,1,mobilitybench
mobilitybench_q_aa6c1d82822c159509,mobilitybench:0f1934d4bbc2a7f96d,1,mobilitybench
mobilitybench_q_3d9d3e6c23a665843d,mobilitybench:b223a54bdd9e05cbf5,1,mobilitybench
mobilitybench_q_63ad3ab8455e3dda78,mobilitybench:1736d54d848ea86f45,1,mobilitybench
mobilitybench_q_4681408508f477ca70,mobilitybench:a314f4f6bace9232a7,1,mobilitybench
mobilitybench_q_583f15e1977b5a8789,mobilitybench:6ecc91ec891fe9ed56,1,mobilitybench
mobilitybench_q_87dfb48c2a9042da85,mobilitybench:9e0787701b1423d3e3,1,mobilitybench
mobilitybench_q_55f86faabdf8bfca04,mobilitybench:35a34de6ea98c4a4ab,1,mobilitybench
mobilitybench_q_9704fe7fd89df0cf82,mobilitybench:516946629b62661e49,1,mobilitybench
mobilitybench_q_a6bdebe0a19fdf0e40,mobilitybench:8e4e3bad6518bbeb25,1,mobilitybench
mobilitybench_q_71917919a77cf3905a,mobilitybench:9791fdefc7ba3c1ed7,1,mobilitybench
mobilitybench_q_d4257be83d2c138ecc,mobilitybench:566a7f0187f7457f47,1,mobilitybench
mobilitybench_q_f2ba216915f3bfc753,mobilitybench:67212daf9b7a880b92,1,mobilitybench
mobilitybench_q_f408c5d446f7d0de5c,mobilitybench:b5edcff5e800909a2c,1,mobilitybench
mobilitybench_q_02268288f70ad0e410,mobilitybench:d1186e9e2445c8987e,1,mobilitybench
mobilitybench_q_c0c2c65c962fc890d3,mobilitybench:3e8476d2088a17c515,1,mobilitybench
mobilitybench_q_513ebcc82bfc40002b,mobilitybench:31720c8ce51053f990,1,mobilitybench
mobilitybench_q_99f7be0e7aa0c71481,mobilitybench:6ee6ea5fb00e5ad2fe,1,mobilitybench
mobilitybench_q_3aeeddd34f18dde060,mobilitybench:3001bd244848678281,1,mobilitybench
mobilitybench_q_226f1da9fe20668526,mobilitybench:3016d5a9c8da58673c,1,mobilitybench
mobilitybench_q_f8c4a6a8232ebcb9d1,mobilitybench:f5b2934f00a4bd37ab,1,mobilitybench
mobilitybench_q_243aa367cb53ce0578,mobilitybench:10ee5b71a88783f993,1,mobilitybench
mobilitybench_q_6c997c5554931a327d,mobilitybench:3b76afd46642f44ac2,1,mobilitybench
mobilitybench_q_a9130e9ab293a1ad9f,mobilitybench:843681d1d968abeb08,1,mobilitybench
mobilitybench_q_e575a621adf0ca7fb5,mobilitybench:e0c1bd9318eca995d3,1,mobilitybench
mobilitybench_q_7beae2b6462dfb3afe,mobilitybench:b808d027a26f3fabbb,1,mobilitybench
mobilitybench_q_f5a6a8d945b6dae3e5,mobilitybench:1ec15e4d530c0bb271,1,mobilitybench
mobilitybench_q_1b21e54083a0f902ac,mobilitybench:8842c928a0de21a0f1,1,mobilitybench
mobilitybench_q_38045acfbb47bfd126,mobilitybench:02227f11e306dfba77,1,mobilitybench
mobilitybench_q_8274b50ad00119891d,mobilitybench:de264d89a5531819e6,1,mobilitybench
mobilitybench_q_a41603dd4f816dd402,mobilitybench:8c455e67f4a5e18193,1,mobilitybench
mobilitybench_q_bfa714f671eb707e12,mobilitybench:48213bc84a351e6eaf,1,mobilitybench
mobilitybench_q_016118d4ea8e78eb93,mobilitybench:dfbeb96adf45d812af,1,mobilitybench
mobilitybench_q_a3773be0e8fe78c563,mobilitybench:4d913f943b727e3ea6,1,mobilitybench
mobilitybench_q_6c2ec9136c09d287ae,mobilitybench:646b97d4b6a23001a4,1,mobilitybench
mobilitybench_q_69a20f7c0f20c7186e,mobilitybench:fee571f00ea5abd62f,1,mobilitybench
mobilitybench_q_7ca754f1463b1b0644,mobilitybench:95145e7819d25a89a4,1,mobilitybench
mobilitybench_q_f2256a3b4fbcb865ac,mobilitybench:d792ee884b9366929d,1,mobilitybench
mobilitybench_q_041a2797cec033d62f,mobilitybench:48f53c913e044cc665,1,mobilitybench
mobilitybench_q_43cfbd6196bc62c79b,mobilitybench:bb3af39aaf7aa7e893,1,mobilitybench
mobilitybench_q_52dc8e7331cbf31d69,mobilitybench:4141b5e881c873e447,1,mobilitybench
mobilitybench_q_7d178e2fca4a9cff57,mobilitybench:508366de317bdd3761,1,mobilitybench
mobilitybench_q_d5532b4bc32e061da7,mobilitybench:fb36b9ba61658e832e,1,mobilitybench
mobilitybench_q_734073c768a45535d1,mobilitybench:916e32657ef45ccf5b,1,mobilitybench
mobilitybench_q_e92ae64e4ca8a28692,mobilitybench:f4a9864281e5e84618,1,mobilitybench
mobilitybench_q_8512da915a2f12bb2b,mobilitybench:e9aed4a07cc175a597,1,mobilitybench
mobilitybench_q_f144be71e92eeffe87,mobilitybench:0bc3500383853ec322,1,mobilitybench
mobilitybench_q_b488a0514c612b269f,mobilitybench:d78f507b0ca86cb9fb,1,mobilitybench
mobilitybench_q_43e8564bff91a56a3f,mobilitybench:1ffb0e2bdea78f7ab9,1,mobilitybench
mobilitybench_q_7d80d24d8318a2c47a,mobilitybench:26c84714b4c200ef25,1,mobilitybench
mobilitybench_q_7fb83a4efffa64ad54,mobilitybench:bf40ac9ada10f03d19,1,mobilitybench
mobilitybench_q_df38e743361e6e4868,mobilitybench:d0536971168ac8c4d2,1,mobilitybench
mobilitybench_q_2c133e14fcfd6ae27a,mobilitybench:e613364342d6efec06,1,mobilitybench
mobilitybench_q_867fe951ed0565bc82,mobilitybench:ac67573f5c04aa0e31,1,mobilitybench
mobilitybench_q_47b1b1d6f8c9f464e6,mobilitybench:167483d59096b2f8e5,1,mobilitybench
mobilitybench_q_238eb436cb8c883927,mobilitybench:90feca0c33b580cff7,1,mobilitybench
mobilitybench_q_ee873132e3d78368bf,mobilitybench:c1817569b240e206f6,1,mobilitybench
mobilitybench_q_3c172499017ec8f585,mobilitybench:e1fb61f884284bd151,1,mobilitybench
mobilitybench_q_084e7704179bdd6001,mobilitybench:647531ec72cc8be13e,1,mobilitybench
mobilitybench_q_906077a4adfe872500,mobilitybench:8ff8bec6224ab9eb0c,1,mobilitybench
mobilitybench_q_ff5249ad29bf5138c3,mobilitybench:a150f28c496854c665,1,mobilitybench
mobilitybench_q_83c5b15214bcd79880,mobilitybench:79f180803cce8f09e1,1,mobilitybench
mobilitybench_q_56399a3e8256df103e,mobilitybench:044b415dd83dcaf3bb,1,mobilitybench
mobilitybench_q_70abe4898e6d3f8e7e,mobilitybench:acb0434f6cf4092e0a,1,mobilitybench
mobilitybench_q_dffcb27a50a7bf0867,mobilitybench:9368defec2710dad44,1,mobilitybench
mobilitybench_q_aff4cb4398ce55c3d1,mobilitybench:ab3cb89878fc9bf4c3,1,mobilitybench
mobilitybench_q_db32fef7732a36a685,mobilitybench:f3343be06cb5f140a9,1,mobilitybench
mobilitybench_q_38f2f335b6f0602b63,mobilitybench:b4fe27ed695c5fd28b,1,mobilitybench
mobilitybench_q_c94ebfc53d6b4823aa,mobilitybench:cb17d2a21da6f6d9b0,1,mobilitybench
mobilitybench_q_21746f28c88b1516b4,mobilitybench:dc920e815475a994ca,1,mobilitybench
mobilitybench_q_37b30239a59bef05d5,mobilitybench:fc1cf1188460e973fb,1,mobilitybench
mobilitybench_q_da34d61e70dec6e7f8,mobilitybench:7296332a3f4ee1468a,1,mobilitybench
mobilitybench_q_30c756066246f82b52,mobilitybench:d01fb44a993efe6852,1,mobilitybench
mobilitybench_q_0e24a487c9e75d0f2e,mobilitybench:c964f1865ae9b9806b,1,mobilitybench
mobilitybench_q_b11af182b855d84cc8,mobilitybench:94f5f9e295b67f3f51,1,mobilitybench
mobilitybench_q_2dfa904c91850b67b8,mobilitybench:97320b3b3a99bb8d6d,1,mobilitybench
mobilitybench_q_0586e1b92f4bf5bf87,mobilitybench:c46fdca538f00a0555,1,mobilitybench
mobilitybench_q_0b334066c5030b7836,mobilitybench:fc6bb17635374de6ec,1,mobilitybench
mobilitybench_q_2515b4b83d7ba9befa,mobilitybench:b7eabda380477d5483,1,mobilitybench
mobilitybench_q_73a7d9bb760415452b,mobilitybench:9e4fb7613f6a1ce71d,1,mobilitybench
mobilitybench_q_a0419c37f31a7bd81d,mobilitybench:5f5f1d27c9cc049c3a,1,mobilitybench
mobilitybench_q_1d8dc0c0f1a33d324c,mobilitybench:1bbacf5b4195de8526,1,mobilitybench
mobilitybench_q_5411345f2610a73331,mobilitybench:bba3fa8eb61a2d517f,1,mobilitybench
mobilitybench_q_81b6d935f1dae007ce,mobilitybench:fd5f41291af6f4e164,1,mobilitybench
mobilitybench_q_0d0ac379ece0efe8c4,mobilitybench:b18710d685ae12352d,1,mobilitybench
mobilitybench_q_d0c2c105979cfcea1f,mobilitybench:bb461e1c59ec2a3e97,1,mobilitybench
mobilitybench_q_4100308004a8fa1625,mobilitybench:4f7cf09c587502e1a8,1,mobilitybench
mobilitybench_q_ca46703600cbb4df66,mobilitybench:03806789cf63b90c30,1,mobilitybench
mobilitybench_q_caefb443e8303f8999,mobilitybench:81ed9b92bc0a1abd40,1,mobilitybench
mobilitybench_q_13006461c5294929a2,mobilitybench:d7985a847fb6a7164d,1,mobilitybench
mobilitybench_q_f9c2d43fcde3639c38,mobilitybench:b142c39f0a065cf189,1,mobilitybench
mobilitybench_q_f6706befc17158f2b9,mobilitybench:df7789a2166f418ec9,1,mobilitybench
mobilitybench_q_efa49b10549508b05a,mobilitybench:a16a40d39f4ffd6e57,1,mobilitybench
mobilitybench_q_644737738cb1c90fdf,mobilitybench:82610417ec836a015b,1,mobilitybench
mobilitybench_q_ea41c83ef18954d5e3,mobilitybench:510cf62e5ba252c44b,1,mobilitybench
mobilitybench_q_09cd5d1d40f65cc1a5,mobilitybench:88efea98e2be63a402,1,mobilitybench
mobilitybench_q_1da151c3c9c9cd4e30,mobilitybench:40bb06a06ea7389c9d,1,mobilitybench
mobilitybench_q_3fad3a375ae1643785,mobilitybench:d1d5654f8259235362,1,mobilitybench
mobilitybench_q_df641cc546e21f5418,mobilitybench:366dc92cef1db4e8ba,1,mobilitybench
mobilitybench_q_9da5ba4d3af5721ec4,mobilitybench:766e1d2c12fe4b6932,1,mobilitybench
mobilitybench_q_1a1c6b5723dba8b2e3,mobilitybench:9c27a2f54b1a5a0e9d,1,mobilitybench
mobilitybench_q_7ca2816279184d7ed4,mobilitybench:6f74009c7b105e15df,1,mobilitybench
mobilitybench_q_6480418dd56db03ab8,mobilitybench:c0c3d9301c05bfee29,1,mobilitybench
mobilitybench_q_2b6f7ec6862ca3a4fd,mobilitybench:f43377f9da1d847f8e,1,mobilitybench
mobilitybench_q_31024e759f78a2ef4d,mobilitybench:3d8a0b366dfe20112e,1,mobilitybench
mobilitybench_q_84906762d4fa386dc4,mobilitybench:8a542e6a9041a1a0a7,1,mobilitybench
mobilitybench_q_0c0243a9b8c7a7b921,mobilitybench:01b58943b4eef4c0fc,1,mobilitybench
mobilitybench_q_369624f5f658f2b9a0,mobilitybench:89cb95b9bcb7fda179,1,mobilitybench
mobilitybench_q_60a018f27997a09f3b,mobilitybench:16f7034028905c76b7,1,mobilitybench
mobilitybench_q_7a892c241a0eeb003d,mobilitybench:44e57f88edfd260a7a,1,mobilitybench
mobilitybench_q_fc14e9675a2d7d0b4e,mobilitybench:a0150b26306db7c993,1,mobilitybench
mobilitybench_q_aab3d7b11748c817bd,mobilitybench:b967f9b936565ec8bc,1,mobilitybench
mobilitybench_q_4fea84f7704575afd9,mobilitybench:377a2b9e497ac0907e,1,mobilitybench
mobilitybench_q_8de362690419490537,mobilitybench:64fecc6cdfeca0908f,1,mobilitybench
mobilitybench_q_05fe90c18fb75166cc,mobilitybench:00057ddd1331a39b54,1,mobilitybench
mobilitybench_q_c97aa9917b72be9bd5,mobilitybench:d78fac8c09f1a4f96d,1,mobilitybench
mobilitybench_q_640d68faa9c78dba4e,mobilitybench:188d1be82e98bd48f9,1,mobilitybench
mobilitybench_q_cf1772fd6f4ce0d1c6,mobilitybench:c0bcd086ceb9aaf0c8,1,mobilitybench
mobilitybench_q_3bad439fb814b57137,mobilitybench:4d29da3966ae6e58ee,1,mobilitybench
mobilitybench_q_bd43103b13ad150cf5,mobilitybench:95eee2e9484dda8e1b,1,mobilitybench
mobilitybench_q_c2e280b40d7ece630f,mobilitybench:ddbcc50635fd421f5b,1,mobilitybench
mobilitybench_q_488dd1416c96416b26,mobilitybench:659a4926a7d049a3f5,1,mobilitybench
mobilitybench_q_2c080ca6b53824e4aa,mobilitybench:15ceaca8fe7e00adc2,1,mobilitybench
mobilitybench_q_cb2a7239cedcc1f8f9,mobilitybench:364ceb07b1f582d768,1,mobilitybench
mobilitybench_q_954ed15e3140319811,mobilitybench:f1a7fa1cc8575462cb,1,mobilitybench
mobilitybench_q_2e9771b00bd049aba9,mobilitybench:d90421d9fdbea988e9,1,mobilitybench
mobilitybench_q_5b25741022bcdbac1f,mobilitybench:763d2d780f6106f25b,1,mobilitybench
mobilitybench_q_7aea4b25aac1ba5eaa,mobilitybench:f9d0294a8b6724e36f,1,mobilitybench
mobilitybench_q_5cf0bc11bcc7853f16,mobilitybench:6cdb5288c969f6b743,1,mobilitybench
mobilitybench_q_1f2a3fbaa4f3c68de6,mobilitybench:e814a7546d461f0383,1,mobilitybench
mobilitybench_q_784c3836438c238092,mobilitybench:8d5399a63fbb9816ba,1,mobilitybench
mobilitybench_q_87ae4175d9a288b989,mobilitybench:1f8625c86a159561d4,1,mobilitybench
mobilitybench_q_cd68c049d1d561070d,mobilitybench:97b134fdf09215a890,1,mobilitybench
mobilitybench_q_7d4e451ac77a25e79f,mobilitybench:3e25ab12562996dec1,1,mobilitybench
mobilitybench_q_40110cc14403476ac3,mobilitybench:07da16a737bb24c2e3,1,mobilitybench
mobilitybench_q_438c3e75c4684f29e4,mobilitybench:6a7c1c54a1abcf8f8d,1,mobilitybench
mobilitybench_q_01a2cf873bf66d440a,mobilitybench:2058b0571c5e8b1bee,1,mobilitybench
mobilitybench_q_dc9f3b5d4d03dd09c1,mobilitybench:b48a9f9c765657c4bf,1,mobilitybench
mobilitybench_q_c5395389c9fa148844,mobilitybench:6395f8e55ed6e7ae2a,1,mobilitybench
mobilitybench_q_0f5f86486d87feb305,mobilitybench:f50ea98d45e8c3953e,1,mobilitybench
mobilitybench_q_43e32a1c75ff227f22,mobilitybench:28efc7b1d1b7f38d88,1,mobilitybench
mobilitybench_q_085ec6b77abbd09288,mobilitybench:c5350fc287496f19c6,1,mobilitybench
mobilitybench_q_2295fb553699cbd64b,mobilitybench:0b65a7ae85cfa75a14,1,mobilitybench
mobilitybench_q_6f36ad95c8a2d4f20b,mobilitybench:91d76093d53453b56d,1,mobilitybench
mobilitybench_q_9249d0688d5e794e25,mobilitybench:bf2edbd25af8bb38b8,1,mobilitybench
mobilitybench_q_6bc1b9c5c182574b38,mobilitybench:84dd4872c9fa3688fe,1,mobilitybench
mobilitybench_q_fa5a9887f22ee25763,mobilitybench:ce1c70e18770081d17,1,mobilitybench
mobilitybench_q_18e3eb795829520afd,mobilitybench:de267cc7ccb1f2f199,1,mobilitybench
mobilitybench_q_83b3fdbfde3031543b,mobilitybench:636218c04d9a68d9d7,1,mobilitybench
mobilitybench_q_ef6be6748b98ed18f6,mobilitybench:39d711b4bf9b62e91a,1,mobilitybench
mobilitybench_q_a3b4a3cb89cef359dd,mobilitybench:1208770fec8434412e,1,mobilitybench
mobilitybench_q_e9f52c719d480ab586,mobilitybench:b8f4fce12b90f448cc,1,mobilitybench
mobilitybench_q_9abb259eddf06f648a,mobilitybench:83005317ba0f437409,1,mobilitybench
mobilitybench_q_b65f1dcc70279fab09,mobilitybench:1693c9f7a0b377686c,1,mobilitybench
mobilitybench_q_3d18a783bdfabdfd03,mobilitybench:43d8f1f866e9a7640b,1,mobilitybench
mobilitybench_q_209626a611b317785b,mobilitybench:480fa898a31f244ea9,1,mobilitybench
mobilitybench_q_581766da901d0f7de4,mobilitybench:123a5c4f2b79a3e608,1,mobilitybench
mobilitybench_q_557b80b3fa0fec0919,mobilitybench:f959aaec1a5b494d2c,1,mobilitybench
mobilitybench_q_4f9b94476b20cd7e5e,mobilitybench:dad53c5359d08675f3,1,mobilitybench
mobilitybench_q_a0950d259a5c8bdcf5,mobilitybench:0f8b34af1d15a6c87f,1,mobilitybench
mobilitybench_q_9d1cc7df26f1e53573,mobilitybench:7e48d410cd1f953431,1,mobilitybench
mobilitybench_q_735fa666dc3a1513dd,mobilitybench:929d68765997034543,1,mobilitybench
mobilitybench_q_a47cced0483554a5e0,mobilitybench:fa1217584368386d73,1,mobilitybench
mobilitybench_q_6d9fe203219ea0e74e,mobilitybench:6c91717108c1a0325d,1,mobilitybench
mobilitybench_q_84e25b094512ef1693,mobilitybench:ca4e8022dbf19d8226,1,mobilitybench
mobilitybench_q_efbb412e58085b1838,mobilitybench:8efef05f073b2faead,1,mobilitybench
mobilitybench_q_b6453462a3a2cee45d,mobilitybench:1253903bb703899abd,1,mobilitybench
mobilitybench_q_c5651e7515f946c26a,mobilitybench:ecd7b774a4832de261,1,mobilitybench
mobilitybench_q_0d907bc8ce9bffcfc0,mobilitybench:aff0c96397dd10ce0f,1,mobilitybench
mobilitybench_q_84eb272f68cac4fb6e,mobilitybench:4f04766c3a3deb0664,1,mobilitybench
mobilitybench_q_9276cd4eab3e62f479,mobilitybench:e8f7575a4650edc3b4,1,mobilitybench
mobilitybench_q_a2e854da9c3739546b,mobilitybench:e923943e59719b53ef,1,mobilitybench
mobilitybench_q_96875b269b15b9f10f,mobilitybench:e36f81e9846220533d,1,mobilitybench
mobilitybench_q_b3d186e759c32f646f,mobilitybench:9d95d6468f9cbb5271,1,mobilitybench
mobilitybench_q_4f28918bc5e1232d6f,mobilitybench:cfc0e12ae1608a34f8,1,mobilitybench
mobilitybench_q_5654dfd30ba6454e83,mobilitybench:bac41d04c2825af464,1,mobilitybench
mobilitybench_q_329343695a6b6cad30,mobilitybench:5152e1b12b6f618844,1,mobilitybench
mobilitybench_q_5209fce2e2b3eedaa7,mobilitybench:113aeb9bca226355ac,1,mobilitybench
mobilitybench_q_41717ecadf2d133f15,mobilitybench:1562196e7211de6d60,1,mobilitybench
mobilitybench_q_4aee2a316da98a7040,mobilitybench:2016be1e03a4223ca0,1,mobilitybench
mobilitybench_q_c0c2328854efa2a438,mobilitybench:c458429cc1c9fb3b32,1,mobilitybench
mobilitybench_q_fe55a61c1aa4722528,mobilitybench:1b21eebb4b0fb5e029,1,mobilitybench
mobilitybench_q_be645d0ae0a87337dd,mobilitybench:54c24816a82b14ba68,1,mobilitybench
mobilitybench_q_1996ba5be75e4ef4d7,mobilitybench:a6dc8010f5b6f3de5e,1,mobilitybench
mobilitybench_q_82497f66d4430e83e1,mobilitybench:ad820b0daad6c146b6,1,mobilitybench
mobilitybench_q_ef0c28d08a3984b827,mobilitybench:9b72d149cc8512ce83,1,mobilitybench
mobilitybench_q_30cb08a7662181ec9e,mobilitybench:9bc30e48794ac1b5e0,1,mobilitybench
mobilitybench_q_94594cb32592e1e289,mobilitybench:d692bded4662342a67,1,mobilitybench
mobilitybench_q_468701403a914f3366,mobilitybench:aa155ca99ca8628fda,1,mobilitybench
mobilitybench_q_8077173f5fce0366f2,mobilitybench:0742aede6a5c51360e,1,mobilitybench
mobilitybench_q_1bff8e5dd87bad9b3d,mobilitybench:09f285ab2eb08fa0d5,1,mobilitybench
mobilitybench_q_f1d7e848c64497b52a,mobilitybench:4fc8acacf286c323f6,1,mobilitybench
mobilitybench_q_56bb220d7f583643d3,mobilitybench:4bdcdd28426a4e0be2,1,mobilitybench
mobilitybench_q_f56882812bced21886,mobilitybench:ffdb07ae25775bd854,1,mobilitybench
mobilitybench_q_04b8ba40a5d2fc31a5,mobilitybench:eac0e5249f3803c459,1,mobilitybench
mobilitybench_q_c91166e5fc19e16f73,mobilitybench:2cdbc41306fd1834c1,1,mobilitybench
mobilitybench_q_2da2359419bde1c756,mobilitybench:d14ba0c2019ab869df,1,mobilitybench
mobilitybench_q_1afb6a0ecf2392a919,mobilitybench:6e24129646087a3b99,1,mobilitybench
mobilitybench_q_8f28a397b139b7d9fd,mobilitybench:2f35884898301f8402,1,mobilitybench
mobilitybench_q_59af761b438ce0077f,mobilitybench:40db831be9bba06400,1,mobilitybench
mobilitybench_q_5d05c2593caa0f0a23,mobilitybench:b5d83c006124f16703,1,mobilitybench
mobilitybench_q_f59613b7a9d72a7ed9,mobilitybench:d42fd6ab645ca01cbb,1,mobilitybench
mobilitybench_q_0ee82ce0a7720c1068,mobilitybench:767be276f6603926c0,1,mobilitybench
mobilitybench_q_ca4cf1e79a0fe36d3e,mobilitybench:2be8aa4c2ffba65c1a,1,mobilitybench
mobilitybench_q_38287a3ce693d41a6c,mobilitybench:a819e30e347e71ff56,1,mobilitybench
mobilitybench_q_faf6c01e9664149747,mobilitybench:b217d93dd9f0e31ae8,1,mobilitybench
mobilitybench_q_b51f69266371341f5b,mobilitybench:e4bf82e9f97c0a5b66,1,mobilitybench
mobilitybench_q_173249326cbe740ae8,mobilitybench:3b482b12dca36cd08b,1,mobilitybench
mobilitybench_q_99b8484c1a4401d2c8,mobilitybench:68451c790024db411a,1,mobilitybench
mobilitybench_q_16e0cb531a9c353a0b,mobilitybench:eb35667ab08ff0a87c,1,mobilitybench
mobilitybench_q_f1778ad894ad66db08,mobilitybench:a66c3ae2b0b2023ede,1,mobilitybench
mobilitybench_q_b8e4c24a2aaad53824,mobilitybench:e01625f19f81587e50,1,mobilitybench
mobilitybench_q_570556b77758e14a5d,mobilitybench:c76b7b728612c5d261,1,mobilitybench
mobilitybench_q_fb5f13b88d6c503ded,mobilitybench:42c447ba90564436a6,1,mobilitybench
mobilitybench_q_50aa627db4a472456e,mobilitybench:18e822c3ac274439de,1,mobilitybench
mobilitybench_q_611fa88fe6e99931cf,mobilitybench:103d64a3451385addb,1,mobilitybench
mobilitybench_q_a5634dc5132dfe7fc7,mobilitybench:590464e85a8ca41c9b,1,mobilitybench
mobilitybench_q_29a9121a8b6b873543,mobilitybench:344fcf824ddccc6e5c,1,mobilitybench
mobilitybench_q_32935fe0b2ce716f46,mobilitybench:74f7fbdd4e013704ac,1,mobilitybench
mobilitybench_q_9a8da922fc2ffd5277,mobilitybench:accba61536fa1ed64e,1,mobilitybench
mobilitybench_q_523263d2462b2e3105,mobilitybench:36742ac399417fd4e5,1,mobilitybench
mobilitybench_q_6bbe07f1d46ae410ff,mobilitybench:20f7ba383d9737c858,1,mobilitybench
mobilitybench_q_85ae3eec29924ffa1a,mobilitybench:969c9269a9a0ade440,1,mobilitybench
mobilitybench_q_0b15e5eecc4133571d,mobilitybench:7e1035e80c4d7c2085,1,mobilitybench
mobilitybench_q_cb1ef3c4cc6d0af631,mobilitybench:bbfb4ef35a952bccb1,1,mobilitybench
mobilitybench_q_55bee2a9a386f333a5,mobilitybench:7606ace435cb35c0ca,1,mobilitybench
mobilitybench_q_e0b08430ce602706e4,mobilitybench:228235796aef1093ef,1,mobilitybench
mobilitybench_q_a17ee7461afd5b19d5,mobilitybench:47439ed7cee13a6301,1,mobilitybench
mobilitybench_q_917eff248f772e5873,mobilitybench:3f7cf3b19e311fe880,1,mobilitybench
mobilitybench_q_bab331fe779c63dc58,mobilitybench:16257fac86f16be8c0,1,mobilitybench
mobilitybench_q_8bb81305883f31d342,mobilitybench:aa20a57acc8403a286,1,mobilitybench
mobilitybench_q_8efe88fa0351e8cd70,mobilitybench:29124d4bdd3e1d8fe6,1,mobilitybench
mobilitybench_q_00a1365a2189b77d4c,mobilitybench:20cf136408dd9e72ad,1,mobilitybench
mobilitybench_q_6570022886f2304a97,mobilitybench:d93f19f754068143e6,1,mobilitybench
mobilitybench_q_090312d1da769ea5fc,mobilitybench:6ab17b770d36f6404e,1,mobilitybench
mobilitybench_q_2712b8ffc0a3248eae,mobilitybench:4e442c8144caa8fa70,1,mobilitybench
mobilitybench_q_eb33e01b3ad73ae0c5,mobilitybench:5aa367e1f655452356,1,mobilitybench
mobilitybench_q_d7cd08d64f420f2537,mobilitybench:6b4dfff889b48f3bd1,1,mobilitybench
mobilitybench_q_bf66c5ac88817b955b,mobilitybench:27693768bc85e53e59,1,mobilitybench
mobilitybench_q_14ed70f1822ca1e4c9,mobilitybench:26a2e7e25105261676,1,mobilitybench
mobilitybench_q_2175050f3cec472f15,mobilitybench:bef875ecf61be98540,1,mobilitybench
mobilitybench_q_f2266424ba9aff59f4,mobilitybench:696067fc3ce18bab32,1,mobilitybench
mobilitybench_q_435f7be36999df191c,mobilitybench:f27e8398bbffada79c,1,mobilitybench
mobilitybench_q_09871af5333017b905,mobilitybench:df24a56e07cbf7c361,1,mobilitybench
mobilitybench_q_a3665df9ab4c7a8607,mobilitybench:a5226526a502476679,1,mobilitybench
mobilitybench_q_dcd5d4ebd1ae13999f,mobilitybench:6ff85d50c668e8ad4f,1,mobilitybench
mobilitybench_q_87cf6a2d982d4a51ee,mobilitybench:59a42fa37c4e126ae5,1,mobilitybench
mobilitybench_q_e04a8d72f89f3774a2,mobilitybench:aad70ac7bb56be9e69,1,mobilitybench
mobilitybench_q_9fc47d22da53d65fbd,mobilitybench:4b857c4a8bb3e06fe5,1,mobilitybench
mobilitybench_q_343e6ceaeecdb7c922,mobilitybench:b5067a8a57ad53793b,1,mobilitybench
mobilitybench_q_9c2187087140f6c181,mobilitybench:8b93516639c01246a8,1,mobilitybench
mobilitybench_q_8f7f6ba052119387a5,mobilitybench:3884c82fead73cbaa5,1,mobilitybench
mobilitybench_q_e7bb245ef0feba4550,mobilitybench:3fb348f4301106a36c,1,mobilitybench
mobilitybench_q_fca749507e1ebc124d,mobilitybench:3307bb10e4dbfe3767,1,mobilitybench
mobilitybench_q_3f92bac02ed860598d,mobilitybench:eb30f0b46e9362db62,1,mobilitybench
mobilitybench_q_7743d87c28c9f7da12,mobilitybench:95c62f69fc6a1a5ed7,1,mobilitybench
mobilitybench_q_7c9c0c049fff8db42f,mobilitybench:47a177267459af01d8,1,mobilitybench
mobilitybench_q_8ebf57df7f424631b3,mobilitybench:d71d0fe3b776b67f2f,1,mobilitybench
mobilitybench_q_9dac36ba22977c57bc,mobilitybench:c77dd3b1039857a061,1,mobilitybench
mobilitybench_q_2789284a550bb8ab51,mobilitybench:c8cf9238cf4859605c,1,mobilitybench
mobilitybench_q_83eba8dc892cc9f9b9,mobilitybench:6c447000a923999670,1,mobilitybench
mobilitybench_q_59ca3ea6238bff31d7,mobilitybench:2160096a192c8ca2ec,1,mobilitybench
mobilitybench_q_339949310aca9d6230,mobilitybench:900a96de537feb2e79,1,mobilitybench
mobilitybench_q_426d0988307751fe0b,mobilitybench:505251d8173d57d0d5,1,mobilitybench
mobilitybench_q_d2c5a7b1719835337c,mobilitybench:c8330f4b05cbf0882f,1,mobilitybench
mobilitybench_q_e668e6a3572fa0ec51,mobilitybench:40996fff609ee1f9be,1,mobilitybench
mobilitybench_q_3010e77f31874cfcb0,mobilitybench:e383c626a90f72c74a,1,mobilitybench
mobilitybench_q_5c511426f2dae1610c,mobilitybench:7efb8cad21c9b0a4b3,1,mobilitybench
mobilitybench_q_03168dd3ed78f3248b,mobilitybench:349671783faf0d2709,1,mobilitybench
mobilitybench_q_3d4d1388f40836a01b,mobilitybench:c3c365dc926fd88e6c,1,mobilitybench
mobilitybench_q_eaa583f768fd9b1c83,mobilitybench:fabb5f51573d1e2ae1,1,mobilitybench
mobilitybench_q_8d1b8064bbf2c14852,mobilitybench:ca84ab2c158f3ee240,1,mobilitybench
mobilitybench_q_ff1ef12566bc01263b,mobilitybench:a92d817cbfbc758c87,1,mobilitybench
mobilitybench_q_48468e5b5d0fe06b6a,mobilitybench:20cf4d83b67869908c,1,mobilitybench
mobilitybench_q_327323e7c9807fcfa5,mobilitybench:1f3c5467dc66c45f13,1,mobilitybench
mobilitybench_q_c517a7569abfdcf470,mobilitybench:e90f1b2fd6954dfb04,1,mobilitybench
mobilitybench_q_7fb6f2a1426ee58293,mobilitybench:3f5ea2070b0b785bb9,1,mobilitybench
mobilitybench_q_2712f84de0dd3ddbdc,mobilitybench:474153074cf73ebad0,1,mobilitybench
mobilitybench_q_6f5c48e07770ae23c1,mobilitybench:2788e272a12fce3fff,1,mobilitybench
mobilitybench_q_ec10afcb9aaebd8141,mobilitybench:62a60bb84ba69bb5e4,1,mobilitybench
mobilitybench_q_d6c1aacea862991431,mobilitybench:63c23f26e3b56f3537,1,mobilitybench
mobilitybench_q_aeb314b71bd1398fce,mobilitybench:c085d1fde2a4ba6793,1,mobilitybench
mobilitybench_q_b20b8d365268eef3c6,mobilitybench:8499be8b5682c14901,1,mobilitybench
mobilitybench_q_a317aa003e1d424a24,mobilitybench:8134535fead5cf00a7,1,mobilitybench
mobilitybench_q_dfa9dd714607326581,mobilitybench:2a2be276b39b8028f9,1,mobilitybench
mobilitybench_q_fc33b726725944ad99,mobilitybench:c6626d275d66cced34,1,mobilitybench
mobilitybench_q_5c8bf53d01743080bf,mobilitybench:9825e73c6a1133b4ad,1,mobilitybench
mobilitybench_q_a623fa779dba12627f,mobilitybench:8b635c10f9d91f5db1,1,mobilitybench
mobilitybench_q_0b1e6791a85ee88df7,mobilitybench:afa4634798c4f4224c,1,mobilitybench
mobilitybench_q_f04349831e726cb534,mobilitybench:d9a280451856f0fe65,1,mobilitybench
mobilitybench_q_178240d3db4a236d61,mobilitybench:cacfa893e6c4ce0f6f,1,mobilitybench
mobilitybench_q_ec3aad69b607e4ef78,mobilitybench:d9938fa2952d55e42a,1,mobilitybench
mobilitybench_q_aa914b30756d6836c2,mobilitybench:d133e344ca1cbde7be,1,mobilitybench
mobilitybench_q_4407c36b3a679772ea,mobilitybench:7e10a45ca441b2c8e4,1,mobilitybench
mobilitybench_q_ad905855fe9c1069d1,mobilitybench:2575036abdf0646811,1,mobilitybench
mobilitybench_q_807dadb6b834b63004,mobilitybench:ec52f6fbb4e6f359b7,1,mobilitybench
mobilitybench_q_8371d2787a6d3d6f43,mobilitybench:1d5138232a7b558ed1,1,mobilitybench
mobilitybench_q_1de2c9483837debdcf,mobilitybench:5013841dfabd335fed,1,mobilitybench
mobilitybench_q_69466487300a470a49,mobilitybench:6145d9147d5eb9dd70,1,mobilitybench
mobilitybench_q_bc9a24bd5a080e4f4b,mobilitybench:729a5c9063916f9e62,1,mobilitybench
mobilitybench_q_2bb0b550539fdc6701,mobilitybench:ccc59c10107ada4a9b,1,mobilitybench
mobilitybench_q_2b9b5fb49ae7868827,mobilitybench:863fd8528ec4b58384,1,mobilitybench
mobilitybench_q_79ee75893e85f7fde5,mobilitybench:d66eef9bd462820e0a,1,mobilitybench
mobilitybench_q_84bb57d170ea963b16,mobilitybench:9848d8b7a214ee6190,1,mobilitybench
mobilitybench_q_dfed97c7b7f70daedd,mobilitybench:f5916fde78a063bf85,1,mobilitybench
mobilitybench_q_fae5ef4711cb0de68f,mobilitybench:a2982524837d75b0fd,1,mobilitybench
mobilitybench_q_8c8df3a27757936391,mobilitybench:015101c6d669a0804f,1,mobilitybench
mobilitybench_q_a59c2786047160e6c5,mobilitybench:df5efcc3ab8a9329fb,1,mobilitybench
mobilitybench_q_10d253dc3bc8945b94,mobilitybench:102df6f8c640f826c4,1,mobilitybench
mobilitybench_q_4cf7a3f30d7038d3c3,mobilitybench:d0c45c405fcbdaace2,1,mobilitybench
mobilitybench_q_f44654fba6b95b495b,mobilitybench:67561e1830e4e139e9,1,mobilitybench
mobilitybench_q_2f5d23def9ddc93f9a,mobilitybench:e450d7daa91140df3a,1,mobilitybench
mobilitybench_q_d60dc5de6669185e2e,mobilitybench:3ed438ee258d284038,1,mobilitybench
mobilitybench_q_278b97edb63619d5f3,mobilitybench:b4d19b8b1dda07423d,1,mobilitybench
mobilitybench_q_ceb57191b9d21b4e8e,mobilitybench:f6aa807aa390a66c14,1,mobilitybench
mobilitybench_q_de066b10f3134401a9,mobilitybench:a15d5c7334b11981c4,1,mobilitybench
mobilitybench_q_f0799b24ab19e0acca,mobilitybench:c445edf9156cb1c372,1,mobilitybench
mobilitybench_q_078b6e84761139fdcc,mobilitybench:5511ec7607f648e23c,1,mobilitybench
mobilitybench_q_05a095946083a724f7,mobilitybench:d6a9a012f8d3c21b4b,1,mobilitybench
mobilitybench_q_00e18b264829968ff5,mobilitybench:62c8d78ad3456e5cb5,1,mobilitybench
mobilitybench_q_7bbb41c92195e3dd3e,mobilitybench:2eae730ea99603e0de,1,mobilitybench
mobilitybench_q_865b4428ede581cb5a,mobilitybench:e8d67a94d119875d24,1,mobilitybench
mobilitybench_q_7aa7f4e20fe383ecfc,mobilitybench:2cb70d04bc764ad433,1,mobilitybench
mobilitybench_q_7a1aadf829bb8f0cf8,mobilitybench:30aa4db166f5c2c478,1,mobilitybench
mobilitybench_q_3e8f50b6673bfd2269,mobilitybench:f81627be31c76277b8,1,mobilitybench
mobilitybench_q_5d279084a9aa73f6cb,mobilitybench:77a8ad392b3838c6c1,1,mobilitybench
mobilitybench_q_7768c168cb102551a9,mobilitybench:7b9e5bb9b9fe0e1570,1,mobilitybench
mobilitybench_q_c661c3eb4b893101b9,mobilitybench:d701f0dc2d77e1377f,1,mobilitybench
mobilitybench_q_c0d780134d8c53f224,mobilitybench:96a567ec7ad7a54fd6,1,mobilitybench
mobilitybench_q_a12240972fc75140f3,mobilitybench:80046ffc0f04471f21,1,mobilitybench
mobilitybench_q_bac896e000fee9bced,mobilitybench:25967a78bb9ede8e15,1,mobilitybench
mobilitybench_q_69df8d9aa5b9e598b7,mobilitybench:bf6076dad8130038b0,1,mobilitybench
mobilitybench_q_c899cbff0de2acc01b,mobilitybench:d4a62e9fc7b125bb3b,1,mobilitybench
mobilitybench_q_9bb439ef91198644b0,mobilitybench:9c780929c50d63b159,1,mobilitybench
mobilitybench_q_ca820e2284b132b839,mobilitybench:a0ba6722fa221c4e71,1,mobilitybench
mobilitybench_q_b08a763fb9dc4a32fd,mobilitybench:84286f0b0c4af7db31,1,mobilitybench
mobilitybench_q_9d05fe902a9c1045ac,mobilitybench:2dbec0984748809a77,1,mobilitybench
mobilitybench_q_fa2455e8ac641dbd16,mobilitybench:49eeae7827bc132c1f,1,mobilitybench
mobilitybench_q_0918f0d8b834423c10,mobilitybench:d1e59df4b533cf4a93,1,mobilitybench
mobilitybench_q_59ee7c13cb47c5d188,mobilitybench:a0be311c88e0a243c3,1,mobilitybench
mobilitybench_q_2c91c85f5c683adda3,mobilitybench:588847e478717ad52a,1,mobilitybench
mobilitybench_q_cd4c301619b1c6be38,mobilitybench:edbf4bdc6d1c3e6c43,1,mobilitybench
mobilitybench_q_7a08c42b03ee4d297c,mobilitybench:f96a037eae446daa0d,1,mobilitybench
mobilitybench_q_51cbc0435a1daef6f9,mobilitybench:54521ce48f84ae6e9b,1,mobilitybench
mobilitybench_q_0b484b52894bf260f0,mobilitybench:526a88723996a6f315,1,mobilitybench
mobilitybench_q_796a06cbf637d53b55,mobilitybench:aded5bc7c06ee50b36,1,mobilitybench
mobilitybench_q_b4f3f5106ca83740ed,mobilitybench:055d6e3b8b0d32b971,1,mobilitybench
mobilitybench_q_a828f07c17e54fcef5,mobilitybench:40c130ebbb6f7dd544,1,mobilitybench
mobilitybench_q_43726e410c1a07ded7,mobilitybench:af51e67245bab0a39d,1,mobilitybench
mobilitybench_q_c14e31955650bc8c35,mobilitybench:665192b7a908c00ae0,1,mobilitybench
mobilitybench_q_f6933adf6447724e2f,mobilitybench:286f92b8bc613cfcfa,1,mobilitybench
mobilitybench_q_23a438a2363c5e203e,mobilitybench:d25fa36d39c0bce471,1,mobilitybench
mobilitybench_q_fab1dcaea0fd25e806,mobilitybench:353333db20416fb062,1,mobilitybench
mobilitybench_q_f2e64d46416a21ff7f,mobilitybench:7784e725c0546b7907,1,mobilitybench
mobilitybench_q_07f772245a776ac3c2,mobilitybench:b9907e3fac9e0fd24c,1,mobilitybench
mobilitybench_q_cd71760a9735ea30a0,mobilitybench:c4fa7ee25ecbbf24c4,1,mobilitybench
mobilitybench_q_1869ef59d729ca86b5,mobilitybench:df15e92baac5a07c31,1,mobilitybench
mobilitybench_q_5b9e666187a0fa1dc2,mobilitybench:04b73472d004661ab5,1,mobilitybench
mobilitybench_q_1cd309cb687992d050,mobilitybench:1d99c4a1c662d3d2b6,1,mobilitybench
mobilitybench_q_4b01d23bc5742aad58,mobilitybench:887a3db0a678298e2b,1,mobilitybench
mobilitybench_q_22f5b32257bea4dbe3,mobilitybench:2002154eca5c393e73,1,mobilitybench
mobilitybench_q_2ca3cd4d0fa2886640,mobilitybench:6a490ea2ac5bd79988,1,mobilitybench
mobilitybench_q_a211657825d5895bf8,mobilitybench:76747deb1c17c35bd4,1,mobilitybench
mobilitybench_q_6d88ae47eb2e512518,mobilitybench:9cc1c56e3444e25563,1,mobilitybench
mobilitybench_q_08aaf6a9109e3606f7,mobilitybench:0cb6922b5dd7f45278,1,mobilitybench
mobilitybench_q_6f4477ca1bc408553e,mobilitybench:c094d5e1c76c9c7fcb,1,mobilitybench
mobilitybench_q_a8f5081f78b73260a9,mobilitybench:de1996dd4c0c548595,1,mobilitybench
mobilitybench_q_e462dc5db73379faf8,mobilitybench:1c35b1b2fd2b624f48,1,mobilitybench
mobilitybench_q_762fc303e4fd208338,mobilitybench:2593d581710c023735,1,mobilitybench
mobilitybench_q_587303265ce648d6f6,mobilitybench:fc52bb5bbc5f429620,1,mobilitybench
mobilitybench_q_4fc18085291d1986cf,mobilitybench:a6c52310794bb179f3,1,mobilitybench
mobilitybench_q_a69fde99ee5b4ff22f,mobilitybench:204ce5841b24720133,1,mobilitybench
mobilitybench_q_2b8b4def9defa107b6,mobilitybench:d5608aea1c3d184024,1,mobilitybench
mobilitybench_q_04cc7c2e9b2408e0b5,mobilitybench:0e8e0cc178760cfbf1,1,mobilitybench
mobilitybench_q_27f45c3d26de752844,mobilitybench:faf336348e110655a5,1,mobilitybench
mobilitybench_q_7fb50c6c2dcc28fb7f,mobilitybench:73fcdc2890a8cfd5f6,1,mobilitybench
mobilitybench_q_262ee1c86796e0f45e,mobilitybench:ec3a55285614b8aa51,1,mobilitybench
mobilitybench_q_c2a49228206b09a6c8,mobilitybench:0b87cd34975ac83329,1,mobilitybench
mobilitybench_q_5b79f7cb4359a8c06c,mobilitybench:6a2f3674f8557fed44,1,mobilitybench
mobilitybench_q_744d4688fd5a8e886a,mobilitybench:c51606db2fd00332c4,1,mobilitybench
mobilitybench_q_409a065e4b6f8884f7,mobilitybench:8f382fea4e434f97e6,1,mobilitybench
mobilitybench_q_f2b8d8e2bc769f673d,mobilitybench:a12fd6b637292cdfdc,1,mobilitybench
mobilitybench_q_c446b661f4b70f2b00,mobilitybench:24c3432242550789f4,1,mobilitybench
mobilitybench_q_451636c3a97c7f3072,mobilitybench:2067452f326519f1f0,1,mobilitybench
mobilitybench_q_4f5bf19f41fcebfc7d,mobilitybench:82d882ec808d36848a,1,mobilitybench
mobilitybench_q_a81c0791507f22d6bb,mobilitybench:7eeb3e5220fea0d6e3,1,mobilitybench
mobilitybench_q_68199bc10d93c424dd,mobilitybench:74d986d772e8859cb8,1,mobilitybench
mobilitybench_q_0ba2652fef28099891,mobilitybench:447bd31ac3c1541c46,1,mobilitybench
mobilitybench_q_cd0d8cd74e682bd4e2,mobilitybench:5018d410831efaab29,1,mobilitybench
mobilitybench_q_ccd5ffb2eb1f8fcf23,mobilitybench:f941622d728dd15663,1,mobilitybench
mobilitybench_q_b47ef5736330624a34,mobilitybench:00df25f56fda047b5f,1,mobilitybench
mobilitybench_q_f4ed7cfe01e43d7e5e,mobilitybench:849eefad8240536d38,1,mobilitybench
mobilitybench_q_8efb70771d216beb46,mobilitybench:037a628862487d7bb3,1,mobilitybench
mobilitybench_q_b0d173014bee1bc43b,mobilitybench:f9fbc2e82bfa3cf705,1,mobilitybench
mobilitybench_q_4494a84eb4f370a773,mobilitybench:25739931913adf656e,1,mobilitybench
mobilitybench_q_e0af0274bef57e3a8c,mobilitybench:04e5f41655fdb3f164,1,mobilitybench
mobilitybench_q_6964f8f556765319f2,mobilitybench:7319a16d5e65d0d44e,1,mobilitybench
mobilitybench_q_056c0d9202824f781d,mobilitybench:cea3dd041fdc9aa2a8,1,mobilitybench
mobilitybench_q_54f8d4319eb13673db,mobilitybench:9d8e4c74d032a99b5e,1,mobilitybench
mobilitybench_q_5d3701640815909baf,mobilitybench:6e60fc2c00a7c83d10,1,mobilitybench
mobilitybench_q_e016e3ab3c0b2f4441,mobilitybench:574d923faae68174b2,1,mobilitybench
mobilitybench_q_599599f989380d32e2,mobilitybench:df2c1a9170fd138217,1,mobilitybench
mobilitybench_q_6e6bdb0a142ba8351e,mobilitybench:000ae38eece5c6dc1b,1,mobilitybench
mobilitybench_q_b049fa33057d980a16,mobilitybench:44525464ddae790e8c,1,mobilitybench
mobilitybench_q_a28847558bc4a52018,mobilitybench:a101c26735787e1d2f,1,mobilitybench
mobilitybench_q_23be26ca098639d14a,mobilitybench:2ca1985c6f302cbe8c,1,mobilitybench
mobilitybench_q_27952c2a431b70a572,mobilitybench:f1e11007f3bfd8425b,1,mobilitybench
mobilitybench_q_8531b910d328640136,mobilitybench:f06ab2dad677c63f98,1,mobilitybench
mobilitybench_q_0bd9046ae10a6d87a3,mobilitybench:b86355d21b8d1b5cf3,1,mobilitybench
mobilitybench_q_6a9d97f34d91c8599e,mobilitybench:b5f0e633b8ab2344f5,1,mobilitybench
mobilitybench_q_35b957e6f7284c8a86,mobilitybench:a8f4a9b554c7f5649e,1,mobilitybench
mobilitybench_q_d98e45b82dfab58c47,mobilitybench:5d1cf97ea2a1854392,1,mobilitybench
mobilitybench_q_155f0b3a7f5d8ccf0c,mobilitybench:a94a73cf111ed71cde,1,mobilitybench
mobilitybench_q_4b776e0d964ea9ece3,mobilitybench:7daf1de3d2077a9d8a,1,mobilitybench
mobilitybench_q_214838190ad83e3383,mobilitybench:658c61c2fdb5915f7c,1,mobilitybench
mobilitybench_q_4c4aaa17d90b7a2f99,mobilitybench:4d04b0f49cddf90ec7,1,mobilitybench
mobilitybench_q_aca1e82c8de484fe7c,mobilitybench:286b508e5cde6957f2,1,mobilitybench
mobilitybench_q_3d51632bcce5cc228d,mobilitybench:3e6458a1732dce7822,1,mobilitybench
mobilitybench_q_fdcfd39104a855a676,mobilitybench:f3f302a7d890f77942,1,mobilitybench
mobilitybench_q_0cae2846d87c2a4918,mobilitybench:03c027d2b18539b15d,1,mobilitybench
mobilitybench_q_94e6885ffc73149b3f,mobilitybench:36d73a09b8bcdff6a0,1,mobilitybench
mobilitybench_q_e088d24f64a1b08e47,mobilitybench:67e365fd6c8a0cc2dd,1,mobilitybench
mobilitybench_q_841a6ff7187a95511e,mobilitybench:243d99790a6c564343,1,mobilitybench
mobilitybench_q_d76ef3ae9c222543e2,mobilitybench:dac3be137cb59f7362,1,mobilitybench
mobilitybench_q_4adf36d8617055d43f,mobilitybench:0f881c8769cfad309a,1,mobilitybench
mobilitybench_q_48fd2d1a5e77405176,mobilitybench:29b8dc6e12d2c1dd8f,1,mobilitybench
mobilitybench_q_37208e3395f439456a,mobilitybench:55cea557ccc83933cf,1,mobilitybench
mobilitybench_q_8c58b7b606f06032b8,mobilitybench:23d087ed31984b8fab,1,mobilitybench
mobilitybench_q_a8f0fb4d2e7c2ddabf,mobilitybench:db38d03c558d4790bb,1,mobilitybench
mobilitybench_q_2a55c2c267c4364deb,mobilitybench:fa6d2854b0c1455a8f,1,mobilitybench
mobilitybench_q_0ab211d4ebf40e5f79,mobilitybench:ba9e50f94b2ccf5c0d,1,mobilitybench
mobilitybench_q_99a12be3189efc069f,mobilitybench:96cb216f9b982f865a,1,mobilitybench
mobilitybench_q_6055fbb077e66554b6,mobilitybench:16691690e7e885ccea,1,mobilitybench
mobilitybench_q_3e0e17150a678b0fbb,mobilitybench:4d59bf017e0d6b6755,1,mobilitybench
mobilitybench_q_3b3e43d9614cbaf306,mobilitybench:a05743403326a61378,1,mobilitybench
mobilitybench_q_9d35f0d3461fc700ea,mobilitybench:d69579ca779cf7df11,1,mobilitybench
mobilitybench_q_27d91b68bc5b9b2e8a,mobilitybench:377eb493c0a9bb1376,1,mobilitybench
mobilitybench_q_c0f32f710852e420e9,mobilitybench:76d69980af91e801e2,1,mobilitybench
mobilitybench_q_31eb2e50c1383a5781,mobilitybench:717930d587cf50daf4,1,mobilitybench
mobilitybench_q_b18130eab882bca98b,mobilitybench:7aa36740d0ccd25b70,1,mobilitybench
mobilitybench_q_93edea1dae84813fd1,mobilitybench:aac704aa2d0f474a9a,1,mobilitybench
mobilitybench_q_42c07fd91181894416,mobilitybench:f2f5242311435169fd,1,mobilitybench
mobilitybench_q_440df248e4c6babb61,mobilitybench:391baa344e2a64d1ef,1,mobilitybench
mobilitybench_q_57f78ae1fe05b68110,mobilitybench:cea6f4701cf9ac0147,1,mobilitybench
mobilitybench_q_b5d6d5439f46d2812e,mobilitybench:738878bd7b98206505,1,mobilitybench
mobilitybench_q_26d797804878bc412d,mobilitybench:c71cd42d57a170bfe7,1,mobilitybench
mobilitybench_q_cb0a01a90c1b3d4d82,mobilitybench:a67996c4d1ac51c7e9,1,mobilitybench
mobilitybench_q_0ae031dff9b9708629,mobilitybench:32ecb4a2a392de0f2f,1,mobilitybench
mobilitybench_q_6c1e80321cbcd65400,mobilitybench:9b128427062fa3a01b,1,mobilitybench
mobilitybench_q_c84160998494caced0,mobilitybench:4ffc2cca2efcc32f0a,1,mobilitybench
mobilitybench_q_0bcb46de5a35f36910,mobilitybench:8faabbd9a9e1fb68f0,1,mobilitybench
mobilitybench_q_f43b536e78cea94022,mobilitybench:5324ce6482c849c985,1,mobilitybench
mobilitybench_q_5c000159123b579dac,mobilitybench:d3bb22fc4fa7c3c015,1,mobilitybench
mobilitybench_q_4db4f37f8233b408d3,mobilitybench:25b434b06d11489ab9,1,mobilitybench
mobilitybench_q_cfb9f4f01d0aa2251d,mobilitybench:aa45b2695c0bb8cb89,1,mobilitybench
mobilitybench_q_e6c48aa3a021a41ec8,mobilitybench:4ba48dafb287a16f40,1,mobilitybench
mobilitybench_q_a28821588ad88596b9,mobilitybench:49c5e6dbb5f7e7e472,1,mobilitybench
mobilitybench_q_33fdef2d850d33d0a3,mobilitybench:8e54edc84c270508b2,1,mobilitybench
mobilitybench_q_7da07d180040c34b01,mobilitybench:9902c396f238307192,1,mobilitybench
mobilitybench_q_68338c8da7723e589a,mobilitybench:e9b2e20477cb05a76e,1,mobilitybench
mobilitybench_q_2fb7c422ac77b19aa3,mobilitybench:779c2cec57f62bd341,1,mobilitybench
mobilitybench_q_6fb062726c3251a8f7,mobilitybench:f87184be6b8e7ec5f3,1,mobilitybench
mobilitybench_q_fe9554b4cbdb876c68,mobilitybench:e6c7f7992067f1a39a,1,mobilitybench
mobilitybench_q_0e6b48e3d9458f25ed,mobilitybench:9f40b1914adf2ce740,1,mobilitybench
mobilitybench_q_876f0ff845efd33f4b,mobilitybench:d724c4fdf0694a3667,1,mobilitybench
mobilitybench_q_7ae406a4f88fc04838,mobilitybench:c7df06b9a42fb66e3c,1,mobilitybench
mobilitybench_q_2382b07afb8e341084,mobilitybench:20d95197e0a58c2ee8,1,mobilitybench
mobilitybench_q_b81a9e232aa4ed96f9,mobilitybench:d8430e47288e24f7d3,1,mobilitybench
mobilitybench_q_7cde67c91ab00867b4,mobilitybench:902bcab80c424e99f4,1,mobilitybench
mobilitybench_q_2fd9913244404c5bb0,mobilitybench:981fe3d164dd8c1177,1,mobilitybench
mobilitybench_q_aba22102aee3744399,mobilitybench:11171c357af7803f7b,1,mobilitybench
mobilitybench_q_bcc27a5adcde587e90,mobilitybench:0810f8a9d80d427fcd,1,mobilitybench
mobilitybench_q_4b9c92bede58a3376c,mobilitybench:2d84e9d38ff223ae80,1,mobilitybench
mobilitybench_q_15d33b8f763fc7c920,mobilitybench:8f707f986d618dc98e,1,mobilitybench
mobilitybench_q_7a696d066412e9bb6d,mobilitybench:27f93ba9572359db9f,1,mobilitybench
mobilitybench_q_8bc598dcbc8a64d514,mobilitybench:6e63be06d729db4fee,1,mobilitybench
mobilitybench_q_90790ea0836287c6a5,mobilitybench:056aaf74d35da27aac,1,mobilitybench
mobilitybench_q_896b6dfbaf3d14d815,mobilitybench:9779549fc9396de7dc,1,mobilitybench
mobilitybench_q_7dd5bdecc61d810f26,mobilitybench:852fbbaeabcd2f9f9f,1,mobilitybench
mobilitybench_q_5016d44282bd335210,mobilitybench:e8625534ba2b35db82,1,mobilitybench
mobilitybench_q_dcc73f24ee7b373a62,mobilitybench:69ec02b947f642afb9,1,mobilitybench
mobilitybench_q_381f54484c697df3b5,mobilitybench:8f363009bab66f9578,1,mobilitybench
mobilitybench_q_ce164867835cb666c8,mobilitybench:e2ee870e19892bd03e,1,mobilitybench
mobilitybench_q_e324a46b72a94a591e,mobilitybench:c819bab42649e3689b,1,mobilitybench
mobilitybench_q_44b81a98967e3d33e6,mobilitybench:cf0ae7e002ea983ccd,1,mobilitybench
mobilitybench_q_f2239499b7378f69f1,mobilitybench:0553476c5b17cff009,1,mobilitybench
mobilitybench_q_28b8279c2608ae7325,mobilitybench:a97188a61e7a555b42,1,mobilitybench
mobilitybench_q_d95cc1c5725a5d95cb,mobilitybench:16655d1bd2f0f3080c,1,mobilitybench
mobilitybench_q_511e49446106a7833d,mobilitybench:297a4bc25505a11bec,1,mobilitybench
mobilitybench_q_eaeb900c2f3acf9968,mobilitybench:3efbefe74bfc7e8abe,1,mobilitybench
mobilitybench_q_e604d8916579c04747,mobilitybench:145a733306c155d43e,1,mobilitybench
mobilitybench_q_449374593dad379a6e,mobilitybench:83b6f7ea6a2d00a9a8,1,mobilitybench
mobilitybench_q_d7823ff48b0c36d3da,mobilitybench:45ff917bc81c080965,1,mobilitybench
mobilitybench_q_dc7154e8a4bb94200d,mobilitybench:25195fa669ba28b1a4,1,mobilitybench
mobilitybench_q_aee1d48b7264c46b5b,mobilitybench:6964f296cf9187bde5,1,mobilitybench
mobilitybench_q_e7a3bdb0aa47be160c,mobilitybench:d5fc70c90ff71b8d1c,1,mobilitybench
mobilitybench_q_93da99186686bc11e0,mobilitybench:46164ff392d713168b,1,mobilitybench
mobilitybench_q_8d707b6692799b58d7,mobilitybench:d2b8e77604f59f5412,1,mobilitybench
mobilitybench_q_8cbefc7eff1f78fb1d,mobilitybench:89d09851250db4621d,1,mobilitybench
mobilitybench_q_f8af2ce9ef40b07f76,mobilitybench:db4eb5e8f2e0925201,1,mobilitybench
mobilitybench_q_a5cf75ced760786473,mobilitybench:a2e345e665254077f1,1,mobilitybench
mobilitybench_q_9096b82343b3decea2,mobilitybench:e7df24b7c87f2a45f2,1,mobilitybench
mobilitybench_q_da6cf6959470f5c1da,mobilitybench:0bee3713b062c620df,1,mobilitybench
mobilitybench_q_50ef6d56c12ae8f3b5,mobilitybench:7a28846358d727acfd,1,mobilitybench
mobilitybench_q_b8b0f03081eddc1103,mobilitybench:6760e2fd7592aa53f0,1,mobilitybench
mobilitybench_q_5312f4a1036ccac175,mobilitybench:72dfb3b6b6e77426ee,1,mobilitybench
mobilitybench_q_042842f5635ddb4b68,mobilitybench:d528da7ac43d8ccbe5,1,mobilitybench
mobilitybench_q_49a5fd6491afef723e,mobilitybench:7813f20c076b581a32,1,mobilitybench
mobilitybench_q_f782c1400855d6cc84,mobilitybench:5da493bac1633cf43d,1,mobilitybench
mobilitybench_q_7a7ddd6f2d618018af,mobilitybench:4d20b668bb3a94b6ab,1,mobilitybench
mobilitybench_q_3ee11c92dbea6fef85,mobilitybench:1392b72e7bf9d8d0d9,1,mobilitybench
mobilitybench_q_8fa1f2800f0862185b,mobilitybench:0918106048f0246529,1,mobilitybench
mobilitybench_q_7d50cf300e9a583d4b,mobilitybench:ac4e29e02dc810cb75,1,mobilitybench
mobilitybench_q_bb2f0aa95c14f0f939,mobilitybench:07467a61b98c6261bc,1,mobilitybench
mobilitybench_q_977b8051020f6f975a,mobilitybench:0435f213dc3b554256,1,mobilitybench
mobilitybench_q_c3c70c962bb3630932,mobilitybench:b2a466474eb0a30aae,1,mobilitybench
mobilitybench_q_cb4ce4a5fc65280181,mobilitybench:e1e9326fc87ee1d606,1,mobilitybench
mobilitybench_q_0f944bc014fa3c5448,mobilitybench:7465e24cfbfd50484d,1,mobilitybench
mobilitybench_q_d48a59aadf078a6e20,mobilitybench:fe0028d6a8784aee32,1,mobilitybench
mobilitybench_q_5fa6b834cc3f528824,mobilitybench:79bbbf4e6b58e3c3e4,1,mobilitybench
mobilitybench_q_2a31d5d6155461e31b,mobilitybench:f907793a2d009fe26b,1,mobilitybench
mobilitybench_q_71672a473e8d8c20a1,mobilitybench:a39dd8b9d2e830c36e,1,mobilitybench
mobilitybench_q_c477b1b2ebd02db324,mobilitybench:23f2e5b9cb4c472e05,1,mobilitybench
mobilitybench_q_a37e2857cea3d85960,mobilitybench:0179b39ba83058c07f,1,mobilitybench
mobilitybench_q_c81b3f459d0e11f83e,mobilitybench:d3cce3a11c8b669671,1,mobilitybench
mobilitybench_q_5e7d4e5eb6528276ef,mobilitybench:c606d69b98701e88b2,1,mobilitybench
mobilitybench_q_bda3048ef55c1d3e79,mobilitybench:52bb2c7eb8897444f8,1,mobilitybench
mobilitybench_q_b19ce5cd8f7c975c47,mobilitybench:ba629ff841887ad0e8,1,mobilitybench
mobilitybench_q_390c3343e86c2c4e36,mobilitybench:08f72eae9c191c88a6,1,mobilitybench
mobilitybench_q_46eda398d3fed8686b,mobilitybench:21f830fe6e5e83504e,1,mobilitybench
mobilitybench_q_eb49bf9df23be50c5a,mobilitybench:64e9317defb700bb7f,1,mobilitybench
mobilitybench_q_15e53e468762714a4c,mobilitybench:ff9dc8b3a400b10197,1,mobilitybench
mobilitybench_q_4fbef0233d95e363be,mobilitybench:6076bbaad50e091e04,1,mobilitybench
mobilitybench_q_ebbecdfbd383eeab37,mobilitybench:649cf93c4081b698e6,1,mobilitybench
mobilitybench_q_4c6a41de7f80f1ba7f,mobilitybench:c2e390cc3f0a910766,1,mobilitybench
mobilitybench_q_6716e1afa3fd06fe9a,mobilitybench:26cf874d667415affb,1,mobilitybench
mobilitybench_q_76a8ecb2019c9aee5e,mobilitybench:411c30946800d2e151,1,mobilitybench
mobilitybench_q_deb7693bacbb9542fc,mobilitybench:52f7aa5c0d3f930484,1,mobilitybench
mobilitybench_q_2b600e79eddbd595d3,mobilitybench:61d4455e8ba4dfdda0,1,mobilitybench
mobilitybench_q_efc1a1a9edc0932f01,mobilitybench:509fe8e344f1e098c2,1,mobilitybench
mobilitybench_q_ee2db0f261b34c685c,mobilitybench:eaae3b6049037697e3,1,mobilitybench
mobilitybench_q_caaa9d44a4dd4675e4,mobilitybench:e37a31316498251b99,1,mobilitybench
mobilitybench_q_27b1a6dbbc8b6c7dd0,mobilitybench:09254e0f72d8edf1b2,1,mobilitybench
mobilitybench_q_28caad3932e5598a0a,mobilitybench:db7d7a4b4e9de4992a,1,mobilitybench
mobilitybench_q_364ea94b1db47f5b47,mobilitybench:ddc0b6364d566bc36d,1,mobilitybench
mobilitybench_q_21c82c010f5c23a05c,mobilitybench:1dba5b9dfbe01cbbbe,1,mobilitybench
mobilitybench_q_b643f0264a735417e8,mobilitybench:fc8d5116488f816d05,1,mobilitybench
mobilitybench_q_57c5498baae75aa84c,mobilitybench:8d992a284c7df3915f,1,mobilitybench
mobilitybench_q_90c5ea35ff67aaf38c,mobilitybench:4900033d9a38843ed3,1,mobilitybench
mobilitybench_q_0407ee17ec74796e54,mobilitybench:812521248b283bf828,1,mobilitybench
mobilitybench_q_26fa687f3b162fc548,mobilitybench:92325c6c3a2cca4d67,1,mobilitybench
mobilitybench_q_3ae3d07b01580204c5,mobilitybench:cb325d9256157063aa,1,mobilitybench
mobilitybench_q_c0759ea268eea5f7e3,mobilitybench:def40180aefcdac9a7,1,mobilitybench
mobilitybench_q_1359f2ccbc38f44b05,mobilitybench:1c573023bf2f897274,1,mobilitybench
mobilitybench_q_59621f5edc95c498d8,mobilitybench:dbd4db167eccbcec23,1,mobilitybench
mobilitybench_q_8976db86eabe738646,mobilitybench:fdf5ad205e90c5d2b1,1,mobilitybench
mobilitybench_q_91c23d035359d7bcd0,mobilitybench:109b8da80b2f87a87e,1,mobilitybench
mobilitybench_q_d3f72042e119260786,mobilitybench:8d62d103fc5168ec4c,1,mobilitybench
mobilitybench_q_e21c54a1dcd7e8fc22,mobilitybench:dcb3ca62d2532dbdb8,1,mobilitybench
mobilitybench_q_7656a04c5e8060b3e1,mobilitybench:0ff37d0af28572dcb5,1,mobilitybench
mobilitybench_q_e7283fabb7c2897791,mobilitybench:e05ce9c5d04142a710,1,mobilitybench
mobilitybench_q_8c949186bddcb05a1d,mobilitybench:d5cdf80f1588435d29,1,mobilitybench
mobilitybench_q_ba2b62999aead5cd68,mobilitybench:ee084941a4a08923fe,1,mobilitybench
mobilitybench_q_cac747a30b5c660cdf,mobilitybench:3be17d2678fbf44ab9,1,mobilitybench
mobilitybench_q_4781bf0bfee7429c4f,mobilitybench:ddfe17d438294fe84f,1,mobilitybench
mobilitybench_q_8b380f24a0b17ac5ec,mobilitybench:65fb16097585ab9df5,1,mobilitybench
mobilitybench_q_60b3788b5843f02a6a,mobilitybench:bdb017bccb1c6b9426,1,mobilitybench
mobilitybench_q_16c3cd765665953b8f,mobilitybench:1b5bfc9e2c25ac06b4,1,mobilitybench
mobilitybench_q_d80bb7e3c12c82f318,mobilitybench:5473c638eccba7f610,1,mobilitybench
mobilitybench_q_cd126523a96e68b57a,mobilitybench:e63989c2b2ae776ae2,1,mobilitybench
mobilitybench_q_71713c35420d4ffd91,mobilitybench:4cdaa14b8eaaa376e0,1,mobilitybench
mobilitybench_q_b3ce47cf58496908eb,mobilitybench:66f00ee9c7d91cb28e,1,mobilitybench
mobilitybench_q_053dc0dff3b90b8028,mobilitybench:c7ed8a256c0d1e13a4,1,mobilitybench
mobilitybench_q_4238dd1d1a66e781ef,mobilitybench:ddf19090d22b8b8b7d,1,mobilitybench
mobilitybench_q_c9a716510b68253e7f,mobilitybench:8a07f2101fbc90f88d,1,mobilitybench
mobilitybench_q_6fc8dab05ba5c6ba48,mobilitybench:ca589a84d04c0cc069,1,mobilitybench
mobilitybench_q_11b55596d5fa0e9d9d,mobilitybench:acab4b44980aa97391,1,mobilitybench
mobilitybench_q_a31e862e568ed1fe2a,mobilitybench:6f527d0d0ebee92f77,1,mobilitybench
mobilitybench_q_fb131a0c25404b6ce2,mobilitybench:e4b0cf7a13d7187e97,1,mobilitybench
mobilitybench_q_bb31172700c2c83717,mobilitybench:694db957c1a1f97818,1,mobilitybench
mobilitybench_q_846a8c5b54124edc5b,mobilitybench:90081e21ceaa1daa71,1,mobilitybench
mobilitybench_q_e5589d241a451b5b96,mobilitybench:e35f69160fca784a49,1,mobilitybench
mobilitybench_q_35206d81a86b2b7c61,mobilitybench:b9d7a1d86dfb38fecf,1,mobilitybench
mobilitybench_q_673b3850659fc1a7a7,mobilitybench:f67a44b7de4fc5cd71,1,mobilitybench
mobilitybench_q_01981da6cdcbb86ee2,mobilitybench:178636cd1068a786d7,1,mobilitybench
mobilitybench_q_c03e7adabca362ade1,mobilitybench:b11bd247c0868f75a3,1,mobilitybench
mobilitybench_q_c47253cb027cb89805,mobilitybench:76008f5982ecb6f006,1,mobilitybench
mobilitybench_q_efe19dfa149e85d93b,mobilitybench:dd214457768cf7e59e,1,mobilitybench
mobilitybench_q_63f6cd6e740c058a18,mobilitybench:55e3e596d56206c2d6,1,mobilitybench
mobilitybench_q_f5da6e7b75f7fac646,mobilitybench:deb8ad966c35034944,1,mobilitybench
mobilitybench_q_5d3fd4e0aaa14cb8f1,mobilitybench:cd62b762dabd9efc0f,1,mobilitybench
mobilitybench_q_0157edeeb8212d2e4a,mobilitybench:67401b1f885c2b40f7,1,mobilitybench
mobilitybench_q_749b84715a9281029e,mobilitybench:7594a29877c79ed2a3,1,mobilitybench
mobilitybench_q_1270232082debe8f15,mobilitybench:dc3cd1b31a29379cd4,1,mobilitybench
mobilitybench_q_c97e88db59536469cd,mobilitybench:ce0f8f079e3f575f66,1,mobilitybench
mobilitybench_q_f8f49ac7f6441ff705,mobilitybench:79f180ca1c6679e3eb,1,mobilitybench
mobilitybench_q_d70dc5a6f389ac94c2,mobilitybench:a99bad54da21a244f1,1,mobilitybench
mobilitybench_q_527ce3501eabb41eab,mobilitybench:072c7b0d2d05930d02,1,mobilitybench
mobilitybench_q_33b705a09f278e312d,mobilitybench:ac2e2ca0746f14462b,1,mobilitybench
mobilitybench_q_a400149bfe47b06628,mobilitybench:3fdf5605d7121f9a6c,1,mobilitybench
mobilitybench_q_d7efcc4e964d8c5fbf,mobilitybench:e074565d48e71b03c1,1,mobilitybench
mobilitybench_q_4fdf67f36f6804ece1,mobilitybench:94429d4ad3d19a122b,1,mobilitybench
mobilitybench_q_11568eb555a4f12918,mobilitybench:344ccf95dc81830b98,1,mobilitybench
mobilitybench_q_0ed79b099d9f892178,mobilitybench:de526262a7b89970ed,1,mobilitybench
mobilitybench_q_704a463f8a963ef52f,mobilitybench:9f04641e75673e9b0e,1,mobilitybench
mobilitybench_q_fe2c4a0addf97c1015,mobilitybench:20e961e010c09b8674,1,mobilitybench
mobilitybench_q_92e8d04cfb25255312,mobilitybench:2b0ad7f0c71620f3be,1,mobilitybench
mobilitybench_q_2b9c71e9e49616ca81,mobilitybench:37cc2792e3d95d77b4,1,mobilitybench
mobilitybench_q_bcc573c117a2e578bf,mobilitybench:102ec4fbb9f2481111,1,mobilitybench
mobilitybench_q_3397c7e402d8276781,mobilitybench:009b6dc5f8bbad4d75,1,mobilitybench
mobilitybench_q_5cccd3c50227430c76,mobilitybench:1621d7adc805ab8aa8,1,mobilitybench
mobilitybench_q_62f05d4b06c3f5028a,mobilitybench:543796b338d2734c5a,1,mobilitybench
mobilitybench_q_af659ed3101c8cf0a9,mobilitybench:825fbfe2d2d149f910,1,mobilitybench
mobilitybench_q_5c5d168a0ce0d1f60e,mobilitybench:88cb6afd3177a9d5d5,1,mobilitybench
mobilitybench_q_e5d84aae28788a02d1,mobilitybench:6ed222a3675c6657ec,1,mobilitybench
mobilitybench_q_8f7e8106da2b0ac6d1,mobilitybench:3ee54e8cd3367e27c7,1,mobilitybench
mobilitybench_q_d8538fb2f1fa27d9f8,mobilitybench:277ca86c89775ff056,1,mobilitybench
mobilitybench_q_d2a05c184c9d0310cd,mobilitybench:0ad9364f437f8ce702,1,mobilitybench
mobilitybench_q_ea2beb413c0188d359,mobilitybench:ad1faa0a209aafcac8,1,mobilitybench
mobilitybench_q_c066bbafbca65187ae,mobilitybench:62b8a4e0d34a048f87,1,mobilitybench
mobilitybench_q_1ce6195b7f08023a28,mobilitybench:28191d81f2a1630f9a,1,mobilitybench
mobilitybench_q_0a03d6ca147ba94977,mobilitybench:af0e961f0da2012597,1,mobilitybench
mobilitybench_q_64cbf72de07a065e85,mobilitybench:21d1e479b51dacfb84,1,mobilitybench
mobilitybench_q_d08c22d9fb71ec072b,mobilitybench:6fa98114f29bb6dd30,1,mobilitybench
mobilitybench_q_c55d6616486c2f8a0c,mobilitybench:0d8e13376e35a7ab80,1,mobilitybench
mobilitybench_q_45ccfbe888ea90ca4a,mobilitybench:5c2bd9b1c1e5476d00,1,mobilitybench
mobilitybench_q_9113ed9ffdf822f2a2,mobilitybench:a321160c5b569e7b04,1,mobilitybench
mobilitybench_q_da6668c54eceeff2c4,mobilitybench:a0045e9ec3b15ff99b,1,mobilitybench
mobilitybench_q_e17e023b6af3a28089,mobilitybench:785bd85605d488f304,1,mobilitybench
mobilitybench_q_1b896654d177104ba3,mobilitybench:3dd87537bdb8072ff3,1,mobilitybench
mobilitybench_q_5a9bbe2f1b595ba766,mobilitybench:d38f1e65d9085cb5cd,1,mobilitybench
mobilitybench_q_49b8eb6601b09c07f9,mobilitybench:345f8967ad72b5bfe9,1,mobilitybench
mobilitybench_q_9614b80a5dfbadac68,mobilitybench:8ff6acd15fa9162d52,1,mobilitybench
mobilitybench_q_7d695f37b24057cb96,mobilitybench:a17d16705828136970,1,mobilitybench
mobilitybench_q_26bc945690d9e6cd28,mobilitybench:fa912483dc44768d4e,1,mobilitybench
mobilitybench_q_10b9c5d6ec23e7c5a5,mobilitybench:155e52a94f488b23a0,1,mobilitybench
mobilitybench_q_849fbb132d1105a1af,mobilitybench:1eea5f14f478fe7cd2,1,mobilitybench
mobilitybench_q_db5e26797350810333,mobilitybench:438af4eacabe0baaf3,1,mobilitybench
mobilitybench_q_c91594ec7d72eba0f6,mobilitybench:678e4eea8d2126aa43,1,mobilitybench
mobilitybench_q_c55db67eb5e60d19e3,mobilitybench:06b529a3b4f6ffb420,1,mobilitybench
mobilitybench_q_4da29e45275cdef931,mobilitybench:675159a247882a6374,1,mobilitybench
mobilitybench_q_89aa90a8e76fc49af1,mobilitybench:17b1b00366a9e34fc6,1,mobilitybench
mobilitybench_q_40f201f7e2c03b8809,mobilitybench:f1f311650fa84698f0,1,mobilitybench
mobilitybench_q_2c52b0a5fc0accfbf1,mobilitybench:f2494f75280f52a89f,1,mobilitybench
mobilitybench_q_80827ea4ebb466567f,mobilitybench:97157cbe7bdcee58a1,1,mobilitybench
mobilitybench_q_3f5b147ee57bc9470b,mobilitybench:16f783a2428067b3fa,1,mobilitybench
mobilitybench_q_eac3229f65733828d1,mobilitybench:580107256d1b31fe4f,1,mobilitybench
mobilitybench_q_2574f99550dab3afc2,mobilitybench:48b2a56ff7550b7ee6,1,mobilitybench
mobilitybench_q_1b601e48ea3e5f1933,mobilitybench:4b7b6a63de8c5bb906,1,mobilitybench
mobilitybench_q_614dbc3b20fadef686,mobilitybench:e23924384aa4be73ea,1,mobilitybench
mobilitybench_q_7e58f89f4490eefdbb,mobilitybench:c2df1b4d51f48b22b5,1,mobilitybench
mobilitybench_q_8163352720e0ff44f9,mobilitybench:e138bbd8feb3014cfb,1,mobilitybench
mobilitybench_q_e2354880113c7ba523,mobilitybench:3924bdafc50044f57b,1,mobilitybench
mobilitybench_q_0ab9fc9ad41080df04,mobilitybench:7678b5e3d5432d7525,1,mobilitybench
mobilitybench_q_0f89a429c370edcfc1,mobilitybench:d0a86e319053408598,1,mobilitybench
mobilitybench_q_c161ade18fb0345572,mobilitybench:b903a5a425d0d7fe74,1,mobilitybench
mobilitybench_q_a42bcda2b2f992f623,mobilitybench:3e6abb8f95c2070f90,1,mobilitybench
mobilitybench_q_65c28f817b9b838839,mobilitybench:c5b9102574e671ca5a,1,mobilitybench
mobilitybench_q_0193f1bb33ecc860a3,mobilitybench:421ad10ef946c27905,1,mobilitybench
mobilitybench_q_d7677ba12eb60baa26,mobilitybench:c9f862ad988f4067c6,1,mobilitybench
mobilitybench_q_f36f305f015ee8f54b,mobilitybench:56fbfa27798631c21f,1,mobilitybench
mobilitybench_q_cd6e2b577d05ec8fc6,mobilitybench:4cce8ffa7ab3dbda1b,1,mobilitybench
mobilitybench_q_617265b32959354fb5,mobilitybench:8bafcf7246cbeb8912,1,mobilitybench
mobilitybench_q_23c9a6a7cda29c88de,mobilitybench:f9c4472398254f2b23,1,mobilitybench
mobilitybench_q_237793de4b3197365c,mobilitybench:70d1adda27658a46af,1,mobilitybench
mobilitybench_q_b2061b7782a8cf3132,mobilitybench:ab6f3ad3acdbe0c68a,1,mobilitybench
mobilitybench_q_a313bb4a923f09db4e,mobilitybench:e985278471e0ce3842,1,mobilitybench
mobilitybench_q_5dc77c78a7c3268dcd,mobilitybench:679c14dcb902d0e7c0,1,mobilitybench
mobilitybench_q_8952e98c18615567a0,mobilitybench:294960436c060b2117,1,mobilitybench
mobilitybench_q_4ef87c06c424d1cded,mobilitybench:c2f01cb0d010b6a731,1,mobilitybench
mobilitybench_q_8a05e1e9aaeabcab45,mobilitybench:422c5619ee39002b0e,1,mobilitybench
mobilitybench_q_32be83ba6b28eb9489,mobilitybench:d70c7f7b0c19d07ac1,1,mobilitybench
mobilitybench_q_868daabbbf111b7706,mobilitybench:7954e4dd2e8832176b,1,mobilitybench
mobilitybench_q_cbcc8b0d658454dbfd,mobilitybench:1056b3de2303134c6e,1,mobilitybench
mobilitybench_q_f5ddc38117a0a66827,mobilitybench:113e0a8d32b2b4106c,1,mobilitybench
mobilitybench_q_b176adcd01e0450279,mobilitybench:82acaaf20d8c29ff56,1,mobilitybench
mobilitybench_q_5784a6e4859ec5b467,mobilitybench:69c53a98382d677204,1,mobilitybench
mobilitybench_q_aa72da7fc8564ace65,mobilitybench:16796b4ae65aa6a407,1,mobilitybench
mobilitybench_q_198cd03b0b86d8fb44,mobilitybench:79937a82d58d7fcf0c,1,mobilitybench
mobilitybench_q_0d11a422a60222da7a,mobilitybench:8346f1e3c33ba83f87,1,mobilitybench
mobilitybench_q_9bca60e7dcfd8e3656,mobilitybench:3a5b53435ee79f6b27,1,mobilitybench
mobilitybench_q_c45cf1b85b047f3a21,mobilitybench:7e57b7bb677c37ab56,1,mobilitybench
mobilitybench_q_6b7f37bc41c0a5a6a1,mobilitybench:ca21402e20e108d33f,1,mobilitybench
mobilitybench_q_d8e133d5b93bab70f8,mobilitybench:90514eaa8ac80e3fc5,1,mobilitybench
mobilitybench_q_7b3a8de7586c04e7d6,mobilitybench:43e68e310d237fae7a,1,mobilitybench
mobilitybench_q_877f110aff4fa37763,mobilitybench:f2f83d30c5114e8b6a,1,mobilitybench
mobilitybench_q_ec2c22433350d467fa,mobilitybench:ed4bc5fde8c2218979,1,mobilitybench
mobilitybench_q_6b6935f1baaee71e18,mobilitybench:88aacd8cc06d2ebcd9,1,mobilitybench
mobilitybench_q_09f0bdd655f9edabc8,mobilitybench:2b620e75e99e0278da,1,mobilitybench
mobilitybench_q_7a8e1e6ee6522e1d61,mobilitybench:9bb8154202058a1822,1,mobilitybench
mobilitybench_q_f3e1442ebd1367a041,mobilitybench:d9551910b9a9880a37,1,mobilitybench
mobilitybench_q_7d6aefa420a6e1efab,mobilitybench:304694bdc87cb0d233,1,mobilitybench
mobilitybench_q_db9a41efc8c9368563,mobilitybench:e92c0d2865ba0e92ad,1,mobilitybench
mobilitybench_q_258862bb15fe660288,mobilitybench:ed56cc0207d1811b76,1,mobilitybench
mobilitybench_q_a05bcb049354b68690,mobilitybench:d37a49db041806d422,1,mobilitybench
mobilitybench_q_9ff49a27e6cfcda556,mobilitybench:4256eaba7eefc1c022,1,mobilitybench
mobilitybench_q_faf11cab0c31b80a73,mobilitybench:428d8c0661fdb39c1b,1,mobilitybench
mobilitybench_q_e242fbe14b26e59848,mobilitybench:8de2ba1148fb9e5f9d,1,mobilitybench
mobilitybench_q_c9fac73fda15fceb1a,mobilitybench:0b5526b8d8a0742fdc,1,mobilitybench
mobilitybench_q_a9be154851f89a4575,mobilitybench:82c3aeb4013c2c89ab,1,mobilitybench
mobilitybench_q_16259e28e91f935870,mobilitybench:d691955901dc8c5afd,1,mobilitybench
mobilitybench_q_e7b32db667b464f8e8,mobilitybench:b348aa6d24adc92201,1,mobilitybench
mobilitybench_q_6da0dcfabff5ffa16b,mobilitybench:71f7563f9a6fbd2a9d,1,mobilitybench
mobilitybench_q_05787676c78bb4d2a8,mobilitybench:62efea094cf823c20c,1,mobilitybench
mobilitybench_q_98e3a49ba96a2d9120,mobilitybench:c2893420ebeb7f736b,1,mobilitybench
mobilitybench_q_fb56896a2f3c2dec87,mobilitybench:ea8c4fd0d1c2b3c36c,1,mobilitybench
mobilitybench_q_bf3ffab91b94ed7047,mobilitybench:9a2eb98f1984507d7c,1,mobilitybench
mobilitybench_q_08b3e2be7e4dcd078f,mobilitybench:f455f3e5900323cc00,1,mobilitybench
mobilitybench_q_51a83ba1b1e2b828e1,mobilitybench:64d4731975a4f91c3c,1,mobilitybench
mobilitybench_q_e461b6180956f1f56b,mobilitybench:b40ec786686fff10be,1,mobilitybench
mobilitybench_q_530564558611d1ed27,mobilitybench:4bb38f6f65fdef2fdd,1,mobilitybench
mobilitybench_q_68d2fceaa83bd8eba3,mobilitybench:0b826c97f06d0bb651,1,mobilitybench
mobilitybench_q_e8604852374810c33a,mobilitybench:3e700a12142a03a495,1,mobilitybench
mobilitybench_q_1282e38763c9a37399,mobilitybench:e52614b4283500ff93,1,mobilitybench
mobilitybench_q_adc5c110ccc088a97d,mobilitybench:5cbfbcd72a83e925a8,1,mobilitybench
mobilitybench_q_5559fdaa0b3c7b513c,mobilitybench:8ee98b1e7fd5eb42f7,1,mobilitybench
mobilitybench_q_2c9b9d649596445b8e,mobilitybench:aa7faf817c6043ba95,1,mobilitybench
mobilitybench_q_388bfa45f20fb66cb2,mobilitybench:97ee3768c72b2c1b46,1,mobilitybench
mobilitybench_q_ea86076103d6fa70da,mobilitybench:c9979570811f6d4dfb,1,mobilitybench
mobilitybench_q_40aae7f435ae1b1206,mobilitybench:0434d1c613381c80bf,1,mobilitybench
mobilitybench_q_056122bcc0cf669fe6,mobilitybench:43bae8ad534cdf9a38,1,mobilitybench
mobilitybench_q_03fcc4f7d9c684f98a,mobilitybench:1541b5305dc28252f1,1,mobilitybench
mobilitybench_q_c8f69628bc9d97d8b8,mobilitybench:8be76aea8133bc0977,1,mobilitybench
mobilitybench_q_2bf1716ae57a08f848,mobilitybench:216c96bdb3e7c9e276,1,mobilitybench
mobilitybench_q_2a308af02fb7db4fa6,mobilitybench:f477e44fd00f054a45,1,mobilitybench
mobilitybench_q_b56404e8855716b1e7,mobilitybench:51cf056c6f0423fdeb,1,mobilitybench
mobilitybench_q_6f9454d40cddd335e4,mobilitybench:cf160f8a46719da155,1,mobilitybench
mobilitybench_q_6ef279bb31c8007c8f,mobilitybench:120a0d483e1dcf0bc5,1,mobilitybench
mobilitybench_q_d1ff2ee5fe1732ab32,mobilitybench:f28c35a89525606a91,1,mobilitybench
mobilitybench_q_42dac20453c5efaf96,mobilitybench:c139c03d05b8d637da,1,mobilitybench
mobilitybench_q_886183fbed0b4f7e76,mobilitybench:4bca532f23e8b00575,1,mobilitybench
mobilitybench_q_932219822280e3e1c4,mobilitybench:ccc73ed8ba9b81d992,1,mobilitybench
mobilitybench_q_99dc3de6ae170e5173,mobilitybench:5a0dedcd0124532eac,1,mobilitybench
mobilitybench_q_2b603cdcbe658e32e0,mobilitybench:77fd2e83805ca295bf,1,mobilitybench
mobilitybench_q_9d126ecddd0294e748,mobilitybench:eaf96656e5b0553e44,1,mobilitybench
mobilitybench_q_3d266976af217957f8,mobilitybench:0e880629e3a6c7e4ee,1,mobilitybench
mobilitybench_q_50dc488107f61a9e2f,mobilitybench:418a408a8bb124dc88,1,mobilitybench
mobilitybench_q_31ac2654784f3c90de,mobilitybench:802609f294b16742d5,1,mobilitybench
mobilitybench_q_82f1a3a57c1475b316,mobilitybench:6ae512031e8315b5cc,1,mobilitybench
mobilitybench_q_2a218314fac6f1d99d,mobilitybench:4d3f88b07476b78370,1,mobilitybench
mobilitybench_q_06de32fd493f0c017b,mobilitybench:fbb92d536ce2245971,1,mobilitybench
mobilitybench_q_2da5c8f849dc0ee8aa,mobilitybench:ad447d267806628b21,1,mobilitybench
mobilitybench_q_3f29c1a7195f03b124,mobilitybench:3086e87b41b6ad962b,1,mobilitybench
mobilitybench_q_025c8cbbb49e067f69,mobilitybench:254d2c8b899a0283ee,1,mobilitybench
mobilitybench_q_1cd6b6e241b5a4204d,mobilitybench:c8d25fed359b822364,1,mobilitybench
mobilitybench_q_d3dde5f5ae48f306bf,mobilitybench:c4235313c315b114c0,1,mobilitybench
mobilitybench_q_aea6688da83a3019fd,mobilitybench:0e0c84fa612bba057b,1,mobilitybench
mobilitybench_q_f1a0d8fbb845995281,mobilitybench:899f3a3f32cc896897,1,mobilitybench
mobilitybench_q_f8f9915d17ee9cb34a,mobilitybench:c5c63dc0338554a506,1,mobilitybench
mobilitybench_q_2d48b4bd2dd197c69a,mobilitybench:29283e79105d7f2120,1,mobilitybench
mobilitybench_q_3e17f1297a92a46a0e,mobilitybench:7798e01ad53515fb21,1,mobilitybench
mobilitybench_q_b2d53fdc37ef8e607a,mobilitybench:95c64c3e56d77cf33f,1,mobilitybench
mobilitybench_q_81e3a736fbd4aad683,mobilitybench:e1e8232501c1746095,1,mobilitybench
mobilitybench_q_d9f9d422bf750f7eef,mobilitybench:23908544a867568447,1,mobilitybench
mobilitybench_q_bfd781362d446520b2,mobilitybench:468552c410d813b4d0,1,mobilitybench
mobilitybench_q_22789da5da718f646f,mobilitybench:83fc1fd541e6c70dde,1,mobilitybench
mobilitybench_q_71e3910bce21807a49,mobilitybench:9931dec9db603f0503,1,mobilitybench
mobilitybench_q_f2a50697db7623c672,mobilitybench:8f160c56cef45957d0,1,mobilitybench
mobilitybench_q_ef8626bca69e633d15,mobilitybench:a02e56e4fef8190469,1,mobilitybench
mobilitybench_q_bedab04112292bb5de,mobilitybench:bb78281cff7249da45,1,mobilitybench
mobilitybench_q_8ead6a1ca062dd58ea,mobilitybench:45fb7a3cd25f8dff54,1,mobilitybench
mobilitybench_q_10be6ea97fc402c424,mobilitybench:192783e947fd767343,1,mobilitybench
mobilitybench_q_8add002a1227b7b6d8,mobilitybench:ffb2ed70ab294ff8e2,1,mobilitybench
mobilitybench_q_055effc4f8244f7c8b,mobilitybench:431d8b4353bf1e6fc6,1,mobilitybench
mobilitybench_q_50ede2574971953671,mobilitybench:ec4fed5e404838ace2,1,mobilitybench
mobilitybench_q_f2b7a9efb43218f368,mobilitybench:a3078109df2d3996a6,1,mobilitybench
mobilitybench_q_a25afd7d3a25ccd12a,mobilitybench:b76bbdb0fd4204fa81,1,mobilitybench
mobilitybench_q_c119749df1930b9b00,mobilitybench:87724c5e1ea82fd78f,1,mobilitybench
mobilitybench_q_1633badd6a26eff950,mobilitybench:896e91436d1daac73b,1,mobilitybench
mobilitybench_q_fca4c80960471fa593,mobilitybench:2b513319c231199768,1,mobilitybench
mobilitybench_q_221af48d9dda4c2e9e,mobilitybench:ee952325484affea2d,1,mobilitybench
mobilitybench_q_e6e8abd57ab00feebc,mobilitybench:64cc1e6641159636b5,1,mobilitybench
mobilitybench_q_821eed6260fa86719d,mobilitybench:7b62aaf3409a217187,1,mobilitybench
mobilitybench_q_3542d6ecb128a84fa1,mobilitybench:25eb73d6b12690a59b,1,mobilitybench
mobilitybench_q_56353739bfa66247ee,mobilitybench:4ed77d5fc5309c6be7,1,mobilitybench
mobilitybench_q_4784ebc286c07aa633,mobilitybench:8e50238c926588e11b,1,mobilitybench
mobilitybench_q_1ceb9f416cfc42528a,mobilitybench:b8a1e94be4b298790e,1,mobilitybench
mobilitybench_q_b00ea18ab73fd45267,mobilitybench:b4b28cab47537f17c4,1,mobilitybench
mobilitybench_q_e9fb40d06fcc120e47,mobilitybench:263fa75bccefb16e07,1,mobilitybench
mobilitybench_q_9652386fe719798c5b,mobilitybench:a42f77250826048f5f,1,mobilitybench
mobilitybench_q_b2e4adc3b6256cee7e,mobilitybench:20afbb657a93b61492,1,mobilitybench
mobilitybench_q_ee5ca97f9156278cac,mobilitybench:616bb11ff0b2cbdbd0,1,mobilitybench
mobilitybench_q_a5f9424d03b289ca11,mobilitybench:7a62f303d7d5d6a044,1,mobilitybench
mobilitybench_q_979deb04da705a562d,mobilitybench:3bb5592b98fe211f43,1,mobilitybench
mobilitybench_q_ea7b78162c8cdae263,mobilitybench:6f88946187a691e547,1,mobilitybench
mobilitybench_q_c8e80116bc3661ead3,mobilitybench:fc9bfacb0caa39dc2d,1,mobilitybench
mobilitybench_q_83e9e3cf4c770db00e,mobilitybench:a45e83f34e76efda78,1,mobilitybench
mobilitybench_q_ec3fc53e1d763fc6a4,mobilitybench:dda36b55bea1ca5768,1,mobilitybench
mobilitybench_q_744015da8f58762012,mobilitybench:8dbe389bfa9217e129,1,mobilitybench
mobilitybench_q_93a62afed33fa2f755,mobilitybench:6b0e5155f02b398f96,1,mobilitybench
mobilitybench_q_f25538da5b8bfbd653,mobilitybench:4167e68d5382176aba,1,mobilitybench
mobilitybench_q_d5492c87c1225d5576,mobilitybench:3eacc1015e667eea5b,1,mobilitybench
mobilitybench_q_e2eaa2529c01f1a55b,mobilitybench:ad105bc785aa021a45,1,mobilitybench
mobilitybench_q_5ef5fda31b1973c9ad,mobilitybench:8687d2562c057d3e66,1,mobilitybench
mobilitybench_q_944edc92155586205c,mobilitybench:d4265eb18ef310359f,1,mobilitybench
mobilitybench_q_fda879669dd7232344,mobilitybench:77b73376a491cafcdc,1,mobilitybench
mobilitybench_q_734da088def6528661,mobilitybench:46d765a3d1b7f99e2a,1,mobilitybench
mobilitybench_q_13ea1f0b6cea0a5d5d,mobilitybench:91062eea79f3a6fdd0,1,mobilitybench
mobilitybench_q_b1c15a4e727a53b2c1,mobilitybench:29c8529e4aa95655f0,1,mobilitybench
mobilitybench_q_8180dc8da1b2f1efeb,mobilitybench:42fb507bf12a3ea658,1,mobilitybench
mobilitybench_q_1083f655fe430ffea7,mobilitybench:27ef11ba0787166448,1,mobilitybench
mobilitybench_q_cd3d6f765bbc6e605a,mobilitybench:edf27efa0b82c9e754,1,mobilitybench
mobilitybench_q_fea907a1d2b2b91ec3,mobilitybench:8dd10c9c024e8d4549,1,mobilitybench
mobilitybench_q_2e2f55a594d6c78eca,mobilitybench:db7a215fde8037f24c,1,mobilitybench
mobilitybench_q_9b40ab713a77720ec6,mobilitybench:8f1f6912eeb60afc24,1,mobilitybench
mobilitybench_q_01304aa0fad8fafcd1,mobilitybench:21088919d77aa94c47,1,mobilitybench
mobilitybench_q_cea44aeeb81b843d1a,mobilitybench:e328093c10f54f5219,1,mobilitybench
mobilitybench_q_b311c6cb6cf84e7781,mobilitybench:1ddb6e92fd0571d4b4,1,mobilitybench
mobilitybench_q_1745eb8d38b3214352,mobilitybench:90f816233aa5bed00d,1,mobilitybench
mobilitybench_q_a612d214374a60848c,mobilitybench:019c4eb06d9f8c19a0,1,mobilitybench
mobilitybench_q_2f680d27074f9022ee,mobilitybench:a17c7f34e80470d6e1,1,mobilitybench
mobilitybench_q_be95d41f3315a0bc97,mobilitybench:4960b47e4598ba0187,1,mobilitybench
mobilitybench_q_45166c49a0b6602db9,mobilitybench:ebb3249448791f2886,1,mobilitybench
mobilitybench_q_f290defabe818d545f,mobilitybench:3cd0670598ca97f5f0,1,mobilitybench
mobilitybench_q_c192812244707f20c8,mobilitybench:b1935fd3f30c2be0c0,1,mobilitybench
mobilitybench_q_60ffd45933f9569636,mobilitybench:c8a0162a7e4638a33b,1,mobilitybench
mobilitybench_q_d1ade2246babdd94dd,mobilitybench:987adf6dcf0d3f709a,1,mobilitybench
mobilitybench_q_c38cf0020a5774057b,mobilitybench:50fb7cc335b5b0e83a,1,mobilitybench
mobilitybench_q_8ea7cc0b9f36cba26d,mobilitybench:3d24a61a9149583f91,1,mobilitybench
mobilitybench_q_764749b2406eb3d015,mobilitybench:d2a7b4d656ed28ff4f,1,mobilitybench
mobilitybench_q_09a6382b52fb445c5b,mobilitybench:a7741a109f76816a2c,1,mobilitybench
mobilitybench_q_d690586c852d56bdff,mobilitybench:af1949582e8d64f3f0,1,mobilitybench
mobilitybench_q_dbe3820529805ecbc3,mobilitybench:b241341dde2a6ac0bd,1,mobilitybench
mobilitybench_q_b218ce618c46a71e66,mobilitybench:a8b65294878230119e,1,mobilitybench
mobilitybench_q_34f35828e0829804ac,mobilitybench:bc83eee5f1a590fcfe,1,mobilitybench
mobilitybench_q_748de0d2b53b0a5408,mobilitybench:e287ba25ee4dd8e667,1,mobilitybench
mobilitybench_q_70d2dc89715843ea8b,mobilitybench:45278082f329b8a132,1,mobilitybench
mobilitybench_q_dbaf96f2597bbadbf4,mobilitybench:6fe5c569f05589bf1a,1,mobilitybench
mobilitybench_q_2ded01102d6aa2ddab,mobilitybench:6570d86786c24dc728,1,mobilitybench
mobilitybench_q_ab368dec7564814676,mobilitybench:94071244f28aafdf96,1,mobilitybench
mobilitybench_q_fe8d9e4de72e2dd83f,mobilitybench:637f6937e83cfa7a49,1,mobilitybench
mobilitybench_q_67bff16bce766b6f9e,mobilitybench:481e33e636952b6df3,1,mobilitybench
mobilitybench_q_a29455496eabce35d0,mobilitybench:0b9a9507797a203057,1,mobilitybench
mobilitybench_q_777d9762e99e0fc1c3,mobilitybench:8535d3ac4dcb85d25d,1,mobilitybench
mobilitybench_q_4316f551c32e3db85b,mobilitybench:e7e36f31ef090ce17c,1,mobilitybench
mobilitybench_q_90474bd3daf329189d,mobilitybench:e601cf96eb7666b5e8,1,mobilitybench
mobilitybench_q_0b593e38c2244940b5,mobilitybench:e0e313d6b9ed807a08,1,mobilitybench
mobilitybench_q_35dde6065fdd652dc8,mobilitybench:b74498a2e7efa61c36,1,mobilitybench
mobilitybench_q_74f6fa6101ff78062c,mobilitybench:61f84c0aac9811b9fb,1,mobilitybench
mobilitybench_q_aab8ba69243abbf152,mobilitybench:8b72a189bf5be6e094,1,mobilitybench
mobilitybench_q_6e7b133f9e71e5cca0,mobilitybench:61c62186af5fef4b9d,1,mobilitybench
mobilitybench_q_f135cfa524820c6dcd,mobilitybench:4b63740b5abf1b133c,1,mobilitybench
mobilitybench_q_f6e7fbf6c90a2e2e21,mobilitybench:0abf3c599379bac906,1,mobilitybench
mobilitybench_q_c6595ce85283f2b799,mobilitybench:6c7c8ef061b9515ecb,1,mobilitybench
mobilitybench_q_f8c8892abc4257d816,mobilitybench:28b81e00339a3f63d5,1,mobilitybench
mobilitybench_q_520ce97b461389f10e,mobilitybench:cf3e813086953953e6,1,mobilitybench
mobilitybench_q_ad8107f1676f056f5a,mobilitybench:82365c6f1363358d5a,1,mobilitybench
mobilitybench_q_f6c4f01b0ce414bb31,mobilitybench:e8dd04a17afab3385c,1,mobilitybench
mobilitybench_q_eaf5a684829df96883,mobilitybench:1fc0c416d1a4124fda,1,mobilitybench
mobilitybench_q_cd23a6b48dfbf99c26,mobilitybench:2d1eb9090214895f66,1,mobilitybench
mobilitybench_q_5025804ab5793f6900,mobilitybench:b95f0abdd23ef5d069,1,mobilitybench
mobilitybench_q_81831b6fbb7895f92d,mobilitybench:a00f9003fce38205fd,1,mobilitybench
mobilitybench_q_4559649996993ec8eb,mobilitybench:e38fe1be5a1a249ea6,1,mobilitybench
mobilitybench_q_402827c62ef02984fc,mobilitybench:2afacbd45ff2c192cc,1,mobilitybench
mobilitybench_q_7bf554a3b783ed5d48,mobilitybench:e2808106a6639806f2,1,mobilitybench
mobilitybench_q_d3dfee2da588aa99ec,mobilitybench:68f1558539b346b174,1,mobilitybench
mobilitybench_q_d3287bd06cf5055cd9,mobilitybench:18e19bd16022ee41c6,1,mobilitybench
mobilitybench_q_ba159b7be55236a5a5,mobilitybench:c303371dd34d060394,1,mobilitybench
mobilitybench_q_59c2f462d76ac9f1a9,mobilitybench:06582c00ca0647fcf6,1,mobilitybench
mobilitybench_q_8df299b45b9a6db780,mobilitybench:d9c67732a02f1a608c,1,mobilitybench
mobilitybench_q_9cb46ba70436a7e0cf,mobilitybench:e564f906b1450e90a8,1,mobilitybench
mobilitybench_q_0f04f453ac221ebc03,mobilitybench:e105fdbd67977b5293,1,mobilitybench
mobilitybench_q_a35cb46839a9d79b7d,mobilitybench:818937773dd8c825da,1,mobilitybench
mobilitybench_q_962fd2ea15593a91b0,mobilitybench:975c984d79c8d6e9f5,1,mobilitybench
mobilitybench_q_7786de185d5e41f75e,mobilitybench:df6fd34d7fbf8a8749,1,mobilitybench
mobilitybench_q_8786e36fa4260ad108,mobilitybench:c696aaaf7e005c6567,1,mobilitybench
mobilitybench_q_b0899c6ea15b0a6792,mobilitybench:ecb32690630e6f67cb,1,mobilitybench
mobilitybench_q_be65f60fd1974d6a65,mobilitybench:dd4ac1b58e49a63791,1,mobilitybench
mobilitybench_q_c7127e4e1d6fe05568,mobilitybench:61741c978b6fa96ed2,1,mobilitybench
mobilitybench_q_b93719c846f476dad7,mobilitybench:2e8e95719d5c0acfb4,1,mobilitybench
mobilitybench_q_337ef588d7e73ab711,mobilitybench:7e087a8fd3a08eef8b,1,mobilitybench
mobilitybench_q_f04f39ff96052fc939,mobilitybench:2fddc013b1ca924dc0,1,mobilitybench
mobilitybench_q_9569dcc3d3871f4680,mobilitybench:1c78d955d4d87b53bb,1,mobilitybench
mobilitybench_q_ccc7adadee2eed6e46,mobilitybench:793b65c7409a794a6d,1,mobilitybench
mobilitybench_q_ca8125b5c6fae44246,mobilitybench:78a00bbe4ae8340a00,1,mobilitybench
mobilitybench_q_f3bdd5742529923535,mobilitybench:f0d006ebc192a60856,1,mobilitybench
mobilitybench_q_3ac1da54e64f1b9528,mobilitybench:629eb83ecd28d976a8,1,mobilitybench
mobilitybench_q_12a30a15faaaf4c276,mobilitybench:f4a2e7c522b22444d0,1,mobilitybench
mobilitybench_q_d1b1ec5e8ac27617f2,mobilitybench:8984608264f374c470,1,mobilitybench
mobilitybench_q_e978cc65b3ce8e89f7,mobilitybench:e2c8707ea7fbaa14b8,1,mobilitybench
mobilitybench_q_03b80502e8d5e5a337,mobilitybench:a7c945fa31f41b943c,1,mobilitybench
mobilitybench_q_0be8137870fd8f017b,mobilitybench:85d963efe04c2dc69a,1,mobilitybench
mobilitybench_q_0ceee64da79fe6c6d4,mobilitybench:fea02126d4ebda0770,1,mobilitybench
mobilitybench_q_a8af36e36c50d9b2d1,mobilitybench:2650d0aa800f815133,1,mobilitybench
mobilitybench_q_4fa9ecdc785ec8abaa,mobilitybench:7c0acd28a91cc020a0,1,mobilitybench
mobilitybench_q_ff26239506be793051,mobilitybench:5aeecf6b2222673e60,1,mobilitybench
mobilitybench_q_3c5d4e3e91dc699063,mobilitybench:4b8794f9a5af2910de,1,mobilitybench
mobilitybench_q_bc480715698816598a,mobilitybench:a3f107e2a1e955e8e7,1,mobilitybench
mobilitybench_q_58ee5c0bdbe8f11f70,mobilitybench:64cd3d20425777c215,1,mobilitybench
mobilitybench_q_1a95327dfe9d0d9ae1,mobilitybench:f580f4d018d05b99f8,1,mobilitybench
mobilitybench_q_7a458d1d0471b26263,mobilitybench:e5bfc50f1f7df22897,1,mobilitybench
mobilitybench_q_3c2c15baff0a0238c1,mobilitybench:74d43a2a57a7c131c0,1,mobilitybench
mobilitybench_q_3b9665b2f9a5510aad,mobilitybench:e9595d0386048e3a81,1,mobilitybench
mobilitybench_q_ae0801cf606b114de8,mobilitybench:03f93b325d31fb002f,1,mobilitybench
mobilitybench_q_8870a666f38b71465f,mobilitybench:c7f6c26d8ae0988515,1,mobilitybench
mobilitybench_q_bd83e2a63be25a4410,mobilitybench:e84d5666511fef46e5,1,mobilitybench
mobilitybench_q_f3899654f67ec43edd,mobilitybench:ed62610091a79ce264,1,mobilitybench
mobilitybench_q_90c2980bf5e51fc1c6,mobilitybench:51d62ba5d782bdba6f,1,mobilitybench
mobilitybench_q_4811742077ec822f65,mobilitybench:9ce49604746c4670ba,1,mobilitybench
mobilitybench_q_2045902aacc0d4fe22,mobilitybench:5f10d8f4e806953295,1,mobilitybench
mobilitybench_q_7cd92888843341687f,mobilitybench:357c56bbb557f1e048,1,mobilitybench
mobilitybench_q_55e676e78b9c06ee5a,mobilitybench:a472d83540e665f783,1,mobilitybench
mobilitybench_q_3e32be1b0376475f23,mobilitybench:82eeeff695105f4b5b,1,mobilitybench
mobilitybench_q_2b8a16527efac04cdd,mobilitybench:e816be9d5071b26dc7,1,mobilitybench
mobilitybench_q_55fa3aa8b1bd5e3468,mobilitybench:bffc3405c82e37820c,1,mobilitybench
mobilitybench_q_3033d9e72483f00f67,mobilitybench:d19ca8ddf567fd40ef,1,mobilitybench
mobilitybench_q_af265f725385eac029,mobilitybench:b5d431b546994282d8,1,mobilitybench
mobilitybench_q_440dd074a9c5ef3326,mobilitybench:33560ab8b7fd80c4b4,1,mobilitybench
mobilitybench_q_b054278d36cd01a281,mobilitybench:698e455fd5edf753ab,1,mobilitybench
mobilitybench_q_35ea691bed37b7c05e,mobilitybench:ae43a6cee9894c491c,1,mobilitybench
mobilitybench_q_97b5350e3eb18a1e36,mobilitybench:0ff253a314ff78aa2d,1,mobilitybench
mobilitybench_q_1911ed0af32fea5b90,mobilitybench:6ae5bb8b8f5154139a,1,mobilitybench
mobilitybench_q_445c367bc039d3fccc,mobilitybench:597452fb62a452dc71,1,mobilitybench
mobilitybench_q_c7d1979f762b6e6017,mobilitybench:c994f253ebe76b0b66,1,mobilitybench
mobilitybench_q_a01b5fad2a068f2633,mobilitybench:a88563110a343bd4bf,1,mobilitybench
mobilitybench_q_6a14017e4a1db1fb95,mobilitybench:12d50be20513252891,1,mobilitybench
mobilitybench_q_11dcc97ae7815a8f0f,mobilitybench:e448877234d1d97a16,1,mobilitybench
mobilitybench_q_a1823d440629ecf789,mobilitybench:a81f3676326638992c,1,mobilitybench
mobilitybench_q_3182cd162cfacef57d,mobilitybench:84ae907ebf6338c4e9,1,mobilitybench
mobilitybench_q_0c3b6766cc787ebaa0,mobilitybench:180612273a054a991b,1,mobilitybench
mobilitybench_q_33b49a9cadb8ec16db,mobilitybench:33670afeb122f945e0,1,mobilitybench
mobilitybench_q_26941e4982331c10a8,mobilitybench:e0e065eef4d4136b3c,1,mobilitybench
mobilitybench_q_d2aba5ef175a3fc700,mobilitybench:dfea51ac627f710ed2,1,mobilitybench
mobilitybench_q_de1ab5967cbfe23fd6,mobilitybench:8d45c9e2827b497c2a,1,mobilitybench
mobilitybench_q_f99d61e8241991bb12,mobilitybench:1d07f1662ec1c2925e,1,mobilitybench
mobilitybench_q_3235d883c873606dbc,mobilitybench:70467874cc5106079a,1,mobilitybench
mobilitybench_q_0a9c08d5e5d20086a7,mobilitybench:6dcfcf8f465706c830,1,mobilitybench
mobilitybench_q_ac0ffdc8190327168a,mobilitybench:d203b5ce5731661ce1,1,mobilitybench
mobilitybench_q_35a8ef20e73feb2b0f,mobilitybench:29b0881ca51eeeed38,1,mobilitybench
mobilitybench_q_18e36ce4f2988e2606,mobilitybench:5048e9235c6a8caacf,1,mobilitybench
mobilitybench_q_03f9ec5657d063c1db,mobilitybench:1085b2369ba32e6478,1,mobilitybench
mobilitybench_q_a599d825160f36297e,mobilitybench:a30217f679140f1588,1,mobilitybench
mobilitybench_q_2140ed1fe7c2c7b3a9,mobilitybench:1e2ff528ea7ee9f992,1,mobilitybench
mobilitybench_q_290778c97a8657c343,mobilitybench:70216caa24831568c7,1,mobilitybench
mobilitybench_q_80cd293395ec517d7e,mobilitybench:fcb0657504a97b247d,1,mobilitybench
mobilitybench_q_f3e5309b0d50a6ef23,mobilitybench:f9d4d1ec828c409e5f,1,mobilitybench
mobilitybench_q_4adff0db92f7d62ec5,mobilitybench:64d91e0774c7edb527,1,mobilitybench
mobilitybench_q_2c8a92c5ebb17326a4,mobilitybench:001ebfe2dadb745b66,1,mobilitybench
mobilitybench_q_9e86b32b537d5ec7b8,mobilitybench:74d44c445ab5d7219a,1,mobilitybench
mobilitybench_q_e729c114817e5d4410,mobilitybench:956be5438602b748c5,1,mobilitybench
mobilitybench_q_d9a0425c465f8287a5,mobilitybench:f037508f0cff124070,1,mobilitybench
mobilitybench_q_809939d72b8f51c503,mobilitybench:89560873b2aa91bd34,1,mobilitybench
mobilitybench_q_4411d5693ab385cc8b,mobilitybench:857d1245cc829948e0,1,mobilitybench
mobilitybench_q_0c78c866527a8f93ce,mobilitybench:3680ba8db79fba4df6,1,mobilitybench
mobilitybench_q_f8951f74d32b16786a,mobilitybench:ce2ab64545b904db85,1,mobilitybench
mobilitybench_q_0727346feff2e0febb,mobilitybench:c53ecc251f66e67e8b,1,mobilitybench
mobilitybench_q_18f437895db1d6dd73,mobilitybench:61154baee3208cdd6f,1,mobilitybench
mobilitybench_q_484e46eb719f52cff0,mobilitybench:40442d05db6453dc23,1,mobilitybench
mobilitybench_q_aaf648e86cfe1b848d,mobilitybench:b7eb1d73fb5a91bc9b,1,mobilitybench
mobilitybench_q_2c7c96c32a65509bf0,mobilitybench:6e015ed3c96edbe6e0,1,mobilitybench
mobilitybench_q_c7e91810174ff33451,mobilitybench:8f260138ed18abb2e6,1,mobilitybench
mobilitybench_q_cd1c24354216a2b7a6,mobilitybench:18ff6dce4e1cae1cb7,1,mobilitybench
mobilitybench_q_765ac2070e700a67f5,mobilitybench:57fd187adac53058a4,1,mobilitybench
mobilitybench_q_2cd66d5ec4ceb6d3c9,mobilitybench:1a0650dbd21c17c7b8,1,mobilitybench
mobilitybench_q_15560e003eb3fda24b,mobilitybench:c0b078314434d14442,1,mobilitybench
mobilitybench_q_bd103c142e8069c068,mobilitybench:069bc47115b7f5cf65,1,mobilitybench
mobilitybench_q_624bb18be4b6454b2a,mobilitybench:8027c3bfa1e7c37ff4,1,mobilitybench
mobilitybench_q_428f4eb803bdfe326d,mobilitybench:b94b01ea8ab531c2e4,1,mobilitybench
mobilitybench_q_fb60df9d0d0886303d,mobilitybench:cd30a3a2f070afa5ba,1,mobilitybench
mobilitybench_q_61185bf778c2ac848b,mobilitybench:7637d301ffa4f47d26,1,mobilitybench
mobilitybench_q_c8835004d247a68437,mobilitybench:d0fa3175008cca752e,1,mobilitybench
mobilitybench_q_f07be834dbe60627d1,mobilitybench:20d653cd0234094960,1,mobilitybench
mobilitybench_q_059687006e32084dc7,mobilitybench:4729f41f4616d96d90,1,mobilitybench
mobilitybench_q_6488051a8610177434,mobilitybench:f7e13c6c4fc573a9a0,1,mobilitybench
mobilitybench_q_f0deb8db4a7c7ebde5,mobilitybench:69a1d1dacc58493f0a,1,mobilitybench
mobilitybench_q_5c8cdc8dbd6b4ede48,mobilitybench:2db2b901ce0502309c,1,mobilitybench
mobilitybench_q_97d8d48cad15b3d607,mobilitybench:03cddce9ad5b2d3460,1,mobilitybench
mobilitybench_q_e31fa985114f492798,mobilitybench:9384f46f29271ecd18,1,mobilitybench
mobilitybench_q_e5cb7e48dd94c26086,mobilitybench:a22bae598786b57922,1,mobilitybench
mobilitybench_q_09292cb6281578f09e,mobilitybench:f57e12034d4aec08b6,1,mobilitybench
mobilitybench_q_b2de0394b3a3057137,mobilitybench:abd186c13ec3fe7831,1,mobilitybench
mobilitybench_q_1776cb0ac818e8816c,mobilitybench:8bf17b1e557b7d209d,1,mobilitybench
mobilitybench_q_7906f8fb0afcc1d2c5,mobilitybench:32e6fc9baa131900f7,1,mobilitybench
mobilitybench_q_84eb7fb444ffef9306,mobilitybench:e059d740da9e80baff,1,mobilitybench
mobilitybench_q_bcaeabe02015875031,mobilitybench:dd3a583976e4b6a0b0,1,mobilitybench
mobilitybench_q_7f6c5576cc2fd444b1,mobilitybench:1c33152a1b67330b82,1,mobilitybench
mobilitybench_q_e7f76b4a4832f5bba7,mobilitybench:86c765376a3a0b7675,1,mobilitybench
mobilitybench_q_d8d467c13e02ae2a10,mobilitybench:dbfd77ab22659c33e0,1,mobilitybench
mobilitybench_q_0f4561d8d5a0d40012,mobilitybench:a02626f5851aa1904d,1,mobilitybench
mobilitybench_q_8303549894cd218721,mobilitybench:674eb9052bc9411d9a,1,mobilitybench
mobilitybench_q_afb7b70342a1666531,mobilitybench:f9bf04b73227a2facd,1,mobilitybench
mobilitybench_q_9f99cc5b14c5baf2c4,mobilitybench:d66ca8959bcc293b55,1,mobilitybench
mobilitybench_q_88bcba410f19a77cba,mobilitybench:fdb7aeaaed162b94e1,1,mobilitybench
mobilitybench_q_51af50b8ddf73e6a64,mobilitybench:746a145cc7b6d6f2c9,1,mobilitybench
mobilitybench_q_8911acd5312d8b1543,mobilitybench:abc7381e5457637c71,1,mobilitybench
mobilitybench_q_d54d4b5809d4238d22,mobilitybench:002271adc429d1538e,1,mobilitybench
mobilitybench_q_e68cfef3a2ba106c83,mobilitybench:b287bb306f89a8d5bd,1,mobilitybench
mobilitybench_q_aa81b974e5cd571e96,mobilitybench:6e53ae84e6d84f7949,1,mobilitybench
mobilitybench_q_b99154c9c18f4f89e9,mobilitybench:77dac4f8ff7e71c92f,1,mobilitybench
mobilitybench_q_21888d1abab3bbc2d4,mobilitybench:d8443fe308c06dec1f,1,mobilitybench
mobilitybench_q_d38b44908c00508520,mobilitybench:473bf897d8b0a3836e,1,mobilitybench
mobilitybench_q_8e0ab8fa016b4a6f79,mobilitybench:b8b9b46740500f05f4,1,mobilitybench
mobilitybench_q_124f6a02e8ffef9a19,mobilitybench:3d9d413d0f5faedb9b,1,mobilitybench
mobilitybench_q_e993ff35013ec5f8f0,mobilitybench:96fa6cd10ea6645ce2,1,mobilitybench
mobilitybench_q_9b3ffa41901c9e6cb2,mobilitybench:6f2215558e2464ea7d,1,mobilitybench
mobilitybench_q_6608a8d39037a51bf4,mobilitybench:b4637e04bd7d0fcaf7,1,mobilitybench
mobilitybench_q_420a31f9b587bb5caa,mobilitybench:873be33a2f7fe70b11,1,mobilitybench
mobilitybench_q_daf2b1095a83166fa4,mobilitybench:07329bf76b01e743b0,1,mobilitybench
mobilitybench_q_aa5a4afb44e5bd3baf,mobilitybench:8e24905aa5dbc515a9,1,mobilitybench
mobilitybench_q_ad0fd348c6af27cd7f,mobilitybench:cfce8646dc339ed6b4,1,mobilitybench
mobilitybench_q_2188d039e1409f5d0d,mobilitybench:1dc51af10dae66c6a6,1,mobilitybench
mobilitybench_q_5de264ea4f3ec327b8,mobilitybench:a9b4fda4912001dc32,1,mobilitybench
mobilitybench_q_b2fbddd24f09b86dc0,mobilitybench:d5e6fe8e3765424cde,1,mobilitybench
mobilitybench_q_448cafb90f885dd39d,mobilitybench:41ea3d91de8cb58378,1,mobilitybench
mobilitybench_q_0aba5f4eb97ef4a26b,mobilitybench:458a49a191415562f2,1,mobilitybench
mobilitybench_q_2cd4023ae17ae4025d,mobilitybench:37b8e773558ee5af31,1,mobilitybench
mobilitybench_q_4c1a2acbc7a3d8aac8,mobilitybench:8fff14014e19374cb3,1,mobilitybench
mobilitybench_q_007327ddd04d74634b,mobilitybench:505bc8794509af2e1a,1,mobilitybench
mobilitybench_q_a8f4ce332d02093e20,mobilitybench:60c5736cd7e4aa7991,1,mobilitybench
mobilitybench_q_b08eb9a135df3abe7f,mobilitybench:64c7635675f67bab92,1,mobilitybench
mobilitybench_q_dc412d8ba0cd749dc1,mobilitybench:be1a00befe35af371f,1,mobilitybench
mobilitybench_q_764f3a86191d200b38,mobilitybench:0ef06abb648ce78a95,1,mobilitybench
mobilitybench_q_ac75f7512ce7eb1469,mobilitybench:ab6448cb0ac2d4267a,1,mobilitybench
mobilitybench_q_fe14792728a654b1b8,mobilitybench:12c84683bf8cecfc52,1,mobilitybench
mobilitybench_q_4f7ba659f0da5d9f87,mobilitybench:a80e7d4afb25f24473,1,mobilitybench
mobilitybench_q_120bd5834c67bc1f89,mobilitybench:f54df6aeca601036dc,1,mobilitybench
mobilitybench_q_086224f17e36cb02a7,mobilitybench:6d80cb7ad499e54ebc,1,mobilitybench
mobilitybench_q_479ba263b003a7265e,mobilitybench:2b1107cb3d4270c45f,1,mobilitybench
mobilitybench_q_cc09bb377e911e2345,mobilitybench:f4136fa2611448825e,1,mobilitybench
mobilitybench_q_ddbc6c8c9dc67a505f,mobilitybench:e31e8f76b64854f8ba,1,mobilitybench
mobilitybench_q_6decf0a70a659217a8,mobilitybench:b513e6416bcf4807cf,1,mobilitybench
mobilitybench_q_460d7bad4a611dcb80,mobilitybench:cca918afcc12927c25,1,mobilitybench
mobilitybench_q_ebf51d355a82be582c,mobilitybench:10a3585aa09fad035a,1,mobilitybench
mobilitybench_q_fbff743a8cc3b8206a,mobilitybench:164053e81df872d63f,1,mobilitybench
mobilitybench_q_691168c2351a336ea9,mobilitybench:c434753360b9073b75,1,mobilitybench
mobilitybench_q_6d812bb5dda2845c81,mobilitybench:f9acd19f1f026f3630,1,mobilitybench
mobilitybench_q_54a96464f2402ff107,mobilitybench:123ce7584a001b0bd6,1,mobilitybench
mobilitybench_q_5705ef30609a0e48e7,mobilitybench:a3432f6289cb4a5231,1,mobilitybench
mobilitybench_q_a492b6126279922dfa,mobilitybench:860d7a2868859f8140,1,mobilitybench
mobilitybench_q_3b16872203b8f1dc90,mobilitybench:1e51adc0aa518a9e6f,1,mobilitybench
mobilitybench_q_a69b5689b493142521,mobilitybench:8e115b747c32638b15,1,mobilitybench
mobilitybench_q_ae38a62b5b602cb201,mobilitybench:08a30ee6cb52a54483,1,mobilitybench
mobilitybench_q_5dafd1a7266f8fa8cc,mobilitybench:1631d7adf2a2a64f46,1,mobilitybench
mobilitybench_q_2c63b3430ebd7747f8,mobilitybench:c15eca6d8b4170a574,1,mobilitybench
mobilitybench_q_ef7fa2c9001b09ffb0,mobilitybench:951530286dda0597e8,1,mobilitybench
mobilitybench_q_40e77d15e3de2f0ffb,mobilitybench:8ff0e601c316ab5a4a,1,mobilitybench
mobilitybench_q_b17d7d0546a9113fc2,mobilitybench:b3ec94f2e50d13b926,1,mobilitybench
mobilitybench_q_7f4008ebf07c501b0b,mobilitybench:b66e2ba65371d8d040,1,mobilitybench
mobilitybench_q_375670d579e846be85,mobilitybench:0b4496c72df90a124c,1,mobilitybench
mobilitybench_q_9e830b9ab32b2313a4,mobilitybench:b994cb1b4c30dd76ca,1,mobilitybench
mobilitybench_q_f25b291ea701462e69,mobilitybench:bb820600fc5b291cf1,1,mobilitybench
mobilitybench_q_931fb025240a890e82,mobilitybench:bcca41bb6b1723e95e,1,mobilitybench
mobilitybench_q_41666ff1da4a377ca3,mobilitybench:413afdc60f533f9469,1,mobilitybench
mobilitybench_q_376fb118e6d6907d92,mobilitybench:dd642cc750d17f7afa,1,mobilitybench
mobilitybench_q_e2e142dfec1c22bb25,mobilitybench:614d9c752f5058d005,1,mobilitybench
mobilitybench_q_e699e3bc791f920a16,mobilitybench:2af480c96b62f4af9b,1,mobilitybench
mobilitybench_q_35aeaf4c1585b54ef4,mobilitybench:c0dfdc321b6702b24a,1,mobilitybench
mobilitybench_q_5d87eff5fa5e815418,mobilitybench:ad49f387dbef4e5aaf,1,mobilitybench
mobilitybench_q_9fbdff953d023ff653,mobilitybench:691d5507b6f2fbec64,1,mobilitybench
mobilitybench_q_c649a57ab4464e5c7e,mobilitybench:940af6b04d9ad3439c,1,mobilitybench
mobilitybench_q_2ee89db1a1e04c6beb,mobilitybench:9665184c7d59622a39,1,mobilitybench
mobilitybench_q_58bbbdf473b7590490,mobilitybench:3c79c63aaf36f01dd6,1,mobilitybench
mobilitybench_q_7ebce11c7681b30e91,mobilitybench:5dfc3557f3d7e3ddd1,1,mobilitybench
mobilitybench_q_89843f807c5777715c,mobilitybench:cd9bb6428ec91a0ced,1,mobilitybench
mobilitybench_q_3d4e3603b8d303ccd0,mobilitybench:e09b81020555a1fca7,1,mobilitybench
mobilitybench_q_20f867ee03ed5b12a3,mobilitybench:2c3b8bf866ff6dc534,1,mobilitybench
mobilitybench_q_e5b927f9c1831c3612,mobilitybench:b544ef43c95c25b467,1,mobilitybench
mobilitybench_q_d790b268adce4b4835,mobilitybench:c790f5215acf879207,1,mobilitybench
mobilitybench_q_18d85ea17dc1762b74,mobilitybench:3b0fa2613d77a6ee90,1,mobilitybench
mobilitybench_q_f7ec631d01e55df85c,mobilitybench:93a21adc6887db9b3a,1,mobilitybench
mobilitybench_q_32cb74bb3d5aa05d11,mobilitybench:6ffb48a349e7554e5a,1,mobilitybench
mobilitybench_q_b8390cec4ef465765a,mobilitybench:3d84d0e55122ccc3ff,1,mobilitybench
mobilitybench_q_30f01b71737b16f9ad,mobilitybench:f4c80850f5ddd15cd1,1,mobilitybench
mobilitybench_q_ccba930d3a0f051020,mobilitybench:3420748d07402f9b82,1,mobilitybench
mobilitybench_q_96ec19139e43ff2ca8,mobilitybench:1c2efa8beb85cfc14e,1,mobilitybench
mobilitybench_q_e28e6757caffc95c01,mobilitybench:26e338be5884129072,1,mobilitybench
mobilitybench_q_e8a778e1d798838f2b,mobilitybench:30318d563024f82852,1,mobilitybench
mobilitybench_q_b4cf585b8cde1492c2,mobilitybench:ba90a69949cd385122,1,mobilitybench
mobilitybench_q_e7ec64b20ee3a57696,mobilitybench:a1213b4ad03a077207,1,mobilitybench
mobilitybench_q_05fb6a68aea2948d3c,mobilitybench:efa0be37ca0465c763,1,mobilitybench
mobilitybench_q_cc557b8397d3212895,mobilitybench:e8c843a65d500c6471,1,mobilitybench
mobilitybench_q_7bdb6aafe1a56d0a6f,mobilitybench:7cf7904fe0e1a35cdb,1,mobilitybench
mobilitybench_q_27aac565d2e93e596a,mobilitybench:c6f3a1572e3b0a79a5,1,mobilitybench
mobilitybench_q_b73ff501467deb85c8,mobilitybench:3239d754ca9559fde7,1,mobilitybench
mobilitybench_q_2a5d10e512f40bc357,mobilitybench:fb6e75168f0604b077,1,mobilitybench
mobilitybench_q_44aee6caa341d5b01a,mobilitybench:a3746be945b06083b9,1,mobilitybench
mobilitybench_q_ff262b56f0da12e934,mobilitybench:b763c9a55f190f9478,1,mobilitybench
mobilitybench_q_31864c27c087493c62,mobilitybench:feee4c312c06907c8d,1,mobilitybench
mobilitybench_q_a948745d6b586c0126,mobilitybench:3a3e7a53a8c55c5150,1,mobilitybench
mobilitybench_q_f97ea8a9b8f4db1645,mobilitybench:64e3e9b338735a2975,1,mobilitybench
mobilitybench_q_547b402e01e5b820a8,mobilitybench:5368b96a42484e8190,1,mobilitybench
mobilitybench_q_4c5d879fec78c684e7,mobilitybench:e39fc1f80271e6d460,1,mobilitybench
mobilitybench_q_f1f143adbeb16cbe16,mobilitybench:36b0a65e7e655b15cd,1,mobilitybench
mobilitybench_q_2ab98c9e6d819d3082,mobilitybench:7bbb0bfc7a144f2e29,1,mobilitybench
mobilitybench_q_67e069bd4cbf5d23fe,mobilitybench:f62fb99386832890b3,1,mobilitybench
mobilitybench_q_cf68bc77e757d969f8,mobilitybench:222ba73d171260de89,1,mobilitybench
mobilitybench_q_c81b251c2ed6524456,mobilitybench:5a2289bad1e6000afe,1,mobilitybench
mobilitybench_q_7692109018508573a3,mobilitybench:299033029379f7d80a,1,mobilitybench
mobilitybench_q_052814bc2ee75f260e,mobilitybench:04550c96c0a87df6b4,1,mobilitybench
mobilitybench_q_41146c25fb01c091ae,mobilitybench:d4dcff7367f496ddc4,1,mobilitybench
mobilitybench_q_e2e988abc7f27b1aae,mobilitybench:b79a585eb751d07660,1,mobilitybench
mobilitybench_q_ddc8f6b102ec722677,mobilitybench:f87da62d0ef71a5337,1,mobilitybench
mobilitybench_q_63f8ab577998af1c91,mobilitybench:99b018b5f8f9a9f049,1,mobilitybench
mobilitybench_q_09706356fb2921c028,mobilitybench:94e29bf2327ab13c8c,1,mobilitybench
mobilitybench_q_d7fe953749b52c4faf,mobilitybench:761642c100b6bdc583,1,mobilitybench
mobilitybench_q_191bc47531fea0f7c6,mobilitybench:4ff53db44631581222,1,mobilitybench
mobilitybench_q_765a66beb335891fbd,mobilitybench:ac2fe5dfb3ca478be5,1,mobilitybench
mobilitybench_q_70a6450cff2af02cd9,mobilitybench:54993e4d80fd5ea69c,1,mobilitybench
mobilitybench_q_9011b3126d22bd42bf,mobilitybench:639f18d91ed51c1362,1,mobilitybench
mobilitybench_q_c0e546aa10c918b79b,mobilitybench:c5cfb955a90ebffde1,1,mobilitybench
mobilitybench_q_393f3dc8186a1510b7,mobilitybench:ef9a7cfe39003a1087,1,mobilitybench
mobilitybench_q_e0335c4a06fe7fab62,mobilitybench:7b38652233a659ca3d,1,mobilitybench
mobilitybench_q_fd0f591c54d5bc0be2,mobilitybench:66c76d47cf2ce4ba78,1,mobilitybench
mobilitybench_q_9fcc422a81df44938a,mobilitybench:3c2510ca28c4e4aed8,1,mobilitybench
mobilitybench_q_0b3d290006206553dc,mobilitybench:0dbae3a890b6b223de,1,mobilitybench
mobilitybench_q_53a40efd2c25d313f3,mobilitybench:db00867e29af372af4,1,mobilitybench
mobilitybench_q_baef2bbfc2119cacfa,mobilitybench:3eb09f2cf8d5ec87fd,1,mobilitybench
mobilitybench_q_cbcb7413d0a2595025,mobilitybench:33e067780881535fc4,1,mobilitybench
mobilitybench_q_349c73f0974fe9ebc4,mobilitybench:d3e51603f4014e7917,1,mobilitybench
mobilitybench_q_0143a1c8cb66a50aa9,mobilitybench:852b4de1193fafc258,1,mobilitybench
mobilitybench_q_257d4d37224373a6d0,mobilitybench:72365125b250fb4407,1,mobilitybench
mobilitybench_q_034eb5d59b3667da32,mobilitybench:99019709384231c450,1,mobilitybench
mobilitybench_q_f50d5d399578e231d5,mobilitybench:d1e8b220d57d5885a1,1,mobilitybench
mobilitybench_q_6f29a2aba9972b0eb5,mobilitybench:27d6542822b7bf07e5,1,mobilitybench
mobilitybench_q_f6836a10acff255ac4,mobilitybench:32f0ba31fb178acaff,1,mobilitybench
mobilitybench_q_cc37db6a83b7e8b820,mobilitybench:b57bb3d793a7384f33,1,mobilitybench
mobilitybench_q_577f76b0d7eb217a61,mobilitybench:98dfc8bc2c90ae6c01,1,mobilitybench
mobilitybench_q_f450a662267a6cf6cb,mobilitybench:87fe42d21912dc0734,1,mobilitybench
mobilitybench_q_226960ce6c403481d7,mobilitybench:fdfddd32abcd470a41,1,mobilitybench
mobilitybench_q_85f349167ac06f8f69,mobilitybench:4190fed84717714bf3,1,mobilitybench
mobilitybench_q_b038e30c24cd01996c,mobilitybench:a9d86cc9229c17c6fa,1,mobilitybench
mobilitybench_q_675e2ac669c4ae15b3,mobilitybench:a36e7b7211a1c9fcfe,1,mobilitybench
mobilitybench_q_cecf0d9f88097edc59,mobilitybench:cf12c94b515123afa9,1,mobilitybench
mobilitybench_q_c7bfbc68c7d760231f,mobilitybench:754dd4570ab83a36be,1,mobilitybench
mobilitybench_q_72938c176fff2ac080,mobilitybench:90994762b2586b62f2,1,mobilitybench
mobilitybench_q_7747274a95829d8163,mobilitybench:9dbc4979eb8c49a40e,1,mobilitybench
mobilitybench_q_c6644e558b44de52f4,mobilitybench:a0707b650669782aff,1,mobilitybench
mobilitybench_q_5ed2a30f179e1fd7b9,mobilitybench:78060eae63ad8c294b,1,mobilitybench
mobilitybench_q_830268d7b11581498e,mobilitybench:d7541e024853253fac,1,mobilitybench
mobilitybench_q_af56f6dc66d87288fa,mobilitybench:f90e3b304a8443f523,1,mobilitybench
mobilitybench_q_b517c590dd492c9613,mobilitybench:3b7e3074a8a2c3c2bd,1,mobilitybench
mobilitybench_q_aa3511e1c22bd9b03e,mobilitybench:97262b6f7d846062eb,1,mobilitybench
mobilitybench_q_876872aa763feb0496,mobilitybench:fa7920e1a972f4dc33,1,mobilitybench
mobilitybench_q_369d40b81b751134d6,mobilitybench:fd77002401b13d8195,1,mobilitybench
mobilitybench_q_f4733baddbeb2f6882,mobilitybench:b2d591c764462f45dd,1,mobilitybench
mobilitybench_q_079ebb18490a4afd70,mobilitybench:cd3c2bc71780025963,1,mobilitybench
mobilitybench_q_6b5ccf4c9b40783856,mobilitybench:956bfd13363a7e0a5d,1,mobilitybench
mobilitybench_q_36bf91f64aa89c066e,mobilitybench:21103aa7f24902c817,1,mobilitybench
mobilitybench_q_7c05db36bc91bea31e,mobilitybench:a3965b6baea8ad373f,1,mobilitybench
mobilitybench_q_9b4d30fd8f71df79a4,mobilitybench:98cb6e7f63337033a0,1,mobilitybench
mobilitybench_q_7ab800fd7c06e6de39,mobilitybench:f398df8c90973fb630,1,mobilitybench
mobilitybench_q_ebfa6a013521564098,mobilitybench:667722edbb021ab1e0,1,mobilitybench
mobilitybench_q_f5c88a006e235935e2,mobilitybench:2b684eb6b66dc032ea,1,mobilitybench
mobilitybench_q_1660c3171593625093,mobilitybench:aab0b1bdc545b64bfd,1,mobilitybench
mobilitybench_q_f67c939d23eaf9a7bd,mobilitybench:e091be399d02195b17,1,mobilitybench
mobilitybench_q_9f86cdbfd34ce6dcb0,mobilitybench:cb2f720ef488a57bfa,1,mobilitybench
mobilitybench_q_9ab91ccd295474880e,mobilitybench:ffb3bdd85cf02cb928,1,mobilitybench
mobilitybench_q_3325babdd4e4e89a6c,mobilitybench:7529df8fcbe8ec0d74,1,mobilitybench
mobilitybench_q_a4ec88edc07714fb18,mobilitybench:83630436036538700d,1,mobilitybench
mobilitybench_q_ccccbffda2c5ad8799,mobilitybench:26950f2ab6ea1715db,1,mobilitybench
mobilitybench_q_9320ae0247174f39a5,mobilitybench:21ed934d3f283c7df3,1,mobilitybench
mobilitybench_q_a1d079a45f7bc782bb,mobilitybench:cdf4410f92eebf0104,1,mobilitybench
mobilitybench_q_ecbf303150260ce3a2,mobilitybench:e377f976d3eb95e53e,1,mobilitybench
mobilitybench_q_26650bfd0f251ad505,mobilitybench:3482bfaa686b810f9e,1,mobilitybench
mobilitybench_q_ee5ce42dcd4f528a26,mobilitybench:185e8f568f9c6c7f81,1,mobilitybench
mobilitybench_q_905816407c53fe4311,mobilitybench:0f01b42ee6aa1897ea,1,mobilitybench
mobilitybench_q_3b4b23f08cd76e1b34,mobilitybench:7de58baeaf63e21f3c,1,mobilitybench
mobilitybench_q_64f588f80b9dc862ff,mobilitybench:441644287fd4162647,1,mobilitybench
mobilitybench_q_026be9492fb811ba8d,mobilitybench:6dfe7972807982778a,1,mobilitybench
mobilitybench_q_8597069f9ecebae393,mobilitybench:3ebff0cfdac5aaa89f,1,mobilitybench
mobilitybench_q_139899601e6d5a2563,mobilitybench:d19964f3f0c6bd9781,1,mobilitybench
mobilitybench_q_fa50478c1b7fd5b8d8,mobilitybench:17413dfabcd09809c4,1,mobilitybench
mobilitybench_q_16775b91b197c045f3,mobilitybench:2e102f6712ade777e3,1,mobilitybench
mobilitybench_q_4325717913420fbee6,mobilitybench:aeded0ad288c27c99c,1,mobilitybench
mobilitybench_q_e86d8950fe189ff802,mobilitybench:444680917f4fe8d010,1,mobilitybench
mobilitybench_q_d641123cc181a5a116,mobilitybench:23b089042f08737368,1,mobilitybench
mobilitybench_q_e7770dee168a117a4b,mobilitybench:80abe31ab4d543b046,1,mobilitybench
mobilitybench_q_ac2e58c01162e8ee3a,mobilitybench:8549f38403b55da848,1,mobilitybench
mobilitybench_q_949e3da922b8072736,mobilitybench:d4b033e3306f578e33,1,mobilitybench
mobilitybench_q_212662f82786c87faf,mobilitybench:02b53d886844e1bba2,1,mobilitybench
mobilitybench_q_93554fab81cb3d79c8,mobilitybench:ccd1c98ad002af97f3,1,mobilitybench
mobilitybench_q_0b68b76978f7df22a8,mobilitybench:9d56f91ef8635de8be,1,mobilitybench
mobilitybench_q_d1aba2528e277caf75,mobilitybench:0f753b9403081fb8a0,1,mobilitybench
mobilitybench_q_4081edd9d37188b879,mobilitybench:4c64297d9a3c8e8e6a,1,mobilitybench
mobilitybench_q_e549571cbbfc90f686,mobilitybench:bf2b5c8edb44a09a4e,1,mobilitybench
mobilitybench_q_b2d997c2882bc08af2,mobilitybench:99403d4a87b2e2bc08,1,mobilitybench
mobilitybench_q_6c7603ed8d3e3cb1cb,mobilitybench:8224ba8736eea950cb,1,mobilitybench
mobilitybench_q_9d21795e88e540499f,mobilitybench:3795180d68a5241e31,1,mobilitybench
mobilitybench_q_2ffa0af10a1745786b,mobilitybench:9905d700fe9091868b,1,mobilitybench
mobilitybench_q_c81a980c2381085332,mobilitybench:0149357cf757c6ae72,1,mobilitybench
mobilitybench_q_d0a073b8c809c77cce,mobilitybench:3469183ec0e4f3e1fd,1,mobilitybench
mobilitybench_q_386cfa06614d3bb2c0,mobilitybench:91ed9d9a60233e2473,1,mobilitybench
mobilitybench_q_e2f95f542dc2cb5cd8,mobilitybench:ec0229823cd41f69e9,1,mobilitybench
mobilitybench_q_889fade9aed0a1e4a7,mobilitybench:267b080c1808bc2ba0,1,mobilitybench
mobilitybench_q_68b5fd31eb7a2dd57f,mobilitybench:f2d1a4035b680246da,1,mobilitybench
mobilitybench_q_6e5951bc8406e927b6,mobilitybench:247081a6508658b54f,1,mobilitybench
mobilitybench_q_776d60b3da827279cd,mobilitybench:49637c3a4ad45809b6,1,mobilitybench
mobilitybench_q_6ffae1c2ff31f74ace,mobilitybench:c628830cc42ac6df73,1,mobilitybench
mobilitybench_q_d616333f34a879057f,mobilitybench:b34aacbe81290bdcad,1,mobilitybench
mobilitybench_q_e88806a5e549c25bb7,mobilitybench:a51496bd6ce96f2851,1,mobilitybench
mobilitybench_q_21c47fabd1b957d4be,mobilitybench:3a579dddd4972f30dd,1,mobilitybench
mobilitybench_q_f98862c86e72f7817c,mobilitybench:edbf71b6360a5f70a1,1,mobilitybench
mobilitybench_q_2ae65fa387247397c0,mobilitybench:a57c567c302a3dce66,1,mobilitybench
mobilitybench_q_df45eab1fc2194f6c3,mobilitybench:e9cf93ce48f8b63de1,1,mobilitybench
mobilitybench_q_3e912c1171f474855e,mobilitybench:c9f1aa9b1e84c89657,1,mobilitybench
mobilitybench_q_4837bfa645e50750c6,mobilitybench:0924b71816f005cb9c,1,mobilitybench
mobilitybench_q_a30df1092014ba6c87,mobilitybench:3c27827744de710896,1,mobilitybench
mobilitybench_q_ca45f67ffc26a76ab0,mobilitybench:f6fd21ec8fd3b60bbe,1,mobilitybench
mobilitybench_q_5572a5106223292984,mobilitybench:46bfd2ff594aa4b36c,1,mobilitybench
mobilitybench_q_333ba8507d33fa1e1a,mobilitybench:e6c9d9723e2eec0a2d,1,mobilitybench
mobilitybench_q_9c529d66ec96f972b4,mobilitybench:f8e5b5dbac9135d00f,1,mobilitybench
mobilitybench_q_b815514e53b43135aa,mobilitybench:1f7865c274bdd46c83,1,mobilitybench
mobilitybench_q_da3590729119cb12e6,mobilitybench:78418d0ae900f52058,1,mobilitybench
mobilitybench_q_04c6def417f174b4fd,mobilitybench:c3dda53eb9affd33c9,1,mobilitybench
mobilitybench_q_1b31883e8d59624694,mobilitybench:02d8fa1e54627b1160,1,mobilitybench
mobilitybench_q_d1c85a676e87947dc4,mobilitybench:3542582d1ba9e55580,1,mobilitybench
mobilitybench_q_7a6d69376c94b53b6c,mobilitybench:350a8b1f1ad0b03af9,1,mobilitybench
mobilitybench_q_5127274d9b1fb389da,mobilitybench:a84e89af5e2aea9836,1,mobilitybench
mobilitybench_q_525995ea2dde9bbebd,mobilitybench:d8222dc154c8ab6c38,1,mobilitybench
mobilitybench_q_06502a9601f9a379a5,mobilitybench:8b14cfac933530d744,1,mobilitybench
mobilitybench_q_cce501d012e2e3589b,mobilitybench:bac9e7c712c46af6ac,1,mobilitybench
mobilitybench_q_c69f9de2c6fdbc2612,mobilitybench:43c98c61008313ab2f,1,mobilitybench
mobilitybench_q_32788fbba8706ef4c0,mobilitybench:806691a7f4dab786a1,1,mobilitybench
mobilitybench_q_4aebd3cd8cd6a34ab7,mobilitybench:be6d4f75cead37cc7b,1,mobilitybench
mobilitybench_q_aa0e4d94200817cbf5,mobilitybench:26652c4dc658fa6dd8,1,mobilitybench
mobilitybench_q_630a2f596be417dac3,mobilitybench:fc89368ac13a28d0d4,1,mobilitybench
mobilitybench_q_821b60af952899e931,mobilitybench:bc349db415502e3dd5,1,mobilitybench
mobilitybench_q_8a862c495c0d345853,mobilitybench:c71f1483d3f5a46111,1,mobilitybench
mobilitybench_q_950e140cb5da49d42a,mobilitybench:d447db805af3115f07,1,mobilitybench
mobilitybench_q_8d32fd709df500c7b8,mobilitybench:9d5257a0413c2a581f,1,mobilitybench
mobilitybench_q_3949a59816f82e447f,mobilitybench:5d560551740e00c4b4,1,mobilitybench
mobilitybench_q_359c51e88aabb217d4,mobilitybench:e0603ff8bc8c1d95b3,1,mobilitybench
mobilitybench_q_4f7b71dacb2a8ad237,mobilitybench:eb29bec574d6c748cc,1,mobilitybench
mobilitybench_q_c258fbc75b6714f9c9,mobilitybench:94c1d148642fdc23ac,1,mobilitybench
mobilitybench_q_21333e954ae92893fe,mobilitybench:aef8f9d4656c6b172e,1,mobilitybench
mobilitybench_q_505daca2210d195c4f,mobilitybench:8ef8bcf116f1614382,1,mobilitybench
mobilitybench_q_63e28b89d3858858f4,mobilitybench:e98a80cbfbcb3b8058,1,mobilitybench
mobilitybench_q_c0d594d4d961968343,mobilitybench:0aeb9ea708fb892776,1,mobilitybench
mobilitybench_q_417c28f0ad03fb03a2,mobilitybench:3a3394c510104b7871,1,mobilitybench
mobilitybench_q_d7563d1f29c75817bc,mobilitybench:260562e8bf20bfaf78,1,mobilitybench
mobilitybench_q_333ee6113ca2fd413a,mobilitybench:d08a19bc1003a31991,1,mobilitybench
mobilitybench_q_60d1d2eafb527799e8,mobilitybench:fd95f6b97b1d80cfb1,1,mobilitybench
mobilitybench_q_57535c8b63eacad7df,mobilitybench:7455555e38e7c90c8c,1,mobilitybench
mobilitybench_q_ebf1766cf051c34929,mobilitybench:f6e2f83e0eddc9676f,1,mobilitybench
mobilitybench_q_2a40a5468b34c5f5e3,mobilitybench:69dfd7373d795bbbc6,1,mobilitybench
mobilitybench_q_4542a9bc76aa1354fd,mobilitybench:b44eaf796ccb61fc3f,1,mobilitybench
mobilitybench_q_c1e02654586cdd4c08,mobilitybench:217a14d0d9fc254708,1,mobilitybench
mobilitybench_q_c6fdab5d2d965a71cb,mobilitybench:f46211e0678a147c38,1,mobilitybench
mobilitybench_q_38299f515917b45cf0,mobilitybench:6a279b4f48e4814de2,1,mobilitybench
mobilitybench_q_0fc247bbdbfbf75027,mobilitybench:98a81d616129328f49,1,mobilitybench
mobilitybench_q_1246d59549434ee085,mobilitybench:ee9974990cadf3c624,1,mobilitybench
mobilitybench_q_118a4e83bdc4c7e19a,mobilitybench:8c3531b0f4741597ec,1,mobilitybench
mobilitybench_q_33b22bb4c5c4e61425,mobilitybench:f9b106dbf74f64ffbf,1,mobilitybench
mobilitybench_q_de8ca5b90aba760059,mobilitybench:23878db3b0629305cf,1,mobilitybench
mobilitybench_q_489e30e895a4208cbc,mobilitybench:0202dbbb0d9441b21c,1,mobilitybench
mobilitybench_q_e39488ea1ae315f0ce,mobilitybench:cabd0864cee6288f9e,1,mobilitybench
mobilitybench_q_6d620203c86b194d87,mobilitybench:86131cf755f70f4e21,1,mobilitybench
mobilitybench_q_550f60a11d047a8c12,mobilitybench:2ea182464efefb943b,1,mobilitybench
mobilitybench_q_b6578b0fbbc2e23ec1,mobilitybench:1d311d89e855f07c4b,1,mobilitybench
mobilitybench_q_1cb1d7e28e8278894b,mobilitybench:7deabc09d5da4b812a,1,mobilitybench
mobilitybench_q_19a8064fceb3facab3,mobilitybench:73371ded0798eadcb5,1,mobilitybench
mobilitybench_q_53d6e8ebf1cf6cc859,mobilitybench:a609a1d84148d91910,1,mobilitybench
mobilitybench_q_bc2257ac51e36f8b1b,mobilitybench:50247802cfc91bc336,1,mobilitybench
mobilitybench_q_dc9d9388a991ff5f25,mobilitybench:c8c1ad19b79a8de565,1,mobilitybench
mobilitybench_q_66774e1bb16b2caa4d,mobilitybench:5deb4367f90380a1bd,1,mobilitybench
mobilitybench_q_955a2767e0d22e0f56,mobilitybench:1a307956217eebcb3d,1,mobilitybench
mobilitybench_q_1c073cffc7e6221c98,mobilitybench:c0f8d2e24ffc79f621,1,mobilitybench
mobilitybench_q_6b65f271f46c57d72a,mobilitybench:1e05a6ec68bd129e43,1,mobilitybench
mobilitybench_q_82429a78b4ebcb1051,mobilitybench:a23d4248ef77a9beea,1,mobilitybench
mobilitybench_q_7f95b6b65fd0761d05,mobilitybench:8176ce209e96b994d6,1,mobilitybench
mobilitybench_q_ede4531a99bf693215,mobilitybench:6683b472d50a7f2bbe,1,mobilitybench
mobilitybench_q_6a0ec2eb43d6cea47f,mobilitybench:8400861c36cbb8aa0a,1,mobilitybench
mobilitybench_q_c4ee1b1fd443a439fe,mobilitybench:159f241d7cbaddc8fa,1,mobilitybench
mobilitybench_q_7c87fabc7a68168f7d,mobilitybench:9274ff71db4c1e08c7,1,mobilitybench
mobilitybench_q_cf284c042d6b6fa449,mobilitybench:b2fe9f76d0b9a732a8,1,mobilitybench
mobilitybench_q_ff8eb7ed97acbd0945,mobilitybench:b5eb647b3db67eeba1,1,mobilitybench
mobilitybench_q_067fe4c7c125d7fc33,mobilitybench:fa10c532240c13c2d6,1,mobilitybench
mobilitybench_q_0eaeda5ac0329269f9,mobilitybench:429af4be35c4fd81e2,1,mobilitybench
mobilitybench_q_5b35d0ff95499fb8d8,mobilitybench:40c619e8c8771ed336,1,mobilitybench
mobilitybench_q_38e2e01bd0ed963424,mobilitybench:ca17e8454530e08e8a,1,mobilitybench
mobilitybench_q_d2e4f3fd57e939af1b,mobilitybench:cce7b833db94ba7f15,1,mobilitybench
mobilitybench_q_a3c76c354186dc8df6,mobilitybench:a9bd01d7907a8a1d41,1,mobilitybench
mobilitybench_q_72edc786bd7d999f54,mobilitybench:d98102a880737bfca7,1,mobilitybench
mobilitybench_q_0cda19beeb9c29a07b,mobilitybench:96d48da1a2483d2a6d,1,mobilitybench
mobilitybench_q_ef94b5af90c2b2745c,mobilitybench:c48384c401a693a9b4,1,mobilitybench
mobilitybench_q_58d763f6c210ecc25d,mobilitybench:2af5975683960573b7,1,mobilitybench
mobilitybench_q_8d071f82e528b2c40c,mobilitybench:39a5280b6f78dd4c55,1,mobilitybench
mobilitybench_q_67b4a92c1956b3d840,mobilitybench:a56e12849dfcb808af,1,mobilitybench
mobilitybench_q_858e3db99e0efc68f8,mobilitybench:72a3ec614be72b45e6,1,mobilitybench
mobilitybench_q_d75eefbeda5d2ee4ec,mobilitybench:169999a84b959ea64e,1,mobilitybench
mobilitybench_q_0debc2ee2eff68b50f,mobilitybench:b789753a0dc8359b59,1,mobilitybench
mobilitybench_q_1835238b010e08a561,mobilitybench:509fe8e344f1e098c2,1,mobilitybench
mobilitybench_q_1f1985dae77f7cd02d,mobilitybench:bc1e959302b7c684e2,1,mobilitybench
mobilitybench_q_dc14740bf589fbf413,mobilitybench:1e572d3f659cc1f81b,1,mobilitybench
mobilitybench_q_636868ab38ffeceb30,mobilitybench:1d4cbe2ad36a35927c,1,mobilitybench
mobilitybench_q_fb68f8fd17723b4c10,mobilitybench:b45447e90221afab10,1,mobilitybench
mobilitybench_q_b302dba87035452c65,mobilitybench:aa3dbc4ef16ee40132,1,mobilitybench
mobilitybench_q_8269ea7416ff6b6a3d,mobilitybench:34b7d0394b5d6f10c2,1,mobilitybench
mobilitybench_q_8c178df144a023dd0c,mobilitybench:16502871d42dbdfe79,1,mobilitybench
mobilitybench_q_c01a0a1666856ba36f,mobilitybench:ce4afa67e1ade6c389,1,mobilitybench
mobilitybench_q_689f4d8f89e95064d7,mobilitybench:34a4d08bf3a2d6bf4e,1,mobilitybench
mobilitybench_q_84b0582cd8f97f8ead,mobilitybench:098958f19779c72aa6,1,mobilitybench
mobilitybench_q_8bd6f8468bf48536f4,mobilitybench:743599fbb94d23314d,1,mobilitybench
mobilitybench_q_e55fa31e5f624d7a6f,mobilitybench:20e3662448d54438ca,1,mobilitybench
mobilitybench_q_ea4184bac1012710e9,mobilitybench:596906d9797786d10d,1,mobilitybench
mobilitybench_q_45123111dc308ad4a7,mobilitybench:c406e5bcf108c355bc,1,mobilitybench
mobilitybench_q_896f8500b48537e02f,mobilitybench:8a045ce2b3a209eb1e,1,mobilitybench
mobilitybench_q_7152ccc75e49ee3857,mobilitybench:44e88045a5f6302be5,1,mobilitybench
mobilitybench_q_11550eb588516a1926,mobilitybench:7dde899c371729ef3c,1,mobilitybench
mobilitybench_q_f8a34c7797bc5500f7,mobilitybench:fc610a7f8113972c9f,1,mobilitybench
mobilitybench_q_3ad410536e9375f1e4,mobilitybench:7638be1340670a992e,1,mobilitybench
mobilitybench_q_06876f3510e8b7eca4,mobilitybench:8c4af0fd91f6f07084,1,mobilitybench
mobilitybench_q_e26ca5e3fccdca62e6,mobilitybench:c2ce972ac89e4f44dd,1,mobilitybench
mobilitybench_q_4537226527ddaa16fd,mobilitybench:8f1e518ae3e941b6da,1,mobilitybench
mobilitybench_q_8f9a19076f2072a88f,mobilitybench:af6c881eeba8839070,1,mobilitybench
mobilitybench_q_ea11002e62c7886814,mobilitybench:a31b67ed9f99999f08,1,mobilitybench
mobilitybench_q_f626fbca7741837fe1,mobilitybench:989e4ccfa647931abf,1,mobilitybench
mobilitybench_q_abfc183b09bdbb933b,mobilitybench:d24d84f1ae81e5ec39,1,mobilitybench
mobilitybench_q_0fa68ef1bdb1bc04f6,mobilitybench:0f0bcd3341273f2187,1,mobilitybench
mobilitybench_q_c0d867d3595adcd86b,mobilitybench:6a1cda01f571befd25,1,mobilitybench
mobilitybench_q_20dd52dce6698710fe,mobilitybench:591a21fe016ce9b965,1,mobilitybench
mobilitybench_q_116eb5378667c19c6a,mobilitybench:6cc9faf03790465d92,1,mobilitybench
mobilitybench_q_a25311f5aa99e6cb8f,mobilitybench:3a0356ca785b9e4e0b,1,mobilitybench
mobilitybench_q_05e0d5742fe4cf2dd5,mobilitybench:6c51194325c15e79fb,1,mobilitybench
mobilitybench_q_4bd5367b77fb165a3d,mobilitybench:ecad38ba5babe37388,1,mobilitybench
mobilitybench_q_641606b852f63de49a,mobilitybench:81ecbf948c586474ad,1,mobilitybench
mobilitybench_q_304539024d604f567d,mobilitybench:aea839ae14fdc37f1e,1,mobilitybench
mobilitybench_q_1bca952aafe8cfd6ba,mobilitybench:5d614735119815c602,1,mobilitybench
mobilitybench_q_36dd61944aa7b9a9ce,mobilitybench:8c3002ecab1f61d25c,1,mobilitybench
mobilitybench_q_52b1d4790b7338a134,mobilitybench:0e361ba6495cf1b15f,1,mobilitybench
mobilitybench_q_815e30ca7787f34455,mobilitybench:115cd873eb23df4466,1,mobilitybench
mobilitybench_q_cae0cbdc3edb7d3090,mobilitybench:06ccf2aab202c5e766,1,mobilitybench
mobilitybench_q_451ddd90ad813b8c56,mobilitybench:84bd8d37fa07617991,1,mobilitybench
mobilitybench_q_53143ec54b59478d7c,mobilitybench:7ca3eddfad2603a83d,1,mobilitybench
mobilitybench_q_ee5ee02a7ebf5b3898,mobilitybench:7a499fef2ede22edae,1,mobilitybench
mobilitybench_q_bfc6399abc260e3888,mobilitybench:a479c21e876c2193a1,1,mobilitybench
mobilitybench_q_ac71133c4e5eb6f4d8,mobilitybench:853d544b0605057a77,1,mobilitybench
mobilitybench_q_911cfcdeb3769bafc1,mobilitybench:2a97dd20edea34c029,1,mobilitybench
mobilitybench_q_937880a0bd97bb8c9b,mobilitybench:207b64b1d6183e2efd,1,mobilitybench
mobilitybench_q_8e856cc3b9bc51f2c3,mobilitybench:701105734db2812eef,1,mobilitybench
mobilitybench_q_0d5cbf39e15c5ade12,mobilitybench:8c918f7a31b2dd09ef,1,mobilitybench
mobilitybench_q_42c27075370ddbf8ea,mobilitybench:a0bb4c9c337c4c814b,1,mobilitybench
mobilitybench_q_2adfc592c21263e4c5,mobilitybench:07c53e4f402f8a0301,1,mobilitybench
mobilitybench_q_f117a7d35d40a76cec,mobilitybench:c51c12423adda3a635,1,mobilitybench
mobilitybench_q_9d54aa46180583ab1c,mobilitybench:b3e8e998cdb39fe9ae,1,mobilitybench
mobilitybench_q_3bace5e2bc8cd79800,mobilitybench:b7c3bab2c2c59e33d1,1,mobilitybench
mobilitybench_q_6dcc54b5b1ad382094,mobilitybench:2fc35c5312e8e4c71e,1,mobilitybench
mobilitybench_q_b2fb49a473258e6cea,mobilitybench:89c6626489995e450e,1,mobilitybench
mobilitybench_q_652e0098023d893e80,mobilitybench:4ec7042081aa8d5041,1,mobilitybench
mobilitybench_q_091adb69a879dadcb0,mobilitybench:cfd839b84d511e9df1,1,mobilitybench
mobilitybench_q_0d79d1acba3dd58c7e,mobilitybench:1361a26299f9d5dc01,1,mobilitybench
mobilitybench_q_21fbc34d3447b5aa78,mobilitybench:b25fd52a54372bec58,1,mobilitybench
mobilitybench_q_f61d84c7a123441acf,mobilitybench:3611933ce7ade178a2,1,mobilitybench
mobilitybench_q_fd2f4f73854ab3740e,mobilitybench:8b9840ffbaf93cbd5c,1,mobilitybench
mobilitybench_q_d41bfaf6f137174efa,mobilitybench:d1db585b454aabbb25,1,mobilitybench
mobilitybench_q_772c40c84cfa46d242,mobilitybench:b39549a422ceb3d2cf,1,mobilitybench
mobilitybench_q_0b8731a951c9b5fe16,mobilitybench:36236d9754111178ec,1,mobilitybench
mobilitybench_q_ab6bb4e73017bc058e,mobilitybench:b44f9fec108a65c434,1,mobilitybench
mobilitybench_q_27e16798cc3e531b27,mobilitybench:33d8a4f7ed340c392b,1,mobilitybench
mobilitybench_q_c6ce3bff873df51761,mobilitybench:69a37447879ab0677e,1,mobilitybench
mobilitybench_q_86c163d938c0bb1597,mobilitybench:39328d947fb1c95834,1,mobilitybench
mobilitybench_q_94042d84a74caa9b5d,mobilitybench:105b218fb1112798b8,1,mobilitybench
mobilitybench_q_f8b9851cfe18537f4b,mobilitybench:a6864b5f6b44619ee9,1,mobilitybench
mobilitybench_q_b7920e1fea2a9eb473,mobilitybench:6f3257ee2b88c18444,1,mobilitybench
mobilitybench_q_f5ae5368ad91fdd826,mobilitybench:1f8a5133a2b88daa57,1,mobilitybench
mobilitybench_q_4c4d450adc1d6384db,mobilitybench:308d7d2b7ef8101348,1,mobilitybench
mobilitybench_q_0f2ccab0ee0fb8f8bd,mobilitybench:b4a01d3aea36818995,1,mobilitybench
mobilitybench_q_94659c7c191c46368b,mobilitybench:2aea376eb1cc9cc336,1,mobilitybench
mobilitybench_q_9732d33c6fcd69a470,mobilitybench:465b27872719fd48d4,1,mobilitybench
mobilitybench_q_e4e9d9132924d57875,mobilitybench:13f429feb16a5ec438,1,mobilitybench
mobilitybench_q_0eb75f341834ac0412,mobilitybench:a37d479086df966ae7,1,mobilitybench
mobilitybench_q_5ccc13935ac2038bbc,mobilitybench:02fa74e20765af0ce5,1,mobilitybench
mobilitybench_q_c887a47850e0d7a301,mobilitybench:77dd1b006a2d46799a,1,mobilitybench
mobilitybench_q_ffc0596bc9a370d352,mobilitybench:e8a33af704cabe3ede,1,mobilitybench
mobilitybench_q_7407baf86f7bf1627d,mobilitybench:27aba7cfe11d22f83d,1,mobilitybench
mobilitybench_q_ffed5bf0663056de38,mobilitybench:b110b52999ddd10064,1,mobilitybench
mobilitybench_q_40c6a621483abde89c,mobilitybench:168ad99e89d5391ab8,1,mobilitybench
mobilitybench_q_2ff908e98fd2d87f12,mobilitybench:0282470d75091788b0,1,mobilitybench
mobilitybench_q_cc7970670b296939a5,mobilitybench:c33e25350e4539b4cb,1,mobilitybench
mobilitybench_q_bf7cd97f4a4136ad8d,mobilitybench:97436cea4b9c3e60e1,1,mobilitybench
mobilitybench_q_8e47c447646553a6a5,mobilitybench:de92396efab7305e16,1,mobilitybench
mobilitybench_q_e52fd688ef59decc20,mobilitybench:3495094b68e4dc63a1,1,mobilitybench
mobilitybench_q_4edd5fa83f4a46ff96,mobilitybench:668b43fc5f66b9357a,1,mobilitybench
mobilitybench_q_becb3fb1531bf8430d,mobilitybench:c3c0bb7e5d22da96f2,1,mobilitybench
mobilitybench_q_b03c9122eccb68787b,mobilitybench:98e7fa4527d0ee0505,1,mobilitybench
mobilitybench_q_cc5bd8c872a1016205,mobilitybench:6485a4b5a55386ba60,1,mobilitybench
mobilitybench_q_f277ec513c6cdbf1ba,mobilitybench:e3691ae33f2350d4e7,1,mobilitybench
mobilitybench_q_6464a722c7a557527c,mobilitybench:f0d7b3772f6057e2bd,1,mobilitybench
mobilitybench_q_6a31b43166695e8c8c,mobilitybench:e9c5a69bacbdee05ee,1,mobilitybench
mobilitybench_q_c298d36d7d85536509,mobilitybench:5f57ed3d57b6985079,1,mobilitybench
mobilitybench_q_cd153127ee18374539,mobilitybench:64073a58478caa463f,1,mobilitybench
mobilitybench_q_fec9defcf9bd2f5aad,mobilitybench:79bd848cb971df6ee4,1,mobilitybench
mobilitybench_q_62744bf14237d85ec1,mobilitybench:e3c70a9e85dcb6d5ae,1,mobilitybench
mobilitybench_q_3c39439419ac0d6b56,mobilitybench:f7393190aa6a98b325,1,mobilitybench
mobilitybench_q_728b137efec8c3db5b,mobilitybench:fda5fa39457691c2aa,1,mobilitybench
mobilitybench_q_2c52beb51306de84cb,mobilitybench:2eb036557834d4df11,1,mobilitybench
mobilitybench_q_bce4be235fe3dff35a,mobilitybench:7912bb332992b166b2,1,mobilitybench
mobilitybench_q_0f79b4453755c4811d,mobilitybench:a0a5747b2f254f7f3b,1,mobilitybench
mobilitybench_q_9050f81d9edafdfd35,mobilitybench:571748402d1e93a47c,1,mobilitybench
mobilitybench_q_d8337454e3acfbdd90,mobilitybench:2402eff15e314557b4,1,mobilitybench
mobilitybench_q_2d03ac533821161b6e,mobilitybench:5982d6bd7e4ec61c5a,1,mobilitybench
mobilitybench_q_82448c611fc660fe99,mobilitybench:0c4a5b2dfc6e6688f7,1,mobilitybench
mobilitybench_q_3d9dcf3fbf171c5298,mobilitybench:a52aeb04b3d8df34fa,1,mobilitybench
mobilitybench_q_1157b499f7e974911d,mobilitybench:cdefab2a496b57c4eb,1,mobilitybench
mobilitybench_q_f81149d1a9e025e1e5,mobilitybench:a12e627ece3c2b9385,1,mobilitybench
mobilitybench_q_a70435cf5f2263d71e,mobilitybench:4a5b5ef7a2e1f84535,1,mobilitybench
mobilitybench_q_e4bc2622b2201b868b,mobilitybench:cec7b35198c512447e,1,mobilitybench
mobilitybench_q_d900cd3d7f9e2d8916,mobilitybench:41ad7d5037222aae57,1,mobilitybench
mobilitybench_q_17fdf512c37891265f,mobilitybench:7307583987c5983cdb,1,mobilitybench
mobilitybench_q_26ce7732e6dce6c962,mobilitybench:1e66a6728d662c25df,1,mobilitybench
mobilitybench_q_42bcc95a657f25c5b4,mobilitybench:ce282e54c10ca46f94,1,mobilitybench
mobilitybench_q_367e32f169b93aea6f,mobilitybench:6b7228a5a026446904,1,mobilitybench
mobilitybench_q_1ce76333f1b48cb18e,mobilitybench:08b9134fd8b8f3ac41,1,mobilitybench
mobilitybench_q_a82900046937df8055,mobilitybench:5fbfd2f0128826c85e,1,mobilitybench
mobilitybench_q_927137382008244313,mobilitybench:a90ac149109e66b443,1,mobilitybench
mobilitybench_q_9108d69eed80aea398,mobilitybench:69e0a132882a16d831,1,mobilitybench
mobilitybench_q_650ff671f6e2fc2dd0,mobilitybench:85b80db3ce259626a9,1,mobilitybench
mobilitybench_q_263e8c73b8d2d1727f,mobilitybench:ae6a51ec33c6f24e1c,1,mobilitybench
mobilitybench_q_5a5d1eb3e90ee59911,mobilitybench:0473c83f42cd24e374,1,mobilitybench
mobilitybench_q_1c543dd80954d3ad21,mobilitybench:f57318430247cac838,1,mobilitybench
mobilitybench_q_341cd2df502a06503f,mobilitybench:bebe939fa9977f6fcd,1,mobilitybench
mobilitybench_q_14e93d29d11e81a233,mobilitybench:8328816f0653b20338,1,mobilitybench
mobilitybench_q_200d00ad9e6c0e52fd,mobilitybench:457d02189131b6cf35,1,mobilitybench
mobilitybench_q_e370753f1a153e2cb7,mobilitybench:fe3c92590c47e563e9,1,mobilitybench
mobilitybench_q_1ad14b77908b49b569,mobilitybench:0aae4a6b2eba23cf69,1,mobilitybench
mobilitybench_q_6ae95ae61539aed4aa,mobilitybench:76e02e6c2ee3ac088a,1,mobilitybench
mobilitybench_q_3e45fedcece99bd8df,mobilitybench:fbc9c5290633ec78bc,1,mobilitybench
mobilitybench_q_0033b83a91c2f69ceb,mobilitybench:c34255e669c82be519,1,mobilitybench
mobilitybench_q_6fa17fc96f90b7b310,mobilitybench:311d75bf41b8f6d362,1,mobilitybench
mobilitybench_q_7972510d28882de5c5,mobilitybench:8338d526a630742b9f,1,mobilitybench
mobilitybench_q_603119f8b8ec4eec7a,mobilitybench:0999076fa7b8c94ded,1,mobilitybench
mobilitybench_q_0348dfc83b7c11e603,mobilitybench:216fd7796db9f36640,1,mobilitybench
mobilitybench_q_e29a998b013716b429,mobilitybench:6d3412e731f2c80c6a,1,mobilitybench
mobilitybench_q_e3d51ee5fbd564fb3f,mobilitybench:3e140ac00d0318c6f4,1,mobilitybench
mobilitybench_q_139563b6064e1c7c0f,mobilitybench:71ba7aaa9605202c79,1,mobilitybench
mobilitybench_q_85a54aa8008d33a2a1,mobilitybench:78f86ebbb62af1fbe5,1,mobilitybench
mobilitybench_q_726f76642038e1655a,mobilitybench:df7c7c6e7756c91e52,1,mobilitybench
mobilitybench_q_8d3dbe7fe86a763997,mobilitybench:c0fcce40d152fd10fc,1,mobilitybench
mobilitybench_q_8521badd7b2c129172,mobilitybench:159667cfaa5d85d42f,1,mobilitybench
mobilitybench_q_cb5181b74833ef0218,mobilitybench:ed6b9b920dc2d56112,1,mobilitybench
mobilitybench_q_fdb0c927219cff64a7,mobilitybench:f9e125d612a65d48c0,1,mobilitybench
mobilitybench_q_489e4812e077f69a28,mobilitybench:7161e38499f1ba0a59,1,mobilitybench
mobilitybench_q_77fb0093a945082ed0,mobilitybench:cefef9d55ca9c2bf96,1,mobilitybench
mobilitybench_q_d252664a6d407ed405,mobilitybench:80042140a85f818f63,1,mobilitybench
mobilitybench_q_b81350a26a01607dea,mobilitybench:69322d2f9edb171e92,1,mobilitybench
mobilitybench_q_6b9a90f08ccd1370b5,mobilitybench:b8b30acf4d2f9cc56b,1,mobilitybench
mobilitybench_q_77a4c7e66074495030,mobilitybench:a21ffed3748abd68e0,1,mobilitybench
mobilitybench_q_4a803f3129fadc7cf9,mobilitybench:63769c082629c5e452,1,mobilitybench
mobilitybench_q_51476f15a31097b20c,mobilitybench:542e8fef54fb3b90f2,1,mobilitybench
mobilitybench_q_c94957387ae7331d1b,mobilitybench:2086e010142bab5531,1,mobilitybench
mobilitybench_q_f45cd6a3f73c6c2feb,mobilitybench:e115bff21b7deb806f,1,mobilitybench
mobilitybench_q_879fb48564b73ff592,mobilitybench:1b392c686f2c3ddb4b,1,mobilitybench
mobilitybench_q_2c85290236d34a8db0,mobilitybench:25d63766621a84d710,1,mobilitybench
mobilitybench_q_ec6de73f390cf4882b,mobilitybench:0e9ae6f361a6783716,1,mobilitybench
mobilitybench_q_76ab7a65c73a94a5ef,mobilitybench:b1cc07aa8d08e98017,1,mobilitybench
mobilitybench_q_6773676467a4aa7dc3,mobilitybench:f3b39ba46645598819,1,mobilitybench
mobilitybench_q_5cc7534a5bc294735c,mobilitybench:07135da5330f19c44a,1,mobilitybench
mobilitybench_q_2e12bddb0b96b5b96b,mobilitybench:75d803f0232757a5dd,1,mobilitybench
mobilitybench_q_4eab8931477467fad7,mobilitybench:d2d01fa187e40d37ba,1,mobilitybench
mobilitybench_q_6619aba8d690456006,mobilitybench:589f426bd36795e070,1,mobilitybench
mobilitybench_q_96f6e7228cd33a1f31,mobilitybench:8c74bd18287b2f3d02,1,mobilitybench
mobilitybench_q_a24a8a3da9f611d403,mobilitybench:d775d5d81f2398c148,1,mobilitybench
mobilitybench_q_edb0e74f3284cdd62d,mobilitybench:103ebbf2d4d3ea905b,1,mobilitybench
mobilitybench_q_bcb1870ec737bfa646,mobilitybench:02c98ceb0d0d0087ab,1,mobilitybench
mobilitybench_q_7d1ed461d1b4a79958,mobilitybench:2e2af4deb3eda23028,1,mobilitybench
mobilitybench_q_baace06702676f2222,mobilitybench:f6416125468c1e1659,1,mobilitybench
mobilitybench_q_0692b2e88163b72156,mobilitybench:48da69cd48d4300884,1,mobilitybench
mobilitybench_q_1d6039b232b36d94ba,mobilitybench:69f6d44a32a7cef66b,1,mobilitybench
mobilitybench_q_1b121747a145c99f2a,mobilitybench:cd4db9d2e1a4d5a8fc,1,mobilitybench
mobilitybench_q_53a528c00c8dc9fdd0,mobilitybench:4d9411a3441314a2d1,1,mobilitybench
mobilitybench_q_33175b64af06dc7c81,mobilitybench:595d5d3e63a15e7cb6,1,mobilitybench
mobilitybench_q_f2d4bc785c6ef7464c,mobilitybench:30599685b0d57bf551,1,mobilitybench
mobilitybench_q_2f4e99cfe65f273264,mobilitybench:a93bfae1571d11a9f7,1,mobilitybench
mobilitybench_q_790c304d19405da79a,mobilitybench:596b26d3f5b02fb82b,1,mobilitybench
mobilitybench_q_6333bb8e92c0124bab,mobilitybench:431d7e71d1356b6ff7,1,mobilitybench
mobilitybench_q_13079b3cac535404b3,mobilitybench:a01231e2f699847204,1,mobilitybench
mobilitybench_q_0079a5825e6106314e,mobilitybench:3f061f320e97a061ef,1,mobilitybench
mobilitybench_q_f252cfd96d50202589,mobilitybench:199bc521ab57693dc5,1,mobilitybench
mobilitybench_q_14e4f04aa8d1923c4c,mobilitybench:49c09d2d5b1c367901,1,mobilitybench
mobilitybench_q_7d120f495c3cc25208,mobilitybench:e7fd4ded3857d60d8c,1,mobilitybench
mobilitybench_q_28a87ce1e8a0baca36,mobilitybench:1d4fdb76b4da18fa15,1,mobilitybench
mobilitybench_q_83981ec82747f8ae2d,mobilitybench:af7159910de63505e4,1,mobilitybench
mobilitybench_q_ec7d798f6ae15b3edf,mobilitybench:d5d29765aebfd1abce,1,mobilitybench
mobilitybench_q_46fd578daa00a92816,mobilitybench:c1a1cb24f810f7f93c,1,mobilitybench
mobilitybench_q_22c5966b66dece83da,mobilitybench:f4e4d5af0b1cd29346,1,mobilitybench
mobilitybench_q_35f9b6e9cfa267ac46,mobilitybench:0f4d4375b35ef55881,1,mobilitybench
mobilitybench_q_5510df94af8e18a22d,mobilitybench:a26ae99553522001fb,1,mobilitybench
mobilitybench_q_34e17080ebd422401c,mobilitybench:d6d18585ef5b89f76e,1,mobilitybench
mobilitybench_q_46e571b0b6826f3f23,mobilitybench:ca03d826c127a95eb8,1,mobilitybench
mobilitybench_q_0d66a3699eb9747e52,mobilitybench:8282a865e6eebdfe34,1,mobilitybench
mobilitybench_q_7dd37c3c2650701417,mobilitybench:95e4d689d939c01cd8,1,mobilitybench
mobilitybench_q_4be46ba8513bd6897b,mobilitybench:1fa13f940f6749855e,1,mobilitybench
mobilitybench_q_f931bcb1102767e2ad,mobilitybench:fdfa2504a9befba954,1,mobilitybench
mobilitybench_q_84a9c220cb58144586,mobilitybench:802ff361f77a86975c,1,mobilitybench
mobilitybench_q_27e1fc70c3b2e35a0a,mobilitybench:dcbc75063254185bc6,1,mobilitybench
mobilitybench_q_7bfad2a63ba56b223c,mobilitybench:6353aa9fb2f42f09d7,1,mobilitybench
mobilitybench_q_03f8d410097cda56d6,mobilitybench:a662780fcb190d520a,1,mobilitybench
mobilitybench_q_856b01a0fc5a9167e9,mobilitybench:e6dc9e5692c2a34768,1,mobilitybench
mobilitybench_q_41879845ecfa8b37b2,mobilitybench:a4b662a928334cdfde,1,mobilitybench
mobilitybench_q_7e3447cb05b3b7e018,mobilitybench:43d48bc3ced8c62d05,1,mobilitybench
mobilitybench_q_2cb972c5ba61faaa4f,mobilitybench:3de47a20e9fcc7f587,1,mobilitybench
mobilitybench_q_9e9f71e425a7514a6b,mobilitybench:9bf0de16deb4f539ed,1,mobilitybench
mobilitybench_q_aaae482703126e2e89,mobilitybench:20eb8fbf8765bd62d2,1,mobilitybench
mobilitybench_q_35a468814749d43f6b,mobilitybench:f240e8b5b3e0156992,1,mobilitybench
mobilitybench_q_17ebc909903e4154eb,mobilitybench:74f9c592a7cc01400c,1,mobilitybench
mobilitybench_q_4a12262480e19e06b4,mobilitybench:32169129e007724561,1,mobilitybench
mobilitybench_q_ae50cdf8683d40ffa4,mobilitybench:c50c33b85a7b1a2e0a,1,mobilitybench
mobilitybench_q_17a353cc229081eb51,mobilitybench:2da7fb3fe21fd20a1b,1,mobilitybench
mobilitybench_q_fad3c3e3918219ad32,mobilitybench:0ad35510af6f22a496,1,mobilitybench
mobilitybench_q_a236e2126c2a5caee6,mobilitybench:741eb9c837dc22e391,1,mobilitybench
mobilitybench_q_e40bd8dd655c4fe0f0,mobilitybench:cd2af746bfda9194ad,1,mobilitybench
mobilitybench_q_08acf5445dc0280161,mobilitybench:4567b72bda4ff6a7a6,1,mobilitybench
mobilitybench_q_ca3abd541c3d6bfcba,mobilitybench:30f896ff38df9aa94c,1,mobilitybench
mobilitybench_q_aaee97cc0c6f535cd5,mobilitybench:1df2cd654dddc2be5c,1,mobilitybench
mobilitybench_q_ec78aec762ffb8f8db,mobilitybench:894496bdf1ee6ea891,1,mobilitybench
mobilitybench_q_8ef06685e71130741a,mobilitybench:aeec3e1013e0492006,1,mobilitybench
mobilitybench_q_a185ccb8e19e0f7eac,mobilitybench:cf1bf9d4ad792a42ab,1,mobilitybench
mobilitybench_q_7a8879580ef3713ec5,mobilitybench:02d8ddbf5e17ba1418,1,mobilitybench
mobilitybench_q_871b327ba86a9fee79,mobilitybench:e21607835d10761a34,1,mobilitybench
mobilitybench_q_c67809e86816b1e447,mobilitybench:dfbcd1a447cfd53dec,1,mobilitybench
mobilitybench_q_abbb7d2c79ab1c06fb,mobilitybench:8fbca6716587aa58fb,1,mobilitybench
mobilitybench_q_6c935e00ec60194480,mobilitybench:9bd86378e0be861150,1,mobilitybench
mobilitybench_q_73f986a9a4e9343e06,mobilitybench:d200c5034fbc09a687,1,mobilitybench
mobilitybench_q_4538ba6767e475203b,mobilitybench:bace3e3ea46985e729,1,mobilitybench
mobilitybench_q_364ac14e023ac9b791,mobilitybench:b2962db9f662df3e59,1,mobilitybench
mobilitybench_q_7311aa6035cab85837,mobilitybench:6afe73bdc461ab38df,1,mobilitybench
mobilitybench_q_aa64513b10bfc270aa,mobilitybench:e98bd06b936f7d806f,1,mobilitybench
mobilitybench_q_839b6acb56ab72d473,mobilitybench:dc781b3e7ddf958592,1,mobilitybench
mobilitybench_q_be88b880e4fe200e3e,mobilitybench:f6f16de84cfd0f15f3,1,mobilitybench
mobilitybench_q_2f0e8829deaaae8adb,mobilitybench:d34299ecc3cf8a6807,1,mobilitybench
mobilitybench_q_0c04d669cca77c2f0a,mobilitybench:fb21de25a22b00e789,1,mobilitybench
mobilitybench_q_d3de220164a6d1be37,mobilitybench:178a465c52664f1905,1,mobilitybench
mobilitybench_q_3ed2dfd8cdd2e2a3d7,mobilitybench:35f2fa1641a670378d,1,mobilitybench
mobilitybench_q_ae147bf83e49d5a2c9,mobilitybench:5556d2b43ab26ecb0f,1,mobilitybench
mobilitybench_q_f4c2f804f716f64ed5,mobilitybench:cddbdfb8d2fd39a63e,1,mobilitybench
mobilitybench_q_ef5b027c174faddd57,mobilitybench:dbdcae6c440eef38bb,1,mobilitybench
mobilitybench_q_4c86bf2661fe119de5,mobilitybench:c2a35bff27fb1f8b5a,1,mobilitybench
mobilitybench_q_bfee6dc8671cedf5b4,mobilitybench:85494b51c1da2878c4,1,mobilitybench
mobilitybench_q_39d3c57dc428262ad2,mobilitybench:26af29abe8d0e45f4e,1,mobilitybench
mobilitybench_q_eaedee60e40962bb24,mobilitybench:c379e207a87d4169e6,1,mobilitybench
mobilitybench_q_f14093d85e4283df7c,mobilitybench:a03dac9b1178de1086,1,mobilitybench
mobilitybench_q_9de6c6332101e52252,mobilitybench:aa11d5a5c936d752d6,1,mobilitybench
mobilitybench_q_07c331cddcf123acb2,mobilitybench:5f1ce545e2e989cc0e,1,mobilitybench
mobilitybench_q_31e45912df86a03516,mobilitybench:371e2526f54fbd8471,1,mobilitybench
mobilitybench_q_14d4a97b90591f9500,mobilitybench:28f7ad6bf073fdf1d2,1,mobilitybench
mobilitybench_q_93fc82de9b51e44180,mobilitybench:29fac4e07c8428b48b,1,mobilitybench
mobilitybench_q_3f222a8adf1ad2015e,mobilitybench:1f2b46b71ceb3c57ad,1,mobilitybench
mobilitybench_q_29e8e88ba0418d71a1,mobilitybench:3cde2bdd9ba7f895c3,1,mobilitybench
mobilitybench_q_98491ee4322a20725d,mobilitybench:bcb7727ea21495f366,1,mobilitybench
mobilitybench_q_266ff558d9464192cf,mobilitybench:a13ffa4ae546b23150,1,mobilitybench
mobilitybench_q_53483696538b924532,mobilitybench:0b2c5bd89f53bbb313,1,mobilitybench
mobilitybench_q_f0266dee3f43ae8c4c,mobilitybench:589e45c18d4197a65c,1,mobilitybench
mobilitybench_q_ac62f8aad0ed4bcf83,mobilitybench:664396f89c7ee886e7,1,mobilitybench
mobilitybench_q_69dd963fec1a3bc052,mobilitybench:39bee18feb4a3acbe6,1,mobilitybench
mobilitybench_q_7f1c2295206c3e3b5b,mobilitybench:1c05985871f84733d6,1,mobilitybench
mobilitybench_q_0bc7281baec438a498,mobilitybench:52869f92674a1d4cad,1,mobilitybench
mobilitybench_q_a2276c11713c4d2440,mobilitybench:a2482f64f56bf051a5,1,mobilitybench
mobilitybench_q_86af1564748458f3a7,mobilitybench:725d3ca985775ae3ce,1,mobilitybench
mobilitybench_q_8e53934ee153b8d83c,mobilitybench:e9afecb884af54c9c7,1,mobilitybench
mobilitybench_q_ad1a798fd5ddab982c,mobilitybench:4f2f2bd5edc9905f60,1,mobilitybench
mobilitybench_q_755ccbc46a1cfff87a,mobilitybench:accbb9e016f9861d45,1,mobilitybench
mobilitybench_q_05821625f1eddf2558,mobilitybench:5fd16b82485d624e05,1,mobilitybench
mobilitybench_q_9622879104c886a203,mobilitybench:e451caf6dbdd2e7099,1,mobilitybench
mobilitybench_q_8a4af904a78e0f111a,mobilitybench:ab817658479a09d11f,1,mobilitybench
mobilitybench_q_38a21e9881e27a439d,mobilitybench:6db1061aef01dade9f,1,mobilitybench
mobilitybench_q_532b87cfa332995020,mobilitybench:8dec67ca3c6db55ccd,1,mobilitybench
mobilitybench_q_f5ef04a6ecabe95fac,mobilitybench:2c7672d6b2c03a4383,1,mobilitybench
mobilitybench_q_7ea91615e68b013aeb,mobilitybench:a2dc5421e4739a8d71,1,mobilitybench
mobilitybench_q_1ea21dade654da4094,mobilitybench:cfe33a2628ccde4151,1,mobilitybench
mobilitybench_q_ad9c4a065d5865727e,mobilitybench:be1ea89a4e8dfd34c6,1,mobilitybench
mobilitybench_q_9a1fb5e7f4ebd6f9f2,mobilitybench:10f312e5202eec1959,1,mobilitybench
mobilitybench_q_484ed950bad86ae1ed,mobilitybench:97908b92eb13472a84,1,mobilitybench
mobilitybench_q_83d7072d34d32250bd,mobilitybench:7e5010e03e28b76aed,1,mobilitybench
mobilitybench_q_1bb7b9ebb013584db9,mobilitybench:25edb5bfd4484d9d3b,1,mobilitybench
mobilitybench_q_33c5852146c7538a43,mobilitybench:048ef630b01379c4ff,1,mobilitybench
mobilitybench_q_241625b829a323db93,mobilitybench:bd1c3e535ccedb874b,1,mobilitybench
mobilitybench_q_cd27d9ac52d45132cf,mobilitybench:8cfe09613eda09156b,1,mobilitybench
mobilitybench_q_fa0c9ad2f8898ac49f,mobilitybench:7b64471e6dba59f517,1,mobilitybench
mobilitybench_q_3fe7a566d66d71b216,mobilitybench:f2d5e254601ff1224b,1,mobilitybench
mobilitybench_q_201e66cf7961a0acbf,mobilitybench:b982fd0350e0858478,1,mobilitybench
mobilitybench_q_6b634e04ede6cc7b87,mobilitybench:a4c6b29f67aa6f7f63,1,mobilitybench
mobilitybench_q_d62fa7a383e2fc5d83,mobilitybench:32d26761be7b372bab,1,mobilitybench
mobilitybench_q_503aaced159c9c88a5,mobilitybench:7eba6186e07a7579e4,1,mobilitybench
mobilitybench_q_1448f60746088553c1,mobilitybench:2d427a0ad46dd0556e,1,mobilitybench
mobilitybench_q_a7ce7d5bed79c6d7af,mobilitybench:ffe5c5722adca14cc8,1,mobilitybench
mobilitybench_q_b7271cd4b8c747f144,mobilitybench:057f8dbc179190c2cf,1,mobilitybench
mobilitybench_q_c2494e9c758b4c85eb,mobilitybench:d75d4a7d2bf6eb843a,1,mobilitybench
mobilitybench_q_dea93a6510562c88f6,mobilitybench:0e83f88f21412d0dee,1,mobilitybench
mobilitybench_q_bc66a2050ab0e1b556,mobilitybench:14b7463bca3100c73d,1,mobilitybench
mobilitybench_q_55e5937be7c28434bf,mobilitybench:dded4e37de68bf45ad,1,mobilitybench
mobilitybench_q_cb3ae491942fdea43b,mobilitybench:85d963efe04c2dc69a,1,mobilitybench
mobilitybench_q_654629191f76047bc3,mobilitybench:7516ae399457b72fa1,1,mobilitybench
mobilitybench_q_853d768d45b3a5a2f5,mobilitybench:9f2fdd17f5a19b85a2,1,mobilitybench
mobilitybench_q_477ced9fd8dccd00fe,mobilitybench:eb235533fe33339a02,1,mobilitybench
mobilitybench_q_04e3e55d5f065e85c0,mobilitybench:6ebd6c923e479fad2f,1,mobilitybench
mobilitybench_q_49ecd579ed360ce935,mobilitybench:fe86608d8a8a46f7bd,1,mobilitybench
mobilitybench_q_9b016e3cb3bb499885,mobilitybench:9f59086a9ef32313f6,1,mobilitybench
mobilitybench_q_cbc437d83cded52840,mobilitybench:5f3cb84c93710a7c56,1,mobilitybench
mobilitybench_q_f11243d4d3679d3df4,mobilitybench:947c757c42abd1ebee,1,mobilitybench
mobilitybench_q_22086bc05a141fc25b,mobilitybench:3a79c993d6a2fe4adc,1,mobilitybench
mobilitybench_q_10240db9f2211a38d4,mobilitybench:b1845f25a2e1fe5311,1,mobilitybench
mobilitybench_q_75c9115af03ddca5c2,mobilitybench:168873425405cdccf2,1,mobilitybench
mobilitybench_q_72f271cfeec5273a4e,mobilitybench:5440c87b913d49b77e,1,mobilitybench
mobilitybench_q_acfbb8274a440014cd,mobilitybench:88235af324e8705b1f,1,mobilitybench
mobilitybench_q_0263451a4c06374ca7,mobilitybench:d2a19930a90d9eb5db,1,mobilitybench
mobilitybench_q_958e3c460c0c1c9695,mobilitybench:778d9d19fbe58e7fb8,1,mobilitybench
mobilitybench_q_31c9f3a115bfb76b3d,mobilitybench:65f5775518099ccd12,1,mobilitybench
mobilitybench_q_57dffbd5d366267b9b,mobilitybench:82d969d855f9fb4ebc,1,mobilitybench
mobilitybench_q_57609593fb29daeec3,mobilitybench:bc4a7850449ba3311c,1,mobilitybench
mobilitybench_q_3fb12986e7fc9b53f3,mobilitybench:c21e2ceb37cff88ba8,1,mobilitybench
mobilitybench_q_ff5dd449deaddd6181,mobilitybench:ade5e485cbf5b6bf00,1,mobilitybench
mobilitybench_q_6fa403d3de7784caa1,mobilitybench:102df5203b17980121,1,mobilitybench
mobilitybench_q_e170df575e17e50292,mobilitybench:02c25960dffe980c93,1,mobilitybench
mobilitybench_q_33e5e7779cca284bc2,mobilitybench:a86886e284db2cdf0e,1,mobilitybench
mobilitybench_q_7c24a25cb4ca349a8f,mobilitybench:59da9b0f55bee712e8,1,mobilitybench
mobilitybench_q_3ca51ecc49f149e80c,mobilitybench:28d0e40f25dae2269c,1,mobilitybench
mobilitybench_q_be0ebe22ec69d018b9,mobilitybench:076d8750638ebcb072,1,mobilitybench
mobilitybench_q_22d3c079ac40c501a0,mobilitybench:ee23e17c4ca5c92056,1,mobilitybench
mobilitybench_q_5c8ae9cada6a57f44b,mobilitybench:2b5696b5b3ec9743ea,1,mobilitybench
mobilitybench_q_f465fb203a2a10c9b6,mobilitybench:7b7df37cf78688dc7d,1,mobilitybench
mobilitybench_q_387c6b35286190f2b0,mobilitybench:ee0f90438c1696cccd,1,mobilitybench
mobilitybench_q_b4a023073eae3c45a5,mobilitybench:7da9c93c9c04473a47,1,mobilitybench
mobilitybench_q_bb10e16ab0084212e8,mobilitybench:0a71aa01ced6a9ad80,1,mobilitybench
mobilitybench_q_007df61abc6573694f,mobilitybench:940be6004fe68d39ef,1,mobilitybench
mobilitybench_q_841db29e06ef1f366f,mobilitybench:d28e79d519bc754976,1,mobilitybench
mobilitybench_q_cffae2618f6a8837c4,mobilitybench:776ce2c6778ffd47d2,1,mobilitybench
mobilitybench_q_7ff29eacd77d552c65,mobilitybench:d8aaf8a38eeadb55c3,1,mobilitybench
mobilitybench_q_e73c3ab8e8d6b69863,mobilitybench:db49afdb507925d590,1,mobilitybench
mobilitybench_q_9f41df50ba841a00af,mobilitybench:08cf5c25d17c55ecbe,1,mobilitybench
mobilitybench_q_f05d287cbde6038b34,mobilitybench:d3dd5b581e30d8307e,1,mobilitybench
mobilitybench_q_4b28d02c5b61afb3e7,mobilitybench:b61f9121ee3e7935a8,1,mobilitybench
mobilitybench_q_a96a473049b2d2531f,mobilitybench:adb69f5f4ea25c4fa3,1,mobilitybench
mobilitybench_q_639fbbe375f7fae63e,mobilitybench:2a43843356367e5b13,1,mobilitybench
mobilitybench_q_9d2fe6e320ca0748cb,mobilitybench:a57f3cb576f63842c3,1,mobilitybench
mobilitybench_q_9a1925ba9b507f3a38,mobilitybench:cdc8656c2fd23a638b,1,mobilitybench
mobilitybench_q_ac13236ceb131623df,mobilitybench:04978778877a1807bf,1,mobilitybench
mobilitybench_q_d84a57fc8b3930b908,mobilitybench:2299d659e096268993,1,mobilitybench
mobilitybench_q_e161777b32b8092035,mobilitybench:cc0943a7d40ae6ee5b,1,mobilitybench
mobilitybench_q_b69b54904a23f0b245,mobilitybench:fccda3184e883af663,1,mobilitybench
mobilitybench_q_eab319aad85680e40b,mobilitybench:c0ef0792df3f85c422,1,mobilitybench
mobilitybench_q_9c96b084e2e9c1d69e,mobilitybench:fbe13687efb6f699f2,1,mobilitybench
mobilitybench_q_cb16ca568e41de825b,mobilitybench:5a48b65e6c53f41313,1,mobilitybench
mobilitybench_q_91574b99ca2dfe88d3,mobilitybench:4745c5643422d383d4,1,mobilitybench
mobilitybench_q_9e735880616a98edd4,mobilitybench:62fcfefa071ce8a566,1,mobilitybench
mobilitybench_q_b00cdeb0bacfe8190c,mobilitybench:dd40633ee42f8e9085,1,mobilitybench
mobilitybench_q_f1b781417092a63779,mobilitybench:bee8ea3041d58dbec4,1,mobilitybench
mobilitybench_q_e7abf73a6b10fd124b,mobilitybench:5de7edba088225e6bd,1,mobilitybench
mobilitybench_q_38b47f8be5b751eb69,mobilitybench:0e2424716fa5bcd53a,1,mobilitybench
mobilitybench_q_e2dbfe4685b9ca95ec,mobilitybench:1fe7fb7f51d6f63bea,1,mobilitybench
mobilitybench_q_acbbcba86c9102f10d,mobilitybench:caddddf97cc00df2b1,1,mobilitybench
mobilitybench_q_affe940e5fb05b979b,mobilitybench:6c0f01a4ee07a7ce59,1,mobilitybench
mobilitybench_q_c03f656e629fde0464,mobilitybench:2e3799d9067fc4e7ae,1,mobilitybench
mobilitybench_q_21c20aac8c4b1f4487,mobilitybench:93734a1c02726fee31,1,mobilitybench
mobilitybench_q_cd57157bd1e90f058b,mobilitybench:2864207421e536a626,1,mobilitybench
mobilitybench_q_9ee85b71c181c3c12f,mobilitybench:0d16a3da32252b450a,1,mobilitybench
mobilitybench_q_3ad4dd7c6c646e13c1,mobilitybench:9a43b3a5478ff53b3c,1,mobilitybench
mobilitybench_q_4b377fadb9db1c2817,mobilitybench:06404e9391d0643ee3,1,mobilitybench
mobilitybench_q_59ac66be57b3e3b2c8,mobilitybench:7dd15cea7f61f8b6ee,1,mobilitybench
mobilitybench_q_97aa26864c08c75dad,mobilitybench:ef0cd93c5db82d7c5f,1,mobilitybench
mobilitybench_q_de77f0e52435839694,mobilitybench:5db26fa21412453ab4,1,mobilitybench
mobilitybench_q_559f04bb071b5f831e,mobilitybench:3e7321051305c776e9,1,mobilitybench
mobilitybench_q_de817dea71e3121a8a,mobilitybench:b54300abe2d7b502ff,1,mobilitybench
mobilitybench_q_d3cede7fe27475cabe,mobilitybench:2e89539b6851542e1c,1,mobilitybench
mobilitybench_q_6c9d29058ef1b94bbe,mobilitybench:48308919e57ad35c8d,1,mobilitybench
mobilitybench_q_b79e586e31102004fe,mobilitybench:aa4f31b5ab8a9cbc9a,1,mobilitybench
mobilitybench_q_95b14789f303606c82,mobilitybench:f9e5c5e5d8ee39d920,1,mobilitybench
mobilitybench_q_726e4729b6512d41fc,mobilitybench:68a7643c99d1f1cc73,1,mobilitybench
mobilitybench_q_04c4570bb448d23d71,mobilitybench:bcd69c68c2b19ab765,1,mobilitybench
mobilitybench_q_3081f2f7886264be71,mobilitybench:51575122836842df6d,1,mobilitybench
mobilitybench_q_e724c14e30217c7c62,mobilitybench:fd4105249c189b6aca,1,mobilitybench
mobilitybench_q_15c05173642ae0e254,mobilitybench:a386f0e1193672d1e6,1,mobilitybench
mobilitybench_q_f6c0efdf804948cb8c,mobilitybench:3db0e30bf5aa229ad4,1,mobilitybench
mobilitybench_q_10181acd4ff8c5bf5e,mobilitybench:3ac4be5e5256d8e976,1,mobilitybench
mobilitybench_q_37f25b04e048021ab8,mobilitybench:34ad28a51ba5a838ca,1,mobilitybench
mobilitybench_q_f842a835d9ba1860bf,mobilitybench:81d159620029247cb9,1,mobilitybench
mobilitybench_q_81a49ddd2c3fb6aa6a,mobilitybench:1dc2b7e4aee1d48af2,1,mobilitybench
mobilitybench_q_a914ef3f9b5fe743e4,mobilitybench:f24c1d6bb4beb253fe,1,mobilitybench
mobilitybench_q_5b81406d5208062ea9,mobilitybench:aa57c5fcea5e61d7fa,1,mobilitybench
mobilitybench_q_05d3e8ffbfd0d5534d,mobilitybench:4da632f97e598d7fcc,1,mobilitybench
mobilitybench_q_27e11ec00b9e9441e1,mobilitybench:07dfdc8b050490203c,1,mobilitybench
mobilitybench_q_86b718bb85171b25d4,mobilitybench:293b29384e7daac83c,1,mobilitybench
mobilitybench_q_254361f42c601d59f7,mobilitybench:0150c1135d04899886,1,mobilitybench
mobilitybench_q_f9457353ac8c12eb15,mobilitybench:5d78a28adf0e27dd44,1,mobilitybench
mobilitybench_q_de9b8da8c89e976ce9,mobilitybench:979e1b8f8ce469eb03,1,mobilitybench
mobilitybench_q_bf359eb616d6d2d3c8,mobilitybench:5ff02ddcd01164c4a4,1,mobilitybench
mobilitybench_q_22f08ddef3d1057135,mobilitybench:6181e53abd6b717d64,1,mobilitybench
mobilitybench_q_e68f5973b46c1f7067,mobilitybench:c03b1f308ef037717a,1,mobilitybench
mobilitybench_q_cce1489381dfd62607,mobilitybench:d33870fac5e4db9032,1,mobilitybench
mobilitybench_q_322944b5a8168942a2,mobilitybench:139d8029ea7f8e7e7a,1,mobilitybench
mobilitybench_q_28dbf2805a4e4d8bca,mobilitybench:ff5194703c7381658d,1,mobilitybench
mobilitybench_q_b2269a2487ba01be00,mobilitybench:f3cda838f1059dc3b7,1,mobilitybench
mobilitybench_q_9477e3b75ea08bd1a8,mobilitybench:37b245a4af9e7aaaca,1,mobilitybench
mobilitybench_q_f3e7cd9927aea8b601,mobilitybench:79ab7e886b3846039c,1,mobilitybench
mobilitybench_q_e5ea9aa0f4e1af5de6,mobilitybench:ea733e7cac75667eb0,1,mobilitybench
mobilitybench_q_47563bbec24e208314,mobilitybench:de2d1df9c310ad6318,1,mobilitybench
mobilitybench_q_e4ca047356a1640c72,mobilitybench:7ac58a1bd275f12de3,1,mobilitybench
mobilitybench_q_2f865dee9ad623b2d2,mobilitybench:6f26774dd2e2f7ae3f,1,mobilitybench
mobilitybench_q_5997d7052493bc5acc,mobilitybench:aa09b115b0e815c2d2,1,mobilitybench
mobilitybench_q_77cb97d9a1cb777a93,mobilitybench:65b170746e68c79644,1,mobilitybench
mobilitybench_q_cc5bc5c10b17dff6aa,mobilitybench:fc8a4ae03663331675,1,mobilitybench
mobilitybench_q_317cf16c8ed5f1c8e4,mobilitybench:c0f6ba8e2bfea90f0f,1,mobilitybench
mobilitybench_q_c7cdd694dcc050cde0,mobilitybench:f2cfaf9f4e1194d7aa,1,mobilitybench
mobilitybench_q_9aff7e4fd6802efb50,mobilitybench:f95883267d51fa0282,1,mobilitybench
mobilitybench_q_59f82a6139bad434d2,mobilitybench:e5374cc3cc1d3a12ef,1,mobilitybench
mobilitybench_q_1245d1653610f54ade,mobilitybench:46ec4b399b629c3883,1,mobilitybench
mobilitybench_q_49c3d337e06a5ed6a7,mobilitybench:439bdeadf954a098f2,1,mobilitybench
mobilitybench_q_24da8e7348d387896f,mobilitybench:c65c934fc60bf7d5e8,1,mobilitybench
mobilitybench_q_be7a5af17c99acb2e7,mobilitybench:573cc2ac975b1c409c,1,mobilitybench
mobilitybench_q_3b9fb4e65e17bb02ef,mobilitybench:44ea0bf6e27d7733dd,1,mobilitybench
mobilitybench_q_06672315d00336ee99,mobilitybench:6285aa4ab9202956f9,1,mobilitybench
mobilitybench_q_67b5f29d967512c6c4,mobilitybench:036e500191833331ab,1,mobilitybench
mobilitybench_q_7b35b2134d1ebee48b,mobilitybench:542c65d5cc55c2451c,1,mobilitybench
mobilitybench_q_60ad5a7098f4e8b76f,mobilitybench:e823d81bafdd9eb45d,1,mobilitybench
mobilitybench_q_603c2d82e8b9345964,mobilitybench:31e6a75934c5114f55,1,mobilitybench
mobilitybench_q_f822546cd071f8598f,mobilitybench:004950dbf104b85e19,1,mobilitybench
mobilitybench_q_a5da6eaadb28fa8992,mobilitybench:24eba689d3a958632a,1,mobilitybench
mobilitybench_q_9c2a61d3cd513d53b4,mobilitybench:2a85abbae5b989e54d,1,mobilitybench
mobilitybench_q_50b99996b94ca872f7,mobilitybench:3a13acc8e6264ee858,1,mobilitybench
mobilitybench_q_2ac592be4f09ff6922,mobilitybench:8eab7b8561a048b578,1,mobilitybench
mobilitybench_q_9578e1be59d61422a6,mobilitybench:302c30c69a938ce41d,1,mobilitybench
mobilitybench_q_3d392de9bd00a90389,mobilitybench:309efe15cc3a3b9754,1,mobilitybench
mobilitybench_q_922523dd4b1e1dac99,mobilitybench:659df67a5969f1385c,1,mobilitybench
mobilitybench_q_e6537c456061d3a177,mobilitybench:79b7f87e0c4f55335c,1,mobilitybench
mobilitybench_q_0bf1975ed3e80f2de0,mobilitybench:203edfadcb5929f29d,1,mobilitybench
mobilitybench_q_0b7f43884ff32c6a39,mobilitybench:2a44d8cc7fbd5f1199,1,mobilitybench
mobilitybench_q_62da0529d755962b65,mobilitybench:79838d99a072bc56d7,1,mobilitybench
mobilitybench_q_270b0c914c77869b9f,mobilitybench:460f6ccc16d24a06d2,1,mobilitybench
mobilitybench_q_d67205fb34234b7c69,mobilitybench:8bdcf314823df03567,1,mobilitybench
mobilitybench_q_8d701958e3f6c6eda8,mobilitybench:fad0df08946f805271,1,mobilitybench
mobilitybench_q_19cd8deadfd02ef0ff,mobilitybench:c462bfb06a6ed10161,1,mobilitybench
mobilitybench_q_9d835197e8eadbde64,mobilitybench:4f7112931da510d4db,1,mobilitybench
mobilitybench_q_780fe3baa0da8a86fb,mobilitybench:0950584d4092cccf0a,1,mobilitybench
mobilitybench_q_c8aaaff5bb6297d2d7,mobilitybench:aa3fa5803876dc56a4,1,mobilitybench
mobilitybench_q_7668b52f4001381f16,mobilitybench:67da756698ebc72378,1,mobilitybench
mobilitybench_q_74ebed6da7499c6638,mobilitybench:641ebb0cf88d3b75ad,1,mobilitybench
mobilitybench_q_a2f1ae70596e3c8dff,mobilitybench:5fb40a5668735e7911,1,mobilitybench
mobilitybench_q_17bfbb87680fc1ea2d,mobilitybench:fc9c46024c600e4285,1,mobilitybench
mobilitybench_q_ca3c47b989ea378723,mobilitybench:7f872a87779f82f2c3,1,mobilitybench
mobilitybench_q_2333e2bce1185411ae,mobilitybench:2760ce189553139afc,1,mobilitybench
mobilitybench_q_d46e9dad894921cbcb,mobilitybench:1c12b336de400a2cbe,1,mobilitybench
mobilitybench_q_4b06998b6af889aedd,mobilitybench:ee4fce32c7817296b2,1,mobilitybench
mobilitybench_q_7898bba60863ccd925,mobilitybench:24b088743b2488fab8,1,mobilitybench
mobilitybench_q_da152fa8480cfc43f2,mobilitybench:17ee798544674ce186,1,mobilitybench
mobilitybench_q_700481297d4726f565,mobilitybench:6a54152d818b9ae306,1,mobilitybench
mobilitybench_q_f9158f5e8346447e9d,mobilitybench:8421661e181a3903b4,1,mobilitybench
mobilitybench_q_10a9aee8d2cd57047c,mobilitybench:1063657f28cb3113ff,1,mobilitybench
mobilitybench_q_e5af960fe4f6e728a1,mobilitybench:200a5cfbd3bfcdb9a9,1,mobilitybench
mobilitybench_q_8cbff046226e4a9192,mobilitybench:057bf48877f5871298,1,mobilitybench
mobilitybench_q_8e4ad8f3cb93ba1a68,mobilitybench:8917a6d40dfcc527cd,1,mobilitybench
mobilitybench_q_22c0d21cf64abe3b56,mobilitybench:d8d458ee33b4d38823,1,mobilitybench
mobilitybench_q_9ca7e995e7b52564f7,mobilitybench:51a7c9c00999a3a1d8,1,mobilitybench
mobilitybench_q_53f157a7a9051ce885,mobilitybench:76c4dd2afecea57b88,1,mobilitybench
mobilitybench_q_8dfbe074e8640ce316,mobilitybench:ed78842334c7b3de51,1,mobilitybench
mobilitybench_q_01165bc3012b67c54c,mobilitybench:6cc8e1a93ef8820aed,1,mobilitybench
mobilitybench_q_78fd67e374c016e1b2,mobilitybench:213ec37b3c97d5cc5c,1,mobilitybench
mobilitybench_q_da62cee61f95e40a6c,mobilitybench:0069bcb5de0e614e05,1,mobilitybench
mobilitybench_q_e26b369c18017d1590,mobilitybench:5217d930a9993664b7,1,mobilitybench
mobilitybench_q_07317025c9fa686df6,mobilitybench:8687d55e4c364d135f,1,mobilitybench
mobilitybench_q_b39455fd11338b62d2,mobilitybench:9de3d5e71e5111ebe5,1,mobilitybench
mobilitybench_q_e73c23c63c1075e314,mobilitybench:aade267dfe621d2741,1,mobilitybench
mobilitybench_q_c9574255cdbbf15ade,mobilitybench:dc8dec0a24dc6f361a,1,mobilitybench
mobilitybench_q_67a29585350585ed4b,mobilitybench:94b4f2db3a64c71457,1,mobilitybench
mobilitybench_q_fe97d0c22302c6316b,mobilitybench:287e6ec04558929bf9,1,mobilitybench
mobilitybench_q_71c562750d2fca32a7,mobilitybench:0769e08fc7dcbc668d,1,mobilitybench
mobilitybench_q_6b9a5f484be2559be6,mobilitybench:9e82184535fa456021,1,mobilitybench
mobilitybench_q_0ec78695aca53e9b1f,mobilitybench:5493aa77ffa2b66d04,1,mobilitybench
mobilitybench_q_88e4093583d0264c6c,mobilitybench:27d26eedad99ad627b,1,mobilitybench
mobilitybench_q_855aebf1bdc1122d7c,mobilitybench:210967d58e497aba9c,1,mobilitybench
mobilitybench_q_eec188573a1302edad,mobilitybench:071899fb658b8882f0,1,mobilitybench
mobilitybench_q_39da459d8a36ebee9c,mobilitybench:4e07ef7185ef45ba9e,1,mobilitybench
mobilitybench_q_01a889b387897f0adb,mobilitybench:aecd9bf69126f62c2c,1,mobilitybench
mobilitybench_q_75d8dbe1c38c6753ce,mobilitybench:d1db91bb96fa5eb031,1,mobilitybench
mobilitybench_q_ea26d73c88e7d67dbe,mobilitybench:909c5390afda8f03ad,1,mobilitybench
mobilitybench_q_f70b3dc4296ab06a4b,mobilitybench:63a90d7fb7e5244eb7,1,mobilitybench
mobilitybench_q_eb88714aba6510504d,mobilitybench:e94f72ceaa97e413fc,1,mobilitybench
mobilitybench_q_9fb635aff06487a0f0,mobilitybench:f32a1544dedda3a5bb,1,mobilitybench
mobilitybench_q_333d42f213870c14da,mobilitybench:f80fb1b2eb6157b606,1,mobilitybench
mobilitybench_q_afd13cddc351bef867,mobilitybench:03254f537d9f1181ec,1,mobilitybench
mobilitybench_q_f6ec4e88e6aba31967,mobilitybench:f1f90a90137fc9bfa4,1,mobilitybench
mobilitybench_q_b2ec857963524cf3bc,mobilitybench:23c7e75162edd7f80a,1,mobilitybench
mobilitybench_q_82b56df7f49fa81a61,mobilitybench:068a6aa8be8140ded6,1,mobilitybench
mobilitybench_q_1ab0cb4be8313137e9,mobilitybench:1effb2ad2334464724,1,mobilitybench
mobilitybench_q_8194aec8339276e4ff,mobilitybench:996de7fb02da876d26,1,mobilitybench
mobilitybench_q_df672ff023aa51031d,mobilitybench:3e9b39aaae5aa0b48f,1,mobilitybench
mobilitybench_q_cb75a7e9e305012282,mobilitybench:c800f415efa7bb3237,1,mobilitybench
mobilitybench_q_0916d73fe2da4926d4,mobilitybench:e27110af4ef277c032,1,mobilitybench
mobilitybench_q_5dd0f78e32d4395c16,mobilitybench:34ee713bbd6fe173e5,1,mobilitybench
mobilitybench_q_fa7e5127366dd844ef,mobilitybench:f74627c0f94c3073ee,1,mobilitybench
mobilitybench_q_5368a2c1f3f0f94f12,mobilitybench:260e5405595af7efe0,1,mobilitybench
mobilitybench_q_2f14d1397e80f45c98,mobilitybench:f4d249ae91376056d7,1,mobilitybench
mobilitybench_q_3d217a80f62ac7769c,mobilitybench:8fb598c6181b183101,1,mobilitybench
mobilitybench_q_89eb7f52bec8c7dd9f,mobilitybench:719c93f5f3501da2bc,1,mobilitybench
mobilitybench_q_455a275f47308b8b4c,mobilitybench:5ac965f787f94648b8,1,mobilitybench
mobilitybench_q_2c42ed190ee4ee3362,mobilitybench:15d4586dd6b9b3afc5,1,mobilitybench
mobilitybench_q_bd8ae27a46e2b81403,mobilitybench:840f64e1dd0036b504,1,mobilitybench
mobilitybench_q_bcadff152dfb7b8878,mobilitybench:4553767d5546306b34,1,mobilitybench
mobilitybench_q_4f4b80ccbb6dcc6278,mobilitybench:8ec21ce00f30029a64,1,mobilitybench
mobilitybench_q_614e4b5fd9ee556412,mobilitybench:903493b38f8686d19c,1,mobilitybench
mobilitybench_q_17dd2029435a31be4b,mobilitybench:7f1ceba55661ad27cd,1,mobilitybench
mobilitybench_q_34336d7e759fb804d4,mobilitybench:39e1229eb7f89e97cc,1,mobilitybench
mobilitybench_q_c7d2f1454509182dbe,mobilitybench:b6658a4cc4762316ed,1,mobilitybench
mobilitybench_q_4a962dcff24bd234b9,mobilitybench:c8a513262c94d957a7,1,mobilitybench
mobilitybench_q_621fe89a86956cfb26,mobilitybench:847d448ef72cf007e9,1,mobilitybench
mobilitybench_q_a6d8ce7ea48139255d,mobilitybench:ef0379d11cfb9e75ae,1,mobilitybench
mobilitybench_q_8570c007ccff73045d,mobilitybench:17f574d28707b26ba4,1,mobilitybench
mobilitybench_q_e6bca7b49296ce2cf1,mobilitybench:e6618f0cf6f07fcf5b,1,mobilitybench
mobilitybench_q_745b76128344bc7151,mobilitybench:708579163a4d8c1f0e,1,mobilitybench
mobilitybench_q_ee5073b8e7c335894b,mobilitybench:b972c6e301c1eab247,1,mobilitybench
mobilitybench_q_20e71f0477d6784eb7,mobilitybench:e16b5dbbfa11f3d43f,1,mobilitybench
mobilitybench_q_ab8709efed46b3f7f9,mobilitybench:4af9d97dd258d660ee,1,mobilitybench
mobilitybench_q_38b49791f05197c4f4,mobilitybench:a3d582e6f6bda692e1,1,mobilitybench
mobilitybench_q_074a0e99e11654e1e6,mobilitybench:b660ed874e139d598a,1,mobilitybench
mobilitybench_q_45b9598f971bd25891,mobilitybench:c6946b6aa37c469891,1,mobilitybench
mobilitybench_q_cd9d8a1a5f7dcf7923,mobilitybench:870f8a01673d0113fe,1,mobilitybench
mobilitybench_q_1d733f433099059e3b,mobilitybench:0e9b303cb50694e078,1,mobilitybench
mobilitybench_q_557e80762d1f315f32,mobilitybench:007a9026af9a7ca678,1,mobilitybench
mobilitybench_q_061dc1ba9870cd38c1,mobilitybench:55ac145944c0febfda,1,mobilitybench
mobilitybench_q_6c8a433f4e8e0d1d90,mobilitybench:feab45bf1cab712d32,1,mobilitybench
mobilitybench_q_c456782bb27c090351,mobilitybench:613aaa98d96e53a105,1,mobilitybench
mobilitybench_q_9c59f7e24f32d877d7,mobilitybench:dec528b781b6d80538,1,mobilitybench
mobilitybench_q_576f62e98805c3f79a,mobilitybench:e55be88972b1c4a0ed,1,mobilitybench
mobilitybench_q_e3b5d2df6b6e499f2b,mobilitybench:8fcc815db162c88e24,1,mobilitybench
mobilitybench_q_545869b033ffe3ad3e,mobilitybench:0eee2ae94d0a32dd2b,1,mobilitybench
mobilitybench_q_e0cf35602ba0f54f0d,mobilitybench:5ae0a8f1028eef6963,1,mobilitybench
mobilitybench_q_46894aa84544e15484,mobilitybench:fb656f1d2885eb72a5,1,mobilitybench
mobilitybench_q_85a178eb97e99ff097,mobilitybench:1ff4a9022a94be2bf5,1,mobilitybench
mobilitybench_q_fd0b0283f1ad496400,mobilitybench:51c163e6ceeed2f168,1,mobilitybench
mobilitybench_q_bb625ebc02290e98a2,mobilitybench:1449081920d5c48558,1,mobilitybench
mobilitybench_q_a9aada6447ae5c547f,mobilitybench:0e083f9ef1fdb7c634,1,mobilitybench
mobilitybench_q_08292281dad1644c43,mobilitybench:489882e29aca7b0931,1,mobilitybench
mobilitybench_q_7bed6d152a9ed8fa67,mobilitybench:f30d336704a0b0ccc8,1,mobilitybench
mobilitybench_q_4a08190745856cc7bd,mobilitybench:c15a5de53edb17cd9a,1,mobilitybench
mobilitybench_q_172b9b7db19fbd5ecd,mobilitybench:57e97927ca7b3c255b,1,mobilitybench
mobilitybench_q_264aeccbd1145bdf41,mobilitybench:7471fa0e1ef229cb31,1,mobilitybench
mobilitybench_q_55bf52931406f730ab,mobilitybench:b183762726afd25a44,1,mobilitybench
mobilitybench_q_d2dce5883bba8a3fef,mobilitybench:e362658a215fa79f4e,1,mobilitybench
mobilitybench_q_5aabddc43dc2e4f243,mobilitybench:8b7fa4922c02ba9d9b,1,mobilitybench
mobilitybench_q_625ac53933c856f0fd,mobilitybench:5603c6d175e9ce88d5,1,mobilitybench
mobilitybench_q_1a71676e4bf2ea19fd,mobilitybench:516e8269a975378159,1,mobilitybench
mobilitybench_q_86a2013da8e0b49bfa,mobilitybench:749d276e65ce69caf3,1,mobilitybench
mobilitybench_q_660b712c981c4d673b,mobilitybench:8cd4a50629df54cd10,1,mobilitybench
mobilitybench_q_e0ff25919c1a8b7afc,mobilitybench:da767dba3c8655d5a9,1,mobilitybench
mobilitybench_q_6889e99588471b4fc7,mobilitybench:e43d19bdfd50d6f5a5,1,mobilitybench
mobilitybench_q_a355cb60526c9654b4,mobilitybench:c43c991348d5d2c5d8,1,mobilitybench
mobilitybench_q_f138593090dad1a003,mobilitybench:6f7c3c3c1e4ab9e3d3,1,mobilitybench
mobilitybench_q_db39176432078dec81,mobilitybench:6fe0082d5eda1b20a1,1,mobilitybench
mobilitybench_q_b74bd26fc21063951a,mobilitybench:b1c02ea2c6f97951ae,1,mobilitybench
mobilitybench_q_40c47ed18d4c12efdf,mobilitybench:01c349205c7035a9e7,1,mobilitybench
mobilitybench_q_4e631bebe5e28f023d,mobilitybench:2f1ef698b54e9285d8,1,mobilitybench
mobilitybench_q_1b05e03c3923b18d6e,mobilitybench:87a7dd3d342ed72250,1,mobilitybench
mobilitybench_q_d3092571199fa6ecba,mobilitybench:ca4a1c9513a46f0487,1,mobilitybench
mobilitybench_q_03909d30059d83f98c,mobilitybench:4886f2ef52275cb654,1,mobilitybench
mobilitybench_q_2c58a125b1eb5f44c3,mobilitybench:98eb8f9444473faf2c,1,mobilitybench
mobilitybench_q_a24f6eb8099e0e2210,mobilitybench:ac1d858edc1a61148a,1,mobilitybench
mobilitybench_q_13584d34e0824ebb63,mobilitybench:66b0ad5abeeebab98b,1,mobilitybench
mobilitybench_q_039781ac21d4f63575,mobilitybench:8e9088abc36ce8bd7d,1,mobilitybench
mobilitybench_q_e546cea70f9237cf72,mobilitybench:895a46b46740103d60,1,mobilitybench
mobilitybench_q_61104b5749c40c160b,mobilitybench:ffb271a1e0b2c5db11,1,mobilitybench
mobilitybench_q_d82987d946bea4938f,mobilitybench:22d3ca719346bf16f1,1,mobilitybench
mobilitybench_q_ce26d638747b436b1c,mobilitybench:3e46526790f875dbe2,1,mobilitybench
mobilitybench_q_ded9b24535071410cd,mobilitybench:22f2c38b2d3a6a77bc,1,mobilitybench
mobilitybench_q_009e4afc141f5584b0,mobilitybench:e4bcabece2416685e3,1,mobilitybench
mobilitybench_q_7cf425f63543424a11,mobilitybench:f65c61e076f2a78243,1,mobilitybench
mobilitybench_q_31853f1b577cbeaf46,mobilitybench:9f68ae671f5eddd718,1,mobilitybench
mobilitybench_q_04f5f51eb693ad33b9,mobilitybench:7fc0c4322c7cc893ae,1,mobilitybench
mobilitybench_q_d5a81640d4cb11bd5b,mobilitybench:fa38d3e38a53de9caa,1,mobilitybench
mobilitybench_q_d3cc0d9d1a9c9145a7,mobilitybench:9a61f2f0778d3979dd,1,mobilitybench
mobilitybench_q_c838d5f8b439e8e6cd,mobilitybench:e61d403e5e8070c44b,1,mobilitybench
mobilitybench_q_b33468a202122351c0,mobilitybench:03ab8165c8d08fa098,1,mobilitybench
mobilitybench_q_e54ef6c57798a23979,mobilitybench:e1164f282cd871a5a7,1,mobilitybench
mobilitybench_q_d8234d153537d62634,mobilitybench:2069815bd11a9d20cd,1,mobilitybench
mobilitybench_q_8690ffb5c48fba66c1,mobilitybench:81574a23cf19901a98,1,mobilitybench
mobilitybench_q_bfde3737e473fdcea4,mobilitybench:1911cd50848766979d,1,mobilitybench
mobilitybench_q_6c26b82715b6add232,mobilitybench:05f264a99ea7181dc5,1,mobilitybench
mobilitybench_q_13c417293864ad4b49,mobilitybench:a52d0f6f473cc7e615,1,mobilitybench
mobilitybench_q_e7b30063332ccf44f7,mobilitybench:2f0b8eec9fc404c645,1,mobilitybench
mobilitybench_q_fad5bbbd0cccf1e8dd,mobilitybench:8b2ffe4585a6f3570f,1,mobilitybench
mobilitybench_q_47ac09f69895965882,mobilitybench:3eda9d2a7eebe7de83,1,mobilitybench
mobilitybench_q_84ea4bc572f60e463e,mobilitybench:d14aaf8129df3dee88,1,mobilitybench
mobilitybench_q_6a80e31a8a272e8429,mobilitybench:28a45a824435fd0371,1,mobilitybench
mobilitybench_q_66c00cdd34f0e70c87,mobilitybench:97daa045fce1badf01,1,mobilitybench
mobilitybench_q_bde88d9fe134eaf6f8,mobilitybench:58fe48545e38229b6e,1,mobilitybench
mobilitybench_q_8b7d042455b5e0c173,mobilitybench:792c62fa245e50b0b7,1,mobilitybench
mobilitybench_q_7fb3d8e615056a22ea,mobilitybench:7ca819381e27231c93,1,mobilitybench
mobilitybench_q_c564af5e4e8e6bee30,mobilitybench:21504d5b6d3213d335,1,mobilitybench
mobilitybench_q_61be00a85ac124633d,mobilitybench:089268131f86e887e5,1,mobilitybench
mobilitybench_q_a22805c6cb8ca2774a,mobilitybench:f0d6aa27467ac97785,1,mobilitybench
mobilitybench_q_a6424be8a035f689ff,mobilitybench:74d9fa308e9a11f859,1,mobilitybench
mobilitybench_q_351471ee6c92044d65,mobilitybench:accfdf4f0c6dfcc291,1,mobilitybench
mobilitybench_q_d3466d333ecca4c7b5,mobilitybench:3736e6be5cdf4fedd8,1,mobilitybench
mobilitybench_q_27436f483f016a0082,mobilitybench:9139cddfe67082d64f,1,mobilitybench
mobilitybench_q_2bb23020e72611c5fb,mobilitybench:d07195cacac326a79e,1,mobilitybench
mobilitybench_q_73f0d320fbe8d74151,mobilitybench:55efbba79b3efb8dcc,1,mobilitybench
mobilitybench_q_d60198f09618d9acdd,mobilitybench:dbafd361d6ca610872,1,mobilitybench
mobilitybench_q_f70603dfa75674dc0d,mobilitybench:f553e084f93b8ed692,1,mobilitybench
mobilitybench_q_327626742cc1bea943,mobilitybench:3a8b9c45ccd1423df3,1,mobilitybench
mobilitybench_q_a47c28302575b9c650,mobilitybench:d28ac96196c1a5687d,1,mobilitybench
mobilitybench_q_35be619a092f1b0c01,mobilitybench:c5dc65253283e11db0,1,mobilitybench
mobilitybench_q_b40904962e12702dae,mobilitybench:11eee7666a3c0915e5,1,mobilitybench
mobilitybench_q_d5e086e587f3d156f6,mobilitybench:08472c2251c9b08979,1,mobilitybench
mobilitybench_q_21cc5cd3bee4b214b0,mobilitybench:e576d1a9bd887a505d,1,mobilitybench
mobilitybench_q_20a519dfcb7f606c3e,mobilitybench:fc496fb01343323c19,1,mobilitybench
mobilitybench_q_9416597ac4ae9bd65b,mobilitybench:f1878082e21e0b7e3c,1,mobilitybench
mobilitybench_q_b1a1408d16c00ff84e,mobilitybench:1ff817e9e9625b151b,1,mobilitybench
mobilitybench_q_499d3028daff061b2e,mobilitybench:31208c721f7b356696,1,mobilitybench
mobilitybench_q_1a2b88dce816a7780b,mobilitybench:c041ee448bcfbaf5af,1,mobilitybench
mobilitybench_q_2a4c161506a64e72db,mobilitybench:358afdbcb6c7b067b5,1,mobilitybench
mobilitybench_q_6a187f1dc3be3e208c,mobilitybench:2fb918bbd8a2783b4a,1,mobilitybench
mobilitybench_q_57a453510be49243f9,mobilitybench:3fa953a3edac0fbf66,1,mobilitybench
mobilitybench_q_9c34209b9b06069404,mobilitybench:970e6bfc0b7d6494b5,1,mobilitybench
mobilitybench_q_f6b5444dcfcd3780b8,mobilitybench:748b8812cfd99cc457,1,mobilitybench
mobilitybench_q_6026acdd104edae43f,mobilitybench:e1bc8e8dadd80d0834,1,mobilitybench
mobilitybench_q_4fa24771c1c21f3db4,mobilitybench:746cc43c7fab83fa78,1,mobilitybench
mobilitybench_q_37afb03c94956a0bfc,mobilitybench:ee58f4750fc17b6e23,1,mobilitybench
mobilitybench_q_8391f28f5bef22071c,mobilitybench:df387a9beffada5860,1,mobilitybench
mobilitybench_q_a18db83155a0ad266a,mobilitybench:ab9e395687adf76316,1,mobilitybench
mobilitybench_q_b7dace850e57254cce,mobilitybench:da4540a176d4505ae1,1,mobilitybench
mobilitybench_q_d084bfa4e75025e3e6,mobilitybench:7a2181b82001f7ffcb,1,mobilitybench
mobilitybench_q_5ff2e845b8d689ea3b,mobilitybench:8d73d26cb488cd1293,1,mobilitybench
mobilitybench_q_1ae107b00eac316766,mobilitybench:394ae40a5aaac7fe7d,1,mobilitybench
mobilitybench_q_31b988baee62a33246,mobilitybench:7a6f5f36ea6b49e719,1,mobilitybench
mobilitybench_q_a249d6c24b5a46f82e,mobilitybench:9085f2d09a26e1379b,1,mobilitybench
mobilitybench_q_716c410cd512a4f9bb,mobilitybench:1863b48df85ebfa374,1,mobilitybench
mobilitybench_q_054ce0383dcfab4a5b,mobilitybench:d76bec2bed3fc02e86,1,mobilitybench
mobilitybench_q_f97f43aba5f49fc8cb,mobilitybench:ff2290b45f42ba83cf,1,mobilitybench
mobilitybench_q_d2f05900c348b24656,mobilitybench:91039fc944db69396e,1,mobilitybench
mobilitybench_q_9eb7e9176ceea4edd9,mobilitybench:1a03b3f08df71729ca,1,mobilitybench
mobilitybench_q_5f6486aea83c65367c,mobilitybench:ac53fc36ebcc1b3269,1,mobilitybench
mobilitybench_q_0168bcc4e4d650c36f,mobilitybench:2776d422e1957b2941,1,mobilitybench
mobilitybench_q_ed5e59c273866fb783,mobilitybench:af29ee1494e5a751b7,1,mobilitybench
mobilitybench_q_d6a2b626432280ee47,mobilitybench:b8b149c7d9f8a54093,1,mobilitybench
mobilitybench_q_07119d71469599a6ad,mobilitybench:6acb81cabab3c356d2,1,mobilitybench
mobilitybench_q_02c5f30f9f817b7abc,mobilitybench:1ec8802531816f3dfe,1,mobilitybench
mobilitybench_q_5dc1d42740b2e992e4,mobilitybench:9b48c5e7decd78a837,1,mobilitybench
mobilitybench_q_19ff965dd08f6d940d,mobilitybench:ef836cea910a4f96d4,1,mobilitybench
mobilitybench_q_082b809bac6c2d5bf9,mobilitybench:a45b74bae70984eddc,1,mobilitybench
mobilitybench_q_8c8c74aa306bef0ca5,mobilitybench:29caf042f56af3660a,1,mobilitybench
mobilitybench_q_030f757265cb0bfe07,mobilitybench:f92a8e4900ab43ddd5,1,mobilitybench
mobilitybench_q_21f2ed562b22b75f11,mobilitybench:793c6410990c7a9a7d,1,mobilitybench
mobilitybench_q_ea9a89c1044499218f,mobilitybench:5b6651fc4e47620dd9,1,mobilitybench
mobilitybench_q_4133fdc23d9c2e6dc6,mobilitybench:52575fb9dea3029a5f,1,mobilitybench
mobilitybench_q_8b87001adc5bef66b4,mobilitybench:c64c835f4b6d01a226,1,mobilitybench
mobilitybench_q_cb67b6e74e97726463,mobilitybench:8340e957b5058ba934,1,mobilitybench
mobilitybench_q_a54ed57bd9b156fbbd,mobilitybench:96e61bc6949bb7a702,1,mobilitybench
mobilitybench_q_d28f6bfc449b53a6a4,mobilitybench:2e29f0bcfb0a9d64aa,1,mobilitybench
mobilitybench_q_cb5167dabf4e18e9d7,mobilitybench:79b7366579acdeb02c,1,mobilitybench
mobilitybench_q_38e18ef15a1400ea36,mobilitybench:3a56e11e11953ca4ba,1,mobilitybench
mobilitybench_q_179fe3540852df1438,mobilitybench:5b5f7de70b76e3ce64,1,mobilitybench
mobilitybench_q_61181aa6cfba43140f,mobilitybench:393a00505c12c29519,1,mobilitybench
mobilitybench_q_86146e0fd5dfd86770,mobilitybench:6428589f32f2ee069d,1,mobilitybench
mobilitybench_q_d6df66dd36eb8b0748,mobilitybench:8d7360eb10c33b687b,1,mobilitybench
mobilitybench_q_927699645978bf4bd6,mobilitybench:aa28d2018c0dd3f142,1,mobilitybench
mobilitybench_q_11c3ce518a5e81d739,mobilitybench:92a7056febf6bedc03,1,mobilitybench
mobilitybench_q_b73aadc99cf0c99bc8,mobilitybench:dd91f84e2d8f7b904e,1,mobilitybench
mobilitybench_q_4b5542612637fe1664,mobilitybench:2b97ed71c6d04ac4a5,1,mobilitybench
mobilitybench_q_308690ffd7d59cfff8,mobilitybench:d06a3570aef723883d,1,mobilitybench
mobilitybench_q_c69108316cc9efb578,mobilitybench:c00ff40745db1378ee,1,mobilitybench
mobilitybench_q_f93a2037f1645ab717,mobilitybench:61017b2da355b742b1,1,mobilitybench
mobilitybench_q_b1d789cfbbdb64b09e,mobilitybench:e5507c17988dbc5af5,1,mobilitybench
mobilitybench_q_9efeb72d9f954d2160,mobilitybench:828d81b5da1aad2411,1,mobilitybench
mobilitybench_q_f8aeb1157f472d1055,mobilitybench:73501b56e8b44ea220,1,mobilitybench
mobilitybench_q_db5a1e6374564fe5fd,mobilitybench:9c377fe9908b0b9a55,1,mobilitybench
mobilitybench_q_97921d12cdf269530e,mobilitybench:fa6df974cddb939212,1,mobilitybench
mobilitybench_q_4d327396f366b3bec3,mobilitybench:5c94aaa49c337205f8,1,mobilitybench
mobilitybench_q_7419abc992267f3f0c,mobilitybench:4f94c9c47fd9d66690,1,mobilitybench
mobilitybench_q_81f1d114226e622df8,mobilitybench:e9290400da53d85307,1,mobilitybench
mobilitybench_q_06ea2bdee91a0d3acc,mobilitybench:c43f97ed10faf40f22,1,mobilitybench
mobilitybench_q_53daaef3f7dd207ea3,mobilitybench:4ca3fe781456e24d07,1,mobilitybench
mobilitybench_q_885186baa769ac1d82,mobilitybench:742d3c2f616d1728a0,1,mobilitybench
mobilitybench_q_f4748d6468c6ef7712,mobilitybench:af814ca2b4c26acbc6,1,mobilitybench
mobilitybench_q_ebcd8aa13f584c2c75,mobilitybench:dfb190c5f11284cf04,1,mobilitybench
mobilitybench_q_2ca61a060171d95734,mobilitybench:8226de9a69d390d11e,1,mobilitybench
mobilitybench_q_f24d488f6d14da6c74,mobilitybench:578606ffd5487b1340,1,mobilitybench
mobilitybench_q_96be62a0564055c183,mobilitybench:8f33c6116bbc326fc6,1,mobilitybench
mobilitybench_q_605b41582274cf777a,mobilitybench:6f2db3c1d118980037,1,mobilitybench
mobilitybench_q_35d1f0b6b6fa9672be,mobilitybench:cebb7cda9aae1880f4,1,mobilitybench
mobilitybench_q_42549498d3a7fe942d,mobilitybench:0522e153043588eaa1,1,mobilitybench
mobilitybench_q_2831c99fb27a928a32,mobilitybench:cfcfc743f7a592789d,1,mobilitybench
mobilitybench_q_06ee8f23df2ef367d1,mobilitybench:2353234740eda566bd,1,mobilitybench
mobilitybench_q_c2de688b76e20dac9d,mobilitybench:1adc3c382bff845c73,1,mobilitybench
mobilitybench_q_8adf22a24c6ab16ba0,mobilitybench:8488a164029b8e1c4b,1,mobilitybench
mobilitybench_q_aa69d6f35a015569cf,mobilitybench:cd8d845a86d503dd50,1,mobilitybench
mobilitybench_q_95b267ef9e05f80e9c,mobilitybench:0b2dcf91c61ded90ff,1,mobilitybench
mobilitybench_q_5133e58ec3da1acdb1,mobilitybench:c142b8adcdcb3d82af,1,mobilitybench
mobilitybench_q_7bfd36dd340324e94d,mobilitybench:65b12222bc45dce6a0,1,mobilitybench
mobilitybench_q_c528d1c2d7aa24ef92,mobilitybench:f838ce9a72fd56649b,1,mobilitybench
mobilitybench_q_515ee4348abd367d91,mobilitybench:758e0d8b9b32bb5028,1,mobilitybench
mobilitybench_q_e59862d176ea8e324b,mobilitybench:077dd9d7c9eb0842b0,1,mobilitybench
mobilitybench_q_7b863339466814625e,mobilitybench:4f82290359d5e7d55f,1,mobilitybench
mobilitybench_q_10a43c86aa84327c0c,mobilitybench:65b3c905b7cc521b93,1,mobilitybench
mobilitybench_q_d0b823972086be1b59,mobilitybench:78b2e35403af47ee93,1,mobilitybench
mobilitybench_q_2abe15c2a4b68c526e,mobilitybench:b1cb99ea52f7a09f51,1,mobilitybench
mobilitybench_q_d646ad653c4bc4df87,mobilitybench:977b497da0b9c0820c,1,mobilitybench
mobilitybench_q_90b16cecad3fc4fdbf,mobilitybench:4658b76e373976ee82,1,mobilitybench
mobilitybench_q_e4774ff68dbe88ad62,mobilitybench:340f37721a43e1e8a6,1,mobilitybench
mobilitybench_q_ab1b6819ad72f47e40,mobilitybench:4817ee493edb76335a,1,mobilitybench
mobilitybench_q_ed53e8ced6ea0007c9,mobilitybench:3f05d9f1d06d7ec37d,1,mobilitybench
mobilitybench_q_0c532c711950ebe6f7,mobilitybench:6ac65355a1e9c1af89,1,mobilitybench
mobilitybench_q_17ffaadfe804f3ead0,mobilitybench:142beb9bbf511883d3,1,mobilitybench
mobilitybench_q_9fd818795d5aad902d,mobilitybench:bfc1f248b44c8e3de0,1,mobilitybench
mobilitybench_q_c8a201264ad1425199,mobilitybench:7ff5cfe2af2f3fdba7,1,mobilitybench
mobilitybench_q_69712f0a09c81459a3,mobilitybench:01f75ddd2b96567438,1,mobilitybench
mobilitybench_q_49e08450709c01d938,mobilitybench:e300012bd6e8ce3af3,1,mobilitybench
mobilitybench_q_6ac227fd697c3b1ec7,mobilitybench:a2c8b8ef8b51800ba5,1,mobilitybench
mobilitybench_q_51b9329c59b988d57a,mobilitybench:e32e8a2600ee5e2c2b,1,mobilitybench
mobilitybench_q_a5b4356466db2bb540,mobilitybench:c51ce315a70f156a78,1,mobilitybench
mobilitybench_q_1321a46b69166c9eae,mobilitybench:901f47e080fee9f3f2,1,mobilitybench
mobilitybench_q_aeb7b84209330871c7,mobilitybench:9e878d54fea9654292,1,mobilitybench
mobilitybench_q_7f04eb83371ac24699,mobilitybench:e105851c463692824c,1,mobilitybench
mobilitybench_q_9d2445108f46397086,mobilitybench:cdaa67808a31255cf0,1,mobilitybench
mobilitybench_q_5938ce79225bc01c90,mobilitybench:d5d3a1af19a2f16f20,1,mobilitybench
mobilitybench_q_799ab81a17f8bb0a39,mobilitybench:df475f0fafb73165b2,1,mobilitybench
mobilitybench_q_642e0230c3e9ab55c3,mobilitybench:897eec4b35b88deb9d,1,mobilitybench
mobilitybench_q_cdad53c6ec7b8dd565,mobilitybench:14c589ca70b1567a25,1,mobilitybench
mobilitybench_q_e45c34db4f9e59fc85,mobilitybench:6f4db0eaac64c8f182,1,mobilitybench
mobilitybench_q_4cc480c97a4d33139c,mobilitybench:d3f779b048a3efaf23,1,mobilitybench
mobilitybench_q_1cda9bf43ef912c6eb,mobilitybench:dd1b8b657c9dbddc58,1,mobilitybench
mobilitybench_q_34004a2b1018561a5d,mobilitybench:216d24ec596e378d8f,1,mobilitybench
mobilitybench_q_4d54f80ff2b54b8121,mobilitybench:61d113c14473d9509f,1,mobilitybench
mobilitybench_q_eddc6bf0da9e9168c3,mobilitybench:9049cdbc1ddbb70184,1,mobilitybench
mobilitybench_q_92f4422b3cbfd66266,mobilitybench:2493ec0cebe347954a,1,mobilitybench
mobilitybench_q_688cf1d0999a573ec2,mobilitybench:38a184d338ac9ca60c,1,mobilitybench
mobilitybench_q_ca1037aaaf2641415b,mobilitybench:d3811e1a10546ee891,1,mobilitybench
mobilitybench_q_b9a9ea292e33d705a7,mobilitybench:d6b4c8f4c71e0d14bc,1,mobilitybench
mobilitybench_q_2e025c7a3b7e59e078,mobilitybench:6e27945166cdee3378,1,mobilitybench
mobilitybench_q_407ca745d65f81bd1c,mobilitybench:df61d4defa9d0a9f11,1,mobilitybench
mobilitybench_q_859d6e6538e07bf63e,mobilitybench:3f10b9d5e962fdaf9a,1,mobilitybench
mobilitybench_q_365aeb9af675835325,mobilitybench:ba876be416f3c19bb7,1,mobilitybench
mobilitybench_q_64a9e97b951c756855,mobilitybench:4651b1bc1ec4e10c42,1,mobilitybench
mobilitybench_q_5f172438533326be1a,mobilitybench:4b1608fccceb93a9d0,1,mobilitybench
mobilitybench_q_b0f17113ad3932a4f5,mobilitybench:5a0d0eb145baf7ca75,1,mobilitybench
mobilitybench_q_0bdeb7725563246f6b,mobilitybench:f77e1bcc922ce37f0a,1,mobilitybench
mobilitybench_q_b4c9f42de974bcf9db,mobilitybench:992e4136f1d57e0fa3,1,mobilitybench
mobilitybench_q_fa2511c6e21bf967f8,mobilitybench:0f91db6d807698bd82,1,mobilitybench
mobilitybench_q_0062aa5d33bd163076,mobilitybench:8363cf3b02b07377ff,1,mobilitybench
mobilitybench_q_9f01fc8778718cc93a,mobilitybench:a76912ee72f63a0382,1,mobilitybench
mobilitybench_q_ed2dc7946bdc8c0ca1,mobilitybench:11e70acb0ac16461b5,1,mobilitybench
mobilitybench_q_9bfdd369738ee84e0e,mobilitybench:45bdc85897ce3d2655,1,mobilitybench
mobilitybench_q_0261c66b383e17258d,mobilitybench:c212f59d16e4086b49,1,mobilitybench
mobilitybench_q_8bb3dd37eb026e2471,mobilitybench:92979bde64ae29890f,1,mobilitybench
mobilitybench_q_bbda116edc31cba73b,mobilitybench:183043263547f55910,1,mobilitybench
mobilitybench_q_9a6e1133aad65e5a7f,mobilitybench:ef1708e1f3a176c2cf,1,mobilitybench
mobilitybench_q_0f4299fa8acc26c3db,mobilitybench:6da9222772f2842b27,1,mobilitybench
mobilitybench_q_56168630abfe4fda79,mobilitybench:3d1126c0cb148a5a51,1,mobilitybench
mobilitybench_q_cf78fa873dc1a5d6b8,mobilitybench:9b6f76ad1ae17ae150,1,mobilitybench
mobilitybench_q_cf95cbedeccd6c5039,mobilitybench:c40ab25b685dedc1dc,1,mobilitybench
mobilitybench_q_a7c373c6e39c9b18de,mobilitybench:04a8ee8d31281c9749,1,mobilitybench
mobilitybench_q_3c401b8c1dcd9bbcaf,mobilitybench:ff98f3561a4a8c706f,1,mobilitybench
mobilitybench_q_2327fa4fcf7a4451ae,mobilitybench:38772bb67bd0be41cc,1,mobilitybench
mobilitybench_q_b2bff56ce03a153fcf,mobilitybench:f6be2d3dfb251f3140,1,mobilitybench
mobilitybench_q_f3a79f6b8665cf0eb5,mobilitybench:21c782778359abe8d5,1,mobilitybench
mobilitybench_q_3f90d2f312e271d25b,mobilitybench:c3e9cada4faabb9455,1,mobilitybench
mobilitybench_q_f4946fad40e277e1cd,mobilitybench:0e300a5bd8ee82f268,1,mobilitybench
mobilitybench_q_c908bf8c028049644f,mobilitybench:bc779be0c35a2e4c00,1,mobilitybench
mobilitybench_q_652999bae0d0a5f306,mobilitybench:c207add5ea74a25d17,1,mobilitybench
mobilitybench_q_3dd3fb4d5a5d199df8,mobilitybench:4cc465a5615157639f,1,mobilitybench
mobilitybench_q_97e9744cfe7e033642,mobilitybench:296b01913dfe280c2a,1,mobilitybench
mobilitybench_q_d710dda24e3f5d3b89,mobilitybench:19755aa1526c906ad6,1,mobilitybench
mobilitybench_q_13bcc35c3c4b5aeb53,mobilitybench:008d90e428b00cec83,1,mobilitybench
mobilitybench_q_939d0d79ab7ada2de2,mobilitybench:22a52bcc998e091ef4,1,mobilitybench
mobilitybench_q_e6476294a4e8f435aa,mobilitybench:d1c617e7ea33c9baa7,1,mobilitybench
mobilitybench_q_df35b772e2b513803f,mobilitybench:bb781aceee649bfc85,1,mobilitybench
mobilitybench_q_b490949ee83ff9d6e6,mobilitybench:e10ec06b7373aa62b4,1,mobilitybench
mobilitybench_q_7e3aa0b6dc1d10be7c,mobilitybench:85058a4f60332cabd0,1,mobilitybench
mobilitybench_q_a6c89186acaad72ac1,mobilitybench:649cf028cafbccf67e,1,mobilitybench
mobilitybench_q_c8c6f41e242df96e9d,mobilitybench:7e45ca4ac79330bc4a,1,mobilitybench
mobilitybench_q_d99c3be41fa185fe01,mobilitybench:09e35ea8f2ef4d64e0,1,mobilitybench
mobilitybench_q_c9b8e8f8393c836f35,mobilitybench:5a253d9c8cac2d4ee6,1,mobilitybench
mobilitybench_q_57e6cb2f208259196a,mobilitybench:c640783dc492732176,1,mobilitybench
mobilitybench_q_e89520ff68d4c34eb4,mobilitybench:0986929520999d66e6,1,mobilitybench
mobilitybench_q_21a986618b6af8379f,mobilitybench:6aea8a1a1863eed116,1,mobilitybench
mobilitybench_q_46f6267e45dc44aea8,mobilitybench:53f8271275992d3815,1,mobilitybench
mobilitybench_q_0e61692d8e25f6eee1,mobilitybench:a1fcf84941d168cd05,1,mobilitybench
mobilitybench_q_ebb48bb2f67cb80b6d,mobilitybench:881ddabc18755ed9de,1,mobilitybench
mobilitybench_q_153b6eae6adde653d5,mobilitybench:06b8d1b48263575670,1,mobilitybench
mobilitybench_q_afe787539db0387c42,mobilitybench:79ce81a316a4ab472b,1,mobilitybench
mobilitybench_q_2b7da67f800ff44e84,mobilitybench:f269114593269a61e9,1,mobilitybench
mobilitybench_q_267f220bd58d653c77,mobilitybench:fa5cf7c7b3e47334f9,1,mobilitybench
mobilitybench_q_c0bed4dec3fc68296a,mobilitybench:28b2505b40251395f9,1,mobilitybench
mobilitybench_q_0000afe5e752ac8911,mobilitybench:c3a7168bfa1db0f4d4,1,mobilitybench
mobilitybench_q_6149a279afe3a137a8,mobilitybench:c86a16c00df7b59ce6,1,mobilitybench
mobilitybench_q_04017b6e14d2d75708,mobilitybench:20a91e34fa6e051f1b,1,mobilitybench
mobilitybench_q_bd58ced4e3231d1b96,mobilitybench:baaf6582e31cfcefd2,1,mobilitybench
mobilitybench_q_f6c8c131a71df7335e,mobilitybench:1b2359a25d1597d0f5,1,mobilitybench
mobilitybench_q_532e8cfddc30719208,mobilitybench:b7c1df3c2f22808dda,1,mobilitybench
mobilitybench_q_efd5c8000f3a831177,mobilitybench:3547853e8ffd783a02,1,mobilitybench
mobilitybench_q_fa4a05dfca4396f85f,mobilitybench:78192f2dfdfef01f61,1,mobilitybench
mobilitybench_q_18fca8723a80d2aa4f,mobilitybench:c37f1cc1bdd2f8ad7a,1,mobilitybench
mobilitybench_q_2a93c2a02a7751ab90,mobilitybench:c0049e578d1c43c76a,1,mobilitybench
mobilitybench_q_4a344019c8b639569f,mobilitybench:e96232e3fa0dc8cd5a,1,mobilitybench
mobilitybench_q_4c2d24225561adc046,mobilitybench:004052bc45c9c747e6,1,mobilitybench
mobilitybench_q_bf959c45197c05289a,mobilitybench:6f671cd18af66b8713,1,mobilitybench
mobilitybench_q_a252eaf69f07511f3e,mobilitybench:c62de2324b76274ba9,1,mobilitybench
mobilitybench_q_f9556337bdc3fda814,mobilitybench:b8ea010f9eccad988a,1,mobilitybench
mobilitybench_q_023a32ee21da179bb2,mobilitybench:c8561cd880c83bf90c,1,mobilitybench
mobilitybench_q_672470d6d00ad3c4d4,mobilitybench:350f1e7c4d085095c0,1,mobilitybench
mobilitybench_q_78ac7d9af2851ce8f8,mobilitybench:8a542e6a9041a1a0a7,1,mobilitybench
mobilitybench_q_414889f1bc144d3e16,mobilitybench:b01a4b574cd3de3e3d,1,mobilitybench
mobilitybench_q_3aed56e016f292b988,mobilitybench:a29778e591d7f145aa,1,mobilitybench
mobilitybench_q_4fe8f936a94b00307b,mobilitybench:643eb3433886fea315,1,mobilitybench
mobilitybench_q_3d0a034c4257e89254,mobilitybench:7ebd1ee4e011cca0a4,1,mobilitybench
mobilitybench_q_dce31e1db80fd75017,mobilitybench:a67eb847751bd06b07,1,mobilitybench
mobilitybench_q_d094d1278da960367f,mobilitybench:bc058ed1c2e8384d79,1,mobilitybench
mobilitybench_q_4036668b04e7a7d0dd,mobilitybench:18cdcc35306d358d6d,1,mobilitybench
mobilitybench_q_c5d63c1cc59c89eb8b,mobilitybench:2607c8280e0067352b,1,mobilitybench
mobilitybench_q_05e77e77c210068eb5,mobilitybench:77542a04b0f1a4f687,1,mobilitybench
mobilitybench_q_d7f3a4ba7d1913a0ec,mobilitybench:3e32f362ac70015fbe,1,mobilitybench
mobilitybench_q_93a59a9a7cedebd882,mobilitybench:2f4eb03ef4fcb0c42a,1,mobilitybench
mobilitybench_q_1a354349cca97ba0ef,mobilitybench:7b598fd0e915fb4449,1,mobilitybench
mobilitybench_q_19fbd037407c433e43,mobilitybench:cd8c1e91cbb2fd9b30,1,mobilitybench
mobilitybench_q_4e38aa0a1e62bda1e2,mobilitybench:52fb5593c8874c628e,1,mobilitybench
mobilitybench_q_49f87a13f34ae2adbd,mobilitybench:4756a8492998cd6d36,1,mobilitybench
mobilitybench_q_784a88e9bac918deca,mobilitybench:800ba7437504d7669b,1,mobilitybench
mobilitybench_q_495a46131a33d4b461,mobilitybench:90e0eba6ed9a4bb586,1,mobilitybench
mobilitybench_q_9ece6f83ecfe944ba9,mobilitybench:f7fe40ea64ded3c3fe,1,mobilitybench
mobilitybench_q_62826058bcee5d0922,mobilitybench:5e48d7cacf4f7455dc,1,mobilitybench
mobilitybench_q_cd4a7d7c15505addfe,mobilitybench:3210590deb18f329c3,1,mobilitybench
mobilitybench_q_102a6c922cff7fb88b,mobilitybench:d40358c808a78a72c9,1,mobilitybench
mobilitybench_q_c4c695fda611067ce1,mobilitybench:9b3b395219cb6d55de,1,mobilitybench
mobilitybench_q_c12a3640dee1a3a980,mobilitybench:5081c65c8981fdb497,1,mobilitybench
mobilitybench_q_a7c25cca19ebfe27b4,mobilitybench:ebbcc6e6f22b359c74,1,mobilitybench
mobilitybench_q_c64b6203b390f6c3b0,mobilitybench:9f958ea26006d857d4,1,mobilitybench
mobilitybench_q_de38be852fbc32afc4,mobilitybench:7b90e3e81a4b97fc6d,1,mobilitybench
mobilitybench_q_3874f5485cfd51ddf1,mobilitybench:4307394408ed93fd45,1,mobilitybench
mobilitybench_q_88d468c6a3e827d9bd,mobilitybench:f9dd8793be1173b172,1,mobilitybench
mobilitybench_q_c0b80278620d8071e9,mobilitybench:5afc6b454ab27adf4d,1,mobilitybench
mobilitybench_q_a3d477e7a7e84dac0a,mobilitybench:24dbf957accf9fa92a,1,mobilitybench
mobilitybench_q_5460c128672e03eb1b,mobilitybench:75f51cc17ba03b62d5,1,mobilitybench
mobilitybench_q_e174be8da494c1c27f,mobilitybench:f16298a4308fadb98a,1,mobilitybench
mobilitybench_q_a4e91b7b08aa162e0f,mobilitybench:26636532f10d202b9c,1,mobilitybench
mobilitybench_q_d9fd93f99f5d2d7192,mobilitybench:c3eb00c05c2c23f8c2,1,mobilitybench
mobilitybench_q_19266e2cac2762f09e,mobilitybench:01bab308af3980a85d,1,mobilitybench
mobilitybench_q_ab65d823ee008f450a,mobilitybench:a395b4c566a9ed1a83,1,mobilitybench
mobilitybench_q_52a11120c50d01ca82,mobilitybench:0631f10a79990e48d5,1,mobilitybench
mobilitybench_q_8b8ec8188af6577ee5,mobilitybench:630a2c8d14f56a06ce,1,mobilitybench
mobilitybench_q_a675725ad6633527f5,mobilitybench:be3475c8e0cb226930,1,mobilitybench
mobilitybench_q_3c14045ca1cca63bf8,mobilitybench:1fe62aaee9fba12037,1,mobilitybench
mobilitybench_q_01eb4bcb5ec745011b,mobilitybench:f32e224a408f4f63bd,1,mobilitybench
mobilitybench_q_435552a017c528d678,mobilitybench:441a20acb15ecf0a9e,1,mobilitybench
mobilitybench_q_6213798e773bcea772,mobilitybench:eb74698790218f95ed,1,mobilitybench
mobilitybench_q_68aca321999d22905b,mobilitybench:35d607100460d665aa,1,mobilitybench
mobilitybench_q_15bbc28bcada711fed,mobilitybench:04a953bead9e43f385,1,mobilitybench
mobilitybench_q_fa3b20340368b7f74a,mobilitybench:9754134427ca96f369,1,mobilitybench
mobilitybench_q_fd6ea91afffcae8e69,mobilitybench:20a7c3380bc03033a4,1,mobilitybench
mobilitybench_q_8b1ec8504a42a7cf1a,mobilitybench:a81fd0db4d014eff47,1,mobilitybench
mobilitybench_q_726e627f5a13472fc1,mobilitybench:9dcbb00e4b698708f3,1,mobilitybench
mobilitybench_q_27ab72755e6aa289ff,mobilitybench:ba5b1f868184d9e287,1,mobilitybench
mobilitybench_q_93cf946d2c197540d9,mobilitybench:17c59910137b6862e7,1,mobilitybench
mobilitybench_q_65e27bbf683ff35c43,mobilitybench:cf7c099a6151ba089d,1,mobilitybench
mobilitybench_q_078ab6fca3b427d2c4,mobilitybench:814019ed86831ac42f,1,mobilitybench
mobilitybench_q_4e0a713918a43d618a,mobilitybench:3f5565bb029fddbfcd,1,mobilitybench
mobilitybench_q_b08225dc5de6ac3523,mobilitybench:a6b51540b845744146,1,mobilitybench
mobilitybench_q_74e99829ab522a8112,mobilitybench:1f3cebdc0a381ba4c4,1,mobilitybench
mobilitybench_q_68dedf64b727016b2d,mobilitybench:40faad97876bcf19f5,1,mobilitybench
mobilitybench_q_8537448c05a0bfddca,mobilitybench:0109c56be3002f0bee,1,mobilitybench
mobilitybench_q_955ccd2fe39c33fd17,mobilitybench:408261a67b3dc2e5c6,1,mobilitybench
mobilitybench_q_aed95da5f7914a0560,mobilitybench:6932e7ba72a243808f,1,mobilitybench
mobilitybench_q_8c6b6c6f48ce1f6647,mobilitybench:b7b21ced5b70dbcdbb,1,mobilitybench
mobilitybench_q_31b6aaba6b18196411,mobilitybench:3a3d22675387bf7768,1,mobilitybench
mobilitybench_q_8697c76d955b4f6824,mobilitybench:576aaa8094904f715a,1,mobilitybench
mobilitybench_q_4894dbb47682b23dc2,mobilitybench:9e46bb7077e7ea4d1d,1,mobilitybench
mobilitybench_q_13388db806615347ec,mobilitybench:ea583deaf8956f536a,1,mobilitybench
mobilitybench_q_e38725256b1f464a78,mobilitybench:584edf26989d87e986,1,mobilitybench
mobilitybench_q_7cdc7ea13b0de80829,mobilitybench:1635d9a48c1f31c80c,1,mobilitybench
mobilitybench_q_b46ab6308343379bbf,mobilitybench:dac433608256cb7a8d,1,mobilitybench
mobilitybench_q_ab82bc555513002b3a,mobilitybench:d0ab60fb22bae77262,1,mobilitybench
mobilitybench_q_778243d472f75352cc,mobilitybench:2a43d4e74a0ec82bc9,1,mobilitybench
mobilitybench_q_57b237f28b634a9d1d,mobilitybench:2487c9f2798e555624,1,mobilitybench
mobilitybench_q_387907a7a920141ff8,mobilitybench:52ce4977b49ec2b2b4,1,mobilitybench
mobilitybench_q_64af31ecbfce3d688e,mobilitybench:0004f7e538e6643016,1,mobilitybench
mobilitybench_q_e8f198400b976802b1,mobilitybench:b417f188c672fecf9b,1,mobilitybench
mobilitybench_q_8a4ce784b098e77678,mobilitybench:1edf1508c753c84733,1,mobilitybench
mobilitybench_q_b0b1c2ffc29a20a6f1,mobilitybench:c0d008acfc8b1b407f,1,mobilitybench
mobilitybench_q_27550a77d0717861ae,mobilitybench:23acd2f0e610d7e5ae,1,mobilitybench
mobilitybench_q_e682b6c68762ca4081,mobilitybench:298969746315d3cae7,1,mobilitybench
mobilitybench_q_be94cee171580bf779,mobilitybench:bc41373db935b7903b,1,mobilitybench
mobilitybench_q_cc330e4a28aadbacfb,mobilitybench:d8b791f2de17bbe801,1,mobilitybench
mobilitybench_q_b51503a9435d5cc990,mobilitybench:dad87300929614aa3e,1,mobilitybench
mobilitybench_q_eb9ae303c61f3fb627,mobilitybench:8f13c9dc39abee8c18,1,mobilitybench
mobilitybench_q_3dfd39dceee9dae319,mobilitybench:3e68a0d3f23c7774a3,1,mobilitybench
mobilitybench_q_9e917eb4850225a22f,mobilitybench:2f4103d91bb0d31117,1,mobilitybench
mobilitybench_q_e0c350d9f5878b33d2,mobilitybench:2a4985f7c3c483331b,1,mobilitybench
mobilitybench_q_6a0cfb5580ea82331e,mobilitybench:5a2d6fa641a036cefb,1,mobilitybench
mobilitybench_q_0495428359c5393385,mobilitybench:8419e6cfcd1f8a192f,1,mobilitybench
mobilitybench_q_2c749697a0f33de9a7,mobilitybench:4b794935cb054f5963,1,mobilitybench
mobilitybench_q_0b07bfd85a8691af66,mobilitybench:4df7359ec0a03321be,1,mobilitybench
mobilitybench_q_b5bfc395f67ffa9bd0,mobilitybench:4e9c3459c39589a06c,1,mobilitybench
mobilitybench_q_0798bb0303377f5c8b,mobilitybench:2f326d36824fe16cf4,1,mobilitybench
mobilitybench_q_2279d1ed626b04b136,mobilitybench:4c4388961799751c45,1,mobilitybench
mobilitybench_q_70644ffda4019f9d0b,mobilitybench:cc1e60e164c4d71364,1,mobilitybench
mobilitybench_q_a2a7989ef5d8526c71,mobilitybench:262b9047faa9f5d7d3,1,mobilitybench
mobilitybench_q_56d6d18607b99dc33a,mobilitybench:fab09d3dbee12931d3,1,mobilitybench
mobilitybench_q_063a38ba44e773016b,mobilitybench:5e3c98c67f986a74b1,1,mobilitybench
mobilitybench_q_1ff33293d32e2749e0,mobilitybench:4d1457603b44f01d8d,1,mobilitybench
mobilitybench_q_ee8f7253c4209a942d,mobilitybench:33849c0ba319c5c772,1,mobilitybench
mobilitybench_q_1d3173dd116ef7d8ca,mobilitybench:82365c6f1363358d5a,1,mobilitybench
mobilitybench_q_a7f22c4da42448f66b,mobilitybench:cb55ed97efaf36e318,1,mobilitybench
mobilitybench_q_7e69e8ed2274960899,mobilitybench:be288ba02e246833d2,1,mobilitybench
mobilitybench_q_ee6ee226f61cb29a5c,mobilitybench:e4b4f5afee45265938,1,mobilitybench
mobilitybench_q_6ae36d6e1082eefc70,mobilitybench:e80984ac1750647331,1,mobilitybench
mobilitybench_q_f217a341abbc005d55,mobilitybench:6869cdd237bbcf745d,1,mobilitybench
mobilitybench_q_cbb75a4d421874ceaf,mobilitybench:2bdba7584dd70d2603,1,mobilitybench
mobilitybench_q_4be73d91eb74313330,mobilitybench:f6ebe46b667c45cfb8,1,mobilitybench
mobilitybench_q_d486a890c59976cc8a,mobilitybench:57e30db7ed0c656464,1,mobilitybench
mobilitybench_q_1ffa1fcd7c1c5b0b51,mobilitybench:d0b01edb187ad92d86,1,mobilitybench
mobilitybench_q_3ce095e6d9a9fbd8ad,mobilitybench:37acb07276d72c6235,1,mobilitybench
mobilitybench_q_e1512bd03cf4f202bc,mobilitybench:d08f8d3a2206a7a075,1,mobilitybench
mobilitybench_q_baf4f4415139bd7dd4,mobilitybench:687e394e48e168f9fa,1,mobilitybench
mobilitybench_q_f155a8cb22fc8d87e0,mobilitybench:78cc645247b1952694,1,mobilitybench
mobilitybench_q_f3134532532abc2836,mobilitybench:2501a7813a0a44411c,1,mobilitybench
mobilitybench_q_bb94b0e8e244939819,mobilitybench:eefaf91f1de9d7dc05,1,mobilitybench
mobilitybench_q_c65695901687c98522,mobilitybench:6e953ca2823c845e47,1,mobilitybench
mobilitybench_q_abab1d1f78e4d82095,mobilitybench:208224b8d60e0e15c4,1,mobilitybench
mobilitybench_q_d4c7dd0ab629fd165f,mobilitybench:54e60598b624cccd22,1,mobilitybench
mobilitybench_q_8c6ceb011e3f0b06df,mobilitybench:9e65f0fde43eab9f88,1,mobilitybench
mobilitybench_q_08d9e55af009f5aae2,mobilitybench:c67ecef0a268a355a0,1,mobilitybench
mobilitybench_q_efa7eeba6312534741,mobilitybench:bc04a1b1e34b78fa4e,1,mobilitybench
mobilitybench_q_3232994a4a5d4698cd,mobilitybench:76a74bbe1285c53677,1,mobilitybench
mobilitybench_q_bc5c83e9f6c25029d7,mobilitybench:2228acb10b40f302f2,1,mobilitybench
mobilitybench_q_96d77454a610fb5d54,mobilitybench:621fad2916bfa6ad16,1,mobilitybench
mobilitybench_q_a29db4e6414ebfdf7e,mobilitybench:fa76ebc666507810b4,1,mobilitybench
mobilitybench_q_2f7ad857ae596301ce,mobilitybench:25fae1fe5290e6cfee,1,mobilitybench
mobilitybench_q_ab71897439159e280b,mobilitybench:3a918b7ec3024b3501,1,mobilitybench
mobilitybench_q_5ace7b27628409ff55,mobilitybench:f4f92b018458029a5b,1,mobilitybench
mobilitybench_q_df1966cd61a88dc04a,mobilitybench:b1d1338b0f2609b6bf,1,mobilitybench
mobilitybench_q_14a5fde09182925eed,mobilitybench:494220a6584b1fb12c,1,mobilitybench
mobilitybench_q_34741b6b72859b41ab,mobilitybench:385e91f53065ee1e39,1,mobilitybench
mobilitybench_q_78ee7e32996670fcf5,mobilitybench:4d3543d1ebaf37bb4f,1,mobilitybench
mobilitybench_q_17ab22bc74cb05298e,mobilitybench:fb2d44766cc84f1f5a,1,mobilitybench
mobilitybench_q_1d5ac6a72e5d90d7f9,mobilitybench:86201da2655d702f4e,1,mobilitybench
mobilitybench_q_c65ad4b6b92703cc17,mobilitybench:30b51d1bc0cd1dc970,1,mobilitybench
mobilitybench_q_e15e6b3290d7eb7bb7,mobilitybench:3ef416c6ae532c1d22,1,mobilitybench
mobilitybench_q_c244306242ecdae589,mobilitybench:7c0045970e8ac91ad3,1,mobilitybench
mobilitybench_q_e6f7138d81670eae01,mobilitybench:44981ac4b1576bad35,1,mobilitybench
mobilitybench_q_842e879aebde9a6505,mobilitybench:7e01ecc1d43721c28a,1,mobilitybench
mobilitybench_q_c0d020550c7e0eb0be,mobilitybench:36ede94f5a130e6b6d,1,mobilitybench
mobilitybench_q_239a87908de33cee61,mobilitybench:2b4dab4258417ce766,1,mobilitybench
mobilitybench_q_0baea0e40a09697d1d,mobilitybench:d2a8213091c95b102d,1,mobilitybench
mobilitybench_q_48b45b45bfe0d49764,mobilitybench:bd909be9d534b67fe4,1,mobilitybench
mobilitybench_q_b6563163ff2f9eef6b,mobilitybench:7a1cac8705a557452c,1,mobilitybench
mobilitybench_q_8c2082285edeb8095e,mobilitybench:de59e5da30e425ce7a,1,mobilitybench
mobilitybench_q_60fdaf941822d8f24d,mobilitybench:67ff07b5463262c53d,1,mobilitybench
mobilitybench_q_094e23d26fc0255119,mobilitybench:63357317bff74034d9,1,mobilitybench
mobilitybench_q_9e4c408ffddda0dc9f,mobilitybench:b98e047d3fc16b114e,1,mobilitybench
mobilitybench_q_85684ad79ba3211b57,mobilitybench:1c0b570f737162baf6,1,mobilitybench
mobilitybench_q_5bec1b1b8a146d059b,mobilitybench:95bdfea78cbf8e2906,1,mobilitybench
mobilitybench_q_87e0232bf3b59fc22b,mobilitybench:c546a47f1a84ce0b0d,1,mobilitybench
mobilitybench_q_33c82bfc4acc646dda,mobilitybench:9db08b7a0dbf0a95aa,1,mobilitybench
mobilitybench_q_e31578298fbf670e10,mobilitybench:05d7ee40d2c98fe58a,1,mobilitybench
mobilitybench_q_a6ccdf40fa17a2f4b2,mobilitybench:b511f165c0d0a9141d,1,mobilitybench
mobilitybench_q_bba27c3afc7b90a57d,mobilitybench:f4f5b4d7fbea1d309b,1,mobilitybench
mobilitybench_q_5c3a71ca60410ee2ad,mobilitybench:0c37c04999f631d475,1,mobilitybench
mobilitybench_q_53fe16e67440f6c058,mobilitybench:19fbdd510692e510e2,1,mobilitybench
mobilitybench_q_58d6c092eeaf28be04,mobilitybench:c03fa21ce605f28026,1,mobilitybench
mobilitybench_q_14ee23ecff11d3a0c1,mobilitybench:dfb49baf3480c49e56,1,mobilitybench
mobilitybench_q_2019d7166c5ab19437,mobilitybench:27712d661b742cebdb,1,mobilitybench
mobilitybench_q_738d7c68149f65c9e4,mobilitybench:25e104ab8537ec1c9d,1,mobilitybench
mobilitybench_q_0f5fd50d94cb6eb987,mobilitybench:808a601df7366541bd,1,mobilitybench
mobilitybench_q_934db369f0335fa8c2,mobilitybench:aa474dd198d2436668,1,mobilitybench
mobilitybench_q_958a16e3021fde6534,mobilitybench:4beb190fd23384bc23,1,mobilitybench
mobilitybench_q_0219e2cb7b2fc942ce,mobilitybench:fd2bc9207483708b30,1,mobilitybench
mobilitybench_q_fe8d92f8309f3c3d23,mobilitybench:0880405024940e1b58,1,mobilitybench
mobilitybench_q_9e768f206fc6688d11,mobilitybench:ac3c0a5ad39cc6f732,1,mobilitybench
mobilitybench_q_236ad4d7a0c2b7528b,mobilitybench:2663e2165851d0656b,1,mobilitybench
mobilitybench_q_64864186359a095015,mobilitybench:d2f1267641920ea648,1,mobilitybench
mobilitybench_q_cb1e5805e2b4ab8f61,mobilitybench:44874819d6f2005704,1,mobilitybench
mobilitybench_q_a4c66a141445299ca4,mobilitybench:77b1225aeb3c371df9,1,mobilitybench
mobilitybench_q_dd9e3a65f5c74b77ca,mobilitybench:9d71af1a0a84a23815,1,mobilitybench
mobilitybench_q_2a7f7a4bdfbc12675b,mobilitybench:c0778a39de8883925d,1,mobilitybench
mobilitybench_q_ef7eaf9cfe58d274c2,mobilitybench:11b7daa4ea80184129,1,mobilitybench
mobilitybench_q_6055a152fdd468a77f,mobilitybench:2f57e67d7a8301341d,1,mobilitybench
mobilitybench_q_cc1d07054e56a0bb4e,mobilitybench:51a2e43d6cec0a32af,1,mobilitybench
mobilitybench_q_975941c534640bda3b,mobilitybench:c46fdca538f00a0555,1,mobilitybench
mobilitybench_q_17b3daacb168c8b1e0,mobilitybench:86924821736291838b,1,mobilitybench
mobilitybench_q_3d28f7fd46b2b72a4d,mobilitybench:033019b623dd2f834f,1,mobilitybench
mobilitybench_q_87e6d002a4842f3b15,mobilitybench:050730362eff359896,1,mobilitybench
mobilitybench_q_b49ffe12c5feffef47,mobilitybench:91ae4d77b58913c065,1,mobilitybench
mobilitybench_q_64867a4f316687488f,mobilitybench:967d457c99cd093931,1,mobilitybench
mobilitybench_q_8a71eafdb6686e62fa,mobilitybench:aeca4c12a0239beee0,1,mobilitybench
mobilitybench_q_d1eee0b76cdea95aad,mobilitybench:154cb1e3eda3a54040,1,mobilitybench
mobilitybench_q_e4f1b198534c150f99,mobilitybench:d9d86e3cf26e919e1a,1,mobilitybench
mobilitybench_q_53a79d08290b549a61,mobilitybench:7c5d9c22841b2053ba,1,mobilitybench
mobilitybench_q_55b3018d5ed2c768f3,mobilitybench:47c5728fef35ed42eb,1,mobilitybench
mobilitybench_q_895cc0999d6b190bab,mobilitybench:58f9368c9e707aaf00,1,mobilitybench
mobilitybench_q_a6391592617f078a84,mobilitybench:c592b26382f7f600eb,1,mobilitybench
mobilitybench_q_69c1c584d58e7d7cdb,mobilitybench:84938a517c7cf3d9f5,1,mobilitybench
mobilitybench_q_39d457d6e8f15579bd,mobilitybench:dbc66d9c16f4bc1a4d,1,mobilitybench
mobilitybench_q_b4b39f2e10e76f3c3d,mobilitybench:c0bcebc6242eab5e5a,1,mobilitybench
mobilitybench_q_bb35bf533ce0a85581,mobilitybench:7fa4f85bfaf4df11a9,1,mobilitybench
mobilitybench_q_e2bb89995e7ee0d5c3,mobilitybench:6c5388e64f682322bf,1,mobilitybench
mobilitybench_q_daa47b0a339bf2dec5,mobilitybench:7b904a966a55407313,1,mobilitybench
mobilitybench_q_e1a2635132c9771c30,mobilitybench:96b60c63517933133d,1,mobilitybench
mobilitybench_q_8f70e123712fbd352c,mobilitybench:6fbae3307714998dcb,1,mobilitybench
mobilitybench_q_d5ff77ca15a6787544,mobilitybench:6da0d65530c4ca730c,1,mobilitybench
mobilitybench_q_0f576019400bc5ccd8,mobilitybench:84ec76cb0d8334f0ed,1,mobilitybench
mobilitybench_q_0957da2e6e749500b8,mobilitybench:d51bda93990c6aa3e1,1,mobilitybench
mobilitybench_q_d03ae5597bc780b596,mobilitybench:f433aac1e1f0b41e47,1,mobilitybench
mobilitybench_q_6cfdfbab060aa6ebd2,mobilitybench:de1d2f40286508d18b,1,mobilitybench
mobilitybench_q_ba834194d8d41a6119,mobilitybench:7b692ae968a5258b5f,1,mobilitybench
mobilitybench_q_366a3c5e002aa57f29,mobilitybench:b28013e4defe1f235e,1,mobilitybench
mobilitybench_q_fba20f73311f7a62a9,mobilitybench:de414449c42d094c01,1,mobilitybench
mobilitybench_q_a2c5ce0b40a9d51705,mobilitybench:4ae2217a58a6333a85,1,mobilitybench
mobilitybench_q_14e492a562f5574716,mobilitybench:895ea246039ab513e2,1,mobilitybench
mobilitybench_q_4ae716b0379cb01216,mobilitybench:0e2dea2b6bf796d0dc,1,mobilitybench
mobilitybench_q_50b3e21eebab550a55,mobilitybench:b7194ac4faacced2ba,1,mobilitybench
mobilitybench_q_3556783427b23a9789,mobilitybench:d9f7a09718db7d4cfe,1,mobilitybench
mobilitybench_q_d5a552f2ff6501ce52,mobilitybench:b52d6159de0eba8511,1,mobilitybench
mobilitybench_q_125c07db3ae904b6fa,mobilitybench:7b9920767fcf0bc6f0,1,mobilitybench
mobilitybench_q_01558b14f56f2bb348,mobilitybench:469ffdccd970229983,1,mobilitybench
mobilitybench_q_1b83d8c3b0a8778a60,mobilitybench:6a5ea42b73c62ccc7c,1,mobilitybench
mobilitybench_q_7d14e9ba44fb65e25a,mobilitybench:97610bccc3d8c9e44e,1,mobilitybench
mobilitybench_q_c4f3a97484d48431e8,mobilitybench:e6ab17f7f1bad14bb7,1,mobilitybench
mobilitybench_q_4ed9f522d9f3d9bc08,mobilitybench:dd4b56c43ff58c3bdd,1,mobilitybench
mobilitybench_q_27552376ec6b5f5741,mobilitybench:64305f67700c694de2,1,mobilitybench
mobilitybench_q_72c9414134d1d7531e,mobilitybench:9c50adc5eb7a0e0eb7,1,mobilitybench
mobilitybench_q_fc7a24ed01cfce2c80,mobilitybench:6bc7fa8a489eb54a63,1,mobilitybench
mobilitybench_q_0a40e8d7babfd41ec9,mobilitybench:a35b48e20ebf6e6b54,1,mobilitybench
mobilitybench_q_6f92ff0f552b7f97e5,mobilitybench:e93b5d3915d6ac21bb,1,mobilitybench
mobilitybench_q_56f8f5794b320b9e45,mobilitybench:00b21f851c8041c5d7,1,mobilitybench
mobilitybench_q_5c53a92470cb54e4e4,mobilitybench:0695edffda9b4ad07d,1,mobilitybench
mobilitybench_q_429dc7eb715958fc97,mobilitybench:7a18d097cb05c4b4e3,1,mobilitybench
mobilitybench_q_e81cab15e71fc2ffc4,mobilitybench:5963fd2a055539666f,1,mobilitybench
mobilitybench_q_a4ddef98b0c4daa05b,mobilitybench:44ef8890a6a14156b7,1,mobilitybench
mobilitybench_q_4adc389a0ff55a5fe4,mobilitybench:b1e28a694a08f3f5bb,1,mobilitybench
mobilitybench_q_a91ea0703b48271203,mobilitybench:941cb815191e0c1a2f,1,mobilitybench
mobilitybench_q_a8f1e8c2bf054e5a22,mobilitybench:d6468a52fccec202d8,1,mobilitybench
mobilitybench_q_5475855d13756a9136,mobilitybench:9dec2f7b8172b6b442,1,mobilitybench
mobilitybench_q_ba8384d744fe44811d,mobilitybench:b8c29861a9023c7b2e,1,mobilitybench
mobilitybench_q_6a45bbf33070856508,mobilitybench:49b2a7d33de6cdfa67,1,mobilitybench
mobilitybench_q_b8ff2d49a3efa6f6cf,mobilitybench:3b91e0e7ec7558a920,1,mobilitybench
mobilitybench_q_e6582af74beb3159b2,mobilitybench:8e3096591b98c48d84,1,mobilitybench
mobilitybench_q_2b131d4344c9466dde,mobilitybench:ae3d14f16360cfb70f,1,mobilitybench
mobilitybench_q_ab786d209284f69c16,mobilitybench:1dcc59b9e655373c1b,1,mobilitybench
mobilitybench_q_dfe6ac7bb1ebbff995,mobilitybench:cea974160e87986102,1,mobilitybench
mobilitybench_q_93eb57d82d3c47d844,mobilitybench:75c00ca141c2c75e03,1,mobilitybench
mobilitybench_q_03f58eb96df58a9939,mobilitybench:77d0701d9a8edb9955,1,mobilitybench
mobilitybench_q_c39f7efaead485827a,mobilitybench:754e99f275c8176d0b,1,mobilitybench
mobilitybench_q_a09606a879a80688a7,mobilitybench:8184c330bcdb557f56,1,mobilitybench
mobilitybench_q_b82edb48e136c73509,mobilitybench:60e7fce045b2232277,1,mobilitybench
mobilitybench_q_132abe9d9b41b37ca7,mobilitybench:b64d0887d3168bfc75,1,mobilitybench
mobilitybench_q_e19ede1d3148f4d0db,mobilitybench:2216f29dad8e432ad7,1,mobilitybench
mobilitybench_q_ddb1139f0635249115,mobilitybench:93d7be82fcc65a1292,1,mobilitybench
mobilitybench_q_d76252658603eabee7,mobilitybench:1fa20098c3ef5f3ee5,1,mobilitybench
mobilitybench_q_01b8d598c1335d478b,mobilitybench:86d36abb582dbf018b,1,mobilitybench
mobilitybench_q_30a7aac5468cd87715,mobilitybench:422ebc0115486d7261,1,mobilitybench
mobilitybench_q_8d0356414e888229a0,mobilitybench:47d0ff53b63ef1f3ac,1,mobilitybench
mobilitybench_q_49591da2219a7b886c,mobilitybench:bf45cfa76aea8f2f3c,1,mobilitybench
mobilitybench_q_09a834f57b7941ac40,mobilitybench:7b9d5f0a529101da54,1,mobilitybench
mobilitybench_q_2f5edf978a76dd771b,mobilitybench:cc7988accbf6e42116,1,mobilitybench
mobilitybench_q_5da8e291dbae5e40ef,mobilitybench:97fa15235663ad0530,1,mobilitybench
mobilitybench_q_c9e0bcf93e811296ea,mobilitybench:866c95afce444483f3,1,mobilitybench
mobilitybench_q_663703df5aea51adae,mobilitybench:b4b1a31f5e0d034955,1,mobilitybench
mobilitybench_q_a0084c34cf3f228612,mobilitybench:217967ae626b05086a,1,mobilitybench
mobilitybench_q_20939e587b69a8373c,mobilitybench:93314f5ecb86d6a7f8,1,mobilitybench
mobilitybench_q_8c5adbd50b2c9f389f,mobilitybench:f6d406cc552b56261f,1,mobilitybench
mobilitybench_q_8e3da1adca90236bc8,mobilitybench:79e23516e2834b495a,1,mobilitybench
mobilitybench_q_56ee2a967ef8ffd237,mobilitybench:664069a337e5438b38,1,mobilitybench
mobilitybench_q_746c7967685c96918f,mobilitybench:62ed38b8cacaf70464,1,mobilitybench
mobilitybench_q_b2431aec4307e3bcc2,mobilitybench:fbb54c71593303d9ac,1,mobilitybench
mobilitybench_q_1e2110cf79c37a577a,mobilitybench:e752d4e9a19426ccb9,1,mobilitybench
mobilitybench_q_b701cb6ac4a08766ea,mobilitybench:325cc6cb936db2af43,1,mobilitybench
mobilitybench_q_a341f10ef8fbf6bb75,mobilitybench:708ab3701407976437,1,mobilitybench
mobilitybench_q_7bca65a1006ca04f1c,mobilitybench:d517b7b6bdd5c8e875,1,mobilitybench
mobilitybench_q_ccd891c61126a842f5,mobilitybench:0b7e5c9e66215b7c11,1,mobilitybench
mobilitybench_q_49e56db8c4cc45c720,mobilitybench:479737561a14c4f6f9,1,mobilitybench
mobilitybench_q_b405e5ec6e9bc681e2,mobilitybench:ca75e89941f63b5d48,1,mobilitybench
mobilitybench_q_02b5b3b40e2cede483,mobilitybench:6e09c954e7e96feefb,1,mobilitybench
mobilitybench_q_0392fdbc167b28e525,mobilitybench:0ec78e2faea7c7d23b,1,mobilitybench
mobilitybench_q_9ab225171eb74930b9,mobilitybench:7efa7f5f93f583b4c5,1,mobilitybench
mobilitybench_q_eabf47aae98cf79450,mobilitybench:585267ea2a4e685177,1,mobilitybench
mobilitybench_q_c8e822ac3b6e03d54b,mobilitybench:ffc15611f92d9af726,1,mobilitybench
mobilitybench_q_1868fb48e70da95c34,mobilitybench:5e7a3688ccc2ab689d,1,mobilitybench
mobilitybench_q_dbb795338c861f7c78,mobilitybench:220aac7c73f8690b51,1,mobilitybench
mobilitybench_q_4d902149177ac6d14e,mobilitybench:6e2428f9e7cbde9861,1,mobilitybench
mobilitybench_q_16362e93dce8ff5765,mobilitybench:281891fab9af0889f5,1,mobilitybench
mobilitybench_q_444b384cca2f9fabba,mobilitybench:298a3d3d8d8206dd32,1,mobilitybench
mobilitybench_q_8b1b6b0fcab8064c23,mobilitybench:ab05a03bef717e43d2,1,mobilitybench
mobilitybench_q_dbd52b64f01f192495,mobilitybench:6334a86a2cede4ce91,1,mobilitybench
mobilitybench_q_61b9b185956c50ee3a,mobilitybench:e3df88916138e05d3f,1,mobilitybench
mobilitybench_q_cf3af30f2f29b42f50,mobilitybench:408ba2d332a002921a,1,mobilitybench
mobilitybench_q_4c37b39bcf3108b2a6,mobilitybench:a4ce78568dad61d1e7,1,mobilitybench
mobilitybench_q_e10ebb3eaf7f11cc55,mobilitybench:87a21c7955a4a931e7,1,mobilitybench
mobilitybench_q_5bcaffa744a4210a75,mobilitybench:6f45b57855547aa3de,1,mobilitybench
mobilitybench_q_7b6f5e1b595028cdf5,mobilitybench:0ba68c097187b52343,1,mobilitybench
mobilitybench_q_b71f0ea9a30e3936f9,mobilitybench:0b86fb54aa2b248f5e,1,mobilitybench
mobilitybench_q_41035e70cb6e373fb2,mobilitybench:daf118d3e8e7999d6f,1,mobilitybench
mobilitybench_q_3fb21480b63933acd4,mobilitybench:89666125329744feaa,1,mobilitybench
mobilitybench_q_490283fbc26ad76064,mobilitybench:e285d4df874cd31c23,1,mobilitybench
mobilitybench_q_6f4f6a06a669c172e7,mobilitybench:dd59fb5088e0805df6,1,mobilitybench
mobilitybench_q_cb17c908fd65734567,mobilitybench:1375a99c9c8fead8d7,1,mobilitybench
mobilitybench_q_b9563f129c598fc5e3,mobilitybench:f182a4dfbdd362017a,1,mobilitybench
mobilitybench_q_1459984650e1eb0329,mobilitybench:6b7ede818a66b23b80,1,mobilitybench
mobilitybench_q_e18d30a071aa623375,mobilitybench:69fbdb941b28f906a3,1,mobilitybench
mobilitybench_q_aacd144099e0b79db4,mobilitybench:4f8aa101ded0df16a9,1,mobilitybench
mobilitybench_q_130be5fd485e817ae1,mobilitybench:39bdbb29dd979b301e,1,mobilitybench
mobilitybench_q_89febfca4c37ec4c56,mobilitybench:e63350837fe8f6cc26,1,mobilitybench
mobilitybench_q_bd398c137c46708ea6,mobilitybench:1cedb89b7bfd0e46c6,1,mobilitybench
mobilitybench_q_650b329ad76b37671f,mobilitybench:0aae99683a9a0aa2b9,1,mobilitybench
mobilitybench_q_6416883a18dbc4b9f8,mobilitybench:86417f03d5ca4399a5,1,mobilitybench
mobilitybench_q_99e383b30ed0055013,mobilitybench:4e4419542e955c4f19,1,mobilitybench
mobilitybench_q_2885eb3ff62a5c7b37,mobilitybench:daefe4fa0f7c575f0e,1,mobilitybench
mobilitybench_q_b3e5cf1a528b6967d5,mobilitybench:1db715e29cbf17ff38,1,mobilitybench
mobilitybench_q_7d9c8647ff42f08f91,mobilitybench:8092336a6324ff076a,1,mobilitybench
mobilitybench_q_9d22577cd36777b3c2,mobilitybench:1b48fd19eefcd9aaf6,1,mobilitybench
mobilitybench_q_7bff6768a326508262,mobilitybench:d5a44d3f1c35ba1c0b,1,mobilitybench
mobilitybench_q_dce1325da886acf381,mobilitybench:be04eed58ab3fd49a1,1,mobilitybench
mobilitybench_q_f3538cdc0b24968196,mobilitybench:f383fca2300dcf9b99,1,mobilitybench
mobilitybench_q_821437e2491be5f21f,mobilitybench:8736e0b2a234d35236,1,mobilitybench
mobilitybench_q_ddb85d1e3a1d6e1b9d,mobilitybench:584742fd621fe98c4d,1,mobilitybench
mobilitybench_q_0248e2b331b2e67795,mobilitybench:7832a2174444ad5ea5,1,mobilitybench
mobilitybench_q_10a324b5eb71f79a47,mobilitybench:47f8ea215ccdee5f11,1,mobilitybench
mobilitybench_q_573b540cb2f5ac89bb,mobilitybench:0d12b1d46c235a802f,1,mobilitybench
mobilitybench_q_d8737a60c6aa6f45f8,mobilitybench:fe8cb1dd952a6a66b5,1,mobilitybench
mobilitybench_q_36baccd8d07625e0bb,mobilitybench:acfcd04c0d25f73b2a,1,mobilitybench
mobilitybench_q_e1eb11c7fd5a2db2a9,mobilitybench:e9e7b8634180fc9768,1,mobilitybench
mobilitybench_q_c29aca4f2a0f966d07,mobilitybench:2abcd8476536022abf,1,mobilitybench
mobilitybench_q_6c714122682da95a63,mobilitybench:d59f5e678c398a7e9e,1,mobilitybench
mobilitybench_q_e2ac3c4d7619efcbea,mobilitybench:e3b7dfd5de28407853,1,mobilitybench
mobilitybench_q_44b5c0f264c26a687e,mobilitybench:33e70b9b21352901dd,1,mobilitybench
mobilitybench_q_9baa79a1e77520ec23,mobilitybench:ef7ad261e258ebc53b,1,mobilitybench
mobilitybench_q_3383aeb156b73053a8,mobilitybench:73dc75334cb721738e,1,mobilitybench
mobilitybench_q_6e0b66fd0d64ab98bd,mobilitybench:da27e20ad739b022d6,1,mobilitybench
mobilitybench_q_b95479580670a6c568,mobilitybench:c5beada494c525b0ee,1,mobilitybench
mobilitybench_q_9d13372085e83ec8ee,mobilitybench:aeb11276d78394f11b,1,mobilitybench
mobilitybench_q_9eed4bf35ab5ed3981,mobilitybench:020932f74a62f545dc,1,mobilitybench
mobilitybench_q_461acd420e59029786,mobilitybench:0292cf55793fdd6a19,1,mobilitybench
mobilitybench_q_21b0a16d7e4ef9521e,mobilitybench:43d97142d174e799ae,1,mobilitybench
mobilitybench_q_1bd59416af87cdc921,mobilitybench:7178a92e765bec758f,1,mobilitybench
mobilitybench_q_05bc62b1ccb64d004d,mobilitybench:78d71245935787ad4a,1,mobilitybench
mobilitybench_q_8c8769dadb374ce862,mobilitybench:ac89acc704e9729763,1,mobilitybench
mobilitybench_q_a78661ffaffbcb389f,mobilitybench:be45dcd5d7e5549ea6,1,mobilitybench
mobilitybench_q_9acc3658d8a290b6fc,mobilitybench:cc0e82d6ba20b50dc4,1,mobilitybench
mobilitybench_q_36dfb0a5b0b8ac72b8,mobilitybench:c2eff7d877ddacc3a1,1,mobilitybench
mobilitybench_q_45e9d717f08edbe442,mobilitybench:54479b439429c06160,1,mobilitybench
mobilitybench_q_418861d7ab52c6c7e6,mobilitybench:62419486a8c4259fb6,1,mobilitybench
mobilitybench_q_adca3d29583847398f,mobilitybench:64c1f62d89bedaff71,1,mobilitybench
mobilitybench_q_a5599bd3298cd6fdd6,mobilitybench:75ef8eb7d703eecdf7,1,mobilitybench
mobilitybench_q_0def1fda65efcab8ad,mobilitybench:60fb113bcb95d2df66,1,mobilitybench
mobilitybench_q_82a4e800ed8a64faf3,mobilitybench:93f9fe42f4989b47db,1,mobilitybench
mobilitybench_q_d285ae99258b58c040,mobilitybench:30cb2a79b20fa71838,1,mobilitybench
mobilitybench_q_a4bce872994422ac1b,mobilitybench:f1e9b87b19f815c4b7,1,mobilitybench
mobilitybench_q_1ad22d410b3a75c568,mobilitybench:4a7c724fc633cb0a78,1,mobilitybench
mobilitybench_q_da87267009776a90ca,mobilitybench:83a29825c405fd5696,1,mobilitybench
mobilitybench_q_dffd523bf6dfccbb5b,mobilitybench:9890e1a625fab73fb1,1,mobilitybench
mobilitybench_q_0f7b064248848cf1e1,mobilitybench:010f9330bad4d41e3b,1,mobilitybench
mobilitybench_q_62705c2fd06ab72688,mobilitybench:171d5287512a26fb74,1,mobilitybench
mobilitybench_q_717b9432d89e1a4557,mobilitybench:906c127e3d932dd23b,1,mobilitybench
mobilitybench_q_4f50e2f15482326dec,mobilitybench:dc517b978d66a42526,1,mobilitybench
mobilitybench_q_bc179bb6d72d1ba46e,mobilitybench:7a58b9617d67f93a6f,1,mobilitybench
mobilitybench_q_627acb7e0c063ee11f,mobilitybench:a82858ee847d75833c,1,mobilitybench
mobilitybench_q_c6c6b1f33df0252208,mobilitybench:58108b44db686d7f31,1,mobilitybench
mobilitybench_q_0760ead9063af4ee37,mobilitybench:b417cfecb0f436915d,1,mobilitybench
mobilitybench_q_0f9a2158883ebd2b3a,mobilitybench:757d9bb1b9fccc0d1d,1,mobilitybench
mobilitybench_q_7bb6fc8c60a52a9ea7,mobilitybench:5912dc1285054cb293,1,mobilitybench
mobilitybench_q_19edf6854826e559bb,mobilitybench:6c9cdec2c665a6b336,1,mobilitybench
mobilitybench_q_7f0267b5f096e220e6,mobilitybench:7e3fe1e03a3f253468,1,mobilitybench
mobilitybench_q_3fbe852022c9c55c86,mobilitybench:94029e5324e87f695c,1,mobilitybench
mobilitybench_q_43b8ab4f127cb6c45a,mobilitybench:a400a1f9a617fc1bb7,1,mobilitybench
mobilitybench_q_4a2ce944f4a1c15506,mobilitybench:631314513490ef5a51,1,mobilitybench
mobilitybench_q_68e85c8cb43d53c188,mobilitybench:be58aee8861018371f,1,mobilitybench
mobilitybench_q_949e1941277f9378ac,mobilitybench:07db173402309284f8,1,mobilitybench
mobilitybench_q_14019fcfcb711d2aa3,mobilitybench:5d79a05a1211c48b29,1,mobilitybench
mobilitybench_q_015566d10674a3efc5,mobilitybench:f18fb2d48bc0e218c0,1,mobilitybench
mobilitybench_q_c9b430d9e2c4f487cb,mobilitybench:a9f96378e8190ce7c5,1,mobilitybench
mobilitybench_q_4e2a38d171c3b6a78b,mobilitybench:3791518d6046479c75,1,mobilitybench
mobilitybench_q_935836bd13c09d0d6b,mobilitybench:bb04338c8ba98230b3,1,mobilitybench
mobilitybench_q_0a69e381d183aa53f7,mobilitybench:1b58ab129a6b8069c6,1,mobilitybench
mobilitybench_q_797a0dcadaa7b2ca77,mobilitybench:f8b00e19046bf4612c,1,mobilitybench
mobilitybench_q_2864fe0a6fcd4a02b6,mobilitybench:0e06a5bc699e4f7852,1,mobilitybench
mobilitybench_q_d1218b0e35779b8ee8,mobilitybench:691d2d9a18ba47cee7,1,mobilitybench
mobilitybench_q_e3dedf07e6c0bcfc93,mobilitybench:9a2ac8d9e41e4bc8e3,1,mobilitybench
mobilitybench_q_35ca193f8ad9ad1a22,mobilitybench:4b5ca1d97a3efdd652,1,mobilitybench
mobilitybench_q_f29c45edd5d367c936,mobilitybench:4756a8492998cd6d36,1,mobilitybench
mobilitybench_q_4c28d1d05e534d3ff3,mobilitybench:d645c23a848030af46,1,mobilitybench
mobilitybench_q_436f5c16968517f35b,mobilitybench:d723b86adb5a97830c,1,mobilitybench
mobilitybench_q_5e6946ed57c1284770,mobilitybench:659ed17d5defdc24f9,1,mobilitybench
mobilitybench_q_f604e5eaac164f9167,mobilitybench:b2c8085dc96d5949e6,1,mobilitybench
mobilitybench_q_fe738ed5d081013668,mobilitybench:21724da82e0dafed5d,1,mobilitybench
mobilitybench_q_142b937317d945a932,mobilitybench:3aaa9502ce392ff8e0,1,mobilitybench
mobilitybench_q_596516c1bc0fd26b4f,mobilitybench:26f469f4035c5d936f,1,mobilitybench
mobilitybench_q_c7586a77d26d08a6ce,mobilitybench:a7e0c065a389e24628,1,mobilitybench
mobilitybench_q_9ac3ffc126399f3e83,mobilitybench:af461d4064a6019388,1,mobilitybench
mobilitybench_q_512835c6f9c8dc555d,mobilitybench:7bc0ffe66550fbb8bb,1,mobilitybench
mobilitybench_q_4872dbdb6847b19a21,mobilitybench:a71a010156bc23b731,1,mobilitybench
mobilitybench_q_974c485c4aeb7a9107,mobilitybench:ac9b457f36534d6f72,1,mobilitybench
mobilitybench_q_9b016cd6eae0bd98ee,mobilitybench:505516961640abc811,1,mobilitybench
mobilitybench_q_a9eae89207c6a46b55,mobilitybench:f1e7a84de2f6d95adc,1,mobilitybench
mobilitybench_q_098ce4284ba64e04b8,mobilitybench:11b34d6d2433026563,1,mobilitybench
mobilitybench_q_782d520127f4e31b87,mobilitybench:773003711d6b39681f,1,mobilitybench
mobilitybench_q_a247bfd89745c3e292,mobilitybench:e04e985a39ac42627e,1,mobilitybench
mobilitybench_q_5de7cf31141d15544a,mobilitybench:bbdf4afd72504f65a5,1,mobilitybench
mobilitybench_q_dc3eb1985426003668,mobilitybench:403ec9e9606d2eca70,1,mobilitybench
mobilitybench_q_345da2b29a97bd97e5,mobilitybench:dc7a210b9b74ad0a00,1,mobilitybench
mobilitybench_q_4073619db7eb2a0f5d,mobilitybench:810209ce6ea68b2496,1,mobilitybench
mobilitybench_q_a554c370e4e0d9614f,mobilitybench:59ab67e0db122a8583,1,mobilitybench
mobilitybench_q_3e486bd9400e9df543,mobilitybench:c774e2e8e119799526,1,mobilitybench
mobilitybench_q_3cc3e33d556aac1bf5,mobilitybench:0122dca25ee42847ee,1,mobilitybench
mobilitybench_q_86a6bb0e1db3603e3c,mobilitybench:076e572ea6ae0c615c,1,mobilitybench
mobilitybench_q_065d9bb54362c150e1,mobilitybench:c76ac97f5d0de04712,1,mobilitybench
mobilitybench_q_856c0fba550d9181d4,mobilitybench:eea6b103f247e0fbf8,1,mobilitybench
mobilitybench_q_39bc9b2aa55a221040,mobilitybench:bd0dbbd9694b7db840,1,mobilitybench
mobilitybench_q_d457985ff77dfdb9a8,mobilitybench:dc3299b3e6a18c580a,1,mobilitybench
mobilitybench_q_de368a79b7c4edce74,mobilitybench:1ec0d31c7c7347654a,1,mobilitybench
mobilitybench_q_614e0a9a5b4a8b6b33,mobilitybench:2b3ff289dfeffdb88c,1,mobilitybench
mobilitybench_q_48a62e1e6e5fbdae68,mobilitybench:31370e31a437ef4248,1,mobilitybench
mobilitybench_q_3a762af1f84e313259,mobilitybench:12c0257ec53ddc49ab,1,mobilitybench
mobilitybench_q_d26b6d2df176721dad,mobilitybench:c52cd12e542c1da74b,1,mobilitybench
mobilitybench_q_474d67023d8ecdf997,mobilitybench:d5e76212f4b9a699b5,1,mobilitybench
mobilitybench_q_94d67a842d836060df,mobilitybench:d7804b56a6285c3da5,1,mobilitybench
mobilitybench_q_1d7b1e458f109442f8,mobilitybench:8a601eb9ba0eeb4ebb,1,mobilitybench
mobilitybench_q_ee0c5db298dde8530d,mobilitybench:8b7379a94f45bb39bb,1,mobilitybench
mobilitybench_q_b3cb34af297b2c830f,mobilitybench:403b4e8a1e0bca3227,1,mobilitybench
mobilitybench_q_8ddac530207406cee6,mobilitybench:e1c44955e1b5988f4c,1,mobilitybench
mobilitybench_q_2675b2b4cadaa5ae19,mobilitybench:17862bc05a2e8b8e8e,1,mobilitybench
mobilitybench_q_8617c1178f2511d105,mobilitybench:21a255c6198b0fde9b,1,mobilitybench
mobilitybench_q_1d087d5004f6c1905c,mobilitybench:d0f419bfcd51fff89f,1,mobilitybench
mobilitybench_q_10f0a68b9a93d9fdca,mobilitybench:1661e6cd794babdab7,1,mobilitybench
mobilitybench_q_528292fb6604073498,mobilitybench:7a1cf978dddbd5e227,1,mobilitybench
mobilitybench_q_94b8b025d0ac2f87eb,mobilitybench:94e27f6d481df4c2ed,1,mobilitybench
mobilitybench_q_abe381d609b7eee4d3,mobilitybench:c7435c7480c11c2a95,1,mobilitybench
mobilitybench_q_f7da312e9056af6846,mobilitybench:f13bc113ea209b3933,1,mobilitybench
mobilitybench_q_2425d1e2b20f24190e,mobilitybench:d4ae19d67f048a53ae,1,mobilitybench
mobilitybench_q_04bf2f49e9853e6d63,mobilitybench:a832f7108c2992e374,1,mobilitybench
mobilitybench_q_a270739c56a5a10857,mobilitybench:f772c0c204cdc913e0,1,mobilitybench
mobilitybench_q_29832ae59d894a4d13,mobilitybench:a28442a688cd7346a2,1,mobilitybench
mobilitybench_q_281cb07eb8ef206921,mobilitybench:ee4ab92b7667c41124,1,mobilitybench
mobilitybench_q_2db93bad693f88e71b,mobilitybench:00fdf4be78da091a95,1,mobilitybench
mobilitybench_q_707a4c56f2905ed6ef,mobilitybench:ed04923b9280376c37,1,mobilitybench
mobilitybench_q_9fbeb4fe02107c20c5,mobilitybench:3a9c98371f7254e57a,1,mobilitybench
mobilitybench_q_992265e742768e2d8b,mobilitybench:80651b930ee592783e,1,mobilitybench
mobilitybench_q_46a9052a9d9374c222,mobilitybench:71a5f13421e5913903,1,mobilitybench
mobilitybench_q_a04bbb823d7f3aeb31,mobilitybench:bcb4406620e3f42e96,1,mobilitybench
mobilitybench_q_e931507d71f9051976,mobilitybench:aa6e79dad5cf1f9d65,1,mobilitybench
mobilitybench_q_2ee69c4ff3ca55fe9f,mobilitybench:e2956e492e9cf60502,1,mobilitybench
mobilitybench_q_73b4f62f0205ecaad1,mobilitybench:93759e472e80ba1864,1,mobilitybench
mobilitybench_q_9df94dface1a7c4c7e,mobilitybench:4794601a5892ddd9c7,1,mobilitybench
mobilitybench_q_c0163509b8b1f6a283,mobilitybench:0bc260fdf43c785e3b,1,mobilitybench
mobilitybench_q_68e3ec07d08fa1703f,mobilitybench:2e5e940a9a6bc1cb73,1,mobilitybench
mobilitybench_q_99bc81c53337e5b71f,mobilitybench:99ef6d96d853f8ebcb,1,mobilitybench
mobilitybench_q_dc4435d59b5e4a164a,mobilitybench:fb022454d098f823f8,1,mobilitybench
mobilitybench_q_639e4d6c14c086c605,mobilitybench:ccdfa66ae918ad6bb2,1,mobilitybench
mobilitybench_q_03f4924c703948d36f,mobilitybench:b712a1326b23022093,1,mobilitybench
mobilitybench_q_88605c4abd9cb1a781,mobilitybench:db3cd7fc12bafaf314,1,mobilitybench
mobilitybench_q_b592af99faafe49a36,mobilitybench:c5bd672ebf80b40d19,1,mobilitybench
mobilitybench_q_4e425958c7e95da815,mobilitybench:d9f7620abf4a829fdb,1,mobilitybench
mobilitybench_q_fb0ec46171b8b2d255,mobilitybench:ba2ad8e3841c2633bb,1,mobilitybench
mobilitybench_q_7cdc59773465c35f59,mobilitybench:1c531eba561226a460,1,mobilitybench
mobilitybench_q_8fe2c2c964dc646414,mobilitybench:952d1fd4e2b778767d,1,mobilitybench
mobilitybench_q_12609fd356a99a16b5,mobilitybench:3e96eba2fb5cd73adc,1,mobilitybench
mobilitybench_q_6197f31a5314080357,mobilitybench:65dc8063e60fbc5dd1,1,mobilitybench
mobilitybench_q_6fa54c42803c00db24,mobilitybench:daacdf60c265324b3c,1,mobilitybench
mobilitybench_q_dbf869de22929873c2,mobilitybench:43985dbeeb3d8879fc,1,mobilitybench
mobilitybench_q_2b1b52e1c1d6bd1e71,mobilitybench:aba438cd1b9ee90279,1,mobilitybench
mobilitybench_q_d4065276b4c96c0eb0,mobilitybench:84cf8cfcdbd5580532,1,mobilitybench
mobilitybench_q_8f32b4f33538310c24,mobilitybench:8eba9fa57cd5ee77fb,1,mobilitybench
mobilitybench_q_2eb5a197759d23161a,mobilitybench:ccfbdc97f5e9a44620,1,mobilitybench
mobilitybench_q_cb5b221c5bdb070de0,mobilitybench:9d48c99764d721fc73,1,mobilitybench
mobilitybench_q_2262521db3a5f150ae,mobilitybench:de55f1ef95de221ca2,1,mobilitybench
mobilitybench_q_12b80d2d24a7b72edc,mobilitybench:d4a0bacf4520c31aa3,1,mobilitybench
mobilitybench_q_b9da13d36233ed471a,mobilitybench:b413256eded4475151,1,mobilitybench
mobilitybench_q_5ca14df0034b4947f2,mobilitybench:1b177db8c96f0ffedb,1,mobilitybench
mobilitybench_q_989d9557684193e1a0,mobilitybench:6fd41e26f9697879d4,1,mobilitybench
mobilitybench_q_179a9051d1f21f7979,mobilitybench:86595d492b21695d54,1,mobilitybench
mobilitybench_q_7f80d1a02023d43437,mobilitybench:1af59c0767ad51866e,1,mobilitybench
mobilitybench_q_301e616f3fe1f152da,mobilitybench:7ccd2ce262cdfa7eaa,1,mobilitybench
mobilitybench_q_9ea18332ca9c1bd465,mobilitybench:0bdb76dd81c20e6589,1,mobilitybench
mobilitybench_q_4f36de9e9d0fbf23ad,mobilitybench:39f11f48f0fd5bb1ba,1,mobilitybench
mobilitybench_q_bd85f9ee0038ccae38,mobilitybench:8f2dad133db6931f3e,1,mobilitybench
mobilitybench_q_47ec0b21b8534b19f0,mobilitybench:a55658dce81e00f735,1,mobilitybench
mobilitybench_q_a2c059475e4b35713e,mobilitybench:f79e10c54dc120b6b9,1,mobilitybench
mobilitybench_q_2c667c77d9479f9b84,mobilitybench:401d7d066e7a7feaf1,1,mobilitybench
mobilitybench_q_0abdfbfa4f18f5e34a,mobilitybench:6acd919ebef6a424c3,1,mobilitybench
mobilitybench_q_40c8a356d8958f4855,mobilitybench:c0580700048a25bfd8,1,mobilitybench
mobilitybench_q_3248370f3b5e95ea47,mobilitybench:791b6db9d06544bba9,1,mobilitybench
mobilitybench_q_f943892ffc5a9b397e,mobilitybench:0c7f07a734591c14ee,1,mobilitybench
mobilitybench_q_4644932bd3b1b69f91,mobilitybench:ec59e73815638712d7,1,mobilitybench
mobilitybench_q_e2f65923941185d101,mobilitybench:d83b430b89a1717af2,1,mobilitybench
mobilitybench_q_9ca37ac596435b445a,mobilitybench:b5d3d6b2a072e3fcee,1,mobilitybench
mobilitybench_q_c484cc4683d58af03f,mobilitybench:b8b96c5ccc96b87d93,1,mobilitybench
mobilitybench_q_311a14df6eac473253,mobilitybench:b29abb73732136cd19,1,mobilitybench
mobilitybench_q_7e062706647886e0bc,mobilitybench:e090475fc5c88b981e,1,mobilitybench
mobilitybench_q_009dddce61600a5076,mobilitybench:d2279dbc1f23eccc3c,1,mobilitybench
mobilitybench_q_1cb55a9109afa8867f,mobilitybench:f04bd779e4c15c27e1,1,mobilitybench
mobilitybench_q_2d20bf13a529a8c2fa,mobilitybench:669d71321740abe0d5,1,mobilitybench
mobilitybench_q_056eacc56014e31c97,mobilitybench:40df2fe71f6db08ca5,1,mobilitybench
mobilitybench_q_68c55ab09fa28fcc0c,mobilitybench:8ab59b18171973d05d,1,mobilitybench
mobilitybench_q_2d82fb8a0945f86f81,mobilitybench:a6c69900a22e29cafb,1,mobilitybench
mobilitybench_q_704c3dbbca921a2ab8,mobilitybench:97634745e1c35a817c,1,mobilitybench
mobilitybench_q_1d06d13a5ccc8404e5,mobilitybench:6bd12b0886efcfcd7f,1,mobilitybench
mobilitybench_q_e7ca176fbd3d2521f8,mobilitybench:15715ed2a9eff2132e,1,mobilitybench
mobilitybench_q_a76fb13bda7eed7764,mobilitybench:06ab017248981ccb79,1,mobilitybench
mobilitybench_q_e751e961dd701e21f6,mobilitybench:ae92fb20fc3251ca59,1,mobilitybench
mobilitybench_q_3be1b77c1108835a22,mobilitybench:a07da57cb7340d92de,1,mobilitybench
mobilitybench_q_b69c2e3c353edeeb73,mobilitybench:7b1517d67bf19b3dd0,1,mobilitybench
mobilitybench_q_0751cebec1ad0277ff,mobilitybench:6fd6026105c3c261ef,1,mobilitybench
mobilitybench_q_636b626fb3233f57ea,mobilitybench:3029e6efa52501b0af,1,mobilitybench
mobilitybench_q_841b351c1906e1dff7,mobilitybench:25ce8866c5ef89e647,1,mobilitybench
mobilitybench_q_c138c14222aca8d663,mobilitybench:311430485cd4f66b00,1,mobilitybench
mobilitybench_q_8836d2d8c1ab10ccbf,mobilitybench:42a5624d148a93417d,1,mobilitybench
mobilitybench_q_ac03114eaef4f56b35,mobilitybench:c10314e8d314b97bb7,1,mobilitybench
mobilitybench_q_f8123af33eb1cb7679,mobilitybench:07b336dbe124a4d505,1,mobilitybench
mobilitybench_q_fc645357aede596910,mobilitybench:0989eaca080cab3ec9,1,mobilitybench
mobilitybench_q_4421c4d262e824546b,mobilitybench:c0ea318aac4a4fe870,1,mobilitybench
mobilitybench_q_bf9bd7f7295fdaae82,mobilitybench:7cd8796d8aec5ff1a4,1,mobilitybench
mobilitybench_q_2b4d03d3ba6ddbfae5,mobilitybench:31fe4740b93e71d0da,1,mobilitybench
mobilitybench_q_42e2ac7ed8b788ab11,mobilitybench:5697aed334f4ec4aad,1,mobilitybench
mobilitybench_q_1104d7b08f7148cefe,mobilitybench:c09131d778c2a06b91,1,mobilitybench
mobilitybench_q_12b784361eda4e99ad,mobilitybench:c6d08867aa48cb0cbf,1,mobilitybench
mobilitybench_q_254538a8222cf03499,mobilitybench:a47aec91e1eccb8a96,1,mobilitybench
mobilitybench_q_fe050366f75f7a34c1,mobilitybench:de35ec2349af93dace,1,mobilitybench
mobilitybench_q_885a2e092af757948b,mobilitybench:ea62c407ec9cabf12f,1,mobilitybench
mobilitybench_q_82934147c09ae1237f,mobilitybench:38b07737db6cf8534e,1,mobilitybench
mobilitybench_q_cf22f8a8305e092245,mobilitybench:71085fe66f0dfbdca7,1,mobilitybench
mobilitybench_q_9dcf1ec5c20dc9639a,mobilitybench:d20652c75f108a42e6,1,mobilitybench
mobilitybench_q_e796fab696a11e6cdc,mobilitybench:de39bcf98b3e361fea,1,mobilitybench
mobilitybench_q_0844122a888ff16b11,mobilitybench:542b8e7c4d75f6eedc,1,mobilitybench
mobilitybench_q_979256d6e409c0f34f,mobilitybench:e8ad7c42c85cbd1006,1,mobilitybench
mobilitybench_q_49ae6453240af5e4d0,mobilitybench:4813bf3abcc2a747a7,1,mobilitybench
mobilitybench_q_c5f150e1e372d04d27,mobilitybench:3e2e4ad4248a208980,1,mobilitybench
mobilitybench_q_91e13606641c256563,mobilitybench:9b595496620b2d373c,1,mobilitybench
mobilitybench_q_5273a467cfd3dc6b22,mobilitybench:340da5450194075f51,1,mobilitybench
mobilitybench_q_34e3c7f94093e7a20f,mobilitybench:b20276e635086121fb,1,mobilitybench
mobilitybench_q_01be878f2c0794ce76,mobilitybench:c9a74e334c00f535df,1,mobilitybench
mobilitybench_q_fed31b393222bcd483,mobilitybench:e16ecafb3b16ce6214,1,mobilitybench
mobilitybench_q_ab572d54e560694b6a,mobilitybench:b18ee13149c40d2d29,1,mobilitybench
mobilitybench_q_8bffd743146f6a2e78,mobilitybench:11c7afb17fcfc32f3c,1,mobilitybench
mobilitybench_q_5a6624d7935c7f92e9,mobilitybench:7bee03c2b7aa2b403a,1,mobilitybench
mobilitybench_q_40d1af08b5d47026b0,mobilitybench:c04c34d9b3d44167fe,1,mobilitybench
mobilitybench_q_fca6a86ca88a8ef124,mobilitybench:f76e083913ba48d6b6,1,mobilitybench
mobilitybench_q_4cfbcdf73e869ee6ac,mobilitybench:bf3c919896944fd0a5,1,mobilitybench
mobilitybench_q_8f563cf1d4515e60be,mobilitybench:290daa1a62200ef4a4,1,mobilitybench
mobilitybench_q_ab1b147aecdc209342,mobilitybench:18eeb0b67ffeb9ca9b,1,mobilitybench
mobilitybench_q_90c73b5e10a004dbf3,mobilitybench:7dd849851ce5d38504,1,mobilitybench
mobilitybench_q_c4206cf1ae5ee598a7,mobilitybench:d8e69f9004b60d632f,1,mobilitybench
mobilitybench_q_a3b5dd16f2351c8ca8,mobilitybench:778d4db6fb2083b11e,1,mobilitybench
mobilitybench_q_823663f0fa40dc9b73,mobilitybench:eb214a4d28f1ae4725,1,mobilitybench
mobilitybench_q_5d3cc8af41b0387460,mobilitybench:f65557797c6f267a36,1,mobilitybench
mobilitybench_q_56e97b2ce7d010f7ca,mobilitybench:f10f4be6fcb1d0b2c1,1,mobilitybench
mobilitybench_q_466f57241afc2de806,mobilitybench:02029fa1b311f9c229,1,mobilitybench
mobilitybench_q_117c258118ea5fe22d,mobilitybench:5b2ac5e56512ae1768,1,mobilitybench
mobilitybench_q_7b5a2bb8fcb38bfe4f,mobilitybench:b81bcea48832c37c0d,1,mobilitybench
mobilitybench_q_9b926c4e33f17c2ae7,mobilitybench:fe0ad9e7f6e02db408,1,mobilitybench
mobilitybench_q_371fd8d6256424153e,mobilitybench:2b647c0a053ed6b145,1,mobilitybench
mobilitybench_q_55aee51064c7f57f76,mobilitybench:613dbaa73a3ca5a3ad,1,mobilitybench
mobilitybench_q_8073e2ad5ac43d16c9,mobilitybench:c29ff6db5da7cc1bcb,1,mobilitybench
mobilitybench_q_a3179ba51be162e4ac,mobilitybench:ab3e950fb81d8f255a,1,mobilitybench
mobilitybench_q_31637f996230afe498,mobilitybench:2ff1ad33c3fd111e69,1,mobilitybench
mobilitybench_q_56d3f6345f0026323d,mobilitybench:c58c9f56088a394265,1,mobilitybench
mobilitybench_q_ab9ccbf15fafc2e7a4,mobilitybench:a83e59de8b47aa3c7b,1,mobilitybench
mobilitybench_q_97da4144bedfdcbfd6,mobilitybench:c85c3344c22a3a2f16,1,mobilitybench
mobilitybench_q_d0b790811005a26e48,mobilitybench:e676eb9e8867274e3b,1,mobilitybench
mobilitybench_q_61490c3fe2d3fc8c27,mobilitybench:55e3e94de9aceaf887,1,mobilitybench
mobilitybench_q_0758140068fe043bb3,mobilitybench:98cceb0c4db05ee6a9,1,mobilitybench
mobilitybench_q_165a95c9a84d6e894d,mobilitybench:bdeeca2c251731fadc,1,mobilitybench
mobilitybench_q_9a69bd23b927729274,mobilitybench:7030b0a1d11fa06423,1,mobilitybench
mobilitybench_q_36a952bdb669c90f0a,mobilitybench:3344d8ed3f63b12bb6,1,mobilitybench
mobilitybench_q_e05c0682e1600cc08a,mobilitybench:a1c5879655aff2bf3c,1,mobilitybench
mobilitybench_q_c80566316919e0c93a,mobilitybench:f0465efd031329bdc2,1,mobilitybench
mobilitybench_q_6bba770268a0cdb583,mobilitybench:dd650473b34d56cebe,1,mobilitybench
mobilitybench_q_b61b97fd54c9b68cf3,mobilitybench:a25b949ca1239b7613,1,mobilitybench
mobilitybench_q_1ef43cd9f17012bdc1,mobilitybench:c65ddd32e029804d37,1,mobilitybench
mobilitybench_q_0fa5433fbfffd51e84,mobilitybench:8ed08a10f2857ac076,1,mobilitybench
mobilitybench_q_27b93bf1884799d4cd,mobilitybench:401690778d2df06e4f,1,mobilitybench
mobilitybench_q_1d36ee6a6bf05a3a84,mobilitybench:3580961a376d9a4232,1,mobilitybench
mobilitybench_q_d8f277b08aa42dd93c,mobilitybench:51fba9e1910f7c0533,1,mobilitybench
mobilitybench_q_5f3dd5e45531d7aab4,mobilitybench:343125dee0db78d09f,1,mobilitybench
mobilitybench_q_cb21030bccae96125e,mobilitybench:d8c239dc703eea67eb,1,mobilitybench
mobilitybench_q_3b18fdc6bebabed993,mobilitybench:f4f1db12143a240078,1,mobilitybench
mobilitybench_q_f8f1a36dc94d9d1ecf,mobilitybench:05f6aa3700f5ee0847,1,mobilitybench
mobilitybench_q_435f7ee18ea0ee24d9,mobilitybench:7c77726579e861228b,1,mobilitybench
mobilitybench_q_a69658750a465cbd30,mobilitybench:6754b138b2b4ecc2ee,1,mobilitybench
mobilitybench_q_b07915594a08555416,mobilitybench:090780244e3978770f,1,mobilitybench
mobilitybench_q_83375a823e8968c794,mobilitybench:57a4821a3274870ef6,1,mobilitybench
mobilitybench_q_2b9bac20b905875597,mobilitybench:5e12b0577de9585e1c,1,mobilitybench
mobilitybench_q_34844d5d7c98f7de3c,mobilitybench:11c5aad510eba12a9e,1,mobilitybench
mobilitybench_q_57a5782afc9f3a631f,mobilitybench:993172d3e4576ac8ed,1,mobilitybench
mobilitybench_q_0708400cab70fd71d1,mobilitybench:f47e6c84a11de5770a,1,mobilitybench
mobilitybench_q_98b1be2962ffce5c86,mobilitybench:5415e0fe0e125a0e7f,1,mobilitybench
mobilitybench_q_1ec87a67ffb043a465,mobilitybench:ff7378e4ab1be30ed3,1,mobilitybench
mobilitybench_q_5514519e2039c32e54,mobilitybench:84c91603c033768e40,1,mobilitybench
mobilitybench_q_39c0b8a3b6dead295f,mobilitybench:e2c49000fbd43f33e2,1,mobilitybench
mobilitybench_q_2a8d4739a0228c8102,mobilitybench:d4e527bbd9ff678b5e,1,mobilitybench
mobilitybench_q_77da8264ff930511fd,mobilitybench:fcbcfd5deca9eaac65,1,mobilitybench
mobilitybench_q_96fe8483a56fff4d76,mobilitybench:745f03d0d95b578bf5,1,mobilitybench
mobilitybench_q_9ed3cc1b2ade302f3c,mobilitybench:aa8722e9156c79499e,1,mobilitybench
mobilitybench_q_f3c1ef3aa392120e5d,mobilitybench:acca016e05f0ad483b,1,mobilitybench
mobilitybench_q_f6b9b2e8ca4c8561c9,mobilitybench:ef8f719d519d041cb3,1,mobilitybench
mobilitybench_q_15527aef52c08bb4e4,mobilitybench:d0542b5716f4af7f48,1,mobilitybench
mobilitybench_q_7de18907414a9d5995,mobilitybench:a6e6532a3595a14551,1,mobilitybench
mobilitybench_q_f87302e350c728ae60,mobilitybench:987428168ed90c75a6,1,mobilitybench
mobilitybench_q_6647a39fe7bb8008e9,mobilitybench:d38c1499c679382e0b,1,mobilitybench
mobilitybench_q_7129302896ebe8908f,mobilitybench:660ac6867b37b91fc3,1,mobilitybench
mobilitybench_q_d17d6feb4fcc84e32f,mobilitybench:19dbe61c56056357ca,1,mobilitybench
mobilitybench_q_0937e0a3f3fb27cbcb,mobilitybench:4e1497338a37e81604,1,mobilitybench
mobilitybench_q_fb22c879e0554768bf,mobilitybench:d17ecbcb974177adb7,1,mobilitybench
mobilitybench_q_eee313887c6a11413c,mobilitybench:1df4f2afa3f5f64ce7,1,mobilitybench
mobilitybench_q_db3f9e7f0faae9c203,mobilitybench:ad05cd1a03dbfecf44,1,mobilitybench
mobilitybench_q_4cd3f4346a7b5120fe,mobilitybench:86141f3c3ef0c0f910,1,mobilitybench
mobilitybench_q_487ff1515b9d68b6a8,mobilitybench:4bd0db5869704b0e54,1,mobilitybench
mobilitybench_q_7967a6ac93c22ed214,mobilitybench:987aee78f55d667a4f,1,mobilitybench
mobilitybench_q_c23847575c5bebef48,mobilitybench:654d47250309869abe,1,mobilitybench
mobilitybench_q_527a351aa4f01cbe1f,mobilitybench:568aa50ab615f19114,1,mobilitybench
mobilitybench_q_50fa1ec438542030dd,mobilitybench:6ec7769ad0d070eafc,1,mobilitybench
mobilitybench_q_10409719f7633a2ea2,mobilitybench:89a917d9e8fee37adc,1,mobilitybench
mobilitybench_q_ec638aa87a631cee6b,mobilitybench:fc80cd10ec9b471ad2,1,mobilitybench
mobilitybench_q_50ee4288c47f2ad948,mobilitybench:01c9e3a79715fb6926,1,mobilitybench
mobilitybench_q_8afcaa33df5537fd56,mobilitybench:ef2c956a65159b5c27,1,mobilitybench
mobilitybench_q_8354ca4a454e24965e,mobilitybench:2dd29da8a26cf41742,1,mobilitybench
mobilitybench_q_effb455f2108218c3c,mobilitybench:17b4cafb468e77a445,1,mobilitybench
mobilitybench_q_f7a08fe0c0c5f6a194,mobilitybench:c7236bb9b8ea86c195,1,mobilitybench
mobilitybench_q_bfd8594611721d8adb,mobilitybench:0de85fda9ecb345969,1,mobilitybench
mobilitybench_q_733fb8f8840325100f,mobilitybench:1a115ff94b177534e7,1,mobilitybench
mobilitybench_q_62f131365facaa43ec,mobilitybench:f4095076e747f90e8f,1,mobilitybench
mobilitybench_q_e07d32ec4e81f36e4b,mobilitybench:afd66face8fd32286c,1,mobilitybench
mobilitybench_q_9986115b7e4632da0b,mobilitybench:3915fbd398b9d6abc3,1,mobilitybench
mobilitybench_q_93b38be82e0004d21d,mobilitybench:b2c82e69b8ce9156bc,1,mobilitybench
mobilitybench_q_852814f54e63d3f5ce,mobilitybench:4529c02ef74736ac90,1,mobilitybench
mobilitybench_q_9b214f3e2486a01018,mobilitybench:adc82f8ff20a2f7491,1,mobilitybench
mobilitybench_q_e5acb7ba825a84d7dd,mobilitybench:f69318255ff18dd5a9,1,mobilitybench
mobilitybench_q_aab99ff65d28638df4,mobilitybench:074649be4516262698,1,mobilitybench
mobilitybench_q_6b8b5e73f3fbb03e04,mobilitybench:6d0fcb828f448a0365,1,mobilitybench
mobilitybench_q_7a4d5bfd4b4cc221c5,mobilitybench:bed76e078ab2dc26fa,1,mobilitybench
mobilitybench_q_12e7b69f35509e396a,mobilitybench:80c65e9a165a5c8281,1,mobilitybench
mobilitybench_q_bc919d04930c27d7ea,mobilitybench:ebe12dcb4f73499d11,1,mobilitybench
mobilitybench_q_e537f4f0376b0ece8e,mobilitybench:e2dd6c55ef296a4613,1,mobilitybench
mobilitybench_q_3347cf7638c5a509fd,mobilitybench:204a1dd2e801ff66f7,1,mobilitybench
mobilitybench_q_af96c47e2a67f551dc,mobilitybench:7005b78525cc62c86b,1,mobilitybench
mobilitybench_q_7269fc2ec46764bd5b,mobilitybench:4383b2a4ae3da0ea93,1,mobilitybench
mobilitybench_q_16b6a4b9fa1a453d49,mobilitybench:dbf495c921e94948ab,1,mobilitybench
mobilitybench_q_a0d8bd826d7a733fa3,mobilitybench:c60ee0371fa4717944,1,mobilitybench
mobilitybench_q_b30627da69115d4da6,mobilitybench:59a70965b1c25ab2ed,1,mobilitybench
mobilitybench_q_cc86f5c31498e553a8,mobilitybench:c63eef841970dbcafb,1,mobilitybench
mobilitybench_q_210d3a9fb7f8c19793,mobilitybench:2edece2ac8680e7744,1,mobilitybench
mobilitybench_q_7f2d46a2ccaf19b702,mobilitybench:a2e31ff12e6842330d,1,mobilitybench
mobilitybench_q_35fcd16ac6728c9f4e,mobilitybench:3be971f63afaffb884,1,mobilitybench
mobilitybench_q_d13c765eed09af0301,mobilitybench:1e36804773395af8fd,1,mobilitybench
mobilitybench_q_a6e20d38306378ca3f,mobilitybench:ef59e0394ef810fb24,1,mobilitybench
mobilitybench_q_022fb091f0a8ce6608,mobilitybench:5dd3b0f18ffc9163f3,1,mobilitybench
mobilitybench_q_4875062c3f97fa9d4d,mobilitybench:8d66992101ee380c66,1,mobilitybench
mobilitybench_q_a76134e7fa2e3ad162,mobilitybench:1f38abfd599d4924e2,1,mobilitybench
mobilitybench_q_43b4bd678fa589dfef,mobilitybench:e83a18ea8a6742066b,1,mobilitybench
mobilitybench_q_1e750ae3421361b2bf,mobilitybench:2b585b3920f26ef880,1,mobilitybench
mobilitybench_q_7a5e08bc78e563077c,mobilitybench:bda071f6f76081b80f,1,mobilitybench
mobilitybench_q_b93db499863be35b42,mobilitybench:c74b29f55d677e8bb9,1,mobilitybench
mobilitybench_q_362438d84758b40e98,mobilitybench:4441ba648a1e8adb96,1,mobilitybench
mobilitybench_q_8ae3477ec04027183a,mobilitybench:f188603c5e5b6c3167,1,mobilitybench
mobilitybench_q_38f9f77dae25845648,mobilitybench:a0a59b52d3ff91b4f9,1,mobilitybench
mobilitybench_q_12cf95bd1ef93c5165,mobilitybench:5b1b176e526a073102,1,mobilitybench
mobilitybench_q_5a4b8f0b00972c9397,mobilitybench:d1fbe1fef27486a7f8,1,mobilitybench
mobilitybench_q_567a49e4aea2603acb,mobilitybench:46a27c0cc682463c71,1,mobilitybench
mobilitybench_q_aff91d386160b39dc2,mobilitybench:83274de5ccd37c2fb5,1,mobilitybench
mobilitybench_q_f95fb116676abc1a19,mobilitybench:78804b96ad6c26d9c6,1,mobilitybench
mobilitybench_q_e56e727ecf2e3356cd,mobilitybench:0ce8db4349143aa6a5,1,mobilitybench
mobilitybench_q_d3f82c3474971bde66,mobilitybench:ccbea90d46362c6953,1,mobilitybench
mobilitybench_q_a77867f00486fd8d31,mobilitybench:1033150657d91bee5a,1,mobilitybench
mobilitybench_q_edf42dc216205a1637,mobilitybench:b83e9b5ac80ef0bdab,1,mobilitybench
mobilitybench_q_3622f148d87e237614,mobilitybench:9b85e2d036d6b7f774,1,mobilitybench
mobilitybench_q_2756547933e46b82e7,mobilitybench:52742c252b8284749f,1,mobilitybench
mobilitybench_q_7ba17e102bc35c0fc1,mobilitybench:33bd6cf726f2ff6e81,1,mobilitybench
mobilitybench_q_f5c9447e018ba1e170,mobilitybench:691e03918593ffd16c,1,mobilitybench
mobilitybench_q_6b4f29d08448f82bfa,mobilitybench:e0bea8ccdb5e329c38,1,mobilitybench
mobilitybench_q_ac52fcb0fd6808020f,mobilitybench:005628a928831802a1,1,mobilitybench
mobilitybench_q_39ae480ab3d020d362,mobilitybench:a9d20ee9f6cce511fa,1,mobilitybench
mobilitybench_q_d72efec450b2562f5d,mobilitybench:eebe8c91dc84ddbe07,1,mobilitybench
mobilitybench_q_d2308a24fec6ba7068,mobilitybench:e7085a33c088b17407,1,mobilitybench
mobilitybench_q_136bffb1febc368a58,mobilitybench:87dcedabf63295f754,1,mobilitybench
mobilitybench_q_2b4f907d91ad3a7645,mobilitybench:9d6dd908cd70209b59,1,mobilitybench
mobilitybench_q_1125cbcbd12de41839,mobilitybench:69aaad2cdc2cc893b7,1,mobilitybench
mobilitybench_q_3f09e35e33c86b474b,mobilitybench:c08982707b40d03338,1,mobilitybench
mobilitybench_q_c185d3596eeb4367d5,mobilitybench:5fd484df137cbbda0e,1,mobilitybench
mobilitybench_q_7224d169ab4e29cc80,mobilitybench:83be5dde74e226d58b,1,mobilitybench
mobilitybench_q_eb9488706f5f19760a,mobilitybench:fb2c94b52870c0a428,1,mobilitybench
mobilitybench_q_8a3912965a7e76b4ea,mobilitybench:244a048bcd35a56f22,1,mobilitybench
mobilitybench_q_31cde7d90ed32b6ade,mobilitybench:a1423865c500205b5f,1,mobilitybench
mobilitybench_q_a9e77bc0e2810ac01a,mobilitybench:4dc7d13cb819275015,1,mobilitybench
mobilitybench_q_1f6edb0c5856d8ac4d,mobilitybench:8a8fa9e79e07c2aea6,1,mobilitybench
mobilitybench_q_900624daf3476e65f7,mobilitybench:4cd04c3d4abf11c083,1,mobilitybench
mobilitybench_q_9cd8524a6946895318,mobilitybench:b2a540e50e8009893d,1,mobilitybench
mobilitybench_q_bc8a1365ece455ebce,mobilitybench:03670fabe6617ecb9e,1,mobilitybench
mobilitybench_q_b19a08a8ce900b0cc8,mobilitybench:cacac35bc2d261ee15,1,mobilitybench
mobilitybench_q_1ca3ddcd3e096c7369,mobilitybench:61a857358d3071c14d,1,mobilitybench
mobilitybench_q_d884c3d9e1bf86f99b,mobilitybench:10cbde8cb4c63bec7d,1,mobilitybench
mobilitybench_q_3b3851407429e4d6ed,mobilitybench:e3c43f040a732962f2,1,mobilitybench
mobilitybench_q_935e95cf6b8d7a589a,mobilitybench:2e3c9290d10d9edc83,1,mobilitybench
mobilitybench_q_cfeaa46cc62489d88f,mobilitybench:962dcaa386f51f4a66,1,mobilitybench
mobilitybench_q_15f00ad9cdba1d8ccc,mobilitybench:f49f01d68e254ef1c7,1,mobilitybench
mobilitybench_q_21ef21e2d663306560,mobilitybench:c6d144736d8e2938a7,1,mobilitybench
mobilitybench_q_655301075d6ddfe6db,mobilitybench:a86dec190e9344eeb1,1,mobilitybench
mobilitybench_q_a41f3314038b69d4fc,mobilitybench:f30f92e1f8efc3222e,1,mobilitybench
mobilitybench_q_9f493539742124be36,mobilitybench:53a2b4d94c03798352,1,mobilitybench
mobilitybench_q_e9844d9e86da68568b,mobilitybench:6354f92654a6151cf1,1,mobilitybench
mobilitybench_q_70aa444fb3dc1d2cfd,mobilitybench:8c0a83ccb462e14761,1,mobilitybench
mobilitybench_q_20e7d431a06b7c455a,mobilitybench:d1bdaeb70adf108c75,1,mobilitybench
mobilitybench_q_eff69b902c6de46370,mobilitybench:4400f77bdf0b2a0aa6,1,mobilitybench
mobilitybench_q_0c8d7bd000d04a0588,mobilitybench:e37bac29e295cb2f65,1,mobilitybench
mobilitybench_q_3771eff970dccf7dae,mobilitybench:ee8e13bc53fd943781,1,mobilitybench
mobilitybench_q_ddafcb2d8b44dce482,mobilitybench:20469c5a0067a1e609,1,mobilitybench
mobilitybench_q_58481b22957806142e,mobilitybench:30b2de0f0478c36ca7,1,mobilitybench
mobilitybench_q_63c0c071e71c253d05,mobilitybench:05f72e4fc981b62887,1,mobilitybench
mobilitybench_q_0900f470a30369bee4,mobilitybench:1568cb4fb8a018e7bc,1,mobilitybench
mobilitybench_q_06d71d420de28b10bb,mobilitybench:1cae509a53a7af6224,1,mobilitybench
mobilitybench_q_885970ded1ed20b9c7,mobilitybench:d7df4dd5959b55aa74,1,mobilitybench
mobilitybench_q_a5c8cd9c689a504a7d,mobilitybench:b9c74cc9929e6b6632,1,mobilitybench
mobilitybench_q_378f495b272a3bc7a5,mobilitybench:d2e3300b1d7528a473,1,mobilitybench
mobilitybench_q_5824dfb9c60de4b364,mobilitybench:82017a85411ca5e3b8,1,mobilitybench
mobilitybench_q_4be1277f57b1b826ec,mobilitybench:ea52fc21c3cede3d15,1,mobilitybench
mobilitybench_q_954422b6656d4e2797,mobilitybench:de3993e116793ca7a2,1,mobilitybench
mobilitybench_q_f8dbf8842dbfd88199,mobilitybench:e29dc9e4f95f3df92b,1,mobilitybench
mobilitybench_q_53bd44cc49a3719596,mobilitybench:51bf4f17d9df341356,1,mobilitybench
mobilitybench_q_062e2cb32c44dfecc5,mobilitybench:b5027d44a95c3571df,1,mobilitybench
mobilitybench_q_c0a769936abee3db01,mobilitybench:27f0cb5b589c656f05,1,mobilitybench
mobilitybench_q_83105fdc59545a608f,mobilitybench:6206f9a6e10c969371,1,mobilitybench
mobilitybench_q_ffdf445ccceb622ed2,mobilitybench:34ae3e611be4a4f560,1,mobilitybench
mobilitybench_q_c1733af46a991ab40f,mobilitybench:a46459ee480c9a5c46,1,mobilitybench
mobilitybench_q_2a6579e1ba6f438002,mobilitybench:805283c57896284514,1,mobilitybench
mobilitybench_q_12711144da393b0da0,mobilitybench:505ce73cf2753c0b8f,1,mobilitybench
mobilitybench_q_47084767991675ae4f,mobilitybench:f53da555f9f0006aea,1,mobilitybench
mobilitybench_q_5d5c31856bc13177fa,mobilitybench:61741c978b6fa96ed2,1,mobilitybench
mobilitybench_q_28675468e1ce48d6a1,mobilitybench:afb8827689b081c9fd,1,mobilitybench
mobilitybench_q_23a58cd47d1d67ee7a,mobilitybench:8768fd8d12f75f5546,1,mobilitybench
mobilitybench_q_29d8b998ef97851a4a,mobilitybench:ffe372f27bda8bc082,1,mobilitybench
mobilitybench_q_59405d9fc0aba18d0e,mobilitybench:d75bc2d47fa657197b,1,mobilitybench
mobilitybench_q_c4329cbecd170fe184,mobilitybench:490c523ba93dde3fac,1,mobilitybench
mobilitybench_q_49bab70537bbb0ada2,mobilitybench:4c4f858018faa42a13,1,mobilitybench
mobilitybench_q_de165a8c22f19e1b17,mobilitybench:6c10446753473bb75d,1,mobilitybench
mobilitybench_q_439b095e1afd908c9b,mobilitybench:20a8a8995e0ab1f29b,1,mobilitybench
mobilitybench_q_055dd437c7b7a18647,mobilitybench:ad218e214a0188766c,1,mobilitybench
mobilitybench_q_10d50cf1921e5e5284,mobilitybench:406cbf5e554c564702,1,mobilitybench
mobilitybench_q_faec5a6ff9a8575a8d,mobilitybench:73040c951c1d2f57b9,1,mobilitybench
mobilitybench_q_3be9434869c77082b6,mobilitybench:c79c5595a769131ecd,1,mobilitybench
mobilitybench_q_4f305465fbd26a86a5,mobilitybench:a65a632f61e8b612ad,1,mobilitybench
mobilitybench_q_82fa1e9adc695999fb,mobilitybench:4129c3dd426578c56a,1,mobilitybench
mobilitybench_q_102c8c051d51b5bab1,mobilitybench:47124b037ef144a66c,1,mobilitybench
mobilitybench_q_9502c3944ceda38043,mobilitybench:eedefd798378fc5375,1,mobilitybench
mobilitybench_q_7f5f74a3c4b1f05322,mobilitybench:3378acdc60bd1fcd0e,1,mobilitybench
mobilitybench_q_c54ea3d8a7945f09a7,mobilitybench:1b71bcc045e54612fe,1,mobilitybench
mobilitybench_q_681298e851fde2c36c,mobilitybench:d627646b366df930b1,1,mobilitybench
mobilitybench_q_ef3ee84b4dd32bd8cd,mobilitybench:fc1b43bac7bca0faac,1,mobilitybench
mobilitybench_q_888f479c406859e233,mobilitybench:689b3c028c036054f2,1,mobilitybench
mobilitybench_q_d74c9d5391a3472544,mobilitybench:d417807976b9d796f9,1,mobilitybench
mobilitybench_q_8db91ea43efd7d33ce,mobilitybench:7ed86f96e1ead66908,1,mobilitybench
mobilitybench_q_45b779a03732e3ea07,mobilitybench:d97a6ad97be097f973,1,mobilitybench
mobilitybench_q_34bf90331b5411f1c9,mobilitybench:d455ed223dd9e66b89,1,mobilitybench
mobilitybench_q_07c2249e21ee032a7a,mobilitybench:00b651fb8f9d2a8aa0,1,mobilitybench
mobilitybench_q_205162c02354da516d,mobilitybench:7a468a1fae066fb553,1,mobilitybench
mobilitybench_q_bee1e7b9aba53e7cd2,mobilitybench:9bd11777f8634db424,1,mobilitybench
mobilitybench_q_29578d55e8bf8eed54,mobilitybench:d6fd0fc99a7d5ce9c7,1,mobilitybench
mobilitybench_q_ef98e49f8f5fe17fcc,mobilitybench:6f8a46758c261e0b3b,1,mobilitybench
mobilitybench_q_dc55ad6c047b0d48dd,mobilitybench:bde2ae3bbcf173f53f,1,mobilitybench
mobilitybench_q_14c460cdf74c3902e9,mobilitybench:8aa25b6ef97ac7e301,1,mobilitybench
mobilitybench_q_4443da41fe86fdd96f,mobilitybench:b21b47d2e0b9b94368,1,mobilitybench
mobilitybench_q_5a27f6c63e5bab2fbb,mobilitybench:c9941cf9e528268330,1,mobilitybench
mobilitybench_q_00c18a92ae6ccb5a27,mobilitybench:1b1b233b3b5a70b56c,1,mobilitybench
mobilitybench_q_9846e170ffc0edee82,mobilitybench:eeae305ce8c9b0a39a,1,mobilitybench
mobilitybench_q_bf71b52da61fa8308f,mobilitybench:408c377d999c811786,1,mobilitybench
mobilitybench_q_e84641c8326d7ef3ba,mobilitybench:edfa272e42b24026cb,1,mobilitybench
mobilitybench_q_a57ee58c6a1c7034f8,mobilitybench:c90775640732cc8679,1,mobilitybench
mobilitybench_q_7158e2d6aa60d9e017,mobilitybench:34fa5c8d6a195a617e,1,mobilitybench
mobilitybench_q_a66a122fdbbaf2091e,mobilitybench:49eefee9a9c2969bf8,1,mobilitybench
mobilitybench_q_e14b0858ab449c16ec,mobilitybench:c38ff0b68a41450dc0,1,mobilitybench
mobilitybench_q_38f59249d3102d0a39,mobilitybench:673399954b31efeb4d,1,mobilitybench
mobilitybench_q_0582c95fd2858f4344,mobilitybench:b7b9ed91ab18ad57ab,1,mobilitybench
mobilitybench_q_d6ad58644f87bd6442,mobilitybench:354c8e30633e23a800,1,mobilitybench
mobilitybench_q_326c64665b61657729,mobilitybench:f75f32c9574b89883c,1,mobilitybench
mobilitybench_q_54795c9ee36ee3e41b,mobilitybench:a317fbb9919754ef89,1,mobilitybench
mobilitybench_q_62e8aa3a87a171becc,mobilitybench:bf361f5f445a52ae86,1,mobilitybench
mobilitybench_q_b9ad7912d636fab02a,mobilitybench:de3647727f72fb5fab,1,mobilitybench
mobilitybench_q_a73ce9e29b30ba460a,mobilitybench:b870c7ce6739db1c18,1,mobilitybench
mobilitybench_q_9ecc26571ae3fc8e1c,mobilitybench:ecc0d395c9e511305c,1,mobilitybench
mobilitybench_q_af61440b7796a1f4e2,mobilitybench:a04798593df0181088,1,mobilitybench
mobilitybench_q_b8196e718cdbc775f7,mobilitybench:8462d33841af276be9,1,mobilitybench
mobilitybench_q_e979f87957909bebcc,mobilitybench:2cf5e7f1bbe1e8ff89,1,mobilitybench
mobilitybench_q_f897af2973afcabd68,mobilitybench:f977ab0eebfbfce355,1,mobilitybench
mobilitybench_q_09c3e200496e45fc5a,mobilitybench:f3b216abf325557afc,1,mobilitybench
mobilitybench_q_c90ae6184a00d631aa,mobilitybench:257a5c7427e3c2b556,1,mobilitybench
mobilitybench_q_6766875438d12efae9,mobilitybench:f6b7496b3e159be967,1,mobilitybench
mobilitybench_q_b3da2d47d2f6de7244,mobilitybench:b7d90eae66e7471d5f,1,mobilitybench
mobilitybench_q_aa0bd86abd9cbed36a,mobilitybench:3f85ca9b5f13c1047a,1,mobilitybench
mobilitybench_q_fb00a255203732996d,mobilitybench:ae3e3ed2f13557a66d,1,mobilitybench
mobilitybench_q_7dc057e6f51bd2eee3,mobilitybench:9ae1f06687e6a3d8c3,1,mobilitybench
mobilitybench_q_4e9c72ce6911eeba3b,mobilitybench:086d01b49bc80bc343,1,mobilitybench
mobilitybench_q_17424ae11a619ac5d6,mobilitybench:72a43cccf009d286dd,1,mobilitybench
mobilitybench_q_a5bc27f76bb8fd56c1,mobilitybench:ee4b0dff270d66cccb,1,mobilitybench
mobilitybench_q_ca8478449c79c87459,mobilitybench:1565e3b6df06f0f0fd,1,mobilitybench
mobilitybench_q_f507ef0e51753f9e5a,mobilitybench:0db417656560254660,1,mobilitybench
mobilitybench_q_08d5aa31beea47df59,mobilitybench:37a47e60781e6caa7a,1,mobilitybench
mobilitybench_q_91408f32bea4b4dde1,mobilitybench:5df1f49d9bb6051bc1,1,mobilitybench
mobilitybench_q_130fe05853f1ebe9e2,mobilitybench:de57a74a5bad0746b0,1,mobilitybench
mobilitybench_q_63bff03362d9a4990e,mobilitybench:d0313622cce4a1fa79,1,mobilitybench
mobilitybench_q_6e161ad33598efc3d8,mobilitybench:2b770fedca72e66eed,1,mobilitybench
mobilitybench_q_7cb8fd0027d50df3fc,mobilitybench:bb4ac9afc12e4b5823,1,mobilitybench
mobilitybench_q_b4c04256149b0f7d89,mobilitybench:179179965324494e12,1,mobilitybench
mobilitybench_q_4474e2e2264317096a,mobilitybench:8f155d9ec101b69c78,1,mobilitybench
mobilitybench_q_58276f6c60167abc38,mobilitybench:25c348b7c6adf2a5e4,1,mobilitybench
mobilitybench_q_2f1e65cb66f5da094e,mobilitybench:994387974f8b8f6f69,1,mobilitybench
mobilitybench_q_95703603c8f0d955d1,mobilitybench:0d1f71c903820b3fa6,1,mobilitybench
mobilitybench_q_d888fd0b4974ab7e08,mobilitybench:3c2fa03b59902db76a,1,mobilitybench
mobilitybench_q_2c32b40aa48e0a85c4,mobilitybench:ef239980e63f3bf23e,1,mobilitybench
mobilitybench_q_2308be4a589e810778,mobilitybench:dc1d340c3fae5c9cf8,1,mobilitybench
mobilitybench_q_518d8ad482f8d36b48,mobilitybench:254a1312af138d2795,1,mobilitybench
mobilitybench_q_1302b61163c155532b,mobilitybench:d7e87ad7408498d883,1,mobilitybench
mobilitybench_q_191531855e06b07ebe,mobilitybench:f29989b08fabeb43f6,1,mobilitybench
mobilitybench_q_477797dfadae010d71,mobilitybench:8989ca709708f75077,1,mobilitybench
mobilitybench_q_285ce2ad311e24a535,mobilitybench:21be33a61c918fa6e6,1,mobilitybench
mobilitybench_q_a2855ba7ba6ccf5625,mobilitybench:04963c4b8cc73ad5cb,1,mobilitybench
mobilitybench_q_c74dd6e7725ed3dd97,mobilitybench:e8bd6b720a99419017,1,mobilitybench
mobilitybench_q_50b94627dfe41b3f66,mobilitybench:aa5426c137e503024e,1,mobilitybench
mobilitybench_q_68c1c284bf9d6e9c7e,mobilitybench:2a3d2a207e9b0efbd5,1,mobilitybench
mobilitybench_q_a068b9e82bfa3f4f30,mobilitybench:0d2b19a43ad1e52462,1,mobilitybench
mobilitybench_q_408a85ca64ae9f99bc,mobilitybench:c1466e2a70ebcaf56d,1,mobilitybench
mobilitybench_q_d0f56d426bec511002,mobilitybench:51515697ca611998eb,1,mobilitybench
mobilitybench_q_69aa48f5de61e75e23,mobilitybench:c17e690760f7aa1207,1,mobilitybench
mobilitybench_q_6f785930f5af9d0aad,mobilitybench:fb70ba8f6e7703ed27,1,mobilitybench
mobilitybench_q_ed8fd417bbba141ecd,mobilitybench:fcb14e6dd30c1adde9,1,mobilitybench
mobilitybench_q_d10fbce7246b6357f5,mobilitybench:7c1f9930e019018688,1,mobilitybench
mobilitybench_q_8cf7f1127290cc7130,mobilitybench:b995ddd9edaa5e773a,1,mobilitybench
mobilitybench_q_f5646f6661f5405eb7,mobilitybench:83b58d5967d08288e6,1,mobilitybench
mobilitybench_q_d64b6ce826b41942e8,mobilitybench:2ecb8bd42e1d2ead9a,1,mobilitybench
mobilitybench_q_8bb4b7deb5273dba1f,mobilitybench:08e65a93d28a996e87,1,mobilitybench
mobilitybench_q_58256749b89a200c05,mobilitybench:8ba1a32aebb8f91d45,1,mobilitybench
mobilitybench_q_b2168feedd75c66800,mobilitybench:c98f2339b09458c009,1,mobilitybench
mobilitybench_q_fb5913ab30a5fcba62,mobilitybench:e447b48480c811a809,1,mobilitybench
mobilitybench_q_61c55d7135f97800d1,mobilitybench:0301b47d5332074ac8,1,mobilitybench
mobilitybench_q_4ab8d5499c989a7467,mobilitybench:f3c8089af4c9346d9d,1,mobilitybench
mobilitybench_q_db578ac716f234b149,mobilitybench:ebbd243f4348be5e12,1,mobilitybench
mobilitybench_q_7b68b16a484aeaa23d,mobilitybench:fa1afd2a90585ae9ee,1,mobilitybench
mobilitybench_q_ef6624dc0b4dae04f2,mobilitybench:b95cd7f5faa0d1b2ff,1,mobilitybench
mobilitybench_q_951b177de5c1f2e9e0,mobilitybench:d3c4de9b91ebbd7c87,1,mobilitybench
mobilitybench_q_d5431db1a0e62a3a80,mobilitybench:81c3297d987d1e60e9,1,mobilitybench
mobilitybench_q_723e552b883c2565e9,mobilitybench:984633c53a440dd6fd,1,mobilitybench
mobilitybench_q_9a6734dcc331282893,mobilitybench:4867571eb1adff38e9,1,mobilitybench
mobilitybench_q_e2aabc8e2b2cc2c715,mobilitybench:c7a009c95747ed785b,1,mobilitybench
mobilitybench_q_ed816a182f9df44291,mobilitybench:c018f1a2c1bff6cec7,1,mobilitybench
mobilitybench_q_6218d336bee6985779,mobilitybench:1c064ef82cd5f5d0eb,1,mobilitybench
mobilitybench_q_d39d892467dace65c0,mobilitybench:491ef4e74b2ce15574,1,mobilitybench
mobilitybench_q_14ea4dace2a7cc61d8,mobilitybench:55cb4a3c8d4924f723,1,mobilitybench
mobilitybench_q_de2f3c2fc13d93ee48,mobilitybench:32558c82d509edf3e5,1,mobilitybench
mobilitybench_q_84ed794a69bcc0ba53,mobilitybench:3ce3b4d5935a9cf75d,1,mobilitybench
mobilitybench_q_5389dd2b77e5028624,mobilitybench:04bf833f1409b16971,1,mobilitybench
mobilitybench_q_3c27f7cc895b982576,mobilitybench:9f79c534a67d3df036,1,mobilitybench
mobilitybench_q_de488df16b4629a435,mobilitybench:cded83cdd905de9bbd,1,mobilitybench
mobilitybench_q_96bbd5d9421b29bf20,mobilitybench:88b7c97123f50dc6de,1,mobilitybench
mobilitybench_q_6693ee5e58e49e623e,mobilitybench:3d2267b29c5f5f36a5,1,mobilitybench
mobilitybench_q_e5e300192b36c951e6,mobilitybench:1db6ee60ae3d9bf5b7,1,mobilitybench
mobilitybench_q_899cda981cf6c2a876,mobilitybench:c24216f0a19cc1d08d,1,mobilitybench
mobilitybench_q_669b07986bb7c6bb10,mobilitybench:d18b5b1837c730dd5b,1,mobilitybench
mobilitybench_q_307393c6da6f461ec4,mobilitybench:58295f3330a4433481,1,mobilitybench
mobilitybench_q_ca069a5b5d8f2174b4,mobilitybench:30625ffa9eb53acd3e,1,mobilitybench
mobilitybench_q_ed0fe4d97a8ceba085,mobilitybench:f70fa06fd2fe2d6c0f,1,mobilitybench
mobilitybench_q_d96e2b25a0d2a1b53e,mobilitybench:a6c97628e53d3f458e,1,mobilitybench
mobilitybench_q_1744f9ee7be7d5a106,mobilitybench:084624f34b898ec437,1,mobilitybench
mobilitybench_q_bd19acb26b0a4bdb02,mobilitybench:749176aad42668f87f,1,mobilitybench
mobilitybench_q_115ee6b669f089c78e,mobilitybench:c13e02872c28612d7c,1,mobilitybench
mobilitybench_q_83015aac50217a322d,mobilitybench:15eac51861ffd3f859,1,mobilitybench
mobilitybench_q_f6d4e094595fab2247,mobilitybench:1e075f80fab18e2d81,1,mobilitybench
mobilitybench_q_091cc9872de1321185,mobilitybench:5562705f1592198ee1,1,mobilitybench
mobilitybench_q_d374968d8059d116f9,mobilitybench:94fcf9ff43baef33f5,1,mobilitybench
mobilitybench_q_2122fd9480c62e58bc,mobilitybench:5bbb0d00065feff8b3,1,mobilitybench
mobilitybench_q_e844df5563d173eae4,mobilitybench:7694f6b63709b31a97,1,mobilitybench
mobilitybench_q_3f826c234926ac58d7,mobilitybench:be726ec51080c27216,1,mobilitybench
mobilitybench_q_6b2695f681742b1664,mobilitybench:f2587f67c17d50c7d9,1,mobilitybench
mobilitybench_q_70352499e0ea06d53c,mobilitybench:837bf5bb810e8ce000,1,mobilitybench
mobilitybench_q_72b1fab466510b2438,mobilitybench:415e9f6c885f478a62,1,mobilitybench
mobilitybench_q_909e53058481e8bf87,mobilitybench:a16d5847c3421a3db1,1,mobilitybench
mobilitybench_q_c2bf002c5a12a90aa9,mobilitybench:cbdf1c283bc1fa360b,1,mobilitybench
mobilitybench_q_cca64e8e230a36b4f0,mobilitybench:c54e3cb8742c344003,1,mobilitybench
mobilitybench_q_520942a9b917e32808,mobilitybench:25e7fbbac1f0fa1e12,1,mobilitybench
mobilitybench_q_e70b0212c619b598cc,mobilitybench:7885cbb37e6e6d84e0,1,mobilitybench
mobilitybench_q_08b2856b2a74175eb6,mobilitybench:747cd5658cf9887753,1,mobilitybench
mobilitybench_q_c38b4cc8447cd11346,mobilitybench:d226997666a8ee7bba,1,mobilitybench
mobilitybench_q_3d7399f6fd62c48cfa,mobilitybench:2c48cf305d21c95189,1,mobilitybench
mobilitybench_q_7277ffa7ca480400ea,mobilitybench:41ac118334af840993,1,mobilitybench
mobilitybench_q_efccad22569ece1938,mobilitybench:ea5e2876662d656bf0,1,mobilitybench
mobilitybench_q_ada69753856907867b,mobilitybench:7f46dad19cddb0772c,1,mobilitybench
mobilitybench_q_448ef6e4365a7b6971,mobilitybench:66897a196a25eeb648,1,mobilitybench
mobilitybench_q_f9ac119fe919479ac8,mobilitybench:7ff459e55e23eb8de7,1,mobilitybench
mobilitybench_q_776c16f556fbdb6473,mobilitybench:0a6ef23e3b54e1836d,1,mobilitybench
mobilitybench_q_097cef1f3736dbae9e,mobilitybench:0a3007f53128e2a009,1,mobilitybench
mobilitybench_q_21f172fcf7b38fc736,mobilitybench:ddda072d6dab07581a,1,mobilitybench
mobilitybench_q_8e0cfc57815bb12b55,mobilitybench:123358ca8489bf3bab,1,mobilitybench
mobilitybench_q_789f6fe2f92288919d,mobilitybench:029574d679c106f7e6,1,mobilitybench
mobilitybench_q_331d941297454e9807,mobilitybench:2633e1822c9b890e31,1,mobilitybench
mobilitybench_q_007cb72074b04327f7,mobilitybench:43143bb3e9c227abd3,1,mobilitybench
mobilitybench_q_e35cd264f2c3bd3c63,mobilitybench:b5c3a650a812aba520,1,mobilitybench
mobilitybench_q_4fa467c8e7d281be9c,mobilitybench:e4f201891cc7b100b1,1,mobilitybench
mobilitybench_q_84de2e554ea6d553d9,mobilitybench:123038cb07dc0e8a35,1,mobilitybench
mobilitybench_q_65cfbb1941afb1380c,mobilitybench:a5812246ca5eb1f032,1,mobilitybench
mobilitybench_q_98d5cf5be217969b57,mobilitybench:0fd95f82e5261ed312,1,mobilitybench
mobilitybench_q_add02be74dc7caf375,mobilitybench:06764a73ce709e05b8,1,mobilitybench
mobilitybench_q_f06f44b8cd433d2f1e,mobilitybench:6760be0165d1641313,1,mobilitybench
mobilitybench_q_3044463fd1de136bfe,mobilitybench:276a1027a168d65a24,1,mobilitybench
mobilitybench_q_b95387a617a74ed0e0,mobilitybench:86f0619640967898ed,1,mobilitybench
mobilitybench_q_38369737c7a4a4e8ef,mobilitybench:6c8b308a6c842e2d45,1,mobilitybench
mobilitybench_q_ee90c28a874c496423,mobilitybench:50322b02efe98cc985,1,mobilitybench
mobilitybench_q_0687f778688cc3626c,mobilitybench:e12c5dfdf0be117605,1,mobilitybench
mobilitybench_q_a54b95b6a201394d1a,mobilitybench:6014c42aec28224c96,1,mobilitybench
mobilitybench_q_8b27f6ba95be86147f,mobilitybench:a0fffa57ddfc8083a1,1,mobilitybench
mobilitybench_q_a5d06bd04eeff99548,mobilitybench:17433e1b6c248b14ad,1,mobilitybench
mobilitybench_q_1ba5ca5f405f32f000,mobilitybench:c5913aa236b16f1219,1,mobilitybench
mobilitybench_q_91c97911014fb03567,mobilitybench:20f46316543ef119c2,1,mobilitybench
mobilitybench_q_bf0bbddf1a9089edfa,mobilitybench:0d2e1670ac94a27806,1,mobilitybench
mobilitybench_q_7780346d9e7bf87f3d,mobilitybench:86fcf63a3e191b42e8,1,mobilitybench
mobilitybench_q_c2572a6240c4f803c8,mobilitybench:d50cac32c8f518eb7c,1,mobilitybench
mobilitybench_q_67519e9deaf0442464,mobilitybench:20267c789ed68b6b73,1,mobilitybench
mobilitybench_q_dbda4f248a37086f90,mobilitybench:22c42ee2d42f6421f1,1,mobilitybench
mobilitybench_q_ae9836a6e792c53465,mobilitybench:6e4dbbd7341a8c80b7,1,mobilitybench
mobilitybench_q_5462513c1d2ea054a1,mobilitybench:81188a3bedd31c5685,1,mobilitybench
mobilitybench_q_ce23e52135e40fdb1b,mobilitybench:16b07d6f0ebe18a7bc,1,mobilitybench
mobilitybench_q_03572a020ce73c5cf5,mobilitybench:a769d0650c4f00661d,1,mobilitybench
mobilitybench_q_1c8030b0c727416602,mobilitybench:291de032362cc52266,1,mobilitybench
mobilitybench_q_959b9018f748ea6244,mobilitybench:3d1a7b8cb9317348c3,1,mobilitybench
mobilitybench_q_43d8e8c58ff634be27,mobilitybench:e7304b7aba9ac2b612,1,mobilitybench
mobilitybench_q_7ebe43df78ba1435b3,mobilitybench:7d85d9ed76e2cac288,1,mobilitybench
mobilitybench_q_cde7fd4cb7a0c1f712,mobilitybench:682dab9647af295654,1,mobilitybench
mobilitybench_q_98fff8ba8f0e0d47ae,mobilitybench:25a861e34c3ba8939e,1,mobilitybench
mobilitybench_q_276c96be770557274f,mobilitybench:3174c1db85efb74585,1,mobilitybench
mobilitybench_q_ea70b103a72d5868c7,mobilitybench:df7b04150fc8256e93,1,mobilitybench
mobilitybench_q_84337926df46b06e39,mobilitybench:dba3d7f69fe09f7df9,1,mobilitybench
mobilitybench_q_04d335d53f5f79b6b6,mobilitybench:ba4d54f8c6ae69bf52,1,mobilitybench
mobilitybench_q_4d3d04b6747e7e4eae,mobilitybench:d8f104db017efb6de9,1,mobilitybench
mobilitybench_q_d4e3268f274b2f3824,mobilitybench:be3742cfd31c5eb34d,1,mobilitybench
mobilitybench_q_d2fdbd6bfcd7a61947,mobilitybench:1eeb6abdd4d69ce32a,1,mobilitybench
mobilitybench_q_92f358c082c8bcfba5,mobilitybench:162032c53561c72944,1,mobilitybench
mobilitybench_q_38dfb68c739f184264,mobilitybench:be6a0c7e9279425394,1,mobilitybench
mobilitybench_q_e124b298f8d0ce8486,mobilitybench:42984ba021e981d782,1,mobilitybench
mobilitybench_q_bda3fba839dcc771ac,mobilitybench:21a7356def66c85bd5,1,mobilitybench
mobilitybench_q_05bd55ab33f536eb02,mobilitybench:5d26359d898656dc71,1,mobilitybench
mobilitybench_q_bdff9e2ab931572bbc,mobilitybench:b1e86cad55fa0b4219,1,mobilitybench
mobilitybench_q_c452fd00b5a24fd94c,mobilitybench:2cb6799ffaf24d7cb9,1,mobilitybench
mobilitybench_q_8804b620e34e9e7501,mobilitybench:cf3ab5c0325802c4cf,1,mobilitybench
mobilitybench_q_652daba59c1ed34e3e,mobilitybench:292700efea806d6d8c,1,mobilitybench
mobilitybench_q_9495fde1213085d3c2,mobilitybench:e7d7ff288f2b0f2a4e,1,mobilitybench
mobilitybench_q_f6e65acb252dd679a4,mobilitybench:522818a65c67b170bb,1,mobilitybench
mobilitybench_q_e1770dfa5bc9032bb2,mobilitybench:99e338feb0691da037,1,mobilitybench
mobilitybench_q_f97e9b9029a3caa1e1,mobilitybench:8ffd0508a998dfd8f7,1,mobilitybench
mobilitybench_q_0bb2968e009c1a46f3,mobilitybench:814b85bdf442523572,1,mobilitybench
mobilitybench_q_71602c3b6a2e002ee7,mobilitybench:e5526a32b97eb9d2ea,1,mobilitybench
mobilitybench_q_95a0b639d3d4f93532,mobilitybench:f1a5a4f4a79a910696,1,mobilitybench
mobilitybench_q_0fa85ffc2abc36357f,mobilitybench:9a33060660ffd8e989,1,mobilitybench
mobilitybench_q_cc249fcafb67f5c1a9,mobilitybench:97d16b8ffa39b0b8b7,1,mobilitybench
mobilitybench_q_5d3576e84a06261ac0,mobilitybench:0acb952259c96d28ad,1,mobilitybench
mobilitybench_q_a39a6dc506f30a01fe,mobilitybench:523fb073bbe62b9de1,1,mobilitybench
mobilitybench_q_d5a6eb5fa29852b160,mobilitybench:8a8b0c48c83ec1aabd,1,mobilitybench
mobilitybench_q_7d1b7cba7525b25e18,mobilitybench:f6581fd3d8fc46595e,1,mobilitybench
mobilitybench_q_ffcb733e1eb8c2edb4,mobilitybench:936c31c94f682f3481,1,mobilitybench
mobilitybench_q_74ecf3b18320d09eeb,mobilitybench:432a83b940468d7617,1,mobilitybench
mobilitybench_q_34a27393eb26d1e6c2,mobilitybench:7918f17e28d2f68705,1,mobilitybench
mobilitybench_q_c4be8c29ddc3d2ae94,mobilitybench:f5754e2e998c92db5a,1,mobilitybench
mobilitybench_q_035d4568db659f8cde,mobilitybench:88c7a3595a681e6bef,1,mobilitybench
mobilitybench_q_d550149745a610afbf,mobilitybench:84a627f11b68494a3f,1,mobilitybench
mobilitybench_q_56037b2c8bfaba875c,mobilitybench:8a424acd39ab686d0b,1,mobilitybench
mobilitybench_q_52dd44dddafd958152,mobilitybench:404945694c2ae03c34,1,mobilitybench
mobilitybench_q_eaedcfeaa9403b177e,mobilitybench:f4bfdcffe20007565f,1,mobilitybench
mobilitybench_q_b6f57a5a162944ccab,mobilitybench:9997817f18d7cb8d3b,1,mobilitybench
mobilitybench_q_74a5e0ba57aa0875c9,mobilitybench:1da881967ae23d43bf,1,mobilitybench
mobilitybench_q_1f6c78ef763d890d51,mobilitybench:bd60509a7c1ea513ec,1,mobilitybench
mobilitybench_q_f859f2eebf30f5a71e,mobilitybench:9caa1d7ec667b1ce47,1,mobilitybench
mobilitybench_q_8d344e21d4dae92e92,mobilitybench:5f2d4c95760fd14a65,1,mobilitybench
mobilitybench_q_87e82216416e592be0,mobilitybench:ecc3029e586ce746e0,1,mobilitybench
mobilitybench_q_81fe10b325d60b4374,mobilitybench:fe31f4bad075505bdf,1,mobilitybench
mobilitybench_q_290f9f03d045feb1a9,mobilitybench:b9a9dee81817aa2539,1,mobilitybench
mobilitybench_q_7440b0faf9a6cdb13f,mobilitybench:f14e42bca8f498ade3,1,mobilitybench
mobilitybench_q_3eddd192db78807f61,mobilitybench:be6ba0c26c632689c9,1,mobilitybench
mobilitybench_q_697e9f37a0b0779b53,mobilitybench:efc775beb16e411e4f,1,mobilitybench
mobilitybench_q_776b9121ecb66cd3dd,mobilitybench:c2b39285a73cee6037,1,mobilitybench
mobilitybench_q_4b4061ed9089815fba,mobilitybench:681d06f2285c23df47,1,mobilitybench
mobilitybench_q_84a74bfe12b7c710f4,mobilitybench:3084109f86b4148aca,1,mobilitybench
mobilitybench_q_e434e4139998ca0063,mobilitybench:7c4187c3932258e498,1,mobilitybench
mobilitybench_q_005e5bd1f00ffc6b58,mobilitybench:9f68d0dca22095e2fa,1,mobilitybench
mobilitybench_q_d2f9fbe6254e99c38f,mobilitybench:3f10df13058871bacc,1,mobilitybench
mobilitybench_q_6ce51009c7066a41c7,mobilitybench:c7476b6fd31737ef14,1,mobilitybench
mobilitybench_q_034be8abd9926511b6,mobilitybench:37ee96e7ed2c4ad684,1,mobilitybench
mobilitybench_q_8aabd0f29f48c2d697,mobilitybench:35d40ff1ee5f4c15a8,1,mobilitybench
mobilitybench_q_a69e1def8b84e12163,mobilitybench:ca5a3cc4a0fe513d35,1,mobilitybench
mobilitybench_q_20f3d484dc325fcf7b,mobilitybench:9911705af50a1cadbe,1,mobilitybench
mobilitybench_q_20a9c4df08c3f30baa,mobilitybench:ef4bd82022ba921495,1,mobilitybench
mobilitybench_q_7333e28e303dac6bb5,mobilitybench:d655a42117bf15e945,1,mobilitybench
mobilitybench_q_7317f05655cc499175,mobilitybench:461a953b7f69ad0f4c,1,mobilitybench
mobilitybench_q_08fa565d6fa9b5d698,mobilitybench:984839e12b682e3e06,1,mobilitybench
mobilitybench_q_6d143e18d019b46f24,mobilitybench:7aa4a4e37180fc8bad,1,mobilitybench
mobilitybench_q_55c496ebf0ec03637d,mobilitybench:2bac561c6272bbfe90,1,mobilitybench
mobilitybench_q_ab47526f668dd844f0,mobilitybench:45abf8e08bf898297c,1,mobilitybench
mobilitybench_q_86efb9b0406d668571,mobilitybench:50d5afffc7c1eb17a6,1,mobilitybench
mobilitybench_q_4904349831dcbd3658,mobilitybench:04103b686ce15c971a,1,mobilitybench
mobilitybench_q_2a4fb92d6cef24c7bf,mobilitybench:3a703bd800e494b638,1,mobilitybench
mobilitybench_q_f007c8c102753ab151,mobilitybench:de8d4d5dfdbd295026,1,mobilitybench
mobilitybench_q_cd84a6cfe5f7f87e8d,mobilitybench:4d923e380728ac841b,1,mobilitybench
mobilitybench_q_df243fe274880be26a,mobilitybench:492496929ceae3ae8d,1,mobilitybench
mobilitybench_q_7dbbe334722b6b8a40,mobilitybench:27de656ba1dc679893,1,mobilitybench
mobilitybench_q_9824756ad524aef3ec,mobilitybench:ccccc7964bb8e5d1b7,1,mobilitybench
mobilitybench_q_03d1e9ec4890f1b5a6,mobilitybench:449086855feb755f11,1,mobilitybench
mobilitybench_q_8fba29d21900a061f0,mobilitybench:6b20065b318c83540b,1,mobilitybench
mobilitybench_q_56aca5fb52f55eb88d,mobilitybench:d2da109e51d2da1b73,1,mobilitybench
mobilitybench_q_fbf2be8847ee555057,mobilitybench:cdbfded0fdc06b7903,1,mobilitybench
mobilitybench_q_dbf3635a4ef551e750,mobilitybench:f21850c962e8d197b2,1,mobilitybench
mobilitybench_q_e62bf414622f5a0eb7,mobilitybench:bf5962f92bac336724,1,mobilitybench
mobilitybench_q_7aa6548417b46cc621,mobilitybench:30815b3a33ab11e6c3,1,mobilitybench
mobilitybench_q_7bd515aef8aec81720,mobilitybench:7433bbeee2bf46b247,1,mobilitybench
mobilitybench_q_c0cca16007f03cdeff,mobilitybench:dac0fcb15fed097abe,1,mobilitybench
mobilitybench_q_fd3bdaec82596b22b4,mobilitybench:463eae65efe6cea0f8,1,mobilitybench
mobilitybench_q_b27f396b7824c68ac5,mobilitybench:838a83132746f297ba,1,mobilitybench
mobilitybench_q_b8a09c6a2af07053ae,mobilitybench:26f479a1237fe6c9da,1,mobilitybench
mobilitybench_q_6e44f81af415122bb0,mobilitybench:19667334e16577e679,1,mobilitybench
mobilitybench_q_f49d1ea9a8a1d0f356,mobilitybench:5aae0ed57b0948f1f6,1,mobilitybench
mobilitybench_q_3426b31c004c5f8b2e,mobilitybench:0f5ac87b38f5d5d2c9,1,mobilitybench
mobilitybench_q_61113be52d5da4784e,mobilitybench:be3a2bf595214eec52,1,mobilitybench
mobilitybench_q_ff39ff990132dc386f,mobilitybench:019ecd5e33f59661cf,1,mobilitybench
mobilitybench_q_9b51a2b4cf232da9c5,mobilitybench:79b9a20b88b49a9870,1,mobilitybench
mobilitybench_q_3005c8f691d7c41a6f,mobilitybench:39f07fb96ebd273b39,1,mobilitybench
mobilitybench_q_90d10bc9a9b26d9316,mobilitybench:7bf2459ee91cd0ae0d,1,mobilitybench
mobilitybench_q_2d21718d807d9a097c,mobilitybench:8f88b47dcdce1870d1,1,mobilitybench
mobilitybench_q_ff66ad4ac738f8c19a,mobilitybench:4f7595ff32c103810d,1,mobilitybench
mobilitybench_q_e5b9fdad2a4f203bec,mobilitybench:4913e642a58c90bb9c,1,mobilitybench
mobilitybench_q_9276a8411bebb3f4c1,mobilitybench:9c72a3fe1d345388a9,1,mobilitybench
mobilitybench_q_fd3ab3c49d92b7ef1f,mobilitybench:fdacc5edc23de2d7b4,1,mobilitybench
mobilitybench_q_3962ff93891c5a0245,mobilitybench:537ea4dc5fd787d7d5,1,mobilitybench
mobilitybench_q_22668355e82f3ebbf3,mobilitybench:b90295d738f956b9df,1,mobilitybench
mobilitybench_q_df4b5967e91b63dc7b,mobilitybench:789ffaeaaf0a846d4c,1,mobilitybench
mobilitybench_q_55860807a048f9e91d,mobilitybench:9346ef40cf08fda8ac,1,mobilitybench
mobilitybench_q_8d4f33d1b4e0f8b488,mobilitybench:d160fc44bbc7ae6a6a,1,mobilitybench
mobilitybench_q_c159c2139ff614e6fa,mobilitybench:71b371c6479d1cd88f,1,mobilitybench
mobilitybench_q_dfeb9ccb887519991d,mobilitybench:109f16b5c56d7c780d,1,mobilitybench
mobilitybench_q_2a5fdc1610ab16c236,mobilitybench:96d113089ac8d5e619,1,mobilitybench
mobilitybench_q_a6ee20ff658105e7c2,mobilitybench:f0f26ce947e2260eff,1,mobilitybench
mobilitybench_q_3bd83cc7440a676458,mobilitybench:f4452ecc72c89d9cc4,1,mobilitybench
mobilitybench_q_acb7d8ca924309cdae,mobilitybench:fa743b950fc882cc2a,1,mobilitybench
mobilitybench_q_c44b5932b62927aca4,mobilitybench:161de370be1f876af9,1,mobilitybench
mobilitybench_q_2a9015e086d198772f,mobilitybench:7cd01256ed07edae63,1,mobilitybench
mobilitybench_q_ca47d6198b8a0de56d,mobilitybench:81a07d4d9ce7652ff9,1,mobilitybench
mobilitybench_q_12947f2a655bdebe2f,mobilitybench:264e314348cc0d8498,1,mobilitybench
mobilitybench_q_5ffcdf17d00c536876,mobilitybench:a4f437a0bef7b0cbc7,1,mobilitybench
mobilitybench_q_ae4ae74015f8393aea,mobilitybench:1e7d79e3c871709f43,1,mobilitybench
mobilitybench_q_ca578cee43eebd5e4d,mobilitybench:9a22a1b4fad52e7135,1,mobilitybench
mobilitybench_q_9e4053efdf8a52ada4,mobilitybench:9720dfde127fb93df4,1,mobilitybench
mobilitybench_q_289ec6e01cb8c8c142,mobilitybench:59da9b0f55bee712e8,1,mobilitybench
mobilitybench_q_9212874fb61464602f,mobilitybench:d9f4df19f681293b65,1,mobilitybench
mobilitybench_q_6641ef30088f5c1b25,mobilitybench:173e530d9ce957434d,1,mobilitybench
mobilitybench_q_bbcb65c8f22e25e95c,mobilitybench:b3014db71b6db6828c,1,mobilitybench
mobilitybench_q_229fe3817738b78331,mobilitybench:c141a96e1b7f9e0113,1,mobilitybench
mobilitybench_q_3ca1b1890c740f531d,mobilitybench:56ea46b23fd1b9c1b4,1,mobilitybench
mobilitybench_q_bcff7bc45ea8523478,mobilitybench:7c73584a0b16d85b01,1,mobilitybench
mobilitybench_q_2c5d7c0a42bdf78241,mobilitybench:53b3194149bd1b47c4,1,mobilitybench
mobilitybench_q_31afb94af135f2ff52,mobilitybench:d6d7a294f3acb10bf6,1,mobilitybench
mobilitybench_q_418967ddac8958941e,mobilitybench:355c28da2cf189b0ea,1,mobilitybench
mobilitybench_q_f314d34b63f9c0c60f,mobilitybench:6b11b6116fcb8198aa,1,mobilitybench
mobilitybench_q_b421a87ec6153d6d11,mobilitybench:376826c6d8ba3b0cfd,1,mobilitybench
mobilitybench_q_6b020a39f115761760,mobilitybench:9dc76017a4c8aa5439,1,mobilitybench
mobilitybench_q_a18c4ffcdc526ad81e,mobilitybench:232857daaf64bffe58,1,mobilitybench
mobilitybench_q_82f1a38a1177634e41,mobilitybench:13e37ba6f59cfcbb61,1,mobilitybench
mobilitybench_q_6bdc1fe97aa4ed1614,mobilitybench:14035250a06bfbdf65,1,mobilitybench
mobilitybench_q_f8bf6ba563020b746e,mobilitybench:b3e8576f761c2972a9,1,mobilitybench
mobilitybench_q_1b632bde7d2fb141e7,mobilitybench:5f0444438f7da4dc72,1,mobilitybench
mobilitybench_q_2bf18a4a31047a6caa,mobilitybench:12aea194560d9ea743,1,mobilitybench
mobilitybench_q_7f8a1adabc9b5ddd74,mobilitybench:8841874511ffbbd5ad,1,mobilitybench
mobilitybench_q_bad1e169a18a2d2787,mobilitybench:1e2aca2f30c0bae3e4,1,mobilitybench
mobilitybench_q_eb418cdb0f8a2259c4,mobilitybench:a8045b2716fee8546c,1,mobilitybench
mobilitybench_q_d7e815a833f1d30f0e,mobilitybench:2c3ce9aae89f6750aa,1,mobilitybench
mobilitybench_q_a57a90c67c4782190a,mobilitybench:782fa2cfdf150fb5b8,1,mobilitybench
mobilitybench_q_e93df6dbab98c5a099,mobilitybench:763e774330b851664a,1,mobilitybench
mobilitybench_q_61b539e947c79a041c,mobilitybench:c0186b5ded25952fc5,1,mobilitybench
mobilitybench_q_000b5dd1e210ef5cef,mobilitybench:c772e53536975e38e4,1,mobilitybench
mobilitybench_q_1814417663f28f9e3f,mobilitybench:9d00d39c6aca78d7ea,1,mobilitybench
mobilitybench_q_af3829750c70feca51,mobilitybench:a38c4995d7be9abf5f,1,mobilitybench
mobilitybench_q_44722779a0b819b17d,mobilitybench:8a81bec5b6cc2cc3e9,1,mobilitybench
mobilitybench_q_22c625196f89977156,mobilitybench:2e8b124ce2b2928a7b,1,mobilitybench
mobilitybench_q_f7ce70c0b12666d353,mobilitybench:8c47c864397465940a,1,mobilitybench
mobilitybench_q_cf1a66e5710b505c1b,mobilitybench:ff3f37324e0856e3e8,1,mobilitybench
mobilitybench_q_7e7fa885e0a848a200,mobilitybench:180bdda522d8375b4f,1,mobilitybench
mobilitybench_q_30d0aff591bd21f0ed,mobilitybench:0e81f1c2e0e580b65d,1,mobilitybench
mobilitybench_q_f7cd4d4456355a2954,mobilitybench:f722a85c58002ea67d,1,mobilitybench
mobilitybench_q_eaf8f026b90d05196c,mobilitybench:7af933ae702da9b747,1,mobilitybench
mobilitybench_q_d6ceba2ecb47c7f0ec,mobilitybench:5f9eefd644591fb919,1,mobilitybench
mobilitybench_q_a0af622f9645984157,mobilitybench:008caa28ab7f9fe308,1,mobilitybench
mobilitybench_q_3594c917504d752413,mobilitybench:191cd972eae454d77a,1,mobilitybench
mobilitybench_q_294fafddcc6c106443,mobilitybench:ea774c84ed13ff1502,1,mobilitybench
mobilitybench_q_10de3cf416c9a4d713,mobilitybench:b30f0ddd76ed49616b,1,mobilitybench
mobilitybench_q_508ee74742002a78ca,mobilitybench:105d3b6104552b1c6e,1,mobilitybench
mobilitybench_q_a689977ae4ec729185,mobilitybench:f2522a40874e86906e,1,mobilitybench
mobilitybench_q_94de4930f9941f83da,mobilitybench:45192dd4a3aca03a81,1,mobilitybench
mobilitybench_q_5fd4e099bd9a42eef9,mobilitybench:ab7607ea1e66d1de9a,1,mobilitybench
mobilitybench_q_309ba8b857925ca0c5,mobilitybench:afff9475c2d5d44494,1,mobilitybench
mobilitybench_q_a4e37144a11d5c03d7,mobilitybench:b5f6b4a05ab0e9d180,1,mobilitybench
mobilitybench_q_366b2e44e96744445c,mobilitybench:e475834cc3a99b3298,1,mobilitybench
mobilitybench_q_1c73de3a42c6ddaf38,mobilitybench:1fe6c02dc153f2070f,1,mobilitybench
mobilitybench_q_62c4fe77141f99f711,mobilitybench:67b4498e151c3787c5,1,mobilitybench
mobilitybench_q_605ba60aa6777400bf,mobilitybench:f46f2cbcb69a6cd2b6,1,mobilitybench
mobilitybench_q_15e5483faee96ee669,mobilitybench:c73735c66d70d12317,1,mobilitybench
mobilitybench_q_0d0461a5cde08848f3,mobilitybench:fb1b6f45a191a369f4,1,mobilitybench
mobilitybench_q_862643b3efc0d89524,mobilitybench:8ffe53491f930eccca,1,mobilitybench
mobilitybench_q_2fb5aab5af1cdf0196,mobilitybench:4533324b251022328d,1,mobilitybench
mobilitybench_q_fd969aea7d0dd29ff9,mobilitybench:6a89b68d8c93cbf0ab,1,mobilitybench
mobilitybench_q_174f282aa22bea85bf,mobilitybench:e7b0ce160c8dc52eee,1,mobilitybench
mobilitybench_q_87ba042749c8bfaee0,mobilitybench:bb97d4e73772ab8e33,1,mobilitybench
mobilitybench_q_4ebef50ade1bfe9844,mobilitybench:239fce10411765dea6,1,mobilitybench
mobilitybench_q_591ef84233e9bcfa49,mobilitybench:214c5f4aed19eccbb6,1,mobilitybench
mobilitybench_q_e0e19149cf145a7212,mobilitybench:cdbf88394d1896bd40,1,mobilitybench
mobilitybench_q_0b50b6cff7a4c7e1cd,mobilitybench:6bf76aaa02035f0fef,1,mobilitybench
mobilitybench_q_1621d9c61c6a4679f0,mobilitybench:4dbbb9bda22932fc1d,1,mobilitybench
mobilitybench_q_3af71601f2deee50c2,mobilitybench:3795db16fb49de6851,1,mobilitybench
mobilitybench_q_48327b8facbad2c944,mobilitybench:cb9dd781a9a59cc818,1,mobilitybench
mobilitybench_q_501e9a4c6ac20ec1b3,mobilitybench:90e448979fb22977ac,1,mobilitybench
mobilitybench_q_b2cb4c61b0b6a80301,mobilitybench:ff87f3a03f34250fcb,1,mobilitybench
mobilitybench_q_c45f268da867f1b4c8,mobilitybench:ace5186e50e17fca8f,1,mobilitybench
mobilitybench_q_551f98cb1d478f8c7e,mobilitybench:df31599faa656a166f,1,mobilitybench
mobilitybench_q_c6a3e321b32aea134d,mobilitybench:a444cccaf6ac8932fc,1,mobilitybench
mobilitybench_q_69138be49c8711bc96,mobilitybench:d2888df9d81f831308,1,mobilitybench
mobilitybench_q_59a34fc9ea16826634,mobilitybench:9672d65d94d4226446,1,mobilitybench
mobilitybench_q_c82ee7d78eda037cd2,mobilitybench:53dcd4dea1e292d8c7,1,mobilitybench
mobilitybench_q_cc077ba1e95024c2ba,mobilitybench:033add9f136e0e8cc2,1,mobilitybench
mobilitybench_q_083e6e3b2cc418483d,mobilitybench:a1f9c3a4ae4a5cd6a4,1,mobilitybench
mobilitybench_q_aaa7544ebe22c798e2,mobilitybench:1c7022e310ba095de5,1,mobilitybench
mobilitybench_q_896ba5bbea51da8a15,mobilitybench:42878974d2fd95b1f9,1,mobilitybench
mobilitybench_q_5e1029007dd36f3a4b,mobilitybench:b95db682390dbc2a90,1,mobilitybench
mobilitybench_q_c8b1401e7519a3a81a,mobilitybench:a5418410827b878e37,1,mobilitybench
mobilitybench_q_87961c01c0c35f6dc2,mobilitybench:45e0274f789d9867a3,1,mobilitybench
mobilitybench_q_7477c3156afb9802d9,mobilitybench:5a6c179f4c43ad2712,1,mobilitybench
mobilitybench_q_27caae018127b75535,mobilitybench:0f3bcb63f032600002,1,mobilitybench
mobilitybench_q_1c439f44ca75178945,mobilitybench:b2ec795d8519a478dc,1,mobilitybench
mobilitybench_q_5668ae4f8d1e806585,mobilitybench:910d252cbc9f739fe3,1,mobilitybench
mobilitybench_q_e69cbbe9eb7c560577,mobilitybench:a4b9ecdee15790dbc8,1,mobilitybench
mobilitybench_q_cff395ff38f2e35128,mobilitybench:ee9d13c698b0090b59,1,mobilitybench
mobilitybench_q_2f3fa467e608550432,mobilitybench:63f44ffecfa7c3cd28,1,mobilitybench
mobilitybench_q_4a85f54d7e9a844a9a,mobilitybench:8fb4dfeb9983a26b76,1,mobilitybench
mobilitybench_q_db9c9492b4a40bc208,mobilitybench:38c14d77e8906792ea,1,mobilitybench
mobilitybench_q_f3ef9523f463de6a0a,mobilitybench:b77e92417c67e5d2cc,1,mobilitybench
mobilitybench_q_8b17d7c1aba7a56786,mobilitybench:1adc3c382bff845c73,1,mobilitybench
mobilitybench_q_8d4f0d3be5f3e58eda,mobilitybench:8b1e2db4d699f7c361,1,mobilitybench
mobilitybench_q_6e843ac4fdf687b9b6,mobilitybench:e2360bf34eefbe4528,1,mobilitybench
mobilitybench_q_9288b3231acc8d20a5,mobilitybench:e4b2e42431e6435799,1,mobilitybench
mobilitybench_q_91b6362847d2461dc2,mobilitybench:40b7a9257e91b0ef6b,1,mobilitybench
mobilitybench_q_a152ec7c708b2c3ca8,mobilitybench:35732d5125f4e96a83,1,mobilitybench
mobilitybench_q_636006e4e99c49c6e8,mobilitybench:59584adf8e343fb06d,1,mobilitybench
mobilitybench_q_35f9d2a841befd6a20,mobilitybench:eb08404556e740cebe,1,mobilitybench
mobilitybench_q_10247894b0fae8c84a,mobilitybench:6f14a700e5f6fa7f9d,1,mobilitybench
mobilitybench_q_3d500be2af38f3695f,mobilitybench:7b2c70bdbe1043873e,1,mobilitybench
mobilitybench_q_4762323026b93cd539,mobilitybench:5a23b8b6af6fd18f88,1,mobilitybench
mobilitybench_q_884a076cc69108c422,mobilitybench:5420648fa6d6d09872,1,mobilitybench
mobilitybench_q_cf014db1711abb2fc1,mobilitybench:c6804092159a1260ac,1,mobilitybench
mobilitybench_q_521fbd893ddbd317df,mobilitybench:5f0d93807e2b417b8f,1,mobilitybench
mobilitybench_q_ef500fa89efa4d1cec,mobilitybench:807aa53bee39ddf1bc,1,mobilitybench
mobilitybench_q_6d3bb9375393368c4a,mobilitybench:77ca6841e8028cc18f,1,mobilitybench
mobilitybench_q_d996c1d1c9a14a6aca,mobilitybench:24c396a0491cc0873a,1,mobilitybench
mobilitybench_q_2403f7aaf40d92cf24,mobilitybench:9be072bf802111f17a,1,mobilitybench
mobilitybench_q_ab0aab4c68b09c410e,mobilitybench:827af952ad347e2f71,1,mobilitybench
mobilitybench_q_ac9e1e0cc54156f913,mobilitybench:4a6ca1e02fd5764997,1,mobilitybench
mobilitybench_q_957272b16ac8cc9908,mobilitybench:9d85bf7b44d08405ab,1,mobilitybench
mobilitybench_q_4e923c7410a0b9c3bb,mobilitybench:317141601fdf66f6c1,1,mobilitybench
mobilitybench_q_5eb04d51a2f58659fd,mobilitybench:e85ab0655993be4c70,1,mobilitybench
mobilitybench_q_4fc82972bd6b40a331,mobilitybench:0269a4401be126028d,1,mobilitybench
mobilitybench_q_b9581c234af1820caf,mobilitybench:3688cc2efaf9c5ea4c,1,mobilitybench
mobilitybench_q_512656d80bf2f3baa7,mobilitybench:79529fac9b652a9bfe,1,mobilitybench
mobilitybench_q_0fcebf30f01af35c8a,mobilitybench:7ecd925d49bb4f01d4,1,mobilitybench
mobilitybench_q_3f2b7584e6cb45a133,mobilitybench:9c90a3a80cee85a968,1,mobilitybench
mobilitybench_q_768f6d713d39298eab,mobilitybench:9e3f8d17d78c3a94ff,1,mobilitybench
mobilitybench_q_6472640f4f7dc059fb,mobilitybench:3b3f95f61d81f2f301,1,mobilitybench
mobilitybench_q_ac237358b6441d21e6,mobilitybench:bfef19c2972a6b9395,1,mobilitybench
mobilitybench_q_653cca0bac2246e61f,mobilitybench:58313b4953b88e0c6b,1,mobilitybench
mobilitybench_q_1e93c29234edb6ccc3,mobilitybench:99b8acc748a23224a8,1,mobilitybench
mobilitybench_q_bfd458ebdf37109b67,mobilitybench:c1a0bf4c66add4d35e,1,mobilitybench
mobilitybench_q_9b3ca4039df8ba68a9,mobilitybench:62fe5d5f8367787092,1,mobilitybench
mobilitybench_q_3071131764dda96ac1,mobilitybench:85fb52462c48a31255,1,mobilitybench
mobilitybench_q_f1dfbdd73fcc638a33,mobilitybench:cb7efe7c023041d906,1,mobilitybench
mobilitybench_q_3074fd29cada39cf02,mobilitybench:292e6c6439d5f1c631,1,mobilitybench
mobilitybench_q_c07b628c76b6ed5b34,mobilitybench:f77a2ca0c9c146a559,1,mobilitybench
mobilitybench_q_b67f2c9abf58f51a6d,mobilitybench:fc7187fc4161248e03,1,mobilitybench
mobilitybench_q_596b7e86336123c871,mobilitybench:277e4da6ad2b9eeef7,1,mobilitybench
mobilitybench_q_83544f3fac795c5e98,mobilitybench:175a539e8c4edb3da9,1,mobilitybench
mobilitybench_q_6bd910e065828859a3,mobilitybench:5a8354fe764447cdf7,1,mobilitybench
mobilitybench_q_3dbcfa43f93fb063c2,mobilitybench:28a129ed42b9c9a0a2,1,mobilitybench
mobilitybench_q_fa48969356f5459c73,mobilitybench:f61659e3c76260f37f,1,mobilitybench
mobilitybench_q_a422df479ef7619a48,mobilitybench:348f041d09f94a607c,1,mobilitybench
mobilitybench_q_c5e36251ae9e1c2402,mobilitybench:a58646a8504f92a349,1,mobilitybench
mobilitybench_q_2f8068c0b7ffb2b55a,mobilitybench:32e49a442d76d320d3,1,mobilitybench
mobilitybench_q_c81cf9943900a4eb47,mobilitybench:896be5f115572fe245,1,mobilitybench
mobilitybench_q_4e5cd195f615fa2e98,mobilitybench:9c6da23785cb9a3c39,1,mobilitybench
mobilitybench_q_aa3713c4edd7810253,mobilitybench:d4c6b426bf662fe115,1,mobilitybench
mobilitybench_q_adc00b241dcc7ab05e,mobilitybench:67358b4af756976501,1,mobilitybench
mobilitybench_q_489b7d9b91f39840e9,mobilitybench:ded7b77816ab48c01e,1,mobilitybench
mobilitybench_q_c871a4204622bf8d47,mobilitybench:0d9c4c61e2a9dbc7d6,1,mobilitybench
mobilitybench_q_0071c49cfe1f7b4c6e,mobilitybench:0aecbbab9e4f1a58c2,1,mobilitybench
mobilitybench_q_6b2dce87e9654beb3f,mobilitybench:b3cf6c276c2d3d1237,1,mobilitybench
mobilitybench_q_3a9d0389df8649620d,mobilitybench:cad0e791b736eb9adc,1,mobilitybench
mobilitybench_q_a12cbc66e0635591a3,mobilitybench:df6dbc204f2987e5db,1,mobilitybench
mobilitybench_q_0a87bc5e99a4daaa15,mobilitybench:3ea468aba76e065a47,1,mobilitybench
mobilitybench_q_5e188a1ec6bd7b4923,mobilitybench:590e9b214591477c6b,1,mobilitybench
mobilitybench_q_86bf5851e29180246f,mobilitybench:8e1682458f1ab55064,1,mobilitybench
mobilitybench_q_d6edab3f89be489a2e,mobilitybench:77cf1138a2f93478d8,1,mobilitybench
mobilitybench_q_335c58fc90fcdfb11f,mobilitybench:aa85bd822b99e5efb0,1,mobilitybench
mobilitybench_q_850fcc39fe851bcb9e,mobilitybench:ef2c194cafa7b6a4f6,1,mobilitybench
mobilitybench_q_3e83bdd8cb7ebff2f6,mobilitybench:88f8b9a4afc0d41ab0,1,mobilitybench
mobilitybench_q_ea54ac22999f611b48,mobilitybench:4dcc443852aaa7ae9f,1,mobilitybench
mobilitybench_q_b68a0bf7789802e46e,mobilitybench:6ad08be60fc0506a31,1,mobilitybench
mobilitybench_q_1564d341ab863dbca5,mobilitybench:be37bb436f31145119,1,mobilitybench
mobilitybench_q_8284d7dea1e69561b1,mobilitybench:dea21240ef4a0279d3,1,mobilitybench
mobilitybench_q_340d49d4ef2c9e5170,mobilitybench:b4658ebbca5f0c1729,1,mobilitybench
mobilitybench_q_b2faece949eec5a821,mobilitybench:e7ba1bf680cb01390d,1,mobilitybench
mobilitybench_q_995686613a09541063,mobilitybench:1b14733a0fbfa04ad8,1,mobilitybench
mobilitybench_q_65816381a6dccf0271,mobilitybench:4b30f4bb6e8aef178b,1,mobilitybench
mobilitybench_q_9e6d9a2ec313e197eb,mobilitybench:fafd69fa62d1574162,1,mobilitybench
mobilitybench_q_24dc1f1c7138eacaa1,mobilitybench:15a235ea911790797c,1,mobilitybench
mobilitybench_q_a52bc4f1e653d188fa,mobilitybench:86f8e00fa0150fea0f,1,mobilitybench
mobilitybench_q_a68bb219c3949d2800,mobilitybench:081c0555f4dc6ac1a5,1,mobilitybench
mobilitybench_q_9e414706f74d61c610,mobilitybench:c71fa1acc2a646880c,1,mobilitybench
mobilitybench_q_9cfdadb669e793b514,mobilitybench:dafdd8a3b9131f6fff,1,mobilitybench
mobilitybench_q_3b1e81d2e2d8ffc462,mobilitybench:57933c258bdcad10c0,1,mobilitybench
mobilitybench_q_a65d15e2df2bce8ff3,mobilitybench:13283d476a9293b3ce,1,mobilitybench
mobilitybench_q_14e7a86e661f5b6735,mobilitybench:362d7017508d45a033,1,mobilitybench
mobilitybench_q_2278a6c74f6a60621d,mobilitybench:39c9a6b544a0dd4274,1,mobilitybench
mobilitybench_q_1a2ec18f07aa6d5ac3,mobilitybench:55e1fac9287352d0de,1,mobilitybench
mobilitybench_q_a9872ab0e418dce5a2,mobilitybench:74e11f5f0b9a101dd2,1,mobilitybench
mobilitybench_q_a9bda97e21b2e1ecaa,mobilitybench:1e77a6d7a207e1bc75,1,mobilitybench
mobilitybench_q_ca87345673dc6c4644,mobilitybench:2a5c5ac30040ce512e,1,mobilitybench
mobilitybench_q_65a98397367ddbb5d1,mobilitybench:9df989590a1af254cd,1,mobilitybench
mobilitybench_q_4f0999432f2be4383e,mobilitybench:3ab6ea914a03fece56,1,mobilitybench
mobilitybench_q_b0d02f505975fc8111,mobilitybench:1eaf842f2164997edc,1,mobilitybench
mobilitybench_q_a09f63664a00dd5b42,mobilitybench:1bce15694cc25fb3b0,1,mobilitybench
mobilitybench_q_25fda82932c225d6c8,mobilitybench:8c792f11446a4dd391,1,mobilitybench
mobilitybench_q_85ca0ccd23ec609ceb,mobilitybench:1fa8f9de780ef410a2,1,mobilitybench
mobilitybench_q_159b68725ced1fcc1f,mobilitybench:18216740ff6e70ea5e,1,mobilitybench
mobilitybench_q_dc4e9969f3cc8b67ac,mobilitybench:d4a3086e840cd612ea,1,mobilitybench
mobilitybench_q_503b9ed0698b1a882c,mobilitybench:2c33ccacefc736db9e,1,mobilitybench
mobilitybench_q_d7256bf7851b36fcf0,mobilitybench:43d1201fd78ae41d04,1,mobilitybench
mobilitybench_q_5ca8fec7a146dbb63e,mobilitybench:87405571b38a8b9ddc,1,mobilitybench
mobilitybench_q_07545c10984482bea7,mobilitybench:b03ef13565fa25accb,1,mobilitybench
mobilitybench_q_ac08abb5ace1f8c2bc,mobilitybench:b3a1a9a268f56239cb,1,mobilitybench
mobilitybench_q_0b5523aa4527fc02a7,mobilitybench:96de12faab1a109b3b,1,mobilitybench
mobilitybench_q_b1f74158a8654ed323,mobilitybench:e792f70cbd0cc72796,1,mobilitybench
mobilitybench_q_b5f7bd13be3da9aa27,mobilitybench:eeab1b4a84622980f2,1,mobilitybench
mobilitybench_q_98a01bb7f858c476f3,mobilitybench:c0ad8a750ec0835780,1,mobilitybench
mobilitybench_q_83560f133d56192f92,mobilitybench:46e75fc333db64e8e4,1,mobilitybench
mobilitybench_q_799eda5bc26d21eceb,mobilitybench:5dbea46ad635da7329,1,mobilitybench
mobilitybench_q_1b2ad216afe25bd391,mobilitybench:667ea0d102a85e0eaa,1,mobilitybench
mobilitybench_q_682e97f2f52cbadddf,mobilitybench:c222258c7de39a7962,1,mobilitybench
mobilitybench_q_92a2a08b8440a2d3f0,mobilitybench:b9e2ef1458335e0e20,1,mobilitybench
mobilitybench_q_6d4d389ba24b83ff7f,mobilitybench:fc56676eb9cff2d397,1,mobilitybench
mobilitybench_q_89e03f6d29a148bcb6,mobilitybench:c05935215c5e4f0cc2,1,mobilitybench
mobilitybench_q_e93f30247af8888fce,mobilitybench:88fdd4f2b305d6dd3b,1,mobilitybench
mobilitybench_q_302d9140dbbcf3125c,mobilitybench:557bcc5b2737ec231d,1,mobilitybench
mobilitybench_q_6ceb5657bed0e93835,mobilitybench:10ccc45b7edbfb193a,1,mobilitybench
mobilitybench_q_e92acf9cbe396fd72f,mobilitybench:0e2f854b0425ad4192,1,mobilitybench
mobilitybench_q_75cb760b761f2030b1,mobilitybench:8d650e93f6ed99fd38,1,mobilitybench
mobilitybench_q_1c8b0a32b11cb14050,mobilitybench:0d61f4070d12e2d216,1,mobilitybench
mobilitybench_q_202d728e848d88e016,mobilitybench:9f5bb09ad159f7d624,1,mobilitybench
mobilitybench_q_b23bfac3b05aabc219,mobilitybench:237d7a63108f087b3c,1,mobilitybench
mobilitybench_q_1a7ca8e8f1d861da3c,mobilitybench:d4136c3e3663406afd,1,mobilitybench
mobilitybench_q_06df4acbebd4f9eb93,mobilitybench:b571fd0748a76c5875,1,mobilitybench
mobilitybench_q_6d17ec038cecaf48d0,mobilitybench:3e6c34bedeaf1ec314,1,mobilitybench
mobilitybench_q_6f165885be007d47df,mobilitybench:52731c888b62125b4f,1,mobilitybench
mobilitybench_q_f88730598cc0fc3ecc,mobilitybench:7fb01e11c6e1e13f19,1,mobilitybench
mobilitybench_q_1f10b4bccc4039150e,mobilitybench:ef1ff0e5d93a19af9d,1,mobilitybench
mobilitybench_q_dde1cd5ce432611fb4,mobilitybench:2a4a587c73fcc05abd,1,mobilitybench
mobilitybench_q_873db242402e00408f,mobilitybench:c7939198d5af4854b0,1,mobilitybench
mobilitybench_q_d8a73e6aee76c36630,mobilitybench:55e3f2f6c019055a9c,1,mobilitybench
mobilitybench_q_c2a5b1c89242c94744,mobilitybench:df50611371c238d127,1,mobilitybench
mobilitybench_q_377d3cac209cf46bbc,mobilitybench:646bcb4679e9afb12e,1,mobilitybench
mobilitybench_q_95235054e84297eabd,mobilitybench:140329028b43002d23,1,mobilitybench
mobilitybench_q_02dba6443f37c68c78,mobilitybench:d7f70188aa9b08e71c,1,mobilitybench
mobilitybench_q_e50d365ce15eee8e9a,mobilitybench:99223065f88db6bcb3,1,mobilitybench
mobilitybench_q_eb068d2207f614bb28,mobilitybench:7c868bf59294da0940,1,mobilitybench
mobilitybench_q_d709b2915421e125e8,mobilitybench:164669c06f4ee05005,1,mobilitybench
mobilitybench_q_f77bb90d0be044b945,mobilitybench:f62ebe6523ad07fd11,1,mobilitybench
mobilitybench_q_6d84c47a35b5267224,mobilitybench:259b59a7f33a629f35,1,mobilitybench
mobilitybench_q_5fa660f09eaaa5e3fb,mobilitybench:1cc873d5cf91da2cbe,1,mobilitybench
mobilitybench_q_15e278c01ca2cfa9d8,mobilitybench:e751c07f3866ff4460,1,mobilitybench
mobilitybench_q_dc376e60215ba477c0,mobilitybench:5049bfedde29ca1ef9,1,mobilitybench
mobilitybench_q_d7a6d3cc85fc4f138f,mobilitybench:0389caebfa86674240,1,mobilitybench
mobilitybench_q_2297c2ffb4648d3a2f,mobilitybench:5f8241235792cddd21,1,mobilitybench
mobilitybench_q_382b29d76cf9680733,mobilitybench:0f155c3e57cb19e5fe,1,mobilitybench
mobilitybench_q_4996e9542806e91d11,mobilitybench:f2dbc6b8e183a73773,1,mobilitybench
mobilitybench_q_12a6b9a5463617a371,mobilitybench:80bc5d0089cbce63c0,1,mobilitybench
mobilitybench_q_21ff26e4f92be9af91,mobilitybench:cf33ab6dd7cdbe1de7,1,mobilitybench
mobilitybench_q_1819b3f5f967c6da78,mobilitybench:9172394b9b92c02423,1,mobilitybench
mobilitybench_q_b07196b2562e62c04c,mobilitybench:035bb3f246500ead13,1,mobilitybench
mobilitybench_q_46004696c60a73cdac,mobilitybench:c9ad01c75e64903946,1,mobilitybench
mobilitybench_q_d2ee4494a557e0b6f3,mobilitybench:8072136607e3fbb438,1,mobilitybench
mobilitybench_q_44ab10b477f1ecaa8f,mobilitybench:b3489e08ce07a89b27,1,mobilitybench
mobilitybench_q_e31929593731497b13,mobilitybench:6c252203cd27ec30f4,1,mobilitybench
mobilitybench_q_ffe26df3de5cc64206,mobilitybench:7d1e65f04395dfdc21,1,mobilitybench
mobilitybench_q_f17fe2e3d033456af5,mobilitybench:82e3761c697b79f09a,1,mobilitybench
mobilitybench_q_10070d5a855b61ab21,mobilitybench:69bb9686593a2863a7,1,mobilitybench
mobilitybench_q_d4249ba2e1ba5fe5ad,mobilitybench:aae3602a5b5d2f3645,1,mobilitybench
mobilitybench_q_200b5713244f0cd11e,mobilitybench:8efc03c09ccfe78355,1,mobilitybench
mobilitybench_q_92af0eab04afbcdbb7,mobilitybench:e009e4153609c41ac8,1,mobilitybench
mobilitybench_q_5ddfde778f2a4c5ae6,mobilitybench:b2cd1d9cd25f28fd35,1,mobilitybench
mobilitybench_q_3fc5af678080c58e12,mobilitybench:d41f85a335f0c29c34,1,mobilitybench
mobilitybench_q_710b1baad20d6e61d3,mobilitybench:6381f9f0605f0cd1f2,1,mobilitybench
mobilitybench_q_0431de2c3c3549ee44,mobilitybench:fbe458c0bd402a7ccf,1,mobilitybench
mobilitybench_q_7a1374e93e14a02105,mobilitybench:530a42ce846c9985e1,1,mobilitybench
mobilitybench_q_679e11846ae27187ad,mobilitybench:b7688ddd8646248799,1,mobilitybench
mobilitybench_q_805fa82921f3263352,mobilitybench:58efdf5722c0aeabb2,1,mobilitybench
mobilitybench_q_e23a4ebcfbc9eff79f,mobilitybench:5a8cb7e369275afb3a,1,mobilitybench
mobilitybench_q_f217ff821d78aef318,mobilitybench:9cf1f46f83642ec4bd,1,mobilitybench
mobilitybench_q_e1ba9478fc9388024e,mobilitybench:e8eb5d86d19abdadf9,1,mobilitybench
mobilitybench_q_1782944061c457e976,mobilitybench:5c48cc7c7139b5f54d,1,mobilitybench
mobilitybench_q_6c0d2573c38e9051bd,mobilitybench:dbd1ea455eac0a122f,1,mobilitybench
mobilitybench_q_cde7a19224a29a820b,mobilitybench:5d6b2630651b27de06,1,mobilitybench
mobilitybench_q_9b938e55402653cc30,mobilitybench:9ee99e67a078d77ffc,1,mobilitybench
mobilitybench_q_5ad970a5da704d9933,mobilitybench:bfdc2e309d086f4de0,1,mobilitybench
mobilitybench_q_6055d813f4e24bb726,mobilitybench:3e39d8944da3d85963,1,mobilitybench
mobilitybench_q_e7a216bd917d311dbb,mobilitybench:f5461d251f8a53e25d,1,mobilitybench
mobilitybench_q_058bf814954102f3d4,mobilitybench:005aa72514967439be,1,mobilitybench
mobilitybench_q_65d7698e7c62572df1,mobilitybench:180b35cfccbfacc423,1,mobilitybench
mobilitybench_q_1227c22af9da076dbc,mobilitybench:e629701e06a8d72701,1,mobilitybench
mobilitybench_q_8e9ae68a2137bcaf7d,mobilitybench:06b7f26ff997b33ab6,1,mobilitybench
mobilitybench_q_825101bc86520c05a0,mobilitybench:67dfbc93cd5f6249b8,1,mobilitybench
mobilitybench_q_4622d945d5a0c27454,mobilitybench:e1f998752214bcd7bd,1,mobilitybench
mobilitybench_q_330d68d560275205b4,mobilitybench:0b5755e6be47f5b574,1,mobilitybench
mobilitybench_q_19112f5970e07d76a5,mobilitybench:ceb9320379a3e2cd9d,1,mobilitybench
mobilitybench_q_161f72ae0c292dbc8b,mobilitybench:1519039aec23d438e7,1,mobilitybench
mobilitybench_q_fc6f6d44992503cd8c,mobilitybench:81c81964949b6f9a6d,1,mobilitybench
mobilitybench_q_1e5ab6a0850e9aa24c,mobilitybench:73771207b479a46eb5,1,mobilitybench
mobilitybench_q_c52a932e38c2a3a523,mobilitybench:c13cf7b151d572d6ba,1,mobilitybench
mobilitybench_q_077e2e2f4e4e850c99,mobilitybench:825459a0070ff95c53,1,mobilitybench
mobilitybench_q_986b936eafd47503dd,mobilitybench:6aa9f6133b8abdeea1,1,mobilitybench
mobilitybench_q_688c9d18c430f20b6d,mobilitybench:48d42503d96f95b556,1,mobilitybench
mobilitybench_q_0ffbb4558b5aef77e4,mobilitybench:ad7b0a94779babf7b5,1,mobilitybench
mobilitybench_q_5ea49302827d5dfeea,mobilitybench:47b17936d0ffc56b30,1,mobilitybench
mobilitybench_q_4cce42e6997ed1a6f1,mobilitybench:6d6b82a9773f61421e,1,mobilitybench
mobilitybench_q_f579ac608cbc7b41ce,mobilitybench:c589c74deb93ae869d,1,mobilitybench
mobilitybench_q_5a4935c9a599f68725,mobilitybench:5d70f903b8bd94b9d5,1,mobilitybench
mobilitybench_q_ee40e33c4db8765c3e,mobilitybench:54b2cfc38f9119539f,1,mobilitybench
mobilitybench_q_534eddef0d26a3306b,mobilitybench:6b5c6f38a3c12811ab,1,mobilitybench
mobilitybench_q_259b79e18dce612949,mobilitybench:224238cc472c4456a5,1,mobilitybench
mobilitybench_q_fab7957496e90bd8e4,mobilitybench:24e2db1af5cb09f953,1,mobilitybench
mobilitybench_q_d8b0ea14239875dcda,mobilitybench:67a11a3b002491bdcf,1,mobilitybench
mobilitybench_q_1424b22f4666907b56,mobilitybench:7bda1aef9c30491700,1,mobilitybench
mobilitybench_q_24f29e3cd83ca4c5fc,mobilitybench:a61d3d3c284c250120,1,mobilitybench
mobilitybench_q_04abc859d84ca83aba,mobilitybench:99f796568059364755,1,mobilitybench
mobilitybench_q_412486015f56875293,mobilitybench:7196374fb85e71c83b,1,mobilitybench
mobilitybench_q_f37cc25e9d46df10f1,mobilitybench:3f64200c79ba0093dd,1,mobilitybench
mobilitybench_q_02d69f90f6d56374a5,mobilitybench:8a47788dc7f3aec01f,1,mobilitybench
mobilitybench_q_2cf764030aef0a8d5e,mobilitybench:699f1c339313d784e3,1,mobilitybench
mobilitybench_q_09b8256fc3bdc4509d,mobilitybench:2df726350e16c53766,1,mobilitybench
mobilitybench_q_7efb5cac337bc77d6b,mobilitybench:b5488afb7215343739,1,mobilitybench
mobilitybench_q_ced77426afddc54d59,mobilitybench:8cfb3a58ada3650b6f,1,mobilitybench
mobilitybench_q_58fa8f5931b4f73e6d,mobilitybench:0d39e68d22adf5381a,1,mobilitybench
mobilitybench_q_fd0cbe478d18ebb6d3,mobilitybench:597cf9a91d15a98503,1,mobilitybench
mobilitybench_q_dd83cb12fdc081ce80,mobilitybench:649cf93c4081b698e6,1,mobilitybench
mobilitybench_q_02140c9455ec345737,mobilitybench:2231c58f94fc66c24f,1,mobilitybench
mobilitybench_q_c165ce19a3f566af5f,mobilitybench:a96e297bcfc1a64291,1,mobilitybench
mobilitybench_q_37d9ab29dab4d0e56f,mobilitybench:4ab440b64c0d0e57b2,1,mobilitybench
mobilitybench_q_6d2a04d271412bcc06,mobilitybench:a312d857c1668d6c18,1,mobilitybench
mobilitybench_q_b6bdc70302ba907b71,mobilitybench:2f1e22f6af6da79867,1,mobilitybench
mobilitybench_q_ace6c848b121752dd6,mobilitybench:38ac08162e706d1692,1,mobilitybench
mobilitybench_q_826e4dce93304eb3b1,mobilitybench:b39141237fed48db1c,1,mobilitybench
mobilitybench_q_c4f568e9a99e6aa02e,mobilitybench:ae9e3d7d402e9f277f,1,mobilitybench
mobilitybench_q_5cd163d8713c158456,mobilitybench:ec14c61558a007e985,1,mobilitybench
mobilitybench_q_341ad21cae2cf1cbbf,mobilitybench:7a47ce70a8b6f0c991,1,mobilitybench
mobilitybench_q_a4a02f92181c406c44,mobilitybench:dacd799ad1cf25e396,1,mobilitybench
mobilitybench_q_ce3bd18cbe5dd52107,mobilitybench:ca8fbf3c5318a4afe2,1,mobilitybench
mobilitybench_q_9338e649791ace89e6,mobilitybench:fb04ce7d2b616299b2,1,mobilitybench
mobilitybench_q_4e357b71f5a53bab6e,mobilitybench:3001e92ea00b9c8fe9,1,mobilitybench
mobilitybench_q_ba98ee6e2413f06590,mobilitybench:89c38cf95754e08f84,1,mobilitybench
mobilitybench_q_7a62ad4847aecfc4dc,mobilitybench:3525376fed9c967e64,1,mobilitybench
mobilitybench_q_ab5d4004559d6386bb,mobilitybench:68a49f6a025b7942ff,1,mobilitybench
mobilitybench_q_97e64a769d08f50e7a,mobilitybench:74ec47b4a171497004,1,mobilitybench
mobilitybench_q_ace9e5ba9b28370e7f,mobilitybench:dc73326de52c8766f6,1,mobilitybench
mobilitybench_q_c3e2027086f1fac081,mobilitybench:e274ee5e3e275c1367,1,mobilitybench
mobilitybench_q_435f5c9d01c342e31d,mobilitybench:2894635f408444d5da,1,mobilitybench
mobilitybench_q_a62d3a22c6e9aef070,mobilitybench:34004dcf29efe881a2,1,mobilitybench
mobilitybench_q_40d97f775a53c0e72d,mobilitybench:f6e39aab438cca4d45,1,mobilitybench
mobilitybench_q_c5759f847c320d31dd,mobilitybench:b1a9549a7bd8f75638,1,mobilitybench
mobilitybench_q_be0159d999e86389b8,mobilitybench:d310b27efbedf84f0e,1,mobilitybench
mobilitybench_q_5ba655e50679c2527b,mobilitybench:928ac1a580cace9196,1,mobilitybench
mobilitybench_q_878ae5c73bbf96eea3,mobilitybench:531ae95b746216fdbd,1,mobilitybench
mobilitybench_q_27cca9f3ed51aa5529,mobilitybench:93cff2ce9bed35fa84,1,mobilitybench
mobilitybench_q_52e326486df46adcb8,mobilitybench:3fd54adc44b05ea389,1,mobilitybench
mobilitybench_q_1482789e6e096b9c9a,mobilitybench:e456a2a9bbff819a16,1,mobilitybench
mobilitybench_q_d82a34e04925e1c567,mobilitybench:d70edbfd7ef2c90a55,1,mobilitybench
mobilitybench_q_1b2567482defc504cb,mobilitybench:fdeb65de8dd365d084,1,mobilitybench
mobilitybench_q_b38169d298e40f9b83,mobilitybench:e071242160929b9a54,1,mobilitybench
mobilitybench_q_f0b8edd7748b7175e6,mobilitybench:d3a5a27606b89a84fa,1,mobilitybench
mobilitybench_q_852be93620e61430db,mobilitybench:c51782cbba5d67c0ab,1,mobilitybench
mobilitybench_q_68d23be025defa333e,mobilitybench:72d8b605f02f67f716,1,mobilitybench
mobilitybench_q_aa04ea3718b77c9d3e,mobilitybench:6944a8f7dcc0269a6f,1,mobilitybench
mobilitybench_q_a354b9a5991b334e5c,mobilitybench:8e9f15b1ed89833e39,1,mobilitybench
mobilitybench_q_f5cc9f63f9e53175e1,mobilitybench:9b0959e4c24a97f0bd,1,mobilitybench
mobilitybench_q_df335f97868e59ac7f,mobilitybench:e0ab31fc7a87b675b8,1,mobilitybench
mobilitybench_q_b6fdc17fca82ae2eeb,mobilitybench:ac50d7e78d8f0a4d6a,1,mobilitybench
mobilitybench_q_3c80d30ce4cacb5642,mobilitybench:27f24dbec7eba2565a,1,mobilitybench
mobilitybench_q_588d3a3f462e2be11a,mobilitybench:48e9903e16972d14db,1,mobilitybench
mobilitybench_q_33a6dab64a85dd47b0,mobilitybench:0a7ff397ad1c86e519,1,mobilitybench
mobilitybench_q_26525ce721878ad65a,mobilitybench:4c0473090ab378dfb8,1,mobilitybench
mobilitybench_q_8cbcc043e0be2b9b62,mobilitybench:783d43bb0b94655d4e,1,mobilitybench
mobilitybench_q_f6047614ccac1dff43,mobilitybench:02aac8ffe5baf2b6b1,1,mobilitybench
mobilitybench_q_28535c054627ac1d71,mobilitybench:a951fd083c9f4b7b46,1,mobilitybench
mobilitybench_q_989b4f3c1900400a2c,mobilitybench:17a673ebc8b8c90b24,1,mobilitybench
mobilitybench_q_6c43fc624f9046a6de,mobilitybench:72ff2a9c88cffc69cf,1,mobilitybench
mobilitybench_q_826061c8ab49e4a35d,mobilitybench:106e94d59007cff085,1,mobilitybench
mobilitybench_q_4343acc151930d0e55,mobilitybench:293aa11791d75bf119,1,mobilitybench
mobilitybench_q_7df8f416c334f8accd,mobilitybench:7f763f45954f0745c1,1,mobilitybench
mobilitybench_q_73d60942383e5a5ea8,mobilitybench:539a56c1dd8bed5ec4,1,mobilitybench
mobilitybench_q_06aae6c38a62c49eb4,mobilitybench:ab81e13a549b089378,1,mobilitybench
mobilitybench_q_a184effd2cf5954409,mobilitybench:6549ab2e66a2b8848d,1,mobilitybench
mobilitybench_q_b02ec400c008acc498,mobilitybench:a6c90a0df4bacb2a85,1,mobilitybench
mobilitybench_q_2b8ac81c58442c5692,mobilitybench:1e300f23e8d4c91974,1,mobilitybench
mobilitybench_q_bf8b3a14c68b45b879,mobilitybench:758ff8712fe5320f5f,1,mobilitybench
mobilitybench_q_4c882265f431061865,mobilitybench:e25d796b1ba0e24d23,1,mobilitybench
mobilitybench_q_7a5d80471a1dbcaf74,mobilitybench:3eb80abd7ae99e5c56,1,mobilitybench
mobilitybench_q_e031e4a66fc10b4308,mobilitybench:f76ba77581b07349fd,1,mobilitybench
mobilitybench_q_cc4cab37018738d1b5,mobilitybench:880837a1fdd92fe34f,1,mobilitybench
mobilitybench_q_d3daabf9808c709a06,mobilitybench:c8671fb65f9ddd7975,1,mobilitybench
mobilitybench_q_7e3ca1b94c0fd29b47,mobilitybench:aa210f9d22944a4fad,1,mobilitybench
mobilitybench_q_cce80fe7986e0ed499,mobilitybench:2810d2d885e427a422,1,mobilitybench
mobilitybench_q_5bdb01b9142f8b0a87,mobilitybench:861772b0f0d249e907,1,mobilitybench
mobilitybench_q_dd16c45390c2bae8c8,mobilitybench:6d2191bd09942d87d8,1,mobilitybench
mobilitybench_q_0dac82f9bc0bf1af25,mobilitybench:250fb2eda215b3df3c,1,mobilitybench
mobilitybench_q_3c90fa003080f4a130,mobilitybench:ba95ca46e79f81e9f2,1,mobilitybench
mobilitybench_q_b24a10f1fd7171ead0,mobilitybench:a8c9895c5d34c85cac,1,mobilitybench
mobilitybench_q_cf9bae4b7261d5888f,mobilitybench:9a98c32383de70c5e1,1,mobilitybench
mobilitybench_q_90d575785dd07c7fea,mobilitybench:3cfe17da0cde51ef81,1,mobilitybench
mobilitybench_q_6a1561abcaf8ecd74a,mobilitybench:d50ca3fd0351f4478b,1,mobilitybench
mobilitybench_q_5ff37ed98585990bdc,mobilitybench:31291d48042bd7af70,1,mobilitybench
mobilitybench_q_cedd0c6035f80dc26a,mobilitybench:e9ccef0ec55db36e90,1,mobilitybench
mobilitybench_q_ac9be8b010261d1bce,mobilitybench:25f3708b170438026d,1,mobilitybench
mobilitybench_q_71e905827cae3506db,mobilitybench:45ebdf2ae698464325,1,mobilitybench
mobilitybench_q_0440ebc9e6b0d716c2,mobilitybench:a4f97a9cffe6254253,1,mobilitybench
mobilitybench_q_24da862bd4c4610d2c,mobilitybench:200088a7395d042a39,1,mobilitybench
mobilitybench_q_41495d431e7e871f4e,mobilitybench:69842af2ae189e5d28,1,mobilitybench
mobilitybench_q_da43923675a2ee92f0,mobilitybench:f92b3de25c19eb21f6,1,mobilitybench
mobilitybench_q_6508de1e20f56aebf7,mobilitybench:53a57cb23a925ec489,1,mobilitybench
mobilitybench_q_d459d6f319a3e7d7fd,mobilitybench:9c119ac6d94a6da221,1,mobilitybench
mobilitybench_q_ec32903edd0b9533ea,mobilitybench:571f2d4b0fde4bac17,1,mobilitybench
mobilitybench_q_7520e4c38aac9628ea,mobilitybench:8a99733f5d2b14cc11,1,mobilitybench
mobilitybench_q_f1bf5baa5a6cc8e74e,mobilitybench:d5266699fc404c2250,1,mobilitybench
mobilitybench_q_41beefa928792d90bc,mobilitybench:782f5311ebfc7179e0,1,mobilitybench
mobilitybench_q_953aeece4da6aa2ce5,mobilitybench:fa9c6826d917a5589d,1,mobilitybench
mobilitybench_q_4093c9bc869ba52abe,mobilitybench:5b69f18fb8996e6659,1,mobilitybench
mobilitybench_q_b86cc3f751600b1660,mobilitybench:da3a7023ca47db988e,1,mobilitybench
mobilitybench_q_625f03442dd0e19a5a,mobilitybench:dc88ce795b5f7f227a,1,mobilitybench
mobilitybench_q_2509c1f7b96b007ee6,mobilitybench:4810fd5cacaa522f67,1,mobilitybench
mobilitybench_q_fbe108048eacda3f75,mobilitybench:26405c11cd099f76e9,1,mobilitybench
mobilitybench_q_2b24ae257a1d7fee57,mobilitybench:02561dac8ce85a808b,1,mobilitybench
mobilitybench_q_19681614fe1fd2659f,mobilitybench:9efd049771fef1952e,1,mobilitybench
mobilitybench_q_289d73e90cff175672,mobilitybench:24094faec71a932f50,1,mobilitybench
mobilitybench_q_64b6dd2477510276f4,mobilitybench:169fe1d1e57db046da,1,mobilitybench
mobilitybench_q_907ad70ad571d7f7a9,mobilitybench:68472c44bbbdeb2707,1,mobilitybench
mobilitybench_q_ee292d85232789bff3,mobilitybench:8f8ad3222a333cc6c1,1,mobilitybench
mobilitybench_q_7936dd165c5c61d511,mobilitybench:4a6e45f1df41f1635e,1,mobilitybench
mobilitybench_q_c6cb5496e171f1048f,mobilitybench:0f85c5e2e41354b964,1,mobilitybench
mobilitybench_q_7e1ec13860e5a534df,mobilitybench:4b419159ed2fdfac34,1,mobilitybench
mobilitybench_q_3a100647991caa4ddb,mobilitybench:0208dc11994f438588,1,mobilitybench
mobilitybench_q_0a896d096be38b407f,mobilitybench:6a99ab17c438d277fd,1,mobilitybench
mobilitybench_q_baa865aae8747df2d3,mobilitybench:2d61fafa278f36b1fa,1,mobilitybench
mobilitybench_q_fdf25f15eac936bcbc,mobilitybench:00801266a6f27d2f64,1,mobilitybench
mobilitybench_q_b696c5d4f8c47d3ecb,mobilitybench:3ef5ce151b9a7cf309,1,mobilitybench
mobilitybench_q_b0f17f631aaf19e7fa,mobilitybench:52d2b4ea53263e6c34,1,mobilitybench
mobilitybench_q_ad49c1562ae6ddea6e,mobilitybench:ae30bffb8fb0139e19,1,mobilitybench
mobilitybench_q_722b58db905a7aa8a6,mobilitybench:1fbc2196ab830cf271,1,mobilitybench
mobilitybench_q_756e4886051e4d5abb,mobilitybench:dd2389ed3c594b2416,1,mobilitybench
mobilitybench_q_0c2ac1ff5bc241859c,mobilitybench:6d6eefcfb7bce79e68,1,mobilitybench
mobilitybench_q_cbbd9b6bf8b333aebc,mobilitybench:dc6eb7bccdb535ecd8,1,mobilitybench
mobilitybench_q_4f51216f7fc1c7bc5f,mobilitybench:a850e873caf0cf281b,1,mobilitybench
mobilitybench_q_220c69d56cb45b3bda,mobilitybench:19fc7a063a7215d0e0,1,mobilitybench
mobilitybench_q_3bc477421721c86e85,mobilitybench:c4928d24c28ab6c8a7,1,mobilitybench
mobilitybench_q_8b890d16f2d2d41e98,mobilitybench:b689be44fd86cdd970,1,mobilitybench
mobilitybench_q_3ba8267654a7fa1f63,mobilitybench:a7aac110aa0c06f742,1,mobilitybench
mobilitybench_q_bec7d15b76930ca1ee,mobilitybench:86ff37b0c28f8daec5,1,mobilitybench
mobilitybench_q_d9ce486f8071837004,mobilitybench:f25a80c8f261a1d093,1,mobilitybench
mobilitybench_q_997c1fa2a98cd516ad,mobilitybench:cd4f2950462c2df47f,1,mobilitybench
mobilitybench_q_9bff1408ae94282079,mobilitybench:71f2d7ccb8e507b805,1,mobilitybench
mobilitybench_q_4134f2f1d392d48374,mobilitybench:cd4f142340d011ffa0,1,mobilitybench
mobilitybench_q_e2848440ee62be81d9,mobilitybench:374d2f3401e5e6fb90,1,mobilitybench
mobilitybench_q_a3fc69ce5229550d7a,mobilitybench:cd354c9764f3941af5,1,mobilitybench
mobilitybench_q_f685d0b49f57296199,mobilitybench:5643f8019c0b6c584b,1,mobilitybench
mobilitybench_q_f2e3ca502e87338584,mobilitybench:68d772aba2ce39a174,1,mobilitybench
mobilitybench_q_c9441a0e342db5bf3b,mobilitybench:b84dbb533bc59af6fa,1,mobilitybench
mobilitybench_q_1fd2f3e2e1651d7365,mobilitybench:303f9a7fd07ce7d966,1,mobilitybench
mobilitybench_q_d7087e63ba492a0b8f,mobilitybench:6be92e69c3055364de,1,mobilitybench
mobilitybench_q_6da1c8d8d7a941dc57,mobilitybench:1bb12bcbb6a62eb06d,1,mobilitybench
mobilitybench_q_f7d161aa198e1bcf8c,mobilitybench:34c0800e7d27368752,1,mobilitybench
mobilitybench_q_c6d0f6270609d87b9a,mobilitybench:e6dd19bbc2ed922be1,1,mobilitybench
mobilitybench_q_e9d32d6b2a6650dc63,mobilitybench:82f7f99bc6a51f8c1f,1,mobilitybench
mobilitybench_q_a72788289d35c4b04f,mobilitybench:b547be8476cf6ad297,1,mobilitybench
mobilitybench_q_87962ad63a17cedd35,mobilitybench:5b1719a2d1dd8aec61,1,mobilitybench
mobilitybench_q_b3a62838a02179c61b,mobilitybench:bb627f76250eb88356,1,mobilitybench
mobilitybench_q_8de5712b5421f444c5,mobilitybench:3da2808df21066c9a0,1,mobilitybench
mobilitybench_q_6cf2177c5283bb6662,mobilitybench:3b8da55fa107cf270d,1,mobilitybench
mobilitybench_q_ae761f44491ae7b05d,mobilitybench:9eeef6d0852b8179c3,1,mobilitybench
mobilitybench_q_77aa04af608183504e,mobilitybench:9c3aa96cc7e51012cd,1,mobilitybench
mobilitybench_q_c03c5be891cf072b69,mobilitybench:4a286ed6f6df357a15,1,mobilitybench
mobilitybench_q_bde031d0a5b388fed2,mobilitybench:2da42dd12de8b503ac,1,mobilitybench
mobilitybench_q_bcb9c0d9945cc3894d,mobilitybench:b6392adaafd8eb7882,1,mobilitybench
mobilitybench_q_87fd35c76abed28bb9,mobilitybench:73aafcca8bab74dc40,1,mobilitybench
mobilitybench_q_4e498f636de12e3d71,mobilitybench:0bae0dcc9ca5397c19,1,mobilitybench
mobilitybench_q_c62830c5a3e2c256e8,mobilitybench:cbb3c1cc2a3e2cc06c,1,mobilitybench
mobilitybench_q_d3c892f2b696bf3ea0,mobilitybench:e0b80d22a55989f2b2,1,mobilitybench
mobilitybench_q_c998aa4476b4fbe592,mobilitybench:9abb3ced8ac011adb1,1,mobilitybench
mobilitybench_q_ac02e10ee0d6e2c2fa,mobilitybench:273c77ce6eb08d2f31,1,mobilitybench
mobilitybench_q_7b8dda33ac5cbe66b1,mobilitybench:870df7a10aec14bf4e,1,mobilitybench
mobilitybench_q_354a2f4e8515f2c419,mobilitybench:5617316c819cd3f209,1,mobilitybench
mobilitybench_q_3729b1655d8a004114,mobilitybench:83027c0dee1cd0f1b4,1,mobilitybench
mobilitybench_q_109b6944459405003f,mobilitybench:c894384adfc7de7987,1,mobilitybench
mobilitybench_q_bc4e7070a46041f6e3,mobilitybench:8ff25cf00df12c8b99,1,mobilitybench
mobilitybench_q_876f7ab0c05721f89c,mobilitybench:44c415f7656316d491,1,mobilitybench
mobilitybench_q_0bc0de1379ab873ea3,mobilitybench:a4cebfe36d497efb9a,1,mobilitybench
mobilitybench_q_9f7cfe04b6c70897bc,mobilitybench:edbe17d23bf6b0a96f,1,mobilitybench
mobilitybench_q_9060a1f3e60b389476,mobilitybench:acfc0a9f70376d9720,1,mobilitybench
mobilitybench_q_3703cb5d294471b0d5,mobilitybench:559b99226a6c369ab3,1,mobilitybench
mobilitybench_q_0b986f491c4d8abb2d,mobilitybench:b347b76f9de94f02b2,1,mobilitybench
mobilitybench_q_3ceb644aaac453a607,mobilitybench:2951e2a300676f03f7,1,mobilitybench
mobilitybench_q_fddfe2acd633f86ded,mobilitybench:c9e539910c85d056cf,1,mobilitybench
mobilitybench_q_212a26083789b4b68d,mobilitybench:0dcf611164e586ce57,1,mobilitybench
mobilitybench_q_15fdbb3bb6dd102b24,mobilitybench:4741c87f149966d224,1,mobilitybench
mobilitybench_q_0f4a23c8f2a37beca7,mobilitybench:13d84fd4be8af066dc,1,mobilitybench
mobilitybench_q_50903c505a22b6a47c,mobilitybench:8590b9d4f4e6e0fed9,1,mobilitybench
mobilitybench_q_0c41565ebf32a318b1,mobilitybench:a7897b2581707875a6,1,mobilitybench
mobilitybench_q_3091fd8c74e8c90581,mobilitybench:2873e7a721b040d78c,1,mobilitybench
mobilitybench_q_b42519a20ea1659727,mobilitybench:e07a8a910dc0222b63,1,mobilitybench
mobilitybench_q_aae5633cb172afd602,mobilitybench:3532e931e8c04e0e86,1,mobilitybench
mobilitybench_q_52c7da8a05c3fba52d,mobilitybench:ffa7f9efa2d0f653f1,1,mobilitybench
mobilitybench_q_770a073c304c47d060,mobilitybench:53c04dcf768ae5f402,1,mobilitybench
mobilitybench_q_f9ff89fc66b91a3bf9,mobilitybench:3855005312e4a8fa1a,1,mobilitybench
mobilitybench_q_d678f1a8750707fda0,mobilitybench:2561a152102cc5df7e,1,mobilitybench
mobilitybench_q_5d6261e3f62110ef6f,mobilitybench:6411d2afc9f1f3049f,1,mobilitybench
mobilitybench_q_2c075430dec8e8ab45,mobilitybench:d2959868199cdc12f1,1,mobilitybench
mobilitybench_q_7d4b8f981e9ec92e06,mobilitybench:9cef4702b1dce71c8d,1,mobilitybench
mobilitybench_q_9e6c11de8ba1c61fbe,mobilitybench:8548f79be6394d153d,1,mobilitybench
mobilitybench_q_2d85333e50adb67163,mobilitybench:a8c726cd157d80c0ad,1,mobilitybench
mobilitybench_q_78a386d6145c572953,mobilitybench:dea14622f8860be573,1,mobilitybench
mobilitybench_q_3f53a1f25c48738691,mobilitybench:bcca159a3547d3dbe9,1,mobilitybench
mobilitybench_q_3ae812c2d007888251,mobilitybench:796cdf5c10956e0497,1,mobilitybench
mobilitybench_q_c005647848e55ed9ca,mobilitybench:590916f9492ff3b878,1,mobilitybench
mobilitybench_q_30f58bfe285b62870c,mobilitybench:7973fa0fa966751329,1,mobilitybench
mobilitybench_q_0b2adbcfceab21529d,mobilitybench:baf5d693fbaf704045,1,mobilitybench
mobilitybench_q_d3564c88590d211dd7,mobilitybench:d8a2c5b2b8bbc76639,1,mobilitybench
mobilitybench_q_4f84c7413e022a7a44,mobilitybench:563ab2cf394e893a64,1,mobilitybench
mobilitybench_q_511ee1ee0622de6a40,mobilitybench:412057b9df03617a27,1,mobilitybench
mobilitybench_q_07f98f325b4de09ed5,mobilitybench:7b498b1fa188f9f132,1,mobilitybench
mobilitybench_q_1092bf2061d8e5234e,mobilitybench:d468ff35ed5bf56da1,1,mobilitybench
mobilitybench_q_e5748fb9bc5d30beb9,mobilitybench:ab2d7a4aa23e977fe3,1,mobilitybench
mobilitybench_q_99ca9a52a72cf4acb0,mobilitybench:406a037e2fe5c431dc,1,mobilitybench
mobilitybench_q_dc8c4ce1a961463ff3,mobilitybench:54f675f87e23768bf0,1,mobilitybench
mobilitybench_q_58728ec0bd9b294926,mobilitybench:0f6ef87d52fa3bccee,1,mobilitybench
mobilitybench_q_b63b76afd381f4b1c3,mobilitybench:9a3f710497d25f559b,1,mobilitybench
mobilitybench_q_9497f98e3e0af16dcf,mobilitybench:9c74f38db6b0776c36,1,mobilitybench
mobilitybench_q_bae80bbacd1eaa40be,mobilitybench:21c1b5659003e1da5f,1,mobilitybench
mobilitybench_q_0adea084bf82e537ee,mobilitybench:e07525d15f49200715,1,mobilitybench
mobilitybench_q_241a0396fe685296a6,mobilitybench:d45ad6b5d2ed3d04ee,1,mobilitybench
mobilitybench_q_944894b990de801fff,mobilitybench:dddb879e08c46ca8dd,1,mobilitybench
mobilitybench_q_f8d2d047d768619305,mobilitybench:d4046ac51bf9c0f61f,1,mobilitybench
mobilitybench_q_c9ec3bef7d47110259,mobilitybench:657661e2fde3222754,1,mobilitybench
mobilitybench_q_6046dee0527a87ced8,mobilitybench:25dfab6276c85fbb13,1,mobilitybench
mobilitybench_q_2f04e96aad8d2909dc,mobilitybench:269a1126ee717c5792,1,mobilitybench
mobilitybench_q_a8887e5f51cf667dd5,mobilitybench:2f580c3daa4e920143,1,mobilitybench
mobilitybench_q_5ba2f814f9be550e7e,mobilitybench:be8c49ba97814caad2,1,mobilitybench
mobilitybench_q_ab46723113f756ec83,mobilitybench:c9dead8ef35faedc7f,1,mobilitybench
mobilitybench_q_d9f3efd99ba51e5d2c,mobilitybench:3d7492f5fb35582b4f,1,mobilitybench
mobilitybench_q_04baf4c21ceb6ad0af,mobilitybench:837efc632648d0e7bb,1,mobilitybench
mobilitybench_q_4abd8df54dba486cb6,mobilitybench:01e8e43f3823d38ac5,1,mobilitybench
mobilitybench_q_db09e487656ba81664,mobilitybench:086b51f92c0a7f65c1,1,mobilitybench
mobilitybench_q_924404a90225387bd3,mobilitybench:7091a89e78115fa351,1,mobilitybench
mobilitybench_q_7dc1f0295c9d0b52ff,mobilitybench:30ad561982875378db,1,mobilitybench
mobilitybench_q_1942416e24470d7842,mobilitybench:2c2d2e4f03e31162ee,1,mobilitybench
mobilitybench_q_faaaffaaf646673ce2,mobilitybench:9eb9440bc6c3f3a98f,1,mobilitybench
mobilitybench_q_ca3ed6cbb6ee2a844b,mobilitybench:b21238f2d73f0a0dd3,1,mobilitybench
mobilitybench_q_e9dbf345067d4b296f,mobilitybench:2f157ef21c25317c6e,1,mobilitybench
mobilitybench_q_2bb35f17053e9e8f27,mobilitybench:cbb5d231acc179468c,1,mobilitybench
mobilitybench_q_1efa61b68d01cd3bb3,mobilitybench:bf4959766d29dcff9e,1,mobilitybench
mobilitybench_q_f2f45187d6df8f6305,mobilitybench:30c9c4953eeb54a5c4,1,mobilitybench
mobilitybench_q_6cbd743e3dfdf57013,mobilitybench:d5273c75c1b0f6c8d6,1,mobilitybench
mobilitybench_q_9ab48c73750e6a2b53,mobilitybench:8b4ade71ee8df6c4ba,1,mobilitybench
mobilitybench_q_43aef8a5a7102e6d36,mobilitybench:bba5b0f135d6c6fb29,1,mobilitybench
mobilitybench_q_e5ad55ead54ca5c182,mobilitybench:d858c0ac93ac6c921b,1,mobilitybench
mobilitybench_q_f1989f31343a697fa2,mobilitybench:3b99a3def261520d29,1,mobilitybench
mobilitybench_q_6196e9c8bfcd535e1d,mobilitybench:43c59dfc8d73ceaa93,1,mobilitybench
mobilitybench_q_e1abd12494112af7f3,mobilitybench:b040ec161a28a45299,1,mobilitybench
mobilitybench_q_92614d8fff0651cf08,mobilitybench:0cdb48a255a6563dfa,1,mobilitybench
mobilitybench_q_90b3f8b386868db752,mobilitybench:2a83abac031a482aff,1,mobilitybench
mobilitybench_q_81fcb10a3abec8648b,mobilitybench:34a0a4226dabbcaa5c,1,mobilitybench
mobilitybench_q_5e68d08031e8c25a70,mobilitybench:6f352236d5cb6fb7e9,1,mobilitybench
mobilitybench_q_f451c58b05bb5f507c,mobilitybench:df3153b91f4fe467e1,1,mobilitybench
mobilitybench_q_8afdf3bb96fd63dbbb,mobilitybench:d35275f18e2b4e0fae,1,mobilitybench
mobilitybench_q_f5d5a0c3aa945ba7c8,mobilitybench:302641591083b67eed,1,mobilitybench
mobilitybench_q_46597f61b1ab4eacdf,mobilitybench:dbb1f2528bdf3f5b1a,1,mobilitybench
mobilitybench_q_63cd1517bfb81bb3a4,mobilitybench:558203047ef9107bd0,1,mobilitybench
mobilitybench_q_602f9cf0776717a1e1,mobilitybench:4f35dee1c2a87d716d,1,mobilitybench
mobilitybench_q_3dabf8def020e103b7,mobilitybench:d8171867958b74d8c6,1,mobilitybench
mobilitybench_q_4dc308de6743f8c01b,mobilitybench:edd090974a078d9a94,1,mobilitybench
mobilitybench_q_d5ffe8aae245a3ce2c,mobilitybench:c4ae50413547c868dd,1,mobilitybench
mobilitybench_q_cf70fee89b100fab43,mobilitybench:c02d00faa22ee8b1b5,1,mobilitybench
mobilitybench_q_0b244af63e1cf16b45,mobilitybench:05ff6e84ab1554b2ef,1,mobilitybench
mobilitybench_q_e130bd10aafa87b646,mobilitybench:621898673c549cbfed,1,mobilitybench
mobilitybench_q_85ca6b534c096069cc,mobilitybench:3294ee30695ac2b312,1,mobilitybench
mobilitybench_q_fb74a0ae801a6016e8,mobilitybench:a0d2fa6d059dccf36c,1,mobilitybench
mobilitybench_q_8e53482df80457dbcf,mobilitybench:76acea5a1632899ebf,1,mobilitybench
mobilitybench_q_7f2056cbefd746ff1f,mobilitybench:b96033325b90a7ebc4,1,mobilitybench
mobilitybench_q_28342ad94ef59aaf0c,mobilitybench:3bae5719224a4dac7d,1,mobilitybench
mobilitybench_q_fcce35307ef6c4ff9a,mobilitybench:d33bd9b90748dc9540,1,mobilitybench
mobilitybench_q_29142f3cafb9f4ab8c,mobilitybench:159b1d04899e0d06b6,1,mobilitybench
mobilitybench_q_69946d867f606ddfec,mobilitybench:ebebf3b29bb7377ce9,1,mobilitybench
mobilitybench_q_057dce7167373ae897,mobilitybench:3efea26224c9306824,1,mobilitybench
mobilitybench_q_e00ab830ed57e1e313,mobilitybench:a9bdbbab42a7ef173c,1,mobilitybench
mobilitybench_q_2c73819222107b8ab7,mobilitybench:b54b86e4a8904d56ed,1,mobilitybench
mobilitybench_q_0e10e0e14c77de1217,mobilitybench:24b3bd9826e2aa61ff,1,mobilitybench
mobilitybench_q_b5a3c146bf3532cde0,mobilitybench:11b7c4f1ddb7c8e617,1,mobilitybench
mobilitybench_q_e6395441d4fbbbaa32,mobilitybench:b882fe02c3d015fd99,1,mobilitybench
mobilitybench_q_f6e4874a52c0b68c98,mobilitybench:18d64e9a627835ad93,1,mobilitybench
mobilitybench_q_9307530a3114df2e4e,mobilitybench:147e80ede689c5ccad,1,mobilitybench
mobilitybench_q_a1696e18c326a84646,mobilitybench:cc5288ca297d34a34e,1,mobilitybench
mobilitybench_q_8e9b53da3b69858cfe,mobilitybench:b9cac5f3f8df7cf7d6,1,mobilitybench
mobilitybench_q_ed5bc2bec499c8b9fb,mobilitybench:3732b8fe5a3224f90f,1,mobilitybench
mobilitybench_q_1893205ef3484d0f94,mobilitybench:23d8900dbab9b05a67,1,mobilitybench
mobilitybench_q_f065ae151db359dbbf,mobilitybench:d52f1dc552e4bcc4be,1,mobilitybench
mobilitybench_q_0aaa6337ab2e04d3d4,mobilitybench:b5773d2e9891e19e1e,1,mobilitybench
mobilitybench_q_b5c763798012c78f81,mobilitybench:86581de35f2f59bab3,1,mobilitybench
mobilitybench_q_52c4b3f56b0386e250,mobilitybench:4d9dbfa88bc196739d,1,mobilitybench
mobilitybench_q_171f875b418173f3ab,mobilitybench:a36676ae028730f440,1,mobilitybench
mobilitybench_q_1a28e34513052dc8ed,mobilitybench:cf6cd79f55a9d6c112,1,mobilitybench
mobilitybench_q_b318567604db379b2e,mobilitybench:eb496e3d11a364c445,1,mobilitybench
mobilitybench_q_cbe1c76a1bee0e2bd2,mobilitybench:90721eb0da3cab3dcf,1,mobilitybench
mobilitybench_q_839a7d2f2201efddef,mobilitybench:53807701e2de3f0d83,1,mobilitybench
mobilitybench_q_33abf1782bcf26fa4d,mobilitybench:fc776bdfc4876f4e87,1,mobilitybench
mobilitybench_q_2b17a36d30191773ab,mobilitybench:08577f76242195d9e3,1,mobilitybench
mobilitybench_q_e3aae6f349bd88bcb0,mobilitybench:4b3a2b49f3691a0c79,1,mobilitybench
mobilitybench_q_a012f1032e50f9402e,mobilitybench:7691c781e893836f1f,1,mobilitybench
mobilitybench_q_cd774b13b4fb135abb,mobilitybench:2be7de1eac1d6dad38,1,mobilitybench
mobilitybench_q_a4571de8cb96d2ae93,mobilitybench:0454259c88940bcc1d,1,mobilitybench
mobilitybench_q_85e553e17078ccc12d,mobilitybench:823f30762f506b89f7,1,mobilitybench
mobilitybench_q_6846d0822b9ef62965,mobilitybench:8a03f6c7828fd4a88e,1,mobilitybench
mobilitybench_q_0b991cdd8406a5a6c0,mobilitybench:66dd3d32a9be06281f,1,mobilitybench
mobilitybench_q_59d835515034f67ff8,mobilitybench:9747c497c3bb218f37,1,mobilitybench
mobilitybench_q_9cf53807e0d797f693,mobilitybench:329cdce7bc3d378d9a,1,mobilitybench
mobilitybench_q_fe51aaec16f1511778,mobilitybench:6e1a32f630d5a0cf18,1,mobilitybench
mobilitybench_q_845a024f8fea018ea7,mobilitybench:ae57ee82964a1fd389,1,mobilitybench
mobilitybench_q_ab38594fefd83e392e,mobilitybench:58f5c506f860b72ec5,1,mobilitybench
mobilitybench_q_58e7597473a9ed2856,mobilitybench:c920ceffcb2b8d10e9,1,mobilitybench
mobilitybench_q_11612aac0004ea76cf,mobilitybench:d65ffea713d7e7681d,1,mobilitybench
mobilitybench_q_ed35556e08a703a9ed,mobilitybench:06f4588de69c3fedbe,1,mobilitybench
mobilitybench_q_7232614d0a08d06525,mobilitybench:daccea4dd272b5ccaa,1,mobilitybench
mobilitybench_q_d205949b47c2ca660d,mobilitybench:ab662209263008f325,1,mobilitybench
mobilitybench_q_6c226b83cc52eb91be,mobilitybench:6a4ac9f9cd2e174a02,1,mobilitybench
mobilitybench_q_dcd789459290604a5e,mobilitybench:c416fd940410657cf6,1,mobilitybench
mobilitybench_q_463dc03c28f6fb746b,mobilitybench:b9b0a5c34ae58f0328,1,mobilitybench
mobilitybench_q_28a950fee4c51263e4,mobilitybench:4f624c936a17e4a3b8,1,mobilitybench
mobilitybench_q_3050d1a429369323e0,mobilitybench:d3d565b7f8f55bca0b,1,mobilitybench
mobilitybench_q_37bd4a43dc222b201d,mobilitybench:4fc3dfc4d5cb743c2a,1,mobilitybench
mobilitybench_q_d87e7692b813665cbf,mobilitybench:18b8b9f80e1d9479f0,1,mobilitybench
mobilitybench_q_1c3f5be5c89d509d9e,mobilitybench:aac0407d74f2eb8ecb,1,mobilitybench
mobilitybench_q_9b93a3c8c2438dee3e,mobilitybench:22adee7e834630922e,1,mobilitybench
mobilitybench_q_0a31cab62435865877,mobilitybench:c0a62348dd53d51718,1,mobilitybench
mobilitybench_q_c10a9e383dabf61e16,mobilitybench:e9626fd27504bd3b1d,1,mobilitybench
mobilitybench_q_041dc469d04597796a,mobilitybench:f86d3ba5853ac95285,1,mobilitybench
mobilitybench_q_40fc10ecf931de1d2e,mobilitybench:d0d4ca3938cc708237,1,mobilitybench
mobilitybench_q_a235e3ee0a38f98c23,mobilitybench:ad42fe0f3b24c10044,1,mobilitybench
mobilitybench_q_0026cd93970391fb46,mobilitybench:2740ef21475718bcae,1,mobilitybench
mobilitybench_q_f6cfc0eea2a6b360d1,mobilitybench:8e65307d952dc495d3,1,mobilitybench
mobilitybench_q_04f382e6d1f6a97c77,mobilitybench:5e2320c3f1236ab6a7,1,mobilitybench
mobilitybench_q_5f5bfd58b2157c42bd,mobilitybench:5026ccec187d53f9d3,1,mobilitybench
mobilitybench_q_6ecae5d5377a5bc406,mobilitybench:8a1fdabd722591a859,1,mobilitybench
mobilitybench_q_1ac8d11362fc076c00,mobilitybench:f4fddd92e0f5a3ba7e,1,mobilitybench
mobilitybench_q_b6a6073cd255ff3617,mobilitybench:545787b5e8639124a9,1,mobilitybench
mobilitybench_q_1d9376ca70295d66ff,mobilitybench:a05a1f48bd0ff013fc,1,mobilitybench
mobilitybench_q_4aeca76613bae51723,mobilitybench:9e7f8824a9fd901dcf,1,mobilitybench
mobilitybench_q_ab1958f2b710626286,mobilitybench:fe815e9cd4b76da743,1,mobilitybench
mobilitybench_q_2397f853bdc2b0e65b,mobilitybench:f3436a389d3ca44bf6,1,mobilitybench
mobilitybench_q_75b96188c3f59859fb,mobilitybench:88d67f5b7752bac881,1,mobilitybench
mobilitybench_q_a87cbfef4f6a8302ee,mobilitybench:cb6c433e9ce4b6e681,1,mobilitybench
mobilitybench_q_0d46bacb9e2de1537a,mobilitybench:ea8f32bbadc27c6e11,1,mobilitybench
mobilitybench_q_90e54235ff82f55947,mobilitybench:c112342c83023f10b1,1,mobilitybench
mobilitybench_q_42dfdfa44e808844e8,mobilitybench:17d2a7dcd4ec34b1d8,1,mobilitybench
mobilitybench_q_dd98b35686525838a3,mobilitybench:c0794b4378abac58db,1,mobilitybench
mobilitybench_q_232748630496864d59,mobilitybench:713e843b9c02872469,1,mobilitybench
mobilitybench_q_54bbf8e7812299d3d5,mobilitybench:b7bd56dac89569b5f7,1,mobilitybench
mobilitybench_q_a1e2db8348110bd29c,mobilitybench:a75ab5eda24dd01610,1,mobilitybench
mobilitybench_q_c71a03b1993d2a3df4,mobilitybench:47ad665bde18a4fc77,1,mobilitybench
mobilitybench_q_c5223283cfdb1606e3,mobilitybench:ee0a70fd913be58e03,1,mobilitybench
mobilitybench_q_602dd0fa1bc56783aa,mobilitybench:63d1c4790e56e7dbef,1,mobilitybench
mobilitybench_q_1806beefb476bff31e,mobilitybench:d2735f1c49cf2013ef,1,mobilitybench
mobilitybench_q_2ac935ffbb49ec69b4,mobilitybench:25bb5cf6713a8ffe86,1,mobilitybench
mobilitybench_q_bb0c41b9f1c15fba16,mobilitybench:42d1c1af2315d6b073,1,mobilitybench
mobilitybench_q_634c3bf0bcaee5db89,mobilitybench:f3bf88ba551989ee3f,1,mobilitybench
mobilitybench_q_c21c407b86bdde580a,mobilitybench:5f79deab8a628a5184,1,mobilitybench
mobilitybench_q_566d22493b3b3cdbeb,mobilitybench:82f0627189914f3880,1,mobilitybench
mobilitybench_q_27029d9f20e8446e1d,mobilitybench:18b2807354d2c2d4e2,1,mobilitybench
mobilitybench_q_fca8e20335359442b2,mobilitybench:19888815decced4280,1,mobilitybench
mobilitybench_q_a20b41f6375c266386,mobilitybench:b9f93c24a56247e325,1,mobilitybench
mobilitybench_q_3d77f23889c2c8cb47,mobilitybench:9c9f87aed91d1860de,1,mobilitybench
mobilitybench_q_7b83a5fc9976c1aa9c,mobilitybench:9165b240d3f2ec9615,1,mobilitybench
mobilitybench_q_a5a08dda436fe5c5ec,mobilitybench:28d663ce302c9bce08,1,mobilitybench
mobilitybench_q_b3713f74ae8164e499,mobilitybench:ed6978a8ea43d1728f,1,mobilitybench
mobilitybench_q_a38e155278bcc87d38,mobilitybench:85b20600b472d9a338,1,mobilitybench
mobilitybench_q_583922cba487ed7b9d,mobilitybench:d4103075f87df02666,1,mobilitybench
mobilitybench_q_b35fe3c735ad28611f,mobilitybench:f1cf00ae028d88cf5a,1,mobilitybench
mobilitybench_q_1a3862211ee6979a44,mobilitybench:04f6299ec0bb98bb48,1,mobilitybench
mobilitybench_q_8adb1d2fc1350e344a,mobilitybench:da28324d7319bac504,1,mobilitybench
mobilitybench_q_5daa134baaab027903,mobilitybench:86ae8f1107f25c405d,1,mobilitybench
mobilitybench_q_1321bf554ad861de26,mobilitybench:a2b6ad529dd029517e,1,mobilitybench
mobilitybench_q_e7c1d44c1e011b41d3,mobilitybench:d86dd576e07fa1a5a9,1,mobilitybench
mobilitybench_q_a162d609793d7728c6,mobilitybench:45511caed1e12507bc,1,mobilitybench
mobilitybench_q_6fc9fa4d9590367283,mobilitybench:919c19e630652c47e0,1,mobilitybench
mobilitybench_q_aeb159ff2857f5c4ea,mobilitybench:d81a0d8e0a8d283d72,1,mobilitybench
mobilitybench_q_28146d625ab96a5f4e,mobilitybench:8dd5bd200fc7da79ed,1,mobilitybench
mobilitybench_q_0a69d49e57f05a6077,mobilitybench:6d74f561b2ecb592af,1,mobilitybench
mobilitybench_q_30983761e69a6b2514,mobilitybench:e001a0c72d3eea3626,1,mobilitybench
mobilitybench_q_b55f1ded2dfa0e4a91,mobilitybench:00ba9675ccf4778823,1,mobilitybench
mobilitybench_q_9c93b4bce796204b5e,mobilitybench:5906d2349ad4f2c161,1,mobilitybench
mobilitybench_q_408240e46368fecb05,mobilitybench:1ede14f9e57b1491a0,1,mobilitybench
mobilitybench_q_d4634976698bd23202,mobilitybench:9845c4b56039c1c1e2,1,mobilitybench
mobilitybench_q_3831e798266e1dae1b,mobilitybench:b00656d848d05105e8,1,mobilitybench
mobilitybench_q_002b1b8e52c5c69c9f,mobilitybench:7a2e3e9cbb1a64faf3,1,mobilitybench
mobilitybench_q_ac2cb76af8417dd6d7,mobilitybench:0698cc6176903a5fb4,1,mobilitybench
mobilitybench_q_ec4481d9572be7892d,mobilitybench:87380e596ee0bac39a,1,mobilitybench
mobilitybench_q_07411c07902542a943,mobilitybench:1e9f6171d7c0d358ac,1,mobilitybench
mobilitybench_q_4c05979b76770de74b,mobilitybench:e8c843a65d500c6471,1,mobilitybench
mobilitybench_q_6a327fd9f691b9a2b9,mobilitybench:18b8e4d72a25d3d2c8,1,mobilitybench
mobilitybench_q_d961ceba7ed60eb622,mobilitybench:bf123556edb67fb3ad,1,mobilitybench
mobilitybench_q_765a8b4878ad46290c,mobilitybench:71389f9f861eb06443,1,mobilitybench
mobilitybench_q_3d16d7a45e0830e64b,mobilitybench:0a58e1a98eb95c4170,1,mobilitybench
mobilitybench_q_c050a48e476df8fab3,mobilitybench:2444b19d9a615000ac,1,mobilitybench
mobilitybench_q_e8b69ba2d745988eb3,mobilitybench:72b759a9fcb1734c07,1,mobilitybench
mobilitybench_q_89cc6f3cdc4fef99e9,mobilitybench:37def478f293870336,1,mobilitybench
mobilitybench_q_215ceaae723a36f5cb,mobilitybench:50f00d84e6b972c512,1,mobilitybench
mobilitybench_q_508ec0693df33db71e,mobilitybench:8b386644bb238485aa,1,mobilitybench
mobilitybench_q_1afbee464a53c1f491,mobilitybench:d60af679bf3eb3f565,1,mobilitybench
mobilitybench_q_9dc899ba30831eea52,mobilitybench:24979070a3f24ddaec,1,mobilitybench
mobilitybench_q_764c7109d11d32d987,mobilitybench:dbedcf45503e804e16,1,mobilitybench
mobilitybench_q_29f8930be6b2c666a6,mobilitybench:7717b66766bfbe8115,1,mobilitybench
mobilitybench_q_401d4c41d666807947,mobilitybench:b16dfea4d4c18b5e8d,1,mobilitybench
mobilitybench_q_63a93e9e254246fedb,mobilitybench:27faddb2b5e4750a75,1,mobilitybench
mobilitybench_q_262297b5bfd20f4d00,mobilitybench:f2b3d62bbe2577bf67,1,mobilitybench
mobilitybench_q_95469815af3d645efa,mobilitybench:34001f04a46e1611ca,1,mobilitybench
mobilitybench_q_393b486b735d741fb3,mobilitybench:a3e7186c0f12cfd47a,1,mobilitybench
mobilitybench_q_fb5ae2bbc3ad5ff0d1,mobilitybench:95b307eedba937c633,1,mobilitybench
mobilitybench_q_58556b22a9cdd51799,mobilitybench:6a5893789e99315c6f,1,mobilitybench
mobilitybench_q_f72cede694a49e4bbe,mobilitybench:cd8c1e91cbb2fd9b30,1,mobilitybench
mobilitybench_q_307637b4108c566916,mobilitybench:5e9cca3f9dd4db1f19,1,mobilitybench
mobilitybench_q_4f1423e631b7b6f6c4,mobilitybench:f751b146f27523295a,1,mobilitybench
mobilitybench_q_3478507d4bf099f70e,mobilitybench:c24992145c614ef7d3,1,mobilitybench
mobilitybench_q_875e72742454e99078,mobilitybench:f7bf7150c1b2456f78,1,mobilitybench
mobilitybench_q_10da651a1604b1cbdf,mobilitybench:c51760fcdf8aa9ecd2,1,mobilitybench
mobilitybench_q_2ee8d76c4ab6743f0c,mobilitybench:0c390b4477ca0ef5f7,1,mobilitybench
mobilitybench_q_e405d92394eae59139,mobilitybench:6e7c5074884d785f5f,1,mobilitybench
mobilitybench_q_2c13f412cbe296a04a,mobilitybench:cae2ccdaa4f8b79ecd,1,mobilitybench
mobilitybench_q_2ba4acddf8ff49e7e0,mobilitybench:e5f0d39d4f378b1748,1,mobilitybench
mobilitybench_q_65929496d8380f5cfe,mobilitybench:32e581fba7c7eca501,1,mobilitybench
mobilitybench_q_cf80ba3d7e9f4f2054,mobilitybench:f425b15fba3f4eac3a,1,mobilitybench
mobilitybench_q_2654658bd06736e14d,mobilitybench:dea806034ccde25ecd,1,mobilitybench
mobilitybench_q_de1380801e50d1c66a,mobilitybench:274591d47b97c7ebd6,1,mobilitybench
mobilitybench_q_5b878697246c4f17f6,mobilitybench:485f1e934343a4786c,1,mobilitybench
mobilitybench_q_5097181add62e6ac9c,mobilitybench:448e5cd73146d1248d,1,mobilitybench
mobilitybench_q_87f2471ca99bbaa72f,mobilitybench:7c6488df0c8f355d3f,1,mobilitybench
mobilitybench_q_544da997607ec59590,mobilitybench:1c76c9c3212d9d89a6,1,mobilitybench
mobilitybench_q_3ccab8b170b54e0e33,mobilitybench:709901c39d625e6197,1,mobilitybench
mobilitybench_q_e8af91c167fe6838f4,mobilitybench:169451dbf0c1fb311b,1,mobilitybench
mobilitybench_q_7dd23821414a7adf69,mobilitybench:154a346d3dbf0022cb,1,mobilitybench
mobilitybench_q_abc630275ce1efb320,mobilitybench:9294b7ce834b2b1f5a,1,mobilitybench
mobilitybench_q_dfbc478f13b4b74a9d,mobilitybench:5da0e0922de17c45a6,1,mobilitybench
mobilitybench_q_0ae9811ee0a52f786d,mobilitybench:e8f26ba863805dae8b,1,mobilitybench
mobilitybench_q_eb5a6c12008069a71e,mobilitybench:faccfe81beb6c11748,1,mobilitybench
mobilitybench_q_5ffad2e9f3c0494ba6,mobilitybench:cc20471b1dfd3b70ab,1,mobilitybench
mobilitybench_q_e0f3ed23dcd206d5f5,mobilitybench:d2a953470a4892a1a2,1,mobilitybench
mobilitybench_q_af91eb6eebaa4350c2,mobilitybench:1ef363c064b27298fc,1,mobilitybench
mobilitybench_q_b39556bfe16f578dfc,mobilitybench:662a846287014d2687,1,mobilitybench
mobilitybench_q_aa792beffc75b5296a,mobilitybench:12716e5ca4712f37bc,1,mobilitybench
mobilitybench_q_1446c4a77e4bd23476,mobilitybench:975b9e41a296634796,1,mobilitybench
mobilitybench_q_03698fa7e2fa00f3d9,mobilitybench:50ac33d7d33b194f39,1,mobilitybench
mobilitybench_q_6b766b770ae6f1b015,mobilitybench:d96d7ffa03662d3e51,1,mobilitybench
mobilitybench_q_91c75d6f821f3238e2,mobilitybench:f4697c18fa6b1114d8,1,mobilitybench
mobilitybench_q_a50a780a557c8d1c5c,mobilitybench:d5a1b5f4e53d1d78f6,1,mobilitybench
mobilitybench_q_60f57b750a0f385c78,mobilitybench:e4e34c0170d14f5d39,1,mobilitybench
mobilitybench_q_047bc496b72a79db1c,mobilitybench:419e1d0fe653103d40,1,mobilitybench
mobilitybench_q_1b582c5a8a34279487,mobilitybench:a57430d7da775d1e8d,1,mobilitybench
mobilitybench_q_4cafb3ad328dfae3a3,mobilitybench:d1179ac99f605e363e,1,mobilitybench
mobilitybench_q_63347773c97b380c3e,mobilitybench:e6d9a1d636ed5a78c3,1,mobilitybench
mobilitybench_q_19e372b2a84c768fa3,mobilitybench:cdb66c62622fd6a8ba,1,mobilitybench
mobilitybench_q_57b2e0e6ce8e7d614e,mobilitybench:0d04702855c471673b,1,mobilitybench
mobilitybench_q_ae08b251f4f9785585,mobilitybench:e55159942d26c577d5,1,mobilitybench
mobilitybench_q_b2b1daebfaae523eb4,mobilitybench:c6439517d4476ba814,1,mobilitybench
mobilitybench_q_fa543dffde10d84bf2,mobilitybench:0ef63664c7cde70764,1,mobilitybench
mobilitybench_q_677a195b6bef9c1387,mobilitybench:aaade068f6ed5b900c,1,mobilitybench
mobilitybench_q_07f7edb0df73855f1d,mobilitybench:81f6223a5335a55dc5,1,mobilitybench
mobilitybench_q_cd7cf1194f724760cb,mobilitybench:b3da4d10de5a66e064,1,mobilitybench
mobilitybench_q_6a72104b2bd23d11f4,mobilitybench:9f0f4ba065a592515b,1,mobilitybench
mobilitybench_q_c0bcf6a9b5e9238267,mobilitybench:faa0022689b37030ec,1,mobilitybench
mobilitybench_q_95525258583150773d,mobilitybench:2b736628213c2e6d2e,1,mobilitybench
mobilitybench_q_f060a124c3d0c78230,mobilitybench:0ee1b5654137043e5c,1,mobilitybench
mobilitybench_q_f3b795d7f5c2d2af8b,mobilitybench:908860e6e0f607ab18,1,mobilitybench
mobilitybench_q_7503929fe8a0c66809,mobilitybench:5fd3c070197308e993,1,mobilitybench
mobilitybench_q_17c571ddfed1fa7f96,mobilitybench:1c0f7eddd7932641eb,1,mobilitybench
mobilitybench_q_771a0c294e5226f1c2,mobilitybench:4d587cffcc519d81c8,1,mobilitybench
mobilitybench_q_49c3badbffb2e14812,mobilitybench:189666842bb54d457b,1,mobilitybench
mobilitybench_q_55a4b4e6a57c566f0a,mobilitybench:6866075bf4ea27e241,1,mobilitybench
mobilitybench_q_4eb7a7683ff932db56,mobilitybench:8bd67487a31ee50791,1,mobilitybench
mobilitybench_q_d08e63cdd534b9c5ce,mobilitybench:3df9b9f23522a8401f,1,mobilitybench
mobilitybench_q_c905088dbccd2500fa,mobilitybench:e92f7ddf828d4765cc,1,mobilitybench
mobilitybench_q_fb66390cc7e9cc00f2,mobilitybench:53071276025f78f285,1,mobilitybench
mobilitybench_q_218d672a52e191dcb7,mobilitybench:1cc924dee4acdeb48f,1,mobilitybench
mobilitybench_q_baf227896ae074cbc8,mobilitybench:eb2ce6b690df77a9bc,1,mobilitybench
mobilitybench_q_1c5789d18435935ee8,mobilitybench:cb9f4f3fae4e57f18a,1,mobilitybench
mobilitybench_q_35fce58caf25a32dbf,mobilitybench:827ebde90c11311a99,1,mobilitybench
mobilitybench_q_5c49e56539a54e75cc,mobilitybench:ecd42d9288cd173031,1,mobilitybench
mobilitybench_q_36ebd47864e351f13c,mobilitybench:4cab80e0903bd5e754,1,mobilitybench
mobilitybench_q_049d0a9ab3bb557136,mobilitybench:6cdd31ed566a48c9df,1,mobilitybench
mobilitybench_q_d8039ebaa5ea2d377d,mobilitybench:7e181c355365fc9ab2,1,mobilitybench
mobilitybench_q_42b8bb87a31cf1df4d,mobilitybench:7714fb388d14b8bca0,1,mobilitybench
mobilitybench_q_a6926f18edcd30bb85,mobilitybench:ab967fe09b798708fe,1,mobilitybench
mobilitybench_q_01c8c43f336525d304,mobilitybench:909dbbfe50aa0a6fd9,1,mobilitybench
mobilitybench_q_987e4ce87cc94d96eb,mobilitybench:38ef9e72f8788633c8,1,mobilitybench
mobilitybench_q_7e6a1a31d6eafc202b,mobilitybench:ae1f77e18fc974657b,1,mobilitybench
mobilitybench_q_eb8f06ea7d1c7b99f0,mobilitybench:08d893ccbbc6a8c7a7,1,mobilitybench
mobilitybench_q_8b77ffbdd500127194,mobilitybench:4f81b08e35052f9eb9,1,mobilitybench
mobilitybench_q_eb76296bfbede64932,mobilitybench:93855197079832fb23,1,mobilitybench
mobilitybench_q_763255d02aec760bfd,mobilitybench:09e23f283b91426489,1,mobilitybench
mobilitybench_q_1339ae893072200b79,mobilitybench:69a9e4000a19f6ceff,1,mobilitybench
mobilitybench_q_c03b15b5b72bcb083a,mobilitybench:18891d21bbaa1693e2,1,mobilitybench
mobilitybench_q_53317ddabb05450757,mobilitybench:587b07102e1f363e95,1,mobilitybench
mobilitybench_q_65ec34fe88299a341b,mobilitybench:49d59e6ff5fc0deda8,1,mobilitybench
mobilitybench_q_0aa107a7a7bbbb3e56,mobilitybench:226ea7a3595c627c51,1,mobilitybench
mobilitybench_q_2ef58553a450e31d9e,mobilitybench:a53dd1455234c30dc3,1,mobilitybench
mobilitybench_q_bb28e89910ad38343b,mobilitybench:70746c5805d10a4208,1,mobilitybench
mobilitybench_q_f618f3ea6b4b7741a0,mobilitybench:0f5a9b36511e6a97b4,1,mobilitybench
mobilitybench_q_fa63013fb8fb88f4b9,mobilitybench:1354a7f93881b2b510,1,mobilitybench
mobilitybench_q_e889f04b9a1f8f9c81,mobilitybench:99b3e49844fbae34a2,1,mobilitybench
mobilitybench_q_51eb7dd3423a418ebb,mobilitybench:2bd25981b6f30d86de,1,mobilitybench
mobilitybench_q_5cbecf2ba763215cfd,mobilitybench:1b46e3736d0cebe58f,1,mobilitybench
mobilitybench_q_9b1d1d4edb1b8dcd32,mobilitybench:ae1892550de641f4ee,1,mobilitybench
mobilitybench_q_6884d18e309bf48f04,mobilitybench:f74c6ce0c1ffa7118d,1,mobilitybench
mobilitybench_q_be375c62b6d9a29864,mobilitybench:f7772f08da74ff9a7f,1,mobilitybench
mobilitybench_q_ba522ea9ff9c4019c7,mobilitybench:c75972fc2674b0fbdb,1,mobilitybench
mobilitybench_q_73fdaba268e27e8c7c,mobilitybench:ac38ac141ba49c4690,1,mobilitybench
mobilitybench_q_d215e2bf953aaddc46,mobilitybench:11c374df618adc948a,1,mobilitybench
mobilitybench_q_63a406400ae80b271d,mobilitybench:60f06a833b2a8034cc,1,mobilitybench
mobilitybench_q_26fdeda50ddb98ce5c,mobilitybench:78c35f92df9616c031,1,mobilitybench
mobilitybench_q_cc9647855bc7742b9e,mobilitybench:3d840028ec5c28c2d5,1,mobilitybench
mobilitybench_q_24f5eab9fb1da5fcf5,mobilitybench:411651ed3beb1823ce,1,mobilitybench
mobilitybench_q_139d0d81ba58c2833b,mobilitybench:c64a5319e9b76a0a7c,1,mobilitybench
mobilitybench_q_be0247d61c091f4dc8,mobilitybench:26c46f6b5ec01c2964,1,mobilitybench
mobilitybench_q_b9307ee0faa623a159,mobilitybench:fc9eafb2ae87b21e97,1,mobilitybench
mobilitybench_q_99e75a3a883d6bd36d,mobilitybench:dbc3058e315419673e,1,mobilitybench
mobilitybench_q_29bc636359e0e4d1a8,mobilitybench:54fd0d7e7914b53882,1,mobilitybench
mobilitybench_q_8bf236e26d65ce394e,mobilitybench:bf770dd4e51673b384,1,mobilitybench
mobilitybench_q_29716f95a10c2bbd58,mobilitybench:4ed08b6c0d0fb0fa8a,1,mobilitybench
mobilitybench_q_7ea80dad3431440080,mobilitybench:76c4fefb934696f8c8,1,mobilitybench
mobilitybench_q_0a4d19b178c8b7d653,mobilitybench:18e8e76e058a88f54b,1,mobilitybench
mobilitybench_q_adeff38dedf4fe38e0,mobilitybench:13f9483c28086c1b44,1,mobilitybench
mobilitybench_q_bfad0aef79be1c0b89,mobilitybench:daefaf3d5b50158ef5,1,mobilitybench
mobilitybench_q_795c233988166ef1ee,mobilitybench:7546fede71651654bb,1,mobilitybench
mobilitybench_q_8f9e95d2223521f576,mobilitybench:f9eea6669460a99697,1,mobilitybench
mobilitybench_q_ecf3dd9f71e93c55e6,mobilitybench:4efc954a2cab405051,1,mobilitybench
mobilitybench_q_d76dbbd4eb4d75bc00,mobilitybench:d37767bc61f126f7b3,1,mobilitybench
mobilitybench_q_b7f84cf4d17f4e7dfe,mobilitybench:ce78fdcf8af940ce73,1,mobilitybench
mobilitybench_q_9141a7eb6bc5731ada,mobilitybench:719644fb20488ec8ba,1,mobilitybench
mobilitybench_q_06dcfe5c8516b41ce4,mobilitybench:f15e1f4410b5c6602d,1,mobilitybench
mobilitybench_q_ca6f3b5e06b489facf,mobilitybench:ca77082f0ec1b988c7,1,mobilitybench
mobilitybench_q_5fc66d5ad605788795,mobilitybench:c67ab5d81d60c733d8,1,mobilitybench
mobilitybench_q_b5af7f1c2dd2971e2d,mobilitybench:7bb14233ae2eb45386,1,mobilitybench
mobilitybench_q_36de59275422e50524,mobilitybench:c05c5746625e906022,1,mobilitybench
mobilitybench_q_5af296fad46f46a6a4,mobilitybench:399c98206cd4e8ac62,1,mobilitybench
mobilitybench_q_7332c252309a669ae6,mobilitybench:8b44a73f331adb7f20,1,mobilitybench
mobilitybench_q_66ad5a69140b2da5bd,mobilitybench:12420e1edd9f2d03e7,1,mobilitybench
mobilitybench_q_233167a97f661822a4,mobilitybench:5d21f22ae555c55739,1,mobilitybench
mobilitybench_q_72732287ae678e57e6,mobilitybench:87eaa5d5f8c573f28b,1,mobilitybench
mobilitybench_q_45df3e9a08c74866dd,mobilitybench:f94d13b42edfc8e009,1,mobilitybench
mobilitybench_q_11ddcb684901fba26a,mobilitybench:8319e60582b2e42dad,1,mobilitybench
mobilitybench_q_6603a981a479637525,mobilitybench:f92b4cb3a9d7275b34,1,mobilitybench
mobilitybench_q_699bfbab4fceaf3efd,mobilitybench:6f2a2fd199054c86a8,1,mobilitybench
mobilitybench_q_1a5a530b60ba93c346,mobilitybench:1a74357987972c1ebb,1,mobilitybench
mobilitybench_q_1cbe4b9d45250be1d5,mobilitybench:371b2311014980f87e,1,mobilitybench
mobilitybench_q_b1f67e8f4a1ecad587,mobilitybench:a5810d4c95c3e5d158,1,mobilitybench
mobilitybench_q_1326b983bd5bb73ab8,mobilitybench:69f2ec24bb48e63281,1,mobilitybench
mobilitybench_q_2863f8238a63455528,mobilitybench:a06ec6f998ae64914b,1,mobilitybench
mobilitybench_q_33d93340bab7e6e722,mobilitybench:653b9e4e0bae28abd3,1,mobilitybench
mobilitybench_q_03a59826fe9b825870,mobilitybench:ff9e59ccb7b249793f,1,mobilitybench
mobilitybench_q_64dbfe19b089df1759,mobilitybench:3bb7816be92607a609,1,mobilitybench
mobilitybench_q_b9a57c1e9a28c8e13a,mobilitybench:0372adf8d678921c23,1,mobilitybench
mobilitybench_q_3307d7d356d53f4de6,mobilitybench:50f990d70b61b801ab,1,mobilitybench
mobilitybench_q_57180a9e14c73b74e7,mobilitybench:aadf031c164383a786,1,mobilitybench
mobilitybench_q_68089fa73528744f03,mobilitybench:96f5db3c467c8556e8,1,mobilitybench
mobilitybench_q_39738edd865a03ff5f,mobilitybench:b9590ecf797cd9b0d3,1,mobilitybench
mobilitybench_q_411aedfe452b146a1a,mobilitybench:dde44a4caafda52ef3,1,mobilitybench
mobilitybench_q_38823414c62ed01891,mobilitybench:810f23a510f76bf83d,1,mobilitybench
mobilitybench_q_0d23a2e2c71a610a20,mobilitybench:8a006f57a1fd0fbcc3,1,mobilitybench
mobilitybench_q_1b1ce13e797b05b1b6,mobilitybench:9570eaaafc04f4d496,1,mobilitybench
mobilitybench_q_8b48d9869d34538622,mobilitybench:13744b9d06e0d64927,1,mobilitybench
mobilitybench_q_ba3ff62cde4c2965ec,mobilitybench:97a0c59438a30d6c15,1,mobilitybench
mobilitybench_q_9f8a8e79ce90f1b8ba,mobilitybench:32cada77424c7360a6,1,mobilitybench
mobilitybench_q_8a636a9c47f78d401a,mobilitybench:cd33d403bf109d01a2,1,mobilitybench
mobilitybench_q_1eabb7eddfbb07dad1,mobilitybench:b572632bc4d7285428,1,mobilitybench
mobilitybench_q_a9065210219493afbc,mobilitybench:99e2066fa12741bb91,1,mobilitybench
mobilitybench_q_709ebae06905a57dcb,mobilitybench:5324def33d1de53f70,1,mobilitybench
mobilitybench_q_969a77a37b81f9fd1f,mobilitybench:9a2564d0bf01537152,1,mobilitybench
mobilitybench_q_c13423685566c43545,mobilitybench:7f464de1fba97a7d44,1,mobilitybench
mobilitybench_q_22ea5c180e13b38dd4,mobilitybench:74edebcb1c4e61998c,1,mobilitybench
mobilitybench_q_fd6898a330ae5a3e62,mobilitybench:d45522b82965e3e7c8,1,mobilitybench
mobilitybench_q_36035b7ee5d5e2dc57,mobilitybench:8e8eeda7fb2b1816e3,1,mobilitybench
mobilitybench_q_3d014f31d4160b2b2e,mobilitybench:65177d2d8724dd377a,1,mobilitybench
mobilitybench_q_ba327a87d745fae5ee,mobilitybench:1fcb1041f0210679f0,1,mobilitybench
mobilitybench_q_724ea1e660117b9060,mobilitybench:c2e9b74fd54eec6dce,1,mobilitybench
mobilitybench_q_e659f4e479c3826215,mobilitybench:bab124dcc5bd5b22d2,1,mobilitybench
mobilitybench_q_f148ddfcadedd116fb,mobilitybench:50707389d3e4a5505d,1,mobilitybench
mobilitybench_q_06cc37f55812f9896e,mobilitybench:195869858b61123b16,1,mobilitybench
mobilitybench_q_bbe5ff0ae65f24fe4f,mobilitybench:6c1ba3a2e350c0647f,1,mobilitybench
mobilitybench_q_bc01b8b09b960455fc,mobilitybench:86ed3f39b0189aa365,1,mobilitybench
mobilitybench_q_d9d4b298b7daea175b,mobilitybench:a51306267bd7aa95e6,1,mobilitybench
mobilitybench_q_0b750b4be979a41c5d,mobilitybench:048df12b5285d88cd5,1,mobilitybench
mobilitybench_q_23f1eb6b51e8cb008a,mobilitybench:54d940c09bef28de4a,1,mobilitybench
mobilitybench_q_6627cef40c630ba009,mobilitybench:b49cbe9b5d179c25c6,1,mobilitybench
mobilitybench_q_36eb5b42fabd81ac40,mobilitybench:795721b51a23fc4525,1,mobilitybench
mobilitybench_q_3bca2d4c0a5557ed4c,mobilitybench:b60418abe64ccf4800,1,mobilitybench
mobilitybench_q_b9fa32774b209912fc,mobilitybench:1a17a85e0d47d00fcf,1,mobilitybench
mobilitybench_q_c35d7df09c25cb58bf,mobilitybench:d5a96af034c70c0b74,1,mobilitybench
mobilitybench_q_65d80d56df637572b1,mobilitybench:ede03f4773793c06f7,1,mobilitybench
mobilitybench_q_6dc49b104713ba4cb0,mobilitybench:d9b7a3c23e91eae2b9,1,mobilitybench
mobilitybench_q_8ff9788b96c93fdae6,mobilitybench:c63b4d452c3f51433d,1,mobilitybench
mobilitybench_q_fc8a0ba8d8e5bcc900,mobilitybench:f0915d364b62b19b68,1,mobilitybench
mobilitybench_q_350120edab32c64cd6,mobilitybench:c92f908e53db3456e8,1,mobilitybench
mobilitybench_q_af0733d82b0986de91,mobilitybench:e6b1871b1b2f502758,1,mobilitybench
mobilitybench_q_9d8b5b7bb593cc72e7,mobilitybench:ab0cd66637de0290ec,1,mobilitybench
mobilitybench_q_4437a58de020a06263,mobilitybench:83e99eec4027554126,1,mobilitybench
mobilitybench_q_0a7867d21eeb508c31,mobilitybench:654c9806136fa37730,1,mobilitybench
mobilitybench_q_0d816cb64f4487690e,mobilitybench:3f7e98d1b6aade8360,1,mobilitybench
mobilitybench_q_506e3093cb2e875ae8,mobilitybench:753a99c85dddbe478d,1,mobilitybench
mobilitybench_q_0d2ed2e6b36633137b,mobilitybench:c1a335bad82849ba9c,1,mobilitybench
mobilitybench_q_d889a8ae69fc3053d6,mobilitybench:91a68a6ffa61376307,1,mobilitybench
mobilitybench_q_262f224e94f813a8f9,mobilitybench:0a272e230de494043b,1,mobilitybench
mobilitybench_q_424271a9ab7f9a6e7b,mobilitybench:461ef0d6975e437b1a,1,mobilitybench
mobilitybench_q_06f61dbbd4c20b2a9b,mobilitybench:4079121c4a858c46ef,1,mobilitybench
mobilitybench_q_03dc56516aabaa3698,mobilitybench:f4c20cca4e01dbaa19,1,mobilitybench
mobilitybench_q_d41a97e9a581b17571,mobilitybench:7105597382aba7c49f,1,mobilitybench
mobilitybench_q_0f9382f212d290312a,mobilitybench:ed2a580ef05f1f33b7,1,mobilitybench
mobilitybench_q_204407a86feb5dcf22,mobilitybench:9aff91b112b9cef5ce,1,mobilitybench
mobilitybench_q_4ec3992c26d0a3ba53,mobilitybench:861a1143b8d12ddca8,1,mobilitybench
mobilitybench_q_57bcbbe2faa4454857,mobilitybench:0adb4532c608e97982,1,mobilitybench
mobilitybench_q_859b643165b576604a,mobilitybench:b992f5c1c9292352f9,1,mobilitybench
mobilitybench_q_be3776ea72fddc80de,mobilitybench:01f5ab9cf72f3a91f2,1,mobilitybench
mobilitybench_q_7303ad27b6e56301b3,mobilitybench:386fe18fa385711eca,1,mobilitybench
mobilitybench_q_821da6c6363ce3e22f,mobilitybench:0a848e22f6b3f78787,1,mobilitybench
mobilitybench_q_06c23066cfa92ad877,mobilitybench:967e9aec505fffd0fa,1,mobilitybench
mobilitybench_q_a628db1846e79ec1f5,mobilitybench:fb2e2a0ca07a8c0c6e,1,mobilitybench
mobilitybench_q_cab04f910a2ce152ee,mobilitybench:1d34cad8329407fc81,1,mobilitybench
mobilitybench_q_a4cc3d36a9c23891e0,mobilitybench:f74f9f6b15c1d46128,1,mobilitybench
mobilitybench_q_fa1b4095e876e7aecc,mobilitybench:41ca2f511599f476f1,1,mobilitybench
mobilitybench_q_114e9801b12be2e359,mobilitybench:539d89b6654f7fb8c3,1,mobilitybench
mobilitybench_q_982a1427536d0b9572,mobilitybench:24af68344f2a0f60d8,1,mobilitybench
mobilitybench_q_d92d36ccd758ef375a,mobilitybench:a7b477b250a90c39c2,1,mobilitybench
mobilitybench_q_bdd6a7fe11c8e61947,mobilitybench:adfb5ed463e5b58b12,1,mobilitybench
mobilitybench_q_541f272a31eaecdfc3,mobilitybench:1ef4f90c766c7ac620,1,mobilitybench
mobilitybench_q_082fe48a350c8c7a0c,mobilitybench:57e034360f70d53c42,1,mobilitybench
mobilitybench_q_7c8d692aca5e7f7994,mobilitybench:948eab30e421779236,1,mobilitybench
mobilitybench_q_8508c2d6bc08a2023d,mobilitybench:50a93362c41d77eb41,1,mobilitybench
mobilitybench_q_81bf2451664f339aa6,mobilitybench:028e55e3a8a7ad5c70,1,mobilitybench
mobilitybench_q_9e4752914a1886951d,mobilitybench:ab8726f06a7a36adeb,1,mobilitybench
mobilitybench_q_ca7b4309688fb2e218,mobilitybench:c27adcf86da7fa049d,1,mobilitybench
mobilitybench_q_d9d0284f063d178854,mobilitybench:71c4c974da0e2cfde4,1,mobilitybench
mobilitybench_q_8d7c573bd37ecfbd8e,mobilitybench:b6935e11a1e3c12c97,1,mobilitybench
mobilitybench_q_44c66a472407a119c8,mobilitybench:b5b1d2e59294659e27,1,mobilitybench
mobilitybench_q_56d51814cd135fea6f,mobilitybench:413fb4b8929a26e50f,1,mobilitybench
mobilitybench_q_dd0d0a88753ec9201b,mobilitybench:946dcbf4f08b6e439b,1,mobilitybench
mobilitybench_q_e4375894efd90f0650,mobilitybench:36d2b66c3a7ccd900c,1,mobilitybench
mobilitybench_q_6c4b66c8d92e40067e,mobilitybench:05e68887d50b08e8cb,1,mobilitybench
mobilitybench_q_6a5f59fbe229480668,mobilitybench:9cbb1621e7504af4c1,1,mobilitybench
mobilitybench_q_c331ac91ccd07c0f07,mobilitybench:8c84354eaad3dde5d8,1,mobilitybench
mobilitybench_q_5e53b2da3f5e39a24c,mobilitybench:bdd45c8bd28b532620,1,mobilitybench
mobilitybench_q_01babf889eb5fb5119,mobilitybench:59961516f57a22c9b4,1,mobilitybench
mobilitybench_q_4f4e627bcae5232e28,mobilitybench:fcff0adbd6331a0a3d,1,mobilitybench
mobilitybench_q_35ace3b5ae7ca08803,mobilitybench:c48453aeb93ffa5c94,1,mobilitybench
mobilitybench_q_3f396919536257b375,mobilitybench:d5a5e2d21cb20a50f6,1,mobilitybench
mobilitybench_q_0c5c59fc2945b52879,mobilitybench:5a3ccb13d79d568b0d,1,mobilitybench
mobilitybench_q_5d91d3f2bbcca847a1,mobilitybench:25d256995a1170896b,1,mobilitybench
mobilitybench_q_6a2b28a5d41599dc55,mobilitybench:ec23383da36af0e46b,1,mobilitybench
mobilitybench_q_cabe6ced9f6179f073,mobilitybench:99bf36dc4e7af5bf96,1,mobilitybench
mobilitybench_q_389572add960ca5053,mobilitybench:e468b0a75e6a686d3d,1,mobilitybench
mobilitybench_q_eaae6c9b9c2cc38cdb,mobilitybench:8716e7927892f826c3,1,mobilitybench
mobilitybench_q_114d75dfc29c1f7258,mobilitybench:71b7606d59ecc5c081,1,mobilitybench
mobilitybench_q_14508393eb2b7d099f,mobilitybench:a3133f1a7ccea23d83,1,mobilitybench
mobilitybench_q_e1e524f1747e94d0cb,mobilitybench:094497f2f0c24b86ce,1,mobilitybench
mobilitybench_q_7393b3bfb96baa5bd8,mobilitybench:5fb7f6051e2c258347,1,mobilitybench
mobilitybench_q_91abe56d21610f607a,mobilitybench:f3a853874f71201e57,1,mobilitybench
mobilitybench_q_c4a61c7000b607d287,mobilitybench:4152c341ce0a56e188,1,mobilitybench
mobilitybench_q_62e1896a290afe3a36,mobilitybench:760b2e175145a6d54c,1,mobilitybench
mobilitybench_q_a31a5d2c424cd7c21a,mobilitybench:b966791ee7dde22a6d,1,mobilitybench
mobilitybench_q_e2d7552387264cd9f0,mobilitybench:5913a0a29b35cfa1f9,1,mobilitybench
mobilitybench_q_71a0247d74d77ad3c9,mobilitybench:a505fd4aa7f3ae9f96,1,mobilitybench
mobilitybench_q_e26e8f2414b18f55ad,mobilitybench:185cf90eec87789fa8,1,mobilitybench
mobilitybench_q_5fe1719a46be31acc9,mobilitybench:872f41a1b53e53d4b3,1,mobilitybench
mobilitybench_q_b57fa060a3f86ca1fa,mobilitybench:97982cc56dcdf4ab8f,1,mobilitybench
mobilitybench_q_e39bbcc3e105d3fda2,mobilitybench:f9c305fbd91360279e,1,mobilitybench
mobilitybench_q_c55035945f224384a0,mobilitybench:b4a08883283bb00426,1,mobilitybench
mobilitybench_q_c16f58b64f92d0d5c2,mobilitybench:4f4b1a88f224f53af6,1,mobilitybench
mobilitybench_q_e5ce9476d2e947eb4a,mobilitybench:61952956499bd8e455,1,mobilitybench
mobilitybench_q_71ad30635562fde8f8,mobilitybench:5cc147a2422ad604de,1,mobilitybench
mobilitybench_q_8d1b680b3ad4b0f1b8,mobilitybench:577f9266b3ed740b15,1,mobilitybench
mobilitybench_q_fafc8a23b2f888cefa,mobilitybench:87806885974753a1f8,1,mobilitybench
mobilitybench_q_cbe824a85284f9b542,mobilitybench:d858c0ac93ac6c921b,1,mobilitybench
mobilitybench_q_63969180a3c295cbf9,mobilitybench:eff2e5fd5b888461bb,1,mobilitybench
mobilitybench_q_05aa9486c6f551fc2a,mobilitybench:cca9702e2b22e3f3fa,1,mobilitybench
mobilitybench_q_700fc52cfefdd4d1f1,mobilitybench:5d4c2d5bb5b05df6c5,1,mobilitybench
mobilitybench_q_828883a765b22a285d,mobilitybench:599c0b921d3c62cec4,1,mobilitybench
mobilitybench_q_4f1c9e9832ec50dee9,mobilitybench:7ae81dba91d44f147b,1,mobilitybench
mobilitybench_q_1278d5648b002f2c2a,mobilitybench:0d3a840a7c4b511173,1,mobilitybench
mobilitybench_q_f25a84920363016f08,mobilitybench:dd9d9e21bc0ccd7e2d,1,mobilitybench
mobilitybench_q_a62ea2705f6c60fccc,mobilitybench:9d4abc3dd2d9070511,1,mobilitybench
mobilitybench_q_aba7dee41b9ca3b04d,mobilitybench:1c8eda45df591853f4,1,mobilitybench
mobilitybench_q_846ee3ff77d7ed0aed,mobilitybench:0f45426222ae133ba6,1,mobilitybench
mobilitybench_q_d9956fd9730e607508,mobilitybench:b9250ca93957c3e0cc,1,mobilitybench
mobilitybench_q_ec96bac313daeaa767,mobilitybench:0c5f5612d0395cfbdf,1,mobilitybench
mobilitybench_q_29f99f8c90b4d6972b,mobilitybench:ffbbd7f3382cd573bb,1,mobilitybench
mobilitybench_q_cae6dad3262d185396,mobilitybench:f03e3db5200bffb653,1,mobilitybench
mobilitybench_q_b3453348a97e70de99,mobilitybench:04431742bdb85bbcfa,1,mobilitybench
mobilitybench_q_dd6140240077c130d3,mobilitybench:4c4048a63c0a037d3e,1,mobilitybench
mobilitybench_q_34e6320ca8ed4280e1,mobilitybench:726e43bdb979c5f208,1,mobilitybench
mobilitybench_q_b23b4a4f49b6ac5e09,mobilitybench:a8082fca7d4d98ae5f,1,mobilitybench
mobilitybench_q_26520c661beb000a39,mobilitybench:1c23c4c3427cdd45d9,1,mobilitybench
mobilitybench_q_68bbf6e5e7cd772a14,mobilitybench:ea1bc3381804ce9bdf,1,mobilitybench
mobilitybench_q_cf85c9eec6264b538d,mobilitybench:a4066124af6dfa33ce,1,mobilitybench
mobilitybench_q_676b30372bbd38b38b,mobilitybench:dca2157f578a60824b,1,mobilitybench
mobilitybench_q_91de9088c04eb4da9a,mobilitybench:51e641d8f2a085a586,1,mobilitybench
mobilitybench_q_8fb98e91969c46ee9f,mobilitybench:b193f6d908d0e27029,1,mobilitybench
mobilitybench_q_e59a59185aadb74157,mobilitybench:4a7f066cc2296365ef,1,mobilitybench
mobilitybench_q_8fc0322e8395043488,mobilitybench:5e68df65d84fe9c423,1,mobilitybench
mobilitybench_q_59bb6be5a11a19cab9,mobilitybench:de5421cdae9d9a1303,1,mobilitybench
mobilitybench_q_85045a561cc220b6e3,mobilitybench:597acccab8ac5349ca,1,mobilitybench
mobilitybench_q_d111639fb425f5f8f4,mobilitybench:6fbae3307714998dcb,1,mobilitybench
mobilitybench_q_846f51c51d58622ce4,mobilitybench:824489cdb181676a1a,1,mobilitybench
mobilitybench_q_f80333bef1ac553828,mobilitybench:c13b9ea3ca84eaf5b2,1,mobilitybench
mobilitybench_q_109c6e9df4a60f2e6b,mobilitybench:685b8a9ef6ea7fabae,1,mobilitybench
mobilitybench_q_1203d5618f169476f2,mobilitybench:cb8c3f3045a738897b,1,mobilitybench
mobilitybench_q_5bd1ff0b9d352f0638,mobilitybench:d9de28cfdd31af930f,1,mobilitybench
mobilitybench_q_3015e21735cf0c5b15,mobilitybench:df3ec3b0134a20b428,1,mobilitybench
mobilitybench_q_5df0e9d891459aca71,mobilitybench:5a756f1717e6ee256e,1,mobilitybench
mobilitybench_q_6f4f8b9abe46f48087,mobilitybench:88f5f7d40a6dfa1d6d,1,mobilitybench
mobilitybench_q_5ce990361f3f262e47,mobilitybench:5ebeadde054c361873,1,mobilitybench
mobilitybench_q_669c2decbfecba168d,mobilitybench:fa86be6313070b6016,1,mobilitybench
mobilitybench_q_8ffa296be66f71807e,mobilitybench:5ea3365ec8fd588805,1,mobilitybench
mobilitybench_q_373291e5869bf619b5,mobilitybench:8701cc9df039bf7b06,1,mobilitybench
mobilitybench_q_65d2435748f3529885,mobilitybench:87343e321e29889738,1,mobilitybench
mobilitybench_q_a8f5c2024f3c667f4e,mobilitybench:cc7c5b9480e2cbc0fd,1,mobilitybench
mobilitybench_q_7bc12ea10c9a8fd1ba,mobilitybench:5c0ec9ff84a1ffacb4,1,mobilitybench
mobilitybench_q_1e8ce38d11f082e1dc,mobilitybench:4d41af9ca22460a9e2,1,mobilitybench
mobilitybench_q_7e27310dde9030a3ba,mobilitybench:44ec7c639e2adad7df,1,mobilitybench
mobilitybench_q_45fdffd2259c1b87de,mobilitybench:e1bf31f0230b5001d0,1,mobilitybench
mobilitybench_q_2471d727f869d17cfb,mobilitybench:9853c3ee20e219e707,1,mobilitybench
mobilitybench_q_907540352db8e965b5,mobilitybench:fb3690ff27b59583b8,1,mobilitybench
mobilitybench_q_648237bde0378ea1b4,mobilitybench:617450a8e54a21395a,1,mobilitybench
mobilitybench_q_b6675b307634556b89,mobilitybench:851bbad4f3e8c2d738,1,mobilitybench
mobilitybench_q_3b5791f0a120ef136a,mobilitybench:43de08c833bb4c0ff4,1,mobilitybench
mobilitybench_q_22420c79d752145e55,mobilitybench:d85c07f19c05e717e2,1,mobilitybench
mobilitybench_q_b05fadc7882bc7a8f5,mobilitybench:30836ace482e975f96,1,mobilitybench
mobilitybench_q_38b17808328708702d,mobilitybench:23a3eba842e588b422,1,mobilitybench
mobilitybench_q_c6fac472a57a6621f5,mobilitybench:bd4408d4d2be32d0d3,1,mobilitybench
mobilitybench_q_a6c34699a651fccb1d,mobilitybench:79242bdd8a3479aecc,1,mobilitybench
mobilitybench_q_5c4cfdb3444173e8d0,mobilitybench:cd6d8993a1655bce71,1,mobilitybench
mobilitybench_q_b73d8a632e71b6b6d6,mobilitybench:7b7178d9c3fa396f89,1,mobilitybench
mobilitybench_q_1f2dbd1cbdecb45378,mobilitybench:198394465652decfad,1,mobilitybench
mobilitybench_q_8e5e482dde5cf90713,mobilitybench:0bd4eb36d5a9e80793,1,mobilitybench
mobilitybench_q_be151c29b1f1dfbb0b,mobilitybench:02b1a1d5f01dd2003c,1,mobilitybench
mobilitybench_q_c39248b133bd06a85a,mobilitybench:0ce65b90b48a8351b4,1,mobilitybench
mobilitybench_q_7f930dd339871bee0e,mobilitybench:dacb6002ed360e86a5,1,mobilitybench
mobilitybench_q_a05b918983afdaf966,mobilitybench:96131d8854ddf06dde,1,mobilitybench
mobilitybench_q_afa83524b62948555f,mobilitybench:324b5789160c6e1fad,1,mobilitybench
mobilitybench_q_30a6b9fc83a2fb15ae,mobilitybench:bce3810b23c4e8b569,1,mobilitybench
mobilitybench_q_d75581f62deacc34fb,mobilitybench:1093b26262e0e9076a,1,mobilitybench
mobilitybench_q_9c5e1280d90f801b2f,mobilitybench:dfafda7878001c11a9,1,mobilitybench
mobilitybench_q_86ed100ffad9c05a42,mobilitybench:1b057518b6b8b1ee18,1,mobilitybench
mobilitybench_q_d4509a15a9927b30a9,mobilitybench:00ea722325200e153e,1,mobilitybench
mobilitybench_q_091d5a1d82c9203171,mobilitybench:65cc9261cf746a7e6c,1,mobilitybench
mobilitybench_q_fab59710652659a25d,mobilitybench:be9d4ce618a1d65549,1,mobilitybench
mobilitybench_q_ba6c848d2b920009d4,mobilitybench:1965dfbe5a87c090fe,1,mobilitybench
mobilitybench_q_a1d010b323e05dc5ee,mobilitybench:20406a5c5174bcb3e8,1,mobilitybench
mobilitybench_q_6afb862d549a03cbfd,mobilitybench:664c56ad15d9075a9e,1,mobilitybench
mobilitybench_q_e71a75fa6447e59488,mobilitybench:ae3df1aad4e039e907,1,mobilitybench
mobilitybench_q_383742bde2f2826201,mobilitybench:6ad9873d35e6a9d411,1,mobilitybench
mobilitybench_q_269e824bab4307205e,mobilitybench:59de7a67bd934a6e47,1,mobilitybench
mobilitybench_q_c02193d926b166ba92,mobilitybench:e6935cfd3b0f148004,1,mobilitybench
mobilitybench_q_fccb76a737ca47fbb6,mobilitybench:882fd68d464654a5c8,1,mobilitybench
mobilitybench_q_8e5cf3583032b033c7,mobilitybench:d81694ecb461ac1f07,1,mobilitybench
mobilitybench_q_6189de158b4f695454,mobilitybench:56585944ff91d5de37,1,mobilitybench
mobilitybench_q_67619a7a6ac6eb8336,mobilitybench:b1f11c795ab0910eee,1,mobilitybench
mobilitybench_q_93a8b99e8e27d3bc2d,mobilitybench:4b57d7cd7ee1a36a2a,1,mobilitybench
mobilitybench_q_91cb68beb01a4feec0,mobilitybench:db479e25e55b446fa6,1,mobilitybench
mobilitybench_q_2e769e69f16c6a29f0,mobilitybench:a347d75036c841b283,1,mobilitybench
mobilitybench_q_a9b2ddc741179a430c,mobilitybench:089395e8d1005a6f71,1,mobilitybench
mobilitybench_q_07c189ef2dfdf2519d,mobilitybench:6296915e662bd67bcc,1,mobilitybench
mobilitybench_q_66bbc9a23667db14c8,mobilitybench:034fbabeeb629366ee,1,mobilitybench
mobilitybench_q_1feb04735845f87a7d,mobilitybench:67bd8ceafd6af42825,1,mobilitybench
mobilitybench_q_69eda11b88ed188e80,mobilitybench:21210db81f8b9dfcc3,1,mobilitybench
mobilitybench_q_3889c607fb57d6c9f5,mobilitybench:dbdc24329235a52bfe,1,mobilitybench
mobilitybench_q_238376dadaf09af555,mobilitybench:9067c4d6af47e0518c,1,mobilitybench
mobilitybench_q_f1c715fb214364483c,mobilitybench:e1990de609cbc8e216,1,mobilitybench
mobilitybench_q_45cf9b9020b09c60f4,mobilitybench:578dad4ed4044c1d32,1,mobilitybench
mobilitybench_q_a06ab564ac46d1a69e,mobilitybench:208e0c0c05e351f1f6,1,mobilitybench
mobilitybench_q_e155305dfdc828e35d,mobilitybench:dffad3d8ddc9ef4427,1,mobilitybench
mobilitybench_q_eb559735fd7a98d060,mobilitybench:f05018ddac848e79e8,1,mobilitybench
mobilitybench_q_7e783cac426c495e5d,mobilitybench:fe1a2654a0d296fedb,1,mobilitybench
mobilitybench_q_bdd58cb532a70f2c78,mobilitybench:0c84e6c072d19ed89c,1,mobilitybench
mobilitybench_q_5e79aa7b2ddd0b5857,mobilitybench:dd2b66af722cb50065,1,mobilitybench
mobilitybench_q_9a2474fdc37e0b5f51,mobilitybench:50e8b73c1554b1e06d,1,mobilitybench
mobilitybench_q_f3ecb5c6adf30ef769,mobilitybench:658abfccf971268f8c,1,mobilitybench
mobilitybench_q_b8d43fb05ed608b6a9,mobilitybench:e2ace65e1b05fdb3a0,1,mobilitybench
mobilitybench_q_eb5bbd5d0f4aabcfb7,mobilitybench:3adeb1a29848147037,1,mobilitybench
mobilitybench_q_d81054eaf202e453f6,mobilitybench:b3c5d03d6556990bcb,1,mobilitybench
mobilitybench_q_4a5eb4001a09b775f7,mobilitybench:675a23e468421a3c70,1,mobilitybench
mobilitybench_q_592721bee7250a54c5,mobilitybench:4bdb2a3e21a6416485,1,mobilitybench
mobilitybench_q_d9a4426cbfa2ad2a73,mobilitybench:12d7c41b41a70f766c,1,mobilitybench
mobilitybench_q_7cb2c468cba9aa9e32,mobilitybench:e8bed7e0f3fcd32530,1,mobilitybench
mobilitybench_q_aa540e8286b9902897,mobilitybench:fa9c2255813e55709a,1,mobilitybench
mobilitybench_q_a1fabe0f2e577d794d,mobilitybench:1fa06e8b982786bec7,1,mobilitybench
mobilitybench_q_6895798946ad1bc7ba,mobilitybench:9fca4a3de70704a7c0,1,mobilitybench
mobilitybench_q_c97f2e70a0fbc70db6,mobilitybench:fc32ca7a78253da479,1,mobilitybench
mobilitybench_q_0111c22b594251f780,mobilitybench:86631b1bd9a3a8c617,1,mobilitybench
mobilitybench_q_b46d50c7323ec3c61a,mobilitybench:5da65eac66543ef9ef,1,mobilitybench
mobilitybench_q_e3b1f62d40ceaf89ca,mobilitybench:65db980bac9df6cebb,1,mobilitybench
mobilitybench_q_46da0ecc39b8c3f2ab,mobilitybench:ceb0134192f5930842,1,mobilitybench
mobilitybench_q_b443dde03250f2712a,mobilitybench:d2bedb6b7f50a73427,1,mobilitybench
mobilitybench_q_0588e62446095ec5d5,mobilitybench:88734a18597716c86e,1,mobilitybench
mobilitybench_q_174a6887cf71926ebf,mobilitybench:9777bc4b73cdcb3883,1,mobilitybench
mobilitybench_q_8851aaac862d18e54e,mobilitybench:e33001526718124b01,1,mobilitybench
mobilitybench_q_9b50db99b2ad1d5616,mobilitybench:503cc697b0b005153f,1,mobilitybench
mobilitybench_q_f07fd3e486ab48bd89,mobilitybench:1f41c8eb9205839014,1,mobilitybench
mobilitybench_q_cb282c3d11fc64e230,mobilitybench:708486a825ed32d608,1,mobilitybench
mobilitybench_q_afa5134564d7fe0e00,mobilitybench:6008bf93e89d202433,1,mobilitybench
mobilitybench_q_91162ab54c27fc9142,mobilitybench:519bd425cbd8cd9488,1,mobilitybench
mobilitybench_q_c58ca7d6f871d6b764,mobilitybench:5f83a5a6fab6ec6584,1,mobilitybench
mobilitybench_q_60bee9c6828a8c0994,mobilitybench:084d6e853334d2942a,1,mobilitybench
mobilitybench_q_fbf681a11726ecbd61,mobilitybench:3749d4a4e844e2ad1f,1,mobilitybench
mobilitybench_q_8cf5fd647df7c67191,mobilitybench:9b0aed82e918b6b462,1,mobilitybench
mobilitybench_q_d849207423016ea6c1,mobilitybench:dd015fe7f14a7bc9c1,1,mobilitybench
mobilitybench_q_6d9ed4fd9a70a1e4f0,mobilitybench:d42e1527dea965aba5,1,mobilitybench
mobilitybench_q_34f237066d72dd7b6e,mobilitybench:329f4c56a91130924d,1,mobilitybench
mobilitybench_q_9ca675640f8bd94084,mobilitybench:7eea32bc6795cdf478,1,mobilitybench
mobilitybench_q_1264d010d92b208ee9,mobilitybench:ee3210e971be7fe245,1,mobilitybench
mobilitybench_q_ea6ff839c9b155b4e5,mobilitybench:0422252ac2e37ca983,1,mobilitybench
mobilitybench_q_f0aa6acb8fb01bb3e6,mobilitybench:bc462ebeb33ee65116,1,mobilitybench
mobilitybench_q_32af7bf2df2d27cded,mobilitybench:f100c58f8693a0d812,1,mobilitybench
mobilitybench_q_571c4d15e01501ab9a,mobilitybench:ff2ef03dc5ca980a33,1,mobilitybench
mobilitybench_q_b6854f8eea70d0d053,mobilitybench:33063f9caaae40c93d,1,mobilitybench
mobilitybench_q_2a6c77d0084e943e3b,mobilitybench:d005018b3af0487f38,1,mobilitybench
mobilitybench_q_56760438a23fbdce43,mobilitybench:046d92a25caf7d4b85,1,mobilitybench
mobilitybench_q_c64e415d8cbf5ce5ca,mobilitybench:24dd253784c972ccd5,1,mobilitybench
mobilitybench_q_4efbb017fec2830be3,mobilitybench:af3fd5ae1c44409ac9,1,mobilitybench
mobilitybench_q_d2f704ce60912b27ae,mobilitybench:177e7d20202294243b,1,mobilitybench
mobilitybench_q_d159f3e42d4a8eb18d,mobilitybench:8a4cb7df2881b86043,1,mobilitybench
mobilitybench_q_7fdc39c3c9fd0a4d91,mobilitybench:b71dcc99f613af3f3f,1,mobilitybench
mobilitybench_q_134a91b46ba9b70cb6,mobilitybench:8e0e894f580d7f6509,1,mobilitybench
mobilitybench_q_5355d47b5ec6887f45,mobilitybench:15a5571f24dec99c19,1,mobilitybench
mobilitybench_q_76a5d74661d0ad2e0e,mobilitybench:8a393ae7502abd458b,1,mobilitybench
mobilitybench_q_dd9abe071b66d6f8e5,mobilitybench:08640dd285e1075870,1,mobilitybench
mobilitybench_q_16e46c31f3f56e7177,mobilitybench:ca46a69f57f7825618,1,mobilitybench
mobilitybench_q_417c6bd023d5263bcb,mobilitybench:31bec83eafca7751b2,1,mobilitybench
mobilitybench_q_46c9aa6616210a27de,mobilitybench:8c380f95dfdd7b795e,1,mobilitybench
mobilitybench_q_937c5cf6373cbecd45,mobilitybench:cc2665d6f6a2a91e42,1,mobilitybench
mobilitybench_q_8946e3a250a828d6b7,mobilitybench:d3d399cf2eb183454f,1,mobilitybench
mobilitybench_q_756d2d8729c6874685,mobilitybench:d5a5c5022664be143a,1,mobilitybench
mobilitybench_q_71fd353e647dc603b2,mobilitybench:60c091ff769834242d,1,mobilitybench
mobilitybench_q_e0f65855d597f44e00,mobilitybench:1463036dd02884d084,1,mobilitybench
mobilitybench_q_19d34040887e743d19,mobilitybench:b90bf9d9a3cdc591e3,1,mobilitybench
mobilitybench_q_e7133d5def3cf357b4,mobilitybench:55b6c72ba256274f7f,1,mobilitybench
mobilitybench_q_2cb5acabe8ad1d5ae0,mobilitybench:4e9b5a5011aec79677,1,mobilitybench
mobilitybench_q_1a9365a9dad0334b69,mobilitybench:97d85367f722792fa1,1,mobilitybench
mobilitybench_q_4e9538061e2d8bf625,mobilitybench:43a427f3d9453667ef,1,mobilitybench
mobilitybench_q_2b829f87e97fad95a7,mobilitybench:7f31ccdaac02772b6c,1,mobilitybench
mobilitybench_q_0703f594260b669ad6,mobilitybench:09e6cb3a3593952067,1,mobilitybench
mobilitybench_q_387b3b6d2d18ffeac6,mobilitybench:b54d48825da383e88a,1,mobilitybench
mobilitybench_q_046161dfb0808b62c0,mobilitybench:3ea5d79e37f493af43,1,mobilitybench
mobilitybench_q_7aa966316d2e6ec001,mobilitybench:23e65f92fddf6f6b6c,1,mobilitybench
mobilitybench_q_e6704f0b97446b9c17,mobilitybench:95ca08e3d290f5ae29,1,mobilitybench
mobilitybench_q_af1f553d01da65ecb3,mobilitybench:1bd1a5b4aad5c87783,1,mobilitybench
mobilitybench_q_fd1a6ba8b243208a08,mobilitybench:b532da25f5e514ee74,1,mobilitybench
mobilitybench_q_9acd2cb6cc78a957d2,mobilitybench:34d270419557a43b67,1,mobilitybench
mobilitybench_q_1e1b698e6fde098642,mobilitybench:6afbd257a3302a33b1,1,mobilitybench
mobilitybench_q_bf0c7168cd0137413c,mobilitybench:3f07be0e502c88d5d4,1,mobilitybench
mobilitybench_q_3879d517a12bca4409,mobilitybench:21d462ce44fcf5448f,1,mobilitybench
mobilitybench_q_123da2e1ec5dbe4a82,mobilitybench:076995ec26c8ec079a,1,mobilitybench
mobilitybench_q_67465853e4fbf57b79,mobilitybench:321b31e94ba18314aa,1,mobilitybench
mobilitybench_q_3a75d6e243dd786e7e,mobilitybench:5dec3968c166cc0085,1,mobilitybench
mobilitybench_q_5dd2bdc9fd49ea79e5,mobilitybench:9c10712d8df95173c4,1,mobilitybench
mobilitybench_q_8203e42c2d5c7982aa,mobilitybench:4164dae3ab1aab46a5,1,mobilitybench
mobilitybench_q_f9326e32814df4229e,mobilitybench:7845d6bbacdd91988c,1,mobilitybench
mobilitybench_q_e3ae1f4acf17bd0c13,mobilitybench:ea81e72b297da02fb7,1,mobilitybench
mobilitybench_q_66f77558cf528bdc43,mobilitybench:470f36f4f5397f5680,1,mobilitybench
mobilitybench_q_da847ef1b4591d8c3a,mobilitybench:135f89b98b75a3fa28,1,mobilitybench
mobilitybench_q_d4036711e67e965bc4,mobilitybench:3569bc9c26959f567d,1,mobilitybench
mobilitybench_q_247ec529910176ae53,mobilitybench:7c851b2f6eb835c0c8,1,mobilitybench
mobilitybench_q_ae861d356f33dc16ee,mobilitybench:f788b98a9f8965a275,1,mobilitybench
mobilitybench_q_34c49ced543d091847,mobilitybench:89289b931cd3b6e9cd,1,mobilitybench
mobilitybench_q_bbd3e3a23b5468c8d1,mobilitybench:5b0afc52b70698d6ed,1,mobilitybench
mobilitybench_q_fc258c565b23fcaf36,mobilitybench:db491f9a5e2ac56369,1,mobilitybench
mobilitybench_q_9c9ea0896b0787b70f,mobilitybench:1badc9c2d9c95ce229,1,mobilitybench
mobilitybench_q_bc5eacacc3ce15530a,mobilitybench:f5cf742b81ee636431,1,mobilitybench
mobilitybench_q_2eaa382894b32652e7,mobilitybench:9f4cef9c91e12e2dde,1,mobilitybench
mobilitybench_q_bea6039f7aa911f19f,mobilitybench:53c576952e1d3f90a9,1,mobilitybench
mobilitybench_q_127c51ac16dd3f2215,mobilitybench:4562f05c822b6bed3c,1,mobilitybench
mobilitybench_q_7e6fe0fdc2cf75a36e,mobilitybench:79b8911cf8cdfac4db,1,mobilitybench
mobilitybench_q_93aaa30330b9231e0b,mobilitybench:c4102f128cf3c595e3,1,mobilitybench
mobilitybench_q_e6287f6b0dec48dfb6,mobilitybench:981cea9760507bb74c,1,mobilitybench
mobilitybench_q_37a17cc17566b74b5b,mobilitybench:0a0459e4fc1e6d78d9,1,mobilitybench
mobilitybench_q_0704207121216a89aa,mobilitybench:a25f65e16213b561e0,1,mobilitybench
mobilitybench_q_f61b3cbafff3815be8,mobilitybench:593df74016e3677544,1,mobilitybench
mobilitybench_q_bf54dc21edc5fe766b,mobilitybench:8617327ab83bf35502,1,mobilitybench
mobilitybench_q_dc5ea1a691ec3a8715,mobilitybench:55a00f6448ec9d9cb7,1,mobilitybench
mobilitybench_q_b2fb42976e59468e35,mobilitybench:b8910f5dbd59973579,1,mobilitybench
mobilitybench_q_484f76d22908b5c328,mobilitybench:bf7e6e44df48958e53,1,mobilitybench
mobilitybench_q_2c1ccc8961864a9d0b,mobilitybench:f9fa08fbcb9d15ea67,1,mobilitybench
mobilitybench_q_025971787e2740a512,mobilitybench:a28fabe045be91cf24,1,mobilitybench
mobilitybench_q_23c19f06f03176a0d7,mobilitybench:7b64ac764295bb2776,1,mobilitybench
mobilitybench_q_37fb158a468583b038,mobilitybench:54a1ef732d28f6bdf3,1,mobilitybench
mobilitybench_q_046f65af49a5f78482,mobilitybench:8dccc300bd013b4685,1,mobilitybench
mobilitybench_q_714c53a06e7fc92d4c,mobilitybench:7a827cb9c33e74933a,1,mobilitybench
mobilitybench_q_bb77c6cf2683021928,mobilitybench:f138cafaeb266e0b82,1,mobilitybench
mobilitybench_q_50eb530dc61d44713d,mobilitybench:9beac6277db5cc2008,1,mobilitybench
mobilitybench_q_fe83d09aac0de6a0ab,mobilitybench:3b13eaeb490e8746fb,1,mobilitybench
mobilitybench_q_4673b6697ec92cb833,mobilitybench:ad8de83b64697eec23,1,mobilitybench
mobilitybench_q_cc06b871ad40c713de,mobilitybench:0e43556ccd8157a4e8,1,mobilitybench
mobilitybench_q_296089057f1df9e645,mobilitybench:97fa16b194f7ef9532,1,mobilitybench
mobilitybench_q_69745f9beb065903ba,mobilitybench:ac254e532b591f11f1,1,mobilitybench
mobilitybench_q_7d815c45359eff5eb5,mobilitybench:93daa0bd4860af46c4,1,mobilitybench
mobilitybench_q_f43fa2adfd22c77795,mobilitybench:434f2cabcf2e5d9c21,1,mobilitybench
mobilitybench_q_a8b38de7ed03015859,mobilitybench:564e452206ad1e2b17,1,mobilitybench
mobilitybench_q_f2974ec8de56f78bbe,mobilitybench:c8a49dc40c2d1881ce,1,mobilitybench
mobilitybench_q_d41847dbde7fde0f0a,mobilitybench:5c207e6377756a0625,1,mobilitybench
mobilitybench_q_906067fe7d094338e1,mobilitybench:c67b1c7d30227ad7fa,1,mobilitybench
mobilitybench_q_bb99ed4dbec7b67345,mobilitybench:4f719bd7a1ef230fde,1,mobilitybench
mobilitybench_q_0973273a38d68a4c32,mobilitybench:c8911211917b995718,1,mobilitybench
mobilitybench_q_78dcf8aaef57f2ee4b,mobilitybench:2be02be8d6fe170b77,1,mobilitybench
mobilitybench_q_47fc6330c3b27e7486,mobilitybench:980646e6fa7d00c893,1,mobilitybench
mobilitybench_q_bebdd774950dad6ece,mobilitybench:233106bf2665406e59,1,mobilitybench
mobilitybench_q_8946fc70f315c8056f,mobilitybench:94da706c065c3ad200,1,mobilitybench
mobilitybench_q_676b9d18d51dc5d919,mobilitybench:4578bc80c6fd9601d1,1,mobilitybench
mobilitybench_q_88123f56b19d4b2c7b,mobilitybench:5f58e045895655a9fb,1,mobilitybench
mobilitybench_q_4b1c97a055f161aae5,mobilitybench:3e2b73e9c1fe83b40f,1,mobilitybench
mobilitybench_q_b323572f326dd9fb8a,mobilitybench:e4f510dbe1c2061cb1,1,mobilitybench
mobilitybench_q_0bb646e784bfdb7cd4,mobilitybench:d6e580f4c514446d10,1,mobilitybench
mobilitybench_q_391b9dd4aeee81f17d,mobilitybench:8ac68ea4b8c2b813f6,1,mobilitybench
mobilitybench_q_79c2e3e0432959c929,mobilitybench:aa72fb18eb1f95724c,1,mobilitybench
mobilitybench_q_f1d7e0ec2dc241a902,mobilitybench:981e342e8c96e11f1e,1,mobilitybench
mobilitybench_q_a06eacb8c352fc1316,mobilitybench:3b777115186a3613f5,1,mobilitybench
mobilitybench_q_f469f792b07bef1c5b,mobilitybench:3bb5d08c1ea78a4ccf,1,mobilitybench
mobilitybench_q_8a317b46bb338f1978,mobilitybench:7aba2ccd168db25f01,1,mobilitybench
mobilitybench_q_b09757d40b9f280827,mobilitybench:b553e8dad415b524a8,1,mobilitybench
mobilitybench_q_10043716c78abd37cf,mobilitybench:ec27d2d9e31009f3ff,1,mobilitybench
mobilitybench_q_7f9d0cc35a1ee9fcb3,mobilitybench:d78b72168275d29b88,1,mobilitybench
mobilitybench_q_7bc7d89554d8035c13,mobilitybench:6615e557585610a11d,1,mobilitybench
mobilitybench_q_5629a0c6537e3533ee,mobilitybench:b83b7edf61dbb9823c,1,mobilitybench
mobilitybench_q_d00626e90a7aa7c51d,mobilitybench:d7c884c5e81c1e690b,1,mobilitybench
mobilitybench_q_96cde43a9afe1214e7,mobilitybench:08b2a7203151e5b3cd,1,mobilitybench
mobilitybench_q_9596cc34b10abd369a,mobilitybench:c32ff09de50ecd1e9a,1,mobilitybench
mobilitybench_q_4ff1b2570419e7004e,mobilitybench:da70d6bd0a75c666d4,1,mobilitybench
mobilitybench_q_a8bc525209b3c28077,mobilitybench:a811d55a0c5045149b,1,mobilitybench
mobilitybench_q_b774c04cc60f00e751,mobilitybench:d40f030ef44a383432,1,mobilitybench
mobilitybench_q_d93d9cc52af20df95f,mobilitybench:64b0aa3a3e93583404,1,mobilitybench
mobilitybench_q_046b114f38e3aa17e2,mobilitybench:c2cf2e8247a6030b3c,1,mobilitybench
mobilitybench_q_eab976f7f8c5cab9de,mobilitybench:96b5b730b17df87991,1,mobilitybench
mobilitybench_q_0aad5dcff71fc4cf77,mobilitybench:5dc7104bb4c073c40b,1,mobilitybench
mobilitybench_q_62b96da94570b4f78b,mobilitybench:4b44961bf71c07bb17,1,mobilitybench
mobilitybench_q_9f2be5def370e64c1d,mobilitybench:64010fb4c451e45b20,1,mobilitybench
mobilitybench_q_1242d69f1947b803ac,mobilitybench:ee7684cc1f783eccc2,1,mobilitybench
mobilitybench_q_99b968215d5c9c43f7,mobilitybench:f35125e63f3fe42001,1,mobilitybench
mobilitybench_q_4ed1b1e67ebcf38586,mobilitybench:0f9ef9cf81ce997c7b,1,mobilitybench
mobilitybench_q_375a6ce85dc9ddbeb7,mobilitybench:faa0a206447a3634ff,1,mobilitybench
mobilitybench_q_3906d3db93a3972ede,mobilitybench:7b9acd453df0227a07,1,mobilitybench
mobilitybench_q_52be10306d7eeaecba,mobilitybench:ed2efb7da73ca6ff12,1,mobilitybench
mobilitybench_q_50efad1f99563cc20b,mobilitybench:478abb9b13452ea84f,1,mobilitybench
mobilitybench_q_6534530c742543bec9,mobilitybench:df37238f8f98380936,1,mobilitybench
mobilitybench_q_efdaa4847458793845,mobilitybench:7db724efec5a8b6ff8,1,mobilitybench
mobilitybench_q_17b0054e3bbd799929,mobilitybench:e774550267e7524565,1,mobilitybench
mobilitybench_q_ffc006aed33f054a9f,mobilitybench:353285a744a99d3331,1,mobilitybench
mobilitybench_q_2f8787eb334b7e94a9,mobilitybench:d992f9126fad0c2266,1,mobilitybench
mobilitybench_q_78d1319d308554fe55,mobilitybench:b5d4f11509c79772be,1,mobilitybench
mobilitybench_q_06ebdf338674e1912e,mobilitybench:40472ee47947b63187,1,mobilitybench
mobilitybench_q_9a4e5317979aec4617,mobilitybench:8f638c6c4e7bfa6049,1,mobilitybench
mobilitybench_q_1df91c23d1f6743fc7,mobilitybench:6f1f9fb4fee94a0fb5,1,mobilitybench
mobilitybench_q_1c060c12eab44f464b,mobilitybench:246c95bd34d9547aff,1,mobilitybench
mobilitybench_q_136f6f5253fcd58aaa,mobilitybench:1009e4ff71515b12cd,1,mobilitybench
mobilitybench_q_e10d1f23ffa3f8faa0,mobilitybench:84902c16a8a2fe5063,1,mobilitybench
mobilitybench_q_b50a4fecf6cbcdf5db,mobilitybench:3136c868281cf892cb,1,mobilitybench
mobilitybench_q_4008a1d8c9642f2da9,mobilitybench:014bb6c96482f890af,1,mobilitybench
mobilitybench_q_7291bb1c3af15cfff3,mobilitybench:0066fe88d520cb9e36,1,mobilitybench
mobilitybench_q_9471df6b61a7c6478a,mobilitybench:70ecc84b90624acd3d,1,mobilitybench
mobilitybench_q_b9e44dafd43a1bc7f6,mobilitybench:edbd7c408d5d7f7c46,1,mobilitybench
mobilitybench_q_1c3e678c34ad2d3f0b,mobilitybench:c3a0118524754ccb86,1,mobilitybench
mobilitybench_q_73c2cc054a2018f122,mobilitybench:39fc30c7ee4b024f50,1,mobilitybench
mobilitybench_q_6d7767670a01a45734,mobilitybench:c430987df5940e8ba7,1,mobilitybench
mobilitybench_q_4f07785e7ca20dd719,mobilitybench:a444307dd5c62a527e,1,mobilitybench
mobilitybench_q_12832f8c95cbdcf9e2,mobilitybench:4a3afb3e94c113e6bf,1,mobilitybench
mobilitybench_q_cfc7de070b320917b1,mobilitybench:2bb0d733efc5d249c3,1,mobilitybench
mobilitybench_q_bf6d53afca837d6e16,mobilitybench:87ca3d9fa4acf02ce4,1,mobilitybench
mobilitybench_q_551e80587d98bf7c1e,mobilitybench:54fc843433ef2e2f9b,1,mobilitybench
mobilitybench_q_8f13823b803d2872d2,mobilitybench:5a99b1464abcf5eadb,1,mobilitybench
mobilitybench_q_7487ac50d362b8959d,mobilitybench:b60f178faec6f849cf,1,mobilitybench
mobilitybench_q_d0e64aa4c37d036c78,mobilitybench:8fd8b917ccda6ed348,1,mobilitybench
mobilitybench_q_7c4c3d563ca74ca9c9,mobilitybench:1cff5c925f54c6c5d0,1,mobilitybench
mobilitybench_q_402231d811acb60f53,mobilitybench:29d0e31736a54ef335,1,mobilitybench
mobilitybench_q_d9a175d3d8bc4fa269,mobilitybench:19fda05893a97faaeb,1,mobilitybench
mobilitybench_q_f78a74e8da4680bbca,mobilitybench:af1b7ff1ffd2a5eda2,1,mobilitybench
mobilitybench_q_36458aca92bf08bc86,mobilitybench:4f4422d56779dfbe68,1,mobilitybench
mobilitybench_q_ccc88b08f3e5856c83,mobilitybench:347f1f14e424212ce6,1,mobilitybench
mobilitybench_q_8e9145edad1a8a2937,mobilitybench:33eddc1e83b898e4d9,1,mobilitybench
mobilitybench_q_5df5be1a07922f1357,mobilitybench:44785cbf26e67c2130,1,mobilitybench
mobilitybench_q_b40619df3516ae9f1d,mobilitybench:35158addc45958761e,1,mobilitybench
mobilitybench_q_baf96da54163a120c5,mobilitybench:050d42d78e91d08266,1,mobilitybench
mobilitybench_q_65efeb9c9e259c8198,mobilitybench:aaac4d4ce455d00b89,1,mobilitybench
mobilitybench_q_0a128fff3dda542a45,mobilitybench:d93e2543367631b8fd,1,mobilitybench
mobilitybench_q_4af4c74ae0af8c0fcb,mobilitybench:0d4d307c06f8b21207,1,mobilitybench
mobilitybench_q_69b4ca40cf53127d1c,mobilitybench:76aac243853cc1fc03,1,mobilitybench
mobilitybench_q_ebed0e2139c5420ca8,mobilitybench:6866633123e2b31741,1,mobilitybench
mobilitybench_q_e0ec1e73995522055f,mobilitybench:499a2b5eb61b7562d0,1,mobilitybench
mobilitybench_q_71f2a9ec38a4c07e9c,mobilitybench:4818922c7fc78ee1ee,1,mobilitybench
mobilitybench_q_6219757cfd52004db6,mobilitybench:690dafdee2f5be6932,1,mobilitybench
mobilitybench_q_132c61b4f9c9615ab0,mobilitybench:bf58f2bac1262826d6,1,mobilitybench
mobilitybench_q_b106984bd637a9d950,mobilitybench:d4ad955ef8370b1aba,1,mobilitybench
mobilitybench_q_7ecb2e9695c1561634,mobilitybench:95f1ce6a32f6993ee5,1,mobilitybench
mobilitybench_q_36f26e5c6e133e9371,mobilitybench:13f4ba1bf700a1727d,1,mobilitybench
mobilitybench_q_4fdcf8bed9be75ecfe,mobilitybench:0faea82f1498d0bbee,1,mobilitybench
mobilitybench_q_1a0fe892c27dd3764b,mobilitybench:83a173ce7dcdb52737,1,mobilitybench
mobilitybench_q_6b40e00622a92fb6f1,mobilitybench:8b46bc1c4adb0a711b,1,mobilitybench
mobilitybench_q_015e91dd7987e98502,mobilitybench:8f31c71114dc4f38ea,1,mobilitybench
mobilitybench_q_78cb1c3aa8d777f61c,mobilitybench:5f1dcd3c10072ba7a3,1,mobilitybench
mobilitybench_q_350b3bc5d0be646d92,mobilitybench:693b563911585e1715,1,mobilitybench
mobilitybench_q_5d932fd4ade99f45a6,mobilitybench:096be789b93a7097a2,1,mobilitybench
mobilitybench_q_3561ed046e3bc672b2,mobilitybench:ef8d004183fc9c46a6,1,mobilitybench
mobilitybench_q_75e34249eca5094e54,mobilitybench:2774ce2a70893a1123,1,mobilitybench
mobilitybench_q_9c0e081c82049a6e9e,mobilitybench:13c9b8a97d02e681f4,1,mobilitybench
mobilitybench_q_2c82883cadbd0b2379,mobilitybench:7ef5c695501d54101d,1,mobilitybench
mobilitybench_q_a6b36f529ff7afdcb0,mobilitybench:c01c91a53329b95afa,1,mobilitybench
mobilitybench_q_bc5d8b2e328ba1f362,mobilitybench:ff00cf27451bbfadf4,1,mobilitybench
mobilitybench_q_1f2659123bf6c6eb4b,mobilitybench:f864ed6bed31e443e6,1,mobilitybench
mobilitybench_q_e49ac3f89b188161c4,mobilitybench:4a0859b8d973607cc4,1,mobilitybench
mobilitybench_q_fe5099f305773d9f62,mobilitybench:ecb71eb93c70785088,1,mobilitybench
mobilitybench_q_0915a1c13d4c4b3b09,mobilitybench:2902a35534d3dd53fb,1,mobilitybench
mobilitybench_q_eb89a4c5fc5ff4b67c,mobilitybench:6d413c25c6a579488e,1,mobilitybench
mobilitybench_q_27169965a4f9b77122,mobilitybench:1b7e5dbadacb7bec29,1,mobilitybench
mobilitybench_q_a596846bc45563b627,mobilitybench:40d51b3b0c61ea296c,1,mobilitybench
mobilitybench_q_5a3d7fb6b84564992c,mobilitybench:a8b37b7f8775cd47cb,1,mobilitybench
mobilitybench_q_23afab5ac9470de1f6,mobilitybench:f35bd1393f0be46ab4,1,mobilitybench
mobilitybench_q_b589381d6391f6f111,mobilitybench:67ce60e4dd0f22c354,1,mobilitybench
mobilitybench_q_9db186a49a687a508d,mobilitybench:9f9217006a7141fdbb,1,mobilitybench
mobilitybench_q_e300e66cd7d00ac935,mobilitybench:a10e3cdc7b73c6bb47,1,mobilitybench
mobilitybench_q_e769ab4477b5324983,mobilitybench:125f2055004fc1a9c2,1,mobilitybench
mobilitybench_q_9d2f11722e187642fa,mobilitybench:200dc62390bd41ea5b,1,mobilitybench
mobilitybench_q_fe279527bac900bddd,mobilitybench:3cf856539274f8b660,1,mobilitybench
mobilitybench_q_40483b3a993217cef5,mobilitybench:626fd15c8911995c97,1,mobilitybench
mobilitybench_q_245b359f236c4d0548,mobilitybench:7b535f1ae91e96034e,1,mobilitybench
mobilitybench_q_6699a4fa78c002addb,mobilitybench:1ab7f1beb890e7a0d5,1,mobilitybench
mobilitybench_q_3531f3310368352b45,mobilitybench:bada53039bbb9e3c6c,1,mobilitybench
mobilitybench_q_19d03f838ed29a80ff,mobilitybench:b6dc7806c34ebb54f8,1,mobilitybench
mobilitybench_q_0eee8d27e0e0b7f967,mobilitybench:36974215d4679f9ad6,1,mobilitybench
mobilitybench_q_ff399b472c1e608bd0,mobilitybench:ad2305e3f8c530bb86,1,mobilitybench
mobilitybench_q_25a80a635103067989,mobilitybench:6f7d08e48bfd421795,1,mobilitybench
mobilitybench_q_eabba4efb27d89eef2,mobilitybench:baaa516698b9f801bd,1,mobilitybench
mobilitybench_q_af4b41749d29891ea8,mobilitybench:691f51c9221e82e047,1,mobilitybench
mobilitybench_q_0f9fbc8cd6581f069b,mobilitybench:68a415e9be70be672b,1,mobilitybench
mobilitybench_q_79f9b435180f375164,mobilitybench:3a310fde250e839d18,1,mobilitybench
mobilitybench_q_a5a1e505717df0a705,mobilitybench:8ee061b72fe152aa2c,1,mobilitybench
mobilitybench_q_7e69358c78a0d8bdc8,mobilitybench:eaa0ce26a10dc5c4df,1,mobilitybench
mobilitybench_q_6cd91b519afe2f4def,mobilitybench:cbff9a3f73f476cb32,1,mobilitybench
mobilitybench_q_5ddcca017de09e54d1,mobilitybench:396e3d51a7f0ec14e6,1,mobilitybench
mobilitybench_q_fbe2cd305eeb4a99cd,mobilitybench:98d5dbd0193ca35177,1,mobilitybench
mobilitybench_q_1dfac17a5574527b68,mobilitybench:907f91a54f191ad6fd,1,mobilitybench
mobilitybench_q_f78f82a790b7eb0fc6,mobilitybench:b41c52efaf8f5dea40,1,mobilitybench
mobilitybench_q_2b4a4fce0ebaedda8b,mobilitybench:bfab681aba67d6240e,1,mobilitybench
mobilitybench_q_cdb4acf22dbdabc0b2,mobilitybench:06578e407850b78f60,1,mobilitybench
mobilitybench_q_0f5e43b7bef05bac7d,mobilitybench:08a4804d76d167e7c9,1,mobilitybench
mobilitybench_q_9cb1c60cc9140e1eb5,mobilitybench:39aca1ec043d4bb414,1,mobilitybench
mobilitybench_q_b57f8fae71a32ac1c7,mobilitybench:7f525d54b04fd20222,1,mobilitybench
mobilitybench_q_9aedc350ac533c7919,mobilitybench:4617c2e2b572d11c1b,1,mobilitybench
mobilitybench_q_83b13283bd4d8b4f4c,mobilitybench:29f5f766f2ad5f73bc,1,mobilitybench
mobilitybench_q_9ca947580e6f03a6f4,mobilitybench:07076707a188a728df,1,mobilitybench
mobilitybench_q_c1e3b43aff1ee8cbb6,mobilitybench:367349692ff1cf255b,1,mobilitybench
mobilitybench_q_1bcbe976d9b1a9e4ae,mobilitybench:419a74c3c05bc30be7,1,mobilitybench
mobilitybench_q_bde8457e278590071f,mobilitybench:c6085d6463dc9fcadd,1,mobilitybench
mobilitybench_q_47b4be3d2489ecfe9a,mobilitybench:9e596d67f847952737,1,mobilitybench
mobilitybench_q_fafe99f196f3d8af77,mobilitybench:9a4cc75a0fbaaaae3a,1,mobilitybench
mobilitybench_q_aa2207a34d62d9b070,mobilitybench:313f7dd528b4c7384a,1,mobilitybench
mobilitybench_q_338719928955e7b093,mobilitybench:cc0a619e48cef4b39e,1,mobilitybench
mobilitybench_q_e66bb5719b8cdf7b1c,mobilitybench:db2ec13a25ebb58c0f,1,mobilitybench
mobilitybench_q_d3ef10ca467b64aae1,mobilitybench:7ca62bfdb082104639,1,mobilitybench
mobilitybench_q_d36131b988aa693aef,mobilitybench:45c4cb0dcfab80bc22,1,mobilitybench
mobilitybench_q_40fbccb925e2afd3e2,mobilitybench:d506c23ddff82f07ff,1,mobilitybench
mobilitybench_q_82ac740ef789dacf76,mobilitybench:68fd510841b216d299,1,mobilitybench
mobilitybench_q_b995119b47aa4d4831,mobilitybench:f6c4229dbfa71deebc,1,mobilitybench
mobilitybench_q_a8803b189fdf6afb57,mobilitybench:aa738571e18618d11c,1,mobilitybench
mobilitybench_q_75a8d7703136999f77,mobilitybench:1432e8d2ebf10362ee,1,mobilitybench
mobilitybench_q_f270a949eb5f5c8f2c,mobilitybench:748d9613be3e034bc0,1,mobilitybench
mobilitybench_q_e6961223dfdadf356a,mobilitybench:0222dc45d8026d25e5,1,mobilitybench
mobilitybench_q_618e9c2215b490270f,mobilitybench:3a5726857a518f90bc,1,mobilitybench
mobilitybench_q_2ffdfec06155d233d4,mobilitybench:b1a7fd17d7476651ad,1,mobilitybench
mobilitybench_q_ec4f6cc53aa686c04e,mobilitybench:3b874a4b2b1b84e29a,1,mobilitybench
mobilitybench_q_8d5552479ebc37172e,mobilitybench:87f85d33a64393f661,1,mobilitybench
mobilitybench_q_62f6f3dfcf1a076278,mobilitybench:b44feeef57fefa4feb,1,mobilitybench
mobilitybench_q_5c725d7bc0fb5ec248,mobilitybench:0141a14f806cb14ef0,1,mobilitybench
mobilitybench_q_e06392ebd1c33ea173,mobilitybench:966e2a742ad0205caa,1,mobilitybench
mobilitybench_q_354b7dd304d7072ee9,mobilitybench:c7ade3ed75e6acc833,1,mobilitybench
mobilitybench_q_e85b3e0d76629adafe,mobilitybench:ca304d16f3c1d2e6e4,1,mobilitybench
mobilitybench_q_e49899fc8fef343f38,mobilitybench:3e663e85f87d6029fa,1,mobilitybench
mobilitybench_q_86fef9eef0aaab9b76,mobilitybench:62021890ff12dab14b,1,mobilitybench
mobilitybench_q_cfabe991250af40791,mobilitybench:3a43062a5fb2a49c34,1,mobilitybench
mobilitybench_q_6265fed262727d92a6,mobilitybench:9e4af06489b8dd239c,1,mobilitybench
mobilitybench_q_3388f9bdced5af47f2,mobilitybench:2ccea2591865e8a020,1,mobilitybench
mobilitybench_q_3a1ce381489aadabac,mobilitybench:cb7c904e57614bbbe8,1,mobilitybench
mobilitybench_q_e046a0e04e60a1daad,mobilitybench:f02d7d730f8fb38440,1,mobilitybench
mobilitybench_q_7d37f53af036ca1f3b,mobilitybench:06843b7814f4cc6d14,1,mobilitybench
mobilitybench_q_59cb0a8a7b5baf3704,mobilitybench:38365b46bf15d9a8a5,1,mobilitybench
mobilitybench_q_601134c8ab02c4ed04,mobilitybench:1290c37783803aba71,1,mobilitybench
mobilitybench_q_56024f14c9e3b853d3,mobilitybench:e81fb767f2cb9608ea,1,mobilitybench
mobilitybench_q_f467d0a4d61fdd4426,mobilitybench:df74d3ff83ba05f310,1,mobilitybench
mobilitybench_q_61c23b39502c6c1636,mobilitybench:15fb10c0db4da904ec,1,mobilitybench
mobilitybench_q_2424365a8758f649cb,mobilitybench:b8e29da23202b21a02,1,mobilitybench
mobilitybench_q_c30aa68f1ffc0d77cc,mobilitybench:071086563e3ed423d0,1,mobilitybench
mobilitybench_q_7c079e71bfa5570b3b,mobilitybench:251a917e8e94be2372,1,mobilitybench
mobilitybench_q_26b49254fbdca478ec,mobilitybench:15fd9f88ef6b4300dd,1,mobilitybench
mobilitybench_q_baf7ab5fd9715b7409,mobilitybench:57ea5fa3103735b99f,1,mobilitybench
mobilitybench_q_d6cf8c7178acca4166,mobilitybench:2ac632cc43a022677d,1,mobilitybench
mobilitybench_q_6cf9427089ad789d8c,mobilitybench:0c9a01e570d44d5290,1,mobilitybench
mobilitybench_q_01bc8aa87db33e3926,mobilitybench:5792124e0cd0a99373,1,mobilitybench
mobilitybench_q_b531c6c21e03a4f082,mobilitybench:cba4ce28660a4fe101,1,mobilitybench
mobilitybench_q_12f0c795b25b67fb9d,mobilitybench:af0f54dc0cd15c15c1,1,mobilitybench
mobilitybench_q_589c3384004c5e5e46,mobilitybench:2a641b43c3cbce358f,1,mobilitybench
mobilitybench_q_94d4dc7323c15fefcf,mobilitybench:af6a260beca4d4b10b,1,mobilitybench
mobilitybench_q_3fdfa35c80cc202bd7,mobilitybench:43bf7dfe492b09ef13,1,mobilitybench
mobilitybench_q_ff80232ce8a7ac6f6b,mobilitybench:a5f76d7b202ddaf1a8,1,mobilitybench
mobilitybench_q_0209975c6e3e7c009f,mobilitybench:66a89f0c7164366133,1,mobilitybench
mobilitybench_q_9dedb31dff84f24bfa,mobilitybench:f8424deabf01245862,1,mobilitybench
mobilitybench_q_0917ba097abd85e3a8,mobilitybench:7d6bd0eed649ba0951,1,mobilitybench
mobilitybench_q_538a202dd2e6b6a19e,mobilitybench:0806a987ba83424c41,1,mobilitybench
mobilitybench_q_dc369be8c649e9bd45,mobilitybench:f2694998970060c6d4,1,mobilitybench
mobilitybench_q_664e54c8a9f8ccdb80,mobilitybench:b4ab7821905f13213c,1,mobilitybench
mobilitybench_q_29dd3096a1ec64d985,mobilitybench:2e89409658b1fe4dfa,1,mobilitybench
mobilitybench_q_e651cc430066d44dff,mobilitybench:013899e0c9b9d06933,1,mobilitybench
mobilitybench_q_df481b3c5da77ded97,mobilitybench:9061b64151145cb5e2,1,mobilitybench
mobilitybench_q_f54d08e583cc888b03,mobilitybench:02085eed9045fb19d7,1,mobilitybench
mobilitybench_q_cd246c8dfadeb44c7b,mobilitybench:c7d67b6c1cd93c35c2,1,mobilitybench
mobilitybench_q_832e6f583b5ef7fd2e,mobilitybench:04993e3e5657700010,1,mobilitybench
mobilitybench_q_7d609aeb0a5d7eb700,mobilitybench:b97e50fd2fa1df3567,1,mobilitybench
mobilitybench_q_e2ee1ef14fbffba8a4,mobilitybench:e6ab24a3fd5452d96b,1,mobilitybench
mobilitybench_q_d3e63c13d884fd5e34,mobilitybench:2665f02c514891a9a3,1,mobilitybench
mobilitybench_q_e51ae05198b7113bf6,mobilitybench:f0fbaa51bc5c63bfe5,1,mobilitybench
mobilitybench_q_7a24b94bfb4570cfaf,mobilitybench:7f91be28331cd924e1,1,mobilitybench
mobilitybench_q_b4d76797170f74aaf5,mobilitybench:8b4b15551420b53d4b,1,mobilitybench
mobilitybench_q_5876c0030c11e2e9d9,mobilitybench:2a743f027e36f40b49,1,mobilitybench
mobilitybench_q_4ac75c088d1aa5f58b,mobilitybench:b9111dbc17be5139df,1,mobilitybench
mobilitybench_q_bee1497425710dcde6,mobilitybench:0a93a7b5ca23f0b12a,1,mobilitybench
mobilitybench_q_ae75a553ef5091e44c,mobilitybench:c074a5eb1a9bd8aefd,1,mobilitybench
mobilitybench_q_f660fcfdbf8dc2c9ce,mobilitybench:ede3f3b22add7c15c0,1,mobilitybench
mobilitybench_q_7ee1230de29200f7f6,mobilitybench:4ef46420557e8acd6b,1,mobilitybench
mobilitybench_q_c5841522e9e83751f6,mobilitybench:1589ed60fab05cef76,1,mobilitybench
mobilitybench_q_bd89afc02ba3aab939,mobilitybench:fe0d0ad2a442645c5b,1,mobilitybench
mobilitybench_q_7f37bcb4c0b80f3aa0,mobilitybench:1cd0a752093eef2144,1,mobilitybench
mobilitybench_q_d26de6466f66681ca8,mobilitybench:3390bb505785dd7f85,1,mobilitybench
mobilitybench_q_fa0f856dfc0d473b75,mobilitybench:0adf13329be3ed12d9,1,mobilitybench
mobilitybench_q_f718963356ad196fbe,mobilitybench:5213d7dc4ea79f6cf4,1,mobilitybench
mobilitybench_q_bf951663e7f5e5355c,mobilitybench:f89723dc0c6f9c789a,1,mobilitybench
mobilitybench_q_ace74981c48434c5c3,mobilitybench:38f19459a55be7023d,1,mobilitybench
mobilitybench_q_9f32d0819b5e1efc7e,mobilitybench:9e77448af35d59018b,1,mobilitybench
mobilitybench_q_a0ab16e0a8e2a71bc8,mobilitybench:1629a85a5325a37ebe,1,mobilitybench
mobilitybench_q_9b7cc7b145bda5a20c,mobilitybench:03a88413f01a741482,1,mobilitybench
mobilitybench_q_e5cc8f9612e93b0e88,mobilitybench:63001740694b29e4b1,1,mobilitybench
mobilitybench_q_0fa2bd42bf810962ae,mobilitybench:674ea39c765b241134,1,mobilitybench
mobilitybench_q_a798cee46ca5cbb1d8,mobilitybench:62f869a51276b19f95,1,mobilitybench
mobilitybench_q_008b7f24c23c828065,mobilitybench:932afae0227e8f53fe,1,mobilitybench
mobilitybench_q_3fb0eae0d55c81809b,mobilitybench:4b0069f480d4447345,1,mobilitybench
mobilitybench_q_570546b5e87a14a22c,mobilitybench:9623ec8700ac0681de,1,mobilitybench
mobilitybench_q_f624368bc3678a3219,mobilitybench:8db1b10afd07941a5e,1,mobilitybench
mobilitybench_q_05bd12b0e75592c5b8,mobilitybench:88b4fb8b209f8869ae,1,mobilitybench
mobilitybench_q_c9ee8bdd46c43803a4,mobilitybench:8f578a850e1f1c6109,1,mobilitybench
mobilitybench_q_4910dfd5197955194d,mobilitybench:4305fd3605ce698bc3,1,mobilitybench
mobilitybench_q_debaa914162a7ecca6,mobilitybench:80eaaa11c845cf743d,1,mobilitybench
mobilitybench_q_c04b2f0124025cf108,mobilitybench:38df87dc5792599fd2,1,mobilitybench
mobilitybench_q_f182ec5e4a19983ce9,mobilitybench:88d67f5b7752bac881,1,mobilitybench
mobilitybench_q_8b742584b6e7bd9b53,mobilitybench:cb3061bcdcec9bdd67,1,mobilitybench
mobilitybench_q_c49bb5d13f3a309c0d,mobilitybench:31cc6b48db1b40cff3,1,mobilitybench
mobilitybench_q_82daddcda26f0362b1,mobilitybench:67fd870445bd22f205,1,mobilitybench
mobilitybench_q_bf6105e923df7e962b,mobilitybench:cf43fa41d5b555a6bc,1,mobilitybench
mobilitybench_q_82885c6bb41c448397,mobilitybench:b2c12355e324840b66,1,mobilitybench
mobilitybench_q_499c456797a9325c66,mobilitybench:a475a8209f6b4dccc1,1,mobilitybench
mobilitybench_q_6c210212d8639c7dc5,mobilitybench:28b4f36ade7eabdf1a,1,mobilitybench
mobilitybench_q_38369ba9ff2c421595,mobilitybench:9e267a2c6ee99d28bf,1,mobilitybench
mobilitybench_q_0839190651cbb1e586,mobilitybench:7cff9e9fe8e7411a6d,1,mobilitybench
mobilitybench_q_8525ca3d94f3e26166,mobilitybench:4aeef833c0cc181552,1,mobilitybench
mobilitybench_q_7c27385f603ead99c6,mobilitybench:d5abf0785951c6ff6c,1,mobilitybench
mobilitybench_q_14417c3caa206d1068,mobilitybench:c56b527db7333af5da,1,mobilitybench
mobilitybench_q_93a647277ff9321b48,mobilitybench:90c9e6ddc55531d512,1,mobilitybench
mobilitybench_q_f3f5ff35d51cecec9a,mobilitybench:ad817a7df32f460d47,1,mobilitybench
mobilitybench_q_2a1c8a38335e0b9c00,mobilitybench:8a58e125fa810591da,1,mobilitybench
mobilitybench_q_6f5c41eb9f9c03f3fa,mobilitybench:7b721eaa32ead2e14a,1,mobilitybench
mobilitybench_q_3f0107ba848c30f291,mobilitybench:b30ec6699f8497b9eb,1,mobilitybench
mobilitybench_q_277d8c55a19795f324,mobilitybench:3b41b1a7bd375dd123,1,mobilitybench
mobilitybench_q_95af25fe8f587b92a9,mobilitybench:20f159bef8e039f598,1,mobilitybench
mobilitybench_q_43fa82ff1796cba8bf,mobilitybench:8449843bf6c2e90546,1,mobilitybench
mobilitybench_q_f8989f13dea8aaaa1d,mobilitybench:bd2d282f8c3429f3df,1,mobilitybench
mobilitybench_q_034a6866541d3d72bc,mobilitybench:150f4a5cd500c02870,1,mobilitybench
mobilitybench_q_350473289f4c67fa0b,mobilitybench:209262a1ea69d02754,1,mobilitybench
mobilitybench_q_7bbd9c43c84771ba2a,mobilitybench:5a626362b2eee3d99c,1,mobilitybench
mobilitybench_q_d42f5f662fcb97b02e,mobilitybench:0066ae43da6f046c03,1,mobilitybench
mobilitybench_q_dd391b8408872d7c5f,mobilitybench:f3fed3b01cf256a519,1,mobilitybench
mobilitybench_q_f36fb43df6df814f94,mobilitybench:ce073ebcc1c15a969e,1,mobilitybench
mobilitybench_q_479d3c41fd1c78a0c8,mobilitybench:d0dda11d763f242a7f,1,mobilitybench
mobilitybench_q_8450f82b66a5cfb564,mobilitybench:84cccb19b79e9a8cca,1,mobilitybench
mobilitybench_q_fc1fe69525985dc3b1,mobilitybench:81fac6e5db0512752c,1,mobilitybench
mobilitybench_q_2fc4f3cd984091cf5c,mobilitybench:5d266fecac52a457aa,1,mobilitybench
mobilitybench_q_e35102151f47dce99c,mobilitybench:074d5e7da8f6ff96c9,1,mobilitybench
mobilitybench_q_0fac4d91ce33f639d3,mobilitybench:e50363d53ebcc016d8,1,mobilitybench
mobilitybench_q_22448df5b6028db2d9,mobilitybench:70d6030a5b1c1535ee,1,mobilitybench
mobilitybench_q_37f7c3a9658f1f3f1a,mobilitybench:07f54a1b62385367ff,1,mobilitybench
mobilitybench_q_d4ead5a4a81754a986,mobilitybench:4112ff624d0175ec51,1,mobilitybench
mobilitybench_q_c1df0714ab5a7916c4,mobilitybench:4d626590700f47b59f,1,mobilitybench
mobilitybench_q_99aa32e70bd99cdd6d,mobilitybench:7e587840fe3f525152,1,mobilitybench
mobilitybench_q_52d293f6a5c2f7e2cf,mobilitybench:a614062d44463d7ca4,1,mobilitybench
mobilitybench_q_9f1316c4a80faa879f,mobilitybench:744752e1244c34e399,1,mobilitybench
mobilitybench_q_68afdbbaa24b99bf14,mobilitybench:2c597b4b810a62eaea,1,mobilitybench
mobilitybench_q_d377b525d737079b2f,mobilitybench:c81013f8c22becc6b0,1,mobilitybench
mobilitybench_q_12ddda0ef3d1097b8c,mobilitybench:8bac4df595d281ff20,1,mobilitybench
mobilitybench_q_cc103cfe99738ea71e,mobilitybench:428ae183d3df65cf51,1,mobilitybench
mobilitybench_q_5c715deb8685ad2a8b,mobilitybench:c1ec2a94da21f669cf,1,mobilitybench
mobilitybench_q_f81b0f3e8d8c72ad9d,mobilitybench:d3b80a945f340e3f0b,1,mobilitybench
mobilitybench_q_4b0253efaf2069f58b,mobilitybench:6e657bba9772a5dbdd,1,mobilitybench
mobilitybench_q_15c13ef150a03ccbc4,mobilitybench:9db33268d46b379930,1,mobilitybench
mobilitybench_q_b0d3e326fb9deed245,mobilitybench:6a8e23d4c5363e7b93,1,mobilitybench
mobilitybench_q_d3c46a639f95eeaa7d,mobilitybench:1762a2751bfa28c50e,1,mobilitybench
mobilitybench_q_2b3a3c7a458d427d27,mobilitybench:908dbd4f118522eb9a,1,mobilitybench
mobilitybench_q_75123e5620fb18ca88,mobilitybench:e5913de4836b3bdde6,1,mobilitybench
mobilitybench_q_97f9db5951a7640307,mobilitybench:2e458bdbf302211d45,1,mobilitybench
mobilitybench_q_957f04c5a58187948e,mobilitybench:1027467a316c16b196,1,mobilitybench
mobilitybench_q_72ca047d298d89cd5a,mobilitybench:6a12f22313c3a56d68,1,mobilitybench
mobilitybench_q_9aee1a49a8a02f63f6,mobilitybench:326dc075d1a77bcc3d,1,mobilitybench
mobilitybench_q_32c56e99ed806815c4,mobilitybench:007c7c604634f4d15a,1,mobilitybench
mobilitybench_q_4a422c7d03b7d56702,mobilitybench:2f07e3cbf60a36a773,1,mobilitybench
mobilitybench_q_17274ee16e54e510c2,mobilitybench:9b2664a3e7a822196e,1,mobilitybench
mobilitybench_q_162da3e60e0e67ea30,mobilitybench:85238171b73ec989c7,1,mobilitybench
mobilitybench_q_cb745e4b8fb3d8e160,mobilitybench:536b8faf08442aed55,1,mobilitybench
mobilitybench_q_703bb2c2b7ed8f1606,mobilitybench:6d7ee7b22e82ff65cd,1,mobilitybench
mobilitybench_q_36a2b8772f868330f7,mobilitybench:340fe9786069f93118,1,mobilitybench
mobilitybench_q_3680720f68666a4492,mobilitybench:b2d5cfc752628387cd,1,mobilitybench
mobilitybench_q_c8be93aa703fb260bb,mobilitybench:e28ff835c1bdc973aa,1,mobilitybench
mobilitybench_q_274de879f7b0cc427a,mobilitybench:f94dbadc8ddf855974,1,mobilitybench
mobilitybench_q_01fd114470c884bb78,mobilitybench:5c6004cffd0b19ed03,1,mobilitybench
mobilitybench_q_bf3d5b39b249d16a4f,mobilitybench:fce4480d84f18f2899,1,mobilitybench
mobilitybench_q_325585f061afeb4ded,mobilitybench:17e191e1f436566bfd,1,mobilitybench
mobilitybench_q_e45777ddc1ac88b485,mobilitybench:3d462210a3c8296b12,1,mobilitybench
mobilitybench_q_b4591250cf601b69bc,mobilitybench:493be58a5e8154182d,1,mobilitybench
mobilitybench_q_9ec0cae35224c1d70e,mobilitybench:52a166c7847653611c,1,mobilitybench
mobilitybench_q_5818c483291a924f79,mobilitybench:1887d4a0d1342c5cee,1,mobilitybench
mobilitybench_q_1939e30c04283f2d97,mobilitybench:1f3bc5aa45afb49ada,1,mobilitybench
mobilitybench_q_683b9b83c9cb0121e9,mobilitybench:bf4ce9ed4f624b9c89,1,mobilitybench
mobilitybench_q_2dcb2f7052343a60c8,mobilitybench:512c80c504c38290a9,1,mobilitybench
mobilitybench_q_846e7f1fa91247f766,mobilitybench:92aaf2dbb8dd01091f,1,mobilitybench
mobilitybench_q_f8181093a33f1cf1c7,mobilitybench:fcc748b84ada1a5ae6,1,mobilitybench
mobilitybench_q_d2e460edc8b6ce6274,mobilitybench:58655d86fabf52cb3f,1,mobilitybench
mobilitybench_q_1e2685c32d25359630,mobilitybench:57a6343da6a2ef60d4,1,mobilitybench
mobilitybench_q_cd6e24c2d0c2de8c4b,mobilitybench:80b28390490dae56dd,1,mobilitybench
mobilitybench_q_0ecf683648569215ba,mobilitybench:ce969c50ddceea2a03,1,mobilitybench
mobilitybench_q_e06b13d019c422e4e4,mobilitybench:02a057cfa74a9a8dee,1,mobilitybench
mobilitybench_q_afed593420ca5ed476,mobilitybench:cef61f39e172d90cc6,1,mobilitybench
mobilitybench_q_30cd69e309f8f57840,mobilitybench:ff0c0274a585a39ab2,1,mobilitybench
mobilitybench_q_20cac255b6e50adf9c,mobilitybench:93b49fe3c347590841,1,mobilitybench
mobilitybench_q_b0adc29e41b398586b,mobilitybench:d036bbe9a42b9ef3f9,1,mobilitybench
mobilitybench_q_2bdb364dee925d53f1,mobilitybench:96cd4b02e0d863394f,1,mobilitybench
mobilitybench_q_fd3d53e648536c81c5,mobilitybench:f44b41213bc65f5ab5,1,mobilitybench
mobilitybench_q_046f3ac63fe1f00090,mobilitybench:49a22d5bd0da301e0a,1,mobilitybench
mobilitybench_q_f64ad1874372773dcc,mobilitybench:daae06df2ce6e44a7c,1,mobilitybench
mobilitybench_q_bd8da3174f341916e7,mobilitybench:2a7323a2893a058293,1,mobilitybench
mobilitybench_q_84ebf611dd904aa517,mobilitybench:b109a9597449574787,1,mobilitybench
mobilitybench_q_b4bbf44c1a3b90dc51,mobilitybench:17322219f970a17480,1,mobilitybench
mobilitybench_q_e8355ff321f6aff0b5,mobilitybench:fbefe4df2d0ba2a924,1,mobilitybench
mobilitybench_q_38a9249cc80bfa46c3,mobilitybench:cc3cbcaa32795883f9,1,mobilitybench
mobilitybench_q_cba7b06432865fb043,mobilitybench:52119f42a2ef058557,1,mobilitybench
mobilitybench_q_6bec00713eb6dc63f8,mobilitybench:d3d853e228c2105a20,1,mobilitybench
mobilitybench_q_d452ffc8e2bbb088db,mobilitybench:7b91ff349f4722023f,1,mobilitybench
mobilitybench_q_5d0c9e0a9ec13ef3f5,mobilitybench:479e7df97a6b95b096,1,mobilitybench
mobilitybench_q_7ceed6eda818ee6d21,mobilitybench:7562cdbdb2e9ec7995,1,mobilitybench
mobilitybench_q_5fbd305b49f4684ec7,mobilitybench:33aa469bb154430153,1,mobilitybench
mobilitybench_q_0ba4dacf57f10523c9,mobilitybench:dc111015ea4f71fae5,1,mobilitybench
mobilitybench_q_abc5f85ca27a2180ad,mobilitybench:37a7af52515ced258a,1,mobilitybench
mobilitybench_q_7533a977f491de36ed,mobilitybench:6a2b0c8df805fceaa0,1,mobilitybench
mobilitybench_q_bf19ef0d60c2449a6f,mobilitybench:b6816321786331410d,1,mobilitybench
mobilitybench_q_f4d3792891593165f5,mobilitybench:746cf25153f76aee39,1,mobilitybench
mobilitybench_q_27f2612e09e4d4c9b1,mobilitybench:6898e76fc47ea18fc7,1,mobilitybench
mobilitybench_q_e743363c5c35f96fd8,mobilitybench:852c252015cd3d9bbb,1,mobilitybench
mobilitybench_q_3e32dfe96eeab491ad,mobilitybench:2198e4fe45e401640d,1,mobilitybench
mobilitybench_q_dcc0fa1b1647098f0f,mobilitybench:dc8c0e896dcc61803d,1,mobilitybench
mobilitybench_q_33f1757634513c95d8,mobilitybench:7aa8beecc84ece5259,1,mobilitybench
mobilitybench_q_8ee64c42946d0b8472,mobilitybench:33acc51f1c38caa5c8,1,mobilitybench
mobilitybench_q_e4c4f1fe94aa4395c5,mobilitybench:83c1c28ee10310ca9d,1,mobilitybench
mobilitybench_q_8e2f138b3ef0d2ef43,mobilitybench:1a9514a226325fd98d,1,mobilitybench
mobilitybench_q_8ceb5cdc7658fc55c1,mobilitybench:e5e7118561c13f3654,1,mobilitybench
mobilitybench_q_804c267f2969a62193,mobilitybench:00acd68b7935945653,1,mobilitybench
mobilitybench_q_cefd050356a399bead,mobilitybench:16bbd0e2dd2ed7205f,1,mobilitybench
mobilitybench_q_50fffa2b174572909e,mobilitybench:ecf4a342d31fe4b36b,1,mobilitybench
mobilitybench_q_cd12e5ae86ead1708d,mobilitybench:34fd305b6cec26b97d,1,mobilitybench
mobilitybench_q_bcfea2da3cfa125a9a,mobilitybench:06963a3422d0897541,1,mobilitybench
mobilitybench_q_5b98add5ea58387adc,mobilitybench:466ae9f6ed9921d3b7,1,mobilitybench
mobilitybench_q_4fd579b007a3b3689e,mobilitybench:558c3e46a8ed4a146e,1,mobilitybench
mobilitybench_q_6f066fecfcc9cf37d8,mobilitybench:8b5c3e45e6c4533f34,1,mobilitybench
mobilitybench_q_faabd7d1e8a6f7d850,mobilitybench:5a444183467b2bd452,1,mobilitybench
mobilitybench_q_b6f6c694c944532997,mobilitybench:711d3971b10de40b4f,1,mobilitybench
mobilitybench_q_c8fd0beb18575c1970,mobilitybench:eb57d1bdaee7a65198,1,mobilitybench
mobilitybench_q_d767a66fa2d39accca,mobilitybench:bf9c17598587fa2a2b,1,mobilitybench
mobilitybench_q_80e54fcf95923521e9,mobilitybench:8a6da184a16eedf6e7,1,mobilitybench
mobilitybench_q_94e97211bb5ed64fdf,mobilitybench:e030e77d1d058f5003,1,mobilitybench
mobilitybench_q_ec4c961ebd5cd5ee21,mobilitybench:833c091b168828f5a9,1,mobilitybench
mobilitybench_q_6eb1805ab45f480831,mobilitybench:cb16c8ee99720e4a76,1,mobilitybench
mobilitybench_q_3d02d456a2e1e43f5d,mobilitybench:1c634a5def3e798618,1,mobilitybench
mobilitybench_q_a8f8d8077670b52704,mobilitybench:90e8b66c48ff084722,1,mobilitybench
mobilitybench_q_187eb73f1dec10f7e1,mobilitybench:0d9ae6416c1352fe02,1,mobilitybench
mobilitybench_q_5d024e00a960b81eb9,mobilitybench:26d062ca74de4d1a37,1,mobilitybench
mobilitybench_q_2329c2a40e80c28828,mobilitybench:3c7f64fd556f48fd71,1,mobilitybench
mobilitybench_q_e313c0a9033a832f12,mobilitybench:7aecd03d5af2e3c849,1,mobilitybench
mobilitybench_q_cae52b668660af0ad5,mobilitybench:f7a1d9b7607277b572,1,mobilitybench
mobilitybench_q_ccb231ea49c6d4ed52,mobilitybench:e98a2996275e0d292f,1,mobilitybench
mobilitybench_q_95eaead290ef1bda5d,mobilitybench:98af3557c657bfab6c,1,mobilitybench
mobilitybench_q_ce0b18bf215b28ea3b,mobilitybench:9adfb48a637c673945,1,mobilitybench
mobilitybench_q_acba4d449afd3eb64d,mobilitybench:92752c432e106a4843,1,mobilitybench
mobilitybench_q_9907affde91a62fd70,mobilitybench:3c6c9a83f7e6731082,1,mobilitybench
mobilitybench_q_8079d5b6e2d82a3326,mobilitybench:aa1334a1aa122c443e,1,mobilitybench
mobilitybench_q_096134476bc297b896,mobilitybench:9e6fbb217407ff55da,1,mobilitybench
mobilitybench_q_d2de2c09871a382a6e,mobilitybench:a859fb3d0c4a6a66d7,1,mobilitybench
mobilitybench_q_13a0860659fd4c2d97,mobilitybench:273346876d9b4ed633,1,mobilitybench
mobilitybench_q_edea88adf6d9e47b2a,mobilitybench:d2976e390691fbfd70,1,mobilitybench
mobilitybench_q_263ec9e31ab63b309a,mobilitybench:567cd18861037fa5c1,1,mobilitybench
mobilitybench_q_5d816427392f34ec67,mobilitybench:366296ef5bf1fa2f3f,1,mobilitybench
mobilitybench_q_98daa4be65e4a9d816,mobilitybench:c327338317ac7d1892,1,mobilitybench
mobilitybench_q_7d8e1563d2d505dfa1,mobilitybench:bba590394404877b9e,1,mobilitybench
mobilitybench_q_3604955628254a06e9,mobilitybench:c60348a0a648cb700b,1,mobilitybench
mobilitybench_q_05853e9fbab4afe86f,mobilitybench:41cdd14a7a58f0c79c,1,mobilitybench
mobilitybench_q_4f0c508dfd8718e5c0,mobilitybench:3a1cbdb25188006cec,1,mobilitybench
mobilitybench_q_574cc000147dac0012,mobilitybench:715112b6866273dc31,1,mobilitybench
mobilitybench_q_c85087a89adf1ac224,mobilitybench:1b1dbf631b4dc739b8,1,mobilitybench
mobilitybench_q_1f2033a8d907abc365,mobilitybench:ee5048f6e3be1da621,1,mobilitybench
mobilitybench_q_16c17515ab11c1ab8e,mobilitybench:82b6ce1dd34f267cc8,1,mobilitybench
mobilitybench_q_9a101c58b8de5b3d0b,mobilitybench:63da9bda20d86ca60d,1,mobilitybench
mobilitybench_q_594eb72ab44d113b68,mobilitybench:d684db453f98924cf5,1,mobilitybench
mobilitybench_q_2fa4bb041ca5721ef3,mobilitybench:6111e69ab5102f1d68,1,mobilitybench
mobilitybench_q_ed47230b163f3bf046,mobilitybench:34b7e55a3573903a9e,1,mobilitybench
mobilitybench_q_881d2596894c0ace65,mobilitybench:d167188cde0ddc72cf,1,mobilitybench
mobilitybench_q_19087afeafa5b2a1ae,mobilitybench:d716ecb652005f3ab1,1,mobilitybench
mobilitybench_q_28a341a4776fe15d96,mobilitybench:aaa2fd6f027d3a43eb,1,mobilitybench
mobilitybench_q_29cfe4ec3620dd0140,mobilitybench:038fcd9d8aef27bb22,1,mobilitybench
mobilitybench_q_f3c0578c7b5ee4d4c9,mobilitybench:04ceb411e38aeab81e,1,mobilitybench
mobilitybench_q_9a77770cb2e86c128b,mobilitybench:2b6b1484a46daeeed6,1,mobilitybench
mobilitybench_q_7f2e647a397b0d1fcb,mobilitybench:aa4eb055e0ccc7ea96,1,mobilitybench
mobilitybench_q_f9dcec011eb4f7fbe2,mobilitybench:73620da540770569db,1,mobilitybench
mobilitybench_q_7d51544d13b604f744,mobilitybench:178ac0e173b0530053,1,mobilitybench
mobilitybench_q_fd280b435eec68155b,mobilitybench:744eda59dc3171c7a4,1,mobilitybench
mobilitybench_q_e4adbb6d749a5cde4d,mobilitybench:398d79cdf42811fb9e,1,mobilitybench
mobilitybench_q_1fed2d8c0c847f926e,mobilitybench:5e6450f164015af16a,1,mobilitybench
mobilitybench_q_52f3ceac3328cc4d23,mobilitybench:b8cd52e53a6d10b431,1,mobilitybench
mobilitybench_q_a53c123e8edca5745c,mobilitybench:ee8c4412620aa2d217,1,mobilitybench
mobilitybench_q_7e5f14105bbf8bc1c3,mobilitybench:e01e58c01ecad6cb00,1,mobilitybench
mobilitybench_q_c706f6f28a7839c842,mobilitybench:c4c03c6cf9b0a5c140,1,mobilitybench
mobilitybench_q_fa2a0ca4014488d69d,mobilitybench:913b46c0ccc7a1047f,1,mobilitybench
mobilitybench_q_174782d5b0b9689e37,mobilitybench:5eea3dabe61e4c5ef6,1,mobilitybench
mobilitybench_q_7af7e81fceddaa12f5,mobilitybench:6197fd7826c8986853,1,mobilitybench
mobilitybench_q_1db7e0c2bfeb6aa441,mobilitybench:3ff2327b91734fc666,1,mobilitybench
mobilitybench_q_492fa1086dd80f711b,mobilitybench:f68fe40eaf4a736ee1,1,mobilitybench
mobilitybench_q_530074e8121b22cecc,mobilitybench:1187dea793c31de134,1,mobilitybench
mobilitybench_q_5390dc215a126ac80c,mobilitybench:d39c9401e7c03d4161,1,mobilitybench
mobilitybench_q_5bf986bf39de66a39f,mobilitybench:684822571c419daeea,1,mobilitybench
mobilitybench_q_7e15fc48b9d69ab716,mobilitybench:5f85d7af403af02f12,1,mobilitybench
mobilitybench_q_00417c3fede3ef0b0f,mobilitybench:4488576449ce63a434,1,mobilitybench
mobilitybench_q_c70803ef8ffceeacc2,mobilitybench:08b6a7fc6eeda0e0c4,1,mobilitybench
mobilitybench_q_64053668d88af5ad85,mobilitybench:1d3b1a4495f3399ab2,1,mobilitybench
mobilitybench_q_c0a5bd2f28b86baa95,mobilitybench:86986f08be1db82dac,1,mobilitybench
mobilitybench_q_88258fbeb2feb2a76b,mobilitybench:dacb7c3678faee4802,1,mobilitybench
mobilitybench_q_27d6109b5ed34c1919,mobilitybench:43a0a93270458e67ab,1,mobilitybench
mobilitybench_q_b1dc4eac4fc18bc0a9,mobilitybench:a2cd35228e6e972cb8,1,mobilitybench
mobilitybench_q_8147cea6bef303f542,mobilitybench:9e6ca68fd83b6a8f49,1,mobilitybench
mobilitybench_q_a5680ed1e19fa874f2,mobilitybench:ca4de8175cdb9b5514,1,mobilitybench
mobilitybench_q_acca8a301fe890f9d8,mobilitybench:7399432958709d0afb,1,mobilitybench
mobilitybench_q_365567a679eb16f451,mobilitybench:0de317845da3079eb1,1,mobilitybench
mobilitybench_q_e847ca56ca5c7d0558,mobilitybench:91f2e4147f1cdb7d16,1,mobilitybench
mobilitybench_q_fde8ebf3738107c43b,mobilitybench:cc3db84e65d4d0ab82,1,mobilitybench
mobilitybench_q_851c42c1729b6b1077,mobilitybench:b970665ec307ce595c,1,mobilitybench
mobilitybench_q_a741ee2bc42888ba1d,mobilitybench:4ba3501f6a281c46db,1,mobilitybench
mobilitybench_q_81a75d0b0bd0e86468,mobilitybench:535294ca4c7a323cdd,1,mobilitybench
mobilitybench_q_a999affe452a981201,mobilitybench:6989f3d14d1a14ba19,1,mobilitybench
mobilitybench_q_77dc3d009f0ef7dfbe,mobilitybench:a2cccde51f62964925,1,mobilitybench
mobilitybench_q_9087193258fb647cca,mobilitybench:b9e6a6e66010ee4402,1,mobilitybench
mobilitybench_q_ad89cf6429b9279451,mobilitybench:6214f24b2798033aa5,1,mobilitybench
mobilitybench_q_926274b2f314fa6040,mobilitybench:5e2f57b1f0b8ed98ee,1,mobilitybench
mobilitybench_q_14d3db65a8b6a1fee9,mobilitybench:c10dc3393fb45ccd78,1,mobilitybench
mobilitybench_q_3595e1b9f091d89330,mobilitybench:c3c1c295f0ad7f7b18,1,mobilitybench
mobilitybench_q_a72b9c8690781f3ef2,mobilitybench:bc3a3302e56f817b3e,1,mobilitybench
mobilitybench_q_cba4a59f0bc07e8d66,mobilitybench:9ed0f89ad7680c3906,1,mobilitybench
mobilitybench_q_97b8009b2ee038c188,mobilitybench:efc775beb16e411e4f,1,mobilitybench
mobilitybench_q_47c06eafaed49a8a73,mobilitybench:cea407773abd955926,1,mobilitybench
mobilitybench_q_a60b9e04037d3d2e30,mobilitybench:bc83eee5f1a590fcfe,1,mobilitybench
mobilitybench_q_fc703efe4c0d347ffd,mobilitybench:643ce7d5cc215395d5,1,mobilitybench
mobilitybench_q_612a2ffd17730bbfd5,mobilitybench:78345c52648fac732b,1,mobilitybench
mobilitybench_q_5851f80ff445bb08d0,mobilitybench:b3d3598b882b52496f,1,mobilitybench
mobilitybench_q_449938ff555b5ffe1a,mobilitybench:712a806e750df8a42a,1,mobilitybench
mobilitybench_q_3025b4de69a066010e,mobilitybench:c3d33575371daa2321,1,mobilitybench
mobilitybench_q_4067ae53c4a84f12ed,mobilitybench:0ef8d318f01662d478,1,mobilitybench
mobilitybench_q_0184caf76baae944a7,mobilitybench:0ca75e6616bb1e7afe,1,mobilitybench
mobilitybench_q_a4585b52112a3ad20b,mobilitybench:ca1887b6a1c2f17148,1,mobilitybench
mobilitybench_q_5d5f1b46598eedb6ec,mobilitybench:b2a73da03920c5334c,1,mobilitybench
mobilitybench_q_0d1eb98d301f197872,mobilitybench:b12965bac98bdb05e9,1,mobilitybench
mobilitybench_q_d3abf267aa4bc7f397,mobilitybench:a73c9afae1645f0154,1,mobilitybench
mobilitybench_q_077399a6faf0535c0f,mobilitybench:e47c701c491a380f44,1,mobilitybench
mobilitybench_q_7d7e9167c8edfe916c,mobilitybench:1635d9a48c1f31c80c,1,mobilitybench
mobilitybench_q_c5abb936a29028cf5f,mobilitybench:ac88a7a73adf60ae36,1,mobilitybench
mobilitybench_q_af1922487634303b53,mobilitybench:4689bc03f7083b9003,1,mobilitybench
mobilitybench_q_d5b5ccc2103e652438,mobilitybench:58d7af17260c6e03f4,1,mobilitybench
mobilitybench_q_ac55761325f5c9ef6d,mobilitybench:22f14dbbb704b2c527,1,mobilitybench
mobilitybench_q_5af8c42da84a0d9927,mobilitybench:71c138053617616151,1,mobilitybench
mobilitybench_q_7ace63465767846a73,mobilitybench:6c35b8d5345a7bb9c6,1,mobilitybench
mobilitybench_q_a21f5c7abc43a13758,mobilitybench:af9405b448cd81c44d,1,mobilitybench
mobilitybench_q_2a17b857b1343fce12,mobilitybench:62a1c1041ac0a8b6e0,1,mobilitybench
mobilitybench_q_9d91341fced03bb9b5,mobilitybench:87f8edd2bd65e72e1e,1,mobilitybench
mobilitybench_q_c22a174270078a1e0f,mobilitybench:f24248bd16104b5826,1,mobilitybench
mobilitybench_q_c20c4238e2f4362a21,mobilitybench:681f90708a5efb0e6d,1,mobilitybench
mobilitybench_q_bbcc494981526f6138,mobilitybench:af09e347304f7b4c90,1,mobilitybench
mobilitybench_q_01008b0fb8029823db,mobilitybench:ac79de90ed09a1833c,1,mobilitybench
mobilitybench_q_b9fc51eb7e2da7b4c8,mobilitybench:06a4eba14bd6deff9a,1,mobilitybench
mobilitybench_q_3d7984809673b94e94,mobilitybench:439d90931822e93c61,1,mobilitybench
mobilitybench_q_2015b44f69f3605eb7,mobilitybench:af08695e620a035d3e,1,mobilitybench
mobilitybench_q_ffe2eb983c1b38b7a1,mobilitybench:961dd312bd2518012e,1,mobilitybench
mobilitybench_q_a681aa56527f0acbdb,mobilitybench:d9f87d6816fe38e052,1,mobilitybench
mobilitybench_q_51a01250df10fff6d1,mobilitybench:d1b0ace3332b828461,1,mobilitybench
mobilitybench_q_a274a59172010af73a,mobilitybench:5283dc043754c95d62,1,mobilitybench
mobilitybench_q_44529c6e8adbef3510,mobilitybench:5cb8d7aa38572f624c,1,mobilitybench
mobilitybench_q_aeb2efa6b7e9e9b8a5,mobilitybench:7e45b50ed8cad5a4dc,1,mobilitybench
mobilitybench_q_7e961e4dbe22a1fa90,mobilitybench:b2802c4d82d46c2716,1,mobilitybench
mobilitybench_q_3b15efd7b30bf472f2,mobilitybench:db4143dcbcf64a19a2,1,mobilitybench
mobilitybench_q_fc1c7e2f7bd928da02,mobilitybench:d1a7d85810705bed6f,1,mobilitybench
mobilitybench_q_f73342215aa0de39c8,mobilitybench:9972578b87bcf7eac8,1,mobilitybench
mobilitybench_q_e2ad790a7438af5c96,mobilitybench:fb02a5ba32f163e60d,1,mobilitybench
mobilitybench_q_383a2df50eb8be00fd,mobilitybench:b96307b5995f145a09,1,mobilitybench
mobilitybench_q_a28dc7bee7e5c45b1f,mobilitybench:69380fb31d60a8095f,1,mobilitybench
mobilitybench_q_e96637bff596f08ca1,mobilitybench:b1d1e7765c397b5eb6,1,mobilitybench
mobilitybench_q_31c32fc96a181ee1d6,mobilitybench:1d2f439197dc3921d7,1,mobilitybench
mobilitybench_q_d87c4c672a7901bb61,mobilitybench:628b0fcf305a8b21e9,1,mobilitybench
mobilitybench_q_f7457cf8afb916532f,mobilitybench:d62ee65dad697602cf,1,mobilitybench
mobilitybench_q_830c0565a7e7cbba16,mobilitybench:365a44b4fae91d1ca3,1,mobilitybench
mobilitybench_q_dec84996c8f8ed8291,mobilitybench:718495fb2cd812ca9d,1,mobilitybench
mobilitybench_q_831eb0b7d13b116028,mobilitybench:42cc9f180d1dcdd5b6,1,mobilitybench
mobilitybench_q_ba08c27ab9658b3ddd,mobilitybench:21140269dd024c7670,1,mobilitybench
mobilitybench_q_cc6f74a13b2a75a167,mobilitybench:9c15142fe281a5e232,1,mobilitybench
mobilitybench_q_9991be56272f07db43,mobilitybench:991c6692e7ebec7a2b,1,mobilitybench
mobilitybench_q_e3ef1e631c08941b70,mobilitybench:c51f79bf479fcd8675,1,mobilitybench
mobilitybench_q_6525f90e7c17e24169,mobilitybench:9342c6a38a1d83e2a5,1,mobilitybench
mobilitybench_q_123613cd3dd6dbbe43,mobilitybench:5867c914c9ff7268d3,1,mobilitybench
mobilitybench_q_8dc5f03977c7d3bf72,mobilitybench:e10e238141623d659c,1,mobilitybench
mobilitybench_q_802291adb629eedd8d,mobilitybench:8e8b8b134802aff4a4,1,mobilitybench
mobilitybench_q_1402bc52ad744a8678,mobilitybench:db07dcacbe98008610,1,mobilitybench
mobilitybench_q_7896bc7c98be8b94ba,mobilitybench:9e47fc93a45cf453bc,1,mobilitybench
mobilitybench_q_e8edae5de87d4822ec,mobilitybench:e8a1921d5d7b15fab2,1,mobilitybench
mobilitybench_q_7351e0cac897f0ba65,mobilitybench:85c1e90d2052404fde,1,mobilitybench
mobilitybench_q_9d002b2aa846056e21,mobilitybench:7b2b447304e578950e,1,mobilitybench
mobilitybench_q_1dab823391c0022185,mobilitybench:222d23d370f6ef909b,1,mobilitybench
mobilitybench_q_cec818e1513372391d,mobilitybench:e95b84215cfbe498e2,1,mobilitybench
mobilitybench_q_7979557c648b360592,mobilitybench:cbf8cb7df920caff3b,1,mobilitybench
mobilitybench_q_cfd6524057eddfd5ff,mobilitybench:a2f723ee60040616ad,1,mobilitybench
mobilitybench_q_a9f393a712782e5312,mobilitybench:e75b28f3a7b2e3c488,1,mobilitybench
mobilitybench_q_edb206b6b32ce1b182,mobilitybench:283a8ee836a982d5ca,1,mobilitybench
mobilitybench_q_c94147342f1c50e472,mobilitybench:0539feddb97ab62a54,1,mobilitybench
mobilitybench_q_b89c9fd924ac31200e,mobilitybench:3a2c69e3445f95d0b6,1,mobilitybench
mobilitybench_q_711672d5eeca3b7ff2,mobilitybench:d19b264e10f37c675a,1,mobilitybench
mobilitybench_q_497109b7fb70a05747,mobilitybench:9184e161bdec6edbee,1,mobilitybench
mobilitybench_q_e01abe1aa8de8b8d3e,mobilitybench:637a6d1166f05a95a9,1,mobilitybench
mobilitybench_q_2d271d3c6e00c3cc6f,mobilitybench:50d9deb2b04922fc37,1,mobilitybench
mobilitybench_q_8912483b48e08be19f,mobilitybench:db0fa1c05f0384398a,1,mobilitybench
mobilitybench_q_d22f5f9bb6027f77a4,mobilitybench:2f765caa3219b2ad91,1,mobilitybench
mobilitybench_q_8bdc95761ad23d1090,mobilitybench:22917f01dcd806354a,1,mobilitybench
mobilitybench_q_05e98227e0d4ed64b6,mobilitybench:7d747a84e407124eb2,1,mobilitybench
mobilitybench_q_786dd4e28707c905f4,mobilitybench:edf3cea36c4cfb748d,1,mobilitybench
mobilitybench_q_aae2ba8360592fd65e,mobilitybench:ef1404b99d49ffb3e1,1,mobilitybench
mobilitybench_q_7e515c2aa71a7dfdfc,mobilitybench:e2dae71423ef6a88ff,1,mobilitybench
mobilitybench_q_fbbaa1824ba29b834c,mobilitybench:7e2bfbd31aefff38a6,1,mobilitybench
mobilitybench_q_5befa3be1bd2be35ea,mobilitybench:15a9572eb9940e19b4,1,mobilitybench
mobilitybench_q_5b5811fac39a349a28,mobilitybench:f292dc69543d964e99,1,mobilitybench
mobilitybench_q_a78e8cb1d3f60e25f5,mobilitybench:aaaf7e6550da6319f4,1,mobilitybench
mobilitybench_q_5dd028f517c857b6c1,mobilitybench:2acc578839a3355118,1,mobilitybench
mobilitybench_q_ae6e797c5444dfa5a0,mobilitybench:1620d8bd9b76ccb547,1,mobilitybench
mobilitybench_q_dc26c6e357d4143780,mobilitybench:46f6504663a3069d77,1,mobilitybench
mobilitybench_q_78754b5131ffee55fb,mobilitybench:6bc97885a88a2c0c22,1,mobilitybench
mobilitybench_q_1c08db6775b7665eb1,mobilitybench:25dcf8931b5641adb9,1,mobilitybench
mobilitybench_q_afdb0f7e1426dc538d,mobilitybench:ce3febc13edd4bc5bb,1,mobilitybench
mobilitybench_q_9c26d1adf2753bc9da,mobilitybench:dcdbf7d60b10de5a47,1,mobilitybench
mobilitybench_q_7707136e21f1b27994,mobilitybench:5bf2b49e086580a5bb,1,mobilitybench
mobilitybench_q_ba701324eb4b29d3f2,mobilitybench:573c0e9bb7d5af11c0,1,mobilitybench
mobilitybench_q_b5be619cb4bff712a1,mobilitybench:f50136c7464ca1c80e,1,mobilitybench
mobilitybench_q_11f5bc176bd5e6a439,mobilitybench:4dd31108708552f1f9,1,mobilitybench
mobilitybench_q_a64bd338f7fd63e777,mobilitybench:afb0e964746cb29c61,1,mobilitybench
mobilitybench_q_b7cc1e639b9870805e,mobilitybench:b70b4ccdc8c42c0328,1,mobilitybench
mobilitybench_q_18db9c4933cd65bd6c,mobilitybench:f0ac80691c42d0bdc5,1,mobilitybench
mobilitybench_q_4a76ede196edff0923,mobilitybench:8d109fa2b70c7cdc72,1,mobilitybench
mobilitybench_q_ccf755827121092032,mobilitybench:ed836dd2570d1725d1,1,mobilitybench
mobilitybench_q_c4774e866b7f5cc710,mobilitybench:a595afd21dc40f70db,1,mobilitybench
mobilitybench_q_9b68827af6713191ac,mobilitybench:db1c586e9de81e86c0,1,mobilitybench
mobilitybench_q_397f9499855ff8ae8a,mobilitybench:bc950c81e3a3749eb6,1,mobilitybench
mobilitybench_q_36b1366fdf2eadb398,mobilitybench:feec6f167f5b4b183f,1,mobilitybench
mobilitybench_q_e036a0e43be96f6290,mobilitybench:3f9c895f97f099a364,1,mobilitybench
mobilitybench_q_f44a7864907b291544,mobilitybench:2216a267232f7b818a,1,mobilitybench
mobilitybench_q_d994b61458cdc65d7d,mobilitybench:944940f685c5faf69e,1,mobilitybench
mobilitybench_q_5eaf7660db938cd99b,mobilitybench:076f54bacf5ea44bff,1,mobilitybench
mobilitybench_q_88e70a812f8c5fd2f6,mobilitybench:71ed9b349f3e15bbce,1,mobilitybench
mobilitybench_q_5efdb80eca33f6a4ca,mobilitybench:2449c02cdf557ff613,1,mobilitybench
mobilitybench_q_1b295a78a5ffb0374a,mobilitybench:6e45bb5aca01971898,1,mobilitybench
mobilitybench_q_7a8bd229298d3a9855,mobilitybench:c952b203328d86c1b3,1,mobilitybench
mobilitybench_q_4284394f64a7669c84,mobilitybench:45d8a86a94df1f9ead,1,mobilitybench
mobilitybench_q_f829a2969cffd4218e,mobilitybench:76676b2e775b940bee,1,mobilitybench
mobilitybench_q_96d84e26fb980cf0b6,mobilitybench:e6cbb9cb205cee7d3b,1,mobilitybench
mobilitybench_q_ffdcef40ba2e83383a,mobilitybench:bebe929dd3c68783df,1,mobilitybench
mobilitybench_q_481e4490bbb0ccef34,mobilitybench:7b6896bc41a104506a,1,mobilitybench
mobilitybench_q_21919b248bbe9cca66,mobilitybench:8e7f5558804df60204,1,mobilitybench
mobilitybench_q_6f858c88bd9fbcaad1,mobilitybench:99a94abcf542ebdfbe,1,mobilitybench
mobilitybench_q_2365efd18b9ba9235c,mobilitybench:25ec91fa529a2813ee,1,mobilitybench
mobilitybench_q_b461536bc007d51489,mobilitybench:e9b073a5720a6dc46c,1,mobilitybench
mobilitybench_q_264858d81febf55e3f,mobilitybench:d6a3a6b1d0034f6d1b,1,mobilitybench
mobilitybench_q_ad0f729b96a8ce1d3d,mobilitybench:8a3f1eac967e03aed2,1,mobilitybench
mobilitybench_q_27f4145eb8f84f3d85,mobilitybench:cf1eaaf2f7f45c38ab,1,mobilitybench
mobilitybench_q_75012c05e3b1cff052,mobilitybench:cffbaf55e1b3becf91,1,mobilitybench
mobilitybench_q_69724b62cbf6ccc9c9,mobilitybench:d92212feb33dca767a,1,mobilitybench
mobilitybench_q_62e4be72c1a41216e2,mobilitybench:a5921fdc52bcfee0f3,1,mobilitybench
mobilitybench_q_699ae0b28e1d4c5237,mobilitybench:b19eeeda0bec9a5e38,1,mobilitybench
mobilitybench_q_2c8fbb5f52ac2dc331,mobilitybench:f22b41cdd83e708f56,1,mobilitybench
mobilitybench_q_a1b55b1d18845c5e2c,mobilitybench:e719abda5a4d04ede5,1,mobilitybench
mobilitybench_q_5ef1ac6436d623c379,mobilitybench:560ff8391af0cfcdde,1,mobilitybench
mobilitybench_q_028a745e09fdc4d71d,mobilitybench:5bd3418307748f4be7,1,mobilitybench
mobilitybench_q_b35a6bfdd7f8ff782f,mobilitybench:7556f38007455f3fd8,1,mobilitybench
mobilitybench_q_8add786718e23c9f89,mobilitybench:0fcb21f7255c304cc3,1,mobilitybench
mobilitybench_q_fd29ae074c3a7cbd90,mobilitybench:d35b7a72981b3fc7d1,1,mobilitybench
mobilitybench_q_5e79bdee36155cd97d,mobilitybench:4d00e22a127b6e5940,1,mobilitybench
mobilitybench_q_7f558cd476bfb3a57a,mobilitybench:282d22d8531fc9cf26,1,mobilitybench
mobilitybench_q_c5127b20ed389e288d,mobilitybench:086344d0262691b482,1,mobilitybench
mobilitybench_q_fdb7c8c120e18bcba1,mobilitybench:c4418a398e0ef8ffc3,1,mobilitybench
mobilitybench_q_c179c7ffd2986b4dbf,mobilitybench:3dc1a8eda8dcde06af,1,mobilitybench
mobilitybench_q_bda4b8c9590ef1e420,mobilitybench:dd2d305cd087a56647,1,mobilitybench
mobilitybench_q_ff44b0063ca3141d73,mobilitybench:0c0a2f6b061f9e7070,1,mobilitybench
mobilitybench_q_d8d041315a316a8a4d,mobilitybench:c957fb34256e636da6,1,mobilitybench
mobilitybench_q_1adec6b31f1dd2a5b8,mobilitybench:4fc669d087e9407017,1,mobilitybench
mobilitybench_q_f79b013c224ffdd58e,mobilitybench:8cd21842f24514c994,1,mobilitybench
mobilitybench_q_bb54cd1c1aaeb5b361,mobilitybench:2812a875ca7f867468,1,mobilitybench
mobilitybench_q_2e7c4e31bd96d25fb7,mobilitybench:3cc54d156ee09cf717,1,mobilitybench
mobilitybench_q_f86ff2b148336121f1,mobilitybench:ce67a08c2d33b1dbfd,1,mobilitybench
mobilitybench_q_0b6c5d2d26872f5243,mobilitybench:f40952379b03f9b35e,1,mobilitybench
mobilitybench_q_b5c9b7044d9b2e0b3b,mobilitybench:09427e5bd1d5994c83,1,mobilitybench
mobilitybench_q_0cb538cb32f32ae87e,mobilitybench:76e373e39e52f09ec9,1,mobilitybench
mobilitybench_q_025b800bcc6017d4bc,mobilitybench:545cebabff1bb1a8bc,1,mobilitybench
mobilitybench_q_649ca3cd4a68ac5891,mobilitybench:95a18c201277a16f6a,1,mobilitybench
mobilitybench_q_b743f4fd96625cc4c3,mobilitybench:f0e5a9a1953867b3b3,1,mobilitybench
mobilitybench_q_8472578efbb6f080f2,mobilitybench:e7bb4696f5a1d57d3b,1,mobilitybench
mobilitybench_q_71a28ab59fc8a1e5d4,mobilitybench:59fe28a08488efd04a,1,mobilitybench
mobilitybench_q_638d9f0caabdd19fa1,mobilitybench:7a2d254b5646567eef,1,mobilitybench
mobilitybench_q_97c57ab313af059b7e,mobilitybench:6b40fa0c968c9dfbc2,1,mobilitybench
mobilitybench_q_3850875d90f75d26b7,mobilitybench:f77d55b649653b519b,1,mobilitybench
mobilitybench_q_54d01c599e627ec02d,mobilitybench:fe619a9b60baab4557,1,mobilitybench
mobilitybench_q_9db531c991ed5193b7,mobilitybench:ab621244816f030639,1,mobilitybench
mobilitybench_q_3ffb3f2fea7a216f6f,mobilitybench:36ea4fdd93048a5c9c,1,mobilitybench
mobilitybench_q_5c0b24b0b09c002cfa,mobilitybench:692c48bb30d03c3d31,1,mobilitybench
mobilitybench_q_14e8f353f2620ff57b,mobilitybench:c0e2a9df02fc7b308b,1,mobilitybench
mobilitybench_q_6ae2e7f19b7b758adf,mobilitybench:9e25ee32c7cd212793,1,mobilitybench
mobilitybench_q_65bd9fa29a135cbd4d,mobilitybench:10c3e90421faad62a1,1,mobilitybench
mobilitybench_q_79d87ec1912d50177b,mobilitybench:7d011055b60cb5e149,1,mobilitybench
mobilitybench_q_aff7454a3fcfd36b69,mobilitybench:2ee8e39e841cd83d9a,1,mobilitybench
mobilitybench_q_395cbb4149ffae663f,mobilitybench:f87d517324df81046c,1,mobilitybench
mobilitybench_q_6350cf23829a1f7d32,mobilitybench:1f3cb5535c90509100,1,mobilitybench
mobilitybench_q_2bc9e45af738997baa,mobilitybench:3a46643e97263dc3e3,1,mobilitybench
mobilitybench_q_48ac82b0dd18aa5eda,mobilitybench:428be8026fcd7c9525,1,mobilitybench
mobilitybench_q_bec25ccaf9c90bcd92,mobilitybench:8c1b67da75793f4599,1,mobilitybench
mobilitybench_q_2c9e662713bb00fe7f,mobilitybench:af8c37f102f8188121,1,mobilitybench
mobilitybench_q_162f9d792e669fc297,mobilitybench:60b7646906b9d783b3,1,mobilitybench
mobilitybench_q_b1465463e87c54917d,mobilitybench:694dd56d5eab53e4ed,1,mobilitybench
mobilitybench_q_5e5935f7aa79ccbf9e,mobilitybench:2401c78ba574980db6,1,mobilitybench
mobilitybench_q_43f337ed6cb81a86bc,mobilitybench:22319bad49b692c569,1,mobilitybench
mobilitybench_q_1f97b06ba403f6ae60,mobilitybench:161da565118572f8f1,1,mobilitybench
mobilitybench_q_eb667cacd3f54deacf,mobilitybench:6f1c5f7c823e2c5e7f,1,mobilitybench
mobilitybench_q_496e5f13bd0e58d96d,mobilitybench:886ac2c004bea1c3f3,1,mobilitybench
mobilitybench_q_9e7bd6c51d505e5c0d,mobilitybench:bcc1bad57443293f34,1,mobilitybench
mobilitybench_q_095d7d07ea8b5a2c9d,mobilitybench:61ca2bb19ef9959462,1,mobilitybench
mobilitybench_q_f1c42b42f7ca97d6ff,mobilitybench:0a4eeffa8312e22354,1,mobilitybench
mobilitybench_q_eee92bebff30220b26,mobilitybench:4ed5718044b7e2991e,1,mobilitybench
mobilitybench_q_c9468108683d1952c8,mobilitybench:83cdf80af87b80af9f,1,mobilitybench
mobilitybench_q_9408ae57aee4d99063,mobilitybench:27739cb2cf5e819fe6,1,mobilitybench
mobilitybench_q_658348047a751d25bf,mobilitybench:10eb32aa10b92b66b3,1,mobilitybench
mobilitybench_q_104748bfe54448b82f,mobilitybench:e7e141f0cc78b64240,1,mobilitybench
mobilitybench_q_8635afc9e8a4a897c3,mobilitybench:4d34d5cde8ed69abdb,1,mobilitybench
mobilitybench_q_db1d89cb5da3e45edf,mobilitybench:b6a21eb9cbbd47ad9b,1,mobilitybench
mobilitybench_q_8a86f09085dbee2123,mobilitybench:0fa6df78b82715ff49,1,mobilitybench
mobilitybench_q_90178a9350d94b91b5,mobilitybench:196e487bfd367d29e4,1,mobilitybench
mobilitybench_q_8097571434e76d7594,mobilitybench:eef7eb2e5258df6f08,1,mobilitybench
mobilitybench_q_e2c78bd70dc666ed97,mobilitybench:d682401d6b27157ab3,1,mobilitybench
mobilitybench_q_dd5fb5f87592a4f132,mobilitybench:589602dcc2e317be52,1,mobilitybench
mobilitybench_q_a8163805d28ebcfe87,mobilitybench:23a9c780915fbecbcd,1,mobilitybench
mobilitybench_q_6c8f32e0ea3c8b62b0,mobilitybench:200469d102546a30e7,1,mobilitybench
mobilitybench_q_0b82a2e4f17f3f5669,mobilitybench:3490a70021bc64b876,1,mobilitybench
mobilitybench_q_bd00ad554b41aab8fb,mobilitybench:5ca716eaa637afc980,1,mobilitybench
mobilitybench_q_d64981ab94ff0e9723,mobilitybench:26c84032bfdc85bdbf,1,mobilitybench
mobilitybench_q_66c351ce86df11935f,mobilitybench:083895704d7dd5b8f0,1,mobilitybench
mobilitybench_q_d673507d1885d01f7f,mobilitybench:cc7ea456f588394be3,1,mobilitybench
mobilitybench_q_d4a14f61130b2e614c,mobilitybench:1815b79e968fc8c6dc,1,mobilitybench
mobilitybench_q_1bbf8e26313a01e331,mobilitybench:c98ba1a5cba9983b9c,1,mobilitybench
mobilitybench_q_091ddd3ee2d5e87e1e,mobilitybench:99e123dbfa01a45a34,1,mobilitybench
mobilitybench_q_80d66919909bf570cd,mobilitybench:7adaad8749d0646492,1,mobilitybench
mobilitybench_q_d5325662d0ad693a7d,mobilitybench:16477fed4c1261c14c,1,mobilitybench
mobilitybench_q_195ffb26122d410901,mobilitybench:75fe322dc912e87f22,1,mobilitybench
mobilitybench_q_3fddd8d6d1c314c924,mobilitybench:e7a416a3ca8cea9c5c,1,mobilitybench
mobilitybench_q_33e7a04a4c4d16a57f,mobilitybench:0d66e6c89cbb1d046d,1,mobilitybench
mobilitybench_q_bcd0867f1657e9cf19,mobilitybench:e3b45e8ee8f0abad7e,1,mobilitybench
mobilitybench_q_a6fcb26dd85af35259,mobilitybench:553e6c999f0e547983,1,mobilitybench
mobilitybench_q_22146fdf375dc97ec8,mobilitybench:d4c4c2c9c6b4d3b044,1,mobilitybench
mobilitybench_q_4fac0650507061d9ec,mobilitybench:68edab188f0a2c47f7,1,mobilitybench
mobilitybench_q_da1de3c581ecdc684c,mobilitybench:ff69a5a21625a79524,1,mobilitybench
mobilitybench_q_694b74354e7afec594,mobilitybench:48fe1f3221f2e2ffd3,1,mobilitybench
mobilitybench_q_dc8bffcb54f066ed6f,mobilitybench:ce0dd5ba7f73d657b1,1,mobilitybench
mobilitybench_q_8706e09c404af30ff8,mobilitybench:59d74e91e129ba8cc5,1,mobilitybench
mobilitybench_q_3c52960ec8d6d0d78d,mobilitybench:2ab01cc815f0748ac1,1,mobilitybench
mobilitybench_q_166b984aafe8933b4d,mobilitybench:83634aa2f962490f0b,1,mobilitybench
mobilitybench_q_91ae7d2f0eb5c1d7dd,mobilitybench:32214bd26b76ae5b4e,1,mobilitybench
mobilitybench_q_79bfd010f9fcd32d72,mobilitybench:429b835f9b20a0f068,1,mobilitybench
mobilitybench_q_dc9d73e151ee2ebbf7,mobilitybench:163394bcaeb6baa09e,1,mobilitybench
mobilitybench_q_3ec8b4975360221919,mobilitybench:1c72dc177bbd408d70,1,mobilitybench
mobilitybench_q_cb8bfe646ac2265e2f,mobilitybench:0203fcff0eb481e2e7,1,mobilitybench
mobilitybench_q_eeae4ab489bda8d990,mobilitybench:e724b125937d4ac234,1,mobilitybench
mobilitybench_q_96619c51e427eb0c14,mobilitybench:261639cf2de8e80f3c,1,mobilitybench
mobilitybench_q_0ce8e4a59c55d5276a,mobilitybench:36940dec260dc1eccd,1,mobilitybench
mobilitybench_q_48f29be382b3ce4112,mobilitybench:3e95ee31737bb882cd,1,mobilitybench
mobilitybench_q_7f01b52ef28f77c9ae,mobilitybench:4e519ec51f4bbb9754,1,mobilitybench
mobilitybench_q_000ee336a0d659c15b,mobilitybench:6d51a75d989424567c,1,mobilitybench
mobilitybench_q_ede3c215185ae7325b,mobilitybench:06be393859f597b77e,1,mobilitybench
mobilitybench_q_e416b4f1f1181d3d4b,mobilitybench:bf89b9ef9ff88d308b,1,mobilitybench
mobilitybench_q_f672de131db5a41dc0,mobilitybench:879dc3ded3b6b86b0e,1,mobilitybench
mobilitybench_q_f6f3f61caedf5b2fd9,mobilitybench:d46ef24893bae29f5c,1,mobilitybench
mobilitybench_q_d5d807ac0fbc6f3546,mobilitybench:fde508281c45c726b6,1,mobilitybench
mobilitybench_q_c19a7c4e1da2b4e79d,mobilitybench:18e4b4441753c25009,1,mobilitybench
mobilitybench_q_7981d5ca89d35f83b3,mobilitybench:bc466bd9f02fed980e,1,mobilitybench
mobilitybench_q_0dcb0def07e05dc9c6,mobilitybench:e6829b9ec25a8dc8df,1,mobilitybench
mobilitybench_q_fadde5635072a95848,mobilitybench:6f55f682f3cac2f4dc,1,mobilitybench
mobilitybench_q_520ed3feb46de1ca5f,mobilitybench:525654f648991d268c,1,mobilitybench
mobilitybench_q_3ae9a1aa402d8b7ca5,mobilitybench:ea21c3aca4ca10c601,1,mobilitybench
mobilitybench_q_6a5fa32d5dea5c3ac1,mobilitybench:774049407cf570f503,1,mobilitybench
mobilitybench_q_e3d548e916ac5fa258,mobilitybench:9cebc558a9f4ecdcba,1,mobilitybench
mobilitybench_q_fc0efcfca23b6537d4,mobilitybench:53157ec8471872d4a0,1,mobilitybench
mobilitybench_q_19630887f8fff4465b,mobilitybench:1fa3f76de3cf30fd81,1,mobilitybench
mobilitybench_q_d600a0d198245d978b,mobilitybench:892c3f311a15467a91,1,mobilitybench
mobilitybench_q_204248c80082324f28,mobilitybench:444c32b38069d795c5,1,mobilitybench
mobilitybench_q_9245c2276002a1b12b,mobilitybench:38a1f7fe7f73f66809,1,mobilitybench
mobilitybench_q_371ed7e86bd86a49ac,mobilitybench:ec38e4541f6e6bcacf,1,mobilitybench
mobilitybench_q_3d8b1925da71e2fd03,mobilitybench:954480156b564e6211,1,mobilitybench
mobilitybench_q_459bb43919f5796002,mobilitybench:33cb3dfaae212435e6,1,mobilitybench
mobilitybench_q_4fd19557f62132790d,mobilitybench:9d77e456420206b288,1,mobilitybench
mobilitybench_q_8e92a9dc6546ba6eda,mobilitybench:8e8f8aacb6fd43a699,1,mobilitybench
mobilitybench_q_0a62f14ce645e8faa1,mobilitybench:43b17d184a34115501,1,mobilitybench
mobilitybench_q_596db833258c8c85bf,mobilitybench:1ddb00c07f54d3c59a,1,mobilitybench
mobilitybench_q_bc838140a36d45478a,mobilitybench:63ff47dd0cf33409fb,1,mobilitybench
mobilitybench_q_9a827f6ac8847c3592,mobilitybench:93d2daaa42147517dc,1,mobilitybench
mobilitybench_q_6572f5ff26636a8d7d,mobilitybench:bfc36b94751465782c,1,mobilitybench
mobilitybench_q_190f5482d137992e31,mobilitybench:29b1dd9540146057fb,1,mobilitybench
mobilitybench_q_31ca25fd96c2f91f98,mobilitybench:51808db6da3e9393cc,1,mobilitybench
mobilitybench_q_4fa05080e59e512e5e,mobilitybench:4425d3a44565eb7e5c,1,mobilitybench
mobilitybench_q_ecfd93a3f7ec4ca5c9,mobilitybench:919e4152e344548f41,1,mobilitybench
mobilitybench_q_3e54015a6da029d2a2,mobilitybench:0ae8d7b151ed4053eb,1,mobilitybench
mobilitybench_q_329114280cafe98615,mobilitybench:b82566589c597fb3de,1,mobilitybench
mobilitybench_q_f2be553fb3b3726c6f,mobilitybench:b8c76cbd1d44f8a55f,1,mobilitybench
mobilitybench_q_c9b0acbc5887cf467a,mobilitybench:a885af23dda3f238e7,1,mobilitybench
mobilitybench_q_32a45d5f64fb6421ef,mobilitybench:dcb1478c36c85956fd,1,mobilitybench
mobilitybench_q_d65843743cb7eead5a,mobilitybench:a441cba38f629a8c56,1,mobilitybench
mobilitybench_q_c516e01312ef501644,mobilitybench:3cd86f0f905be30264,1,mobilitybench
mobilitybench_q_03b3f5f3bab587cd75,mobilitybench:664b35c118a6f23a5c,1,mobilitybench
mobilitybench_q_9f60bd3cc578ba5067,mobilitybench:c89385fb80e8ebf3b4,1,mobilitybench
mobilitybench_q_24779ff98bb2dce498,mobilitybench:019a452fbaa781bf99,1,mobilitybench
mobilitybench_q_7fd5138f520be87102,mobilitybench:6be38efc60606fc0e1,1,mobilitybench
mobilitybench_q_64be97f3a60bfa552d,mobilitybench:e1c2ae04753536fe8f,1,mobilitybench
mobilitybench_q_5bc8bdf2c55e7621a4,mobilitybench:74ded98dd86648ce8c,1,mobilitybench
mobilitybench_q_d47811cc8ce2855854,mobilitybench:2c69962384f22d7240,1,mobilitybench
mobilitybench_q_8c4e1df87f7128df3c,mobilitybench:a721d4587c194202a4,1,mobilitybench
mobilitybench_q_df31f3d6df15036f81,mobilitybench:46bf36313e896df111,1,mobilitybench
mobilitybench_q_58aaf5d3e3b856f01d,mobilitybench:96a73458186df7e6b5,1,mobilitybench
mobilitybench_q_3775bbe77de0ee53bd,mobilitybench:234d9ca5f171c025d5,1,mobilitybench
mobilitybench_q_7aa38cd2a44d0968ed,mobilitybench:b3446ee0d88cc55017,1,mobilitybench
mobilitybench_q_629447c0703455b302,mobilitybench:6d9b4b43b20074fa9e,1,mobilitybench
mobilitybench_q_f7507aaa901f61c3b4,mobilitybench:f48ab6082c29bc9d86,1,mobilitybench
mobilitybench_q_17724ca43aee2ed132,mobilitybench:885510a9695a1a7479,1,mobilitybench
mobilitybench_q_4ed4286e4b33339c28,mobilitybench:ad2571e91e460cb2b3,1,mobilitybench
mobilitybench_q_3766f846d8ae56c97c,mobilitybench:145cb65fee878ae0a2,1,mobilitybench
mobilitybench_q_35f7c1bb135376c49d,mobilitybench:c859ed2b6af0ad4bb1,1,mobilitybench
mobilitybench_q_e88269b1a8215fa6e8,mobilitybench:c085e8438659e5be5f,1,mobilitybench
mobilitybench_q_08220dca2d914a9f4a,mobilitybench:4fcdfad7283296f2b6,1,mobilitybench
mobilitybench_q_95cc5a067c26a25d92,mobilitybench:cc55909e949880ff87,1,mobilitybench
mobilitybench_q_86b905a82fcc62c196,mobilitybench:3eb60a595d26e663c9,1,mobilitybench
mobilitybench_q_bf3d051e8a7dc9872c,mobilitybench:b2e3cb2ad0c5b864e6,1,mobilitybench
mobilitybench_q_46ea6833aa77b4fcbd,mobilitybench:729334a646f738fee0,1,mobilitybench
mobilitybench_q_307a085da09490a5a8,mobilitybench:a70a74a56138a9411e,1,mobilitybench
mobilitybench_q_1dda42700f74042ff5,mobilitybench:0fb10216e0f9156264,1,mobilitybench
mobilitybench_q_fc7e53c9ac2e69822f,mobilitybench:e6a2b38878ec67413f,1,mobilitybench
mobilitybench_q_e34aea60a9634c239b,mobilitybench:e622ddf1dfe1d55a07,1,mobilitybench
mobilitybench_q_b8551371e2b4ee8555,mobilitybench:d7aedfe44dd88304d7,1,mobilitybench
mobilitybench_q_35f7465ac420cbd625,mobilitybench:1b07017e86a868e49d,1,mobilitybench
mobilitybench_q_a48b7ac3b8b2e34ee8,mobilitybench:f58d8ddae134976048,1,mobilitybench
mobilitybench_q_6c818ea7658ebac1b8,mobilitybench:a879ca3e5829277072,1,mobilitybench
mobilitybench_q_dcf94abaa33dde57f5,mobilitybench:8fff3904eb072a975b,1,mobilitybench
mobilitybench_q_15f1da794f6b4b5ecf,mobilitybench:2eac53712267f3cf63,1,mobilitybench
mobilitybench_q_4e979f17aa0e8fd885,mobilitybench:3d69bb0ad124114b9e,1,mobilitybench
mobilitybench_q_53cde9eaa26bd84e22,mobilitybench:0809729af3199fabb3,1,mobilitybench
mobilitybench_q_9de10d199d7a7c7627,mobilitybench:9d6462b45ff68810ce,1,mobilitybench
mobilitybench_q_2831c360bf0b4f68df,mobilitybench:4ad6b3cba9b0e80bca,1,mobilitybench
mobilitybench_q_3800c35874fe678210,mobilitybench:277a7b35910c0a4ffc,1,mobilitybench
mobilitybench_q_3686922475e4b3acbf,mobilitybench:f99cdcebf50c91dbee,1,mobilitybench
mobilitybench_q_539fce1a38be6fba83,mobilitybench:d571c9df9f717a2236,1,mobilitybench
mobilitybench_q_dd0190f4589b95d568,mobilitybench:f41c79200c99a2af6a,1,mobilitybench
mobilitybench_q_5661a0ad8549ae8d9c,mobilitybench:59f862c9c7d0af3154,1,mobilitybench
mobilitybench_q_57a12036342d4ae58f,mobilitybench:0900685a57f5cd4d87,1,mobilitybench
mobilitybench_q_d234bbaf4c85508a40,mobilitybench:91a6ba218cc0b9a87a,1,mobilitybench
mobilitybench_q_a3f49e8ae5a87905e1,mobilitybench:e3bc20d95e68da646b,1,mobilitybench
mobilitybench_q_dd11bca0a59e74ba13,mobilitybench:43be2081228e381bab,1,mobilitybench
mobilitybench_q_e77b57d05cdf3268a2,mobilitybench:58b421b174719e9f5e,1,mobilitybench
mobilitybench_q_2550c03862327e4a4c,mobilitybench:46ec99f13ec9d6fdbe,1,mobilitybench
mobilitybench_q_62acc37ca8a374dcba,mobilitybench:642a52c61fffecb8f6,1,mobilitybench
mobilitybench_q_135202081747c56993,mobilitybench:4a5f95fb51696c6de3,1,mobilitybench
mobilitybench_q_c24f218090730bdea4,mobilitybench:eddf995edf00bd54f2,1,mobilitybench
mobilitybench_q_0f36464fe88ab11d2c,mobilitybench:e13c804361e43410fb,1,mobilitybench
mobilitybench_q_4d71756e38480d9b98,mobilitybench:2303b18deaa2ab5093,1,mobilitybench
mobilitybench_q_2877ecbd76999fc692,mobilitybench:1ae07ea9d409f1f000,1,mobilitybench
mobilitybench_q_95e60afe57d5f74e56,mobilitybench:a68b6a0c14f8380373,1,mobilitybench
mobilitybench_q_3ba082ccd3d9c07cf6,mobilitybench:995205e24708595929,1,mobilitybench
mobilitybench_q_37f382daddbf058184,mobilitybench:72072687b3815866f7,1,mobilitybench
mobilitybench_q_cfdcc74cd4b518b15c,mobilitybench:3155636e396cce36db,1,mobilitybench
mobilitybench_q_686f25307c6cf69270,mobilitybench:159678da237b845e1d,1,mobilitybench
mobilitybench_q_8138a690aee83f577c,mobilitybench:d3f7c1fe12b99732c6,1,mobilitybench
mobilitybench_q_df00efa15647a2b9f0,mobilitybench:8c9fb139fa69f2401e,1,mobilitybench
mobilitybench_q_61e8b6bfaf43efb0be,mobilitybench:6d88de729bf573a926,1,mobilitybench
mobilitybench_q_09b3a4061cd9b28ae6,mobilitybench:f9d491f408b5aef7dd,1,mobilitybench
mobilitybench_q_11ea1444eca4c70957,mobilitybench:46bfba70a94cccd9e4,1,mobilitybench
mobilitybench_q_c70b98e805381b4522,mobilitybench:88d67f5b7752bac881,1,mobilitybench
mobilitybench_q_c820ac0786e89b195f,mobilitybench:bf708c52bde38fa2a7,1,mobilitybench
mobilitybench_q_885554b5931b176680,mobilitybench:717e2aac06be74ec8d,1,mobilitybench
mobilitybench_q_2307ba7686e3294148,mobilitybench:bbb0a46b22f6533982,1,mobilitybench
mobilitybench_q_9d773cb33d060cbc01,mobilitybench:30f91f3da30b8a95a1,1,mobilitybench
mobilitybench_q_7f972662728591bc9c,mobilitybench:96cfd67bb464f3af7d,1,mobilitybench
mobilitybench_q_0bef56bf704d5e24cb,mobilitybench:fdf07c18313ed33a87,1,mobilitybench
mobilitybench_q_65332d4073fe5fe910,mobilitybench:cf724e30707fa92f03,1,mobilitybench
mobilitybench_q_9ba4a0fa883e9a6891,mobilitybench:2900d7f4a190e54b8b,1,mobilitybench
mobilitybench_q_ff947de396dcc187df,mobilitybench:58614c4714070dc7cb,1,mobilitybench
mobilitybench_q_af2008537b49560e92,mobilitybench:091007c1bedf670f77,1,mobilitybench
mobilitybench_q_591833e175a0c09327,mobilitybench:dc555b3197add75e58,1,mobilitybench
mobilitybench_q_ba9fe3a8dcba615109,mobilitybench:867963574f99083ff8,1,mobilitybench
mobilitybench_q_d477010d939606a615,mobilitybench:2ce1c64a53ce2faaca,1,mobilitybench
mobilitybench_q_eb8c79eea863f062a0,mobilitybench:ed57ed72d5e211dbcd,1,mobilitybench
mobilitybench_q_375fc280e34baf95e8,mobilitybench:57539f432b6f82c6ce,1,mobilitybench
mobilitybench_q_1b854cc118ad16d303,mobilitybench:de8f920d8b2f2846d1,1,mobilitybench
mobilitybench_q_927a2f02e3e559c824,mobilitybench:adc59041a57b8a6df9,1,mobilitybench
mobilitybench_q_34008a4397acf5c0cc,mobilitybench:e58e08b81eef5ed6a5,1,mobilitybench
mobilitybench_q_f6ec6c8f6f75488957,mobilitybench:75e1ba1a3853bc9ba1,1,mobilitybench
mobilitybench_q_9db56b7cf09fde9478,mobilitybench:cc3b86b6fe971f3dad,1,mobilitybench
mobilitybench_q_44f3e2e22930a60889,mobilitybench:056fad87962169e1a7,1,mobilitybench
mobilitybench_q_bc0541e401f65447d4,mobilitybench:7eb0760d4c5db92b7a,1,mobilitybench
mobilitybench_q_f1a703184a867a15e9,mobilitybench:fd2a8f9721af3cb37b,1,mobilitybench
mobilitybench_q_9aa060779ee7e7c155,mobilitybench:cfb216d9f45467418f,1,mobilitybench
mobilitybench_q_08d5ae6da001f42188,mobilitybench:27849d654c711c581b,1,mobilitybench
mobilitybench_q_7789b1549010a1ce50,mobilitybench:5ca2a8de34d4a3f574,1,mobilitybench
mobilitybench_q_98a3e1371a7c997783,mobilitybench:03e886b13833fa9255,1,mobilitybench
mobilitybench_q_75be4bd67640dba72c,mobilitybench:f778ab433fa2d117bd,1,mobilitybench
mobilitybench_q_6c8cf9b76523400018,mobilitybench:5b5a340a3b20664163,1,mobilitybench
mobilitybench_q_f4b0c1c6ee1e81dee2,mobilitybench:012619a481277ff4af,1,mobilitybench
mobilitybench_q_7c03b771d9b27a92b7,mobilitybench:b882dd4608eea8f085,1,mobilitybench
mobilitybench_q_75d56c81a55745e52f,mobilitybench:c4093af9321dadbce4,1,mobilitybench
mobilitybench_q_f4eb19e3ab81a88257,mobilitybench:96cafc6b175026a624,1,mobilitybench
mobilitybench_q_66461a41471a51bf4c,mobilitybench:d2ed0deeaeb3496ca8,1,mobilitybench
mobilitybench_q_3d5a5e3b92a0554907,mobilitybench:932dca15a91ed5225c,1,mobilitybench
mobilitybench_q_bda9e31d7f52c6fc47,mobilitybench:8954c5976f40db4b31,1,mobilitybench
mobilitybench_q_56ab3e634fa5542d7b,mobilitybench:d2b9ed65a5d8ea1833,1,mobilitybench
mobilitybench_q_aff065271975d9a727,mobilitybench:906fd980e1b0e10086,1,mobilitybench
mobilitybench_q_3f44b8a7716d584445,mobilitybench:7dfc6f27056b73d9ae,1,mobilitybench
mobilitybench_q_bffe3d255dcd433110,mobilitybench:b7d2f275edaeed37ec,1,mobilitybench
mobilitybench_q_a083e49555ce12fa76,mobilitybench:be7a11371c512196a5,1,mobilitybench
mobilitybench_q_675919db79b8309890,mobilitybench:20b0f0db31f23a05df,1,mobilitybench
mobilitybench_q_017ecd6445e169ae82,mobilitybench:e3bc832274ef5724df,1,mobilitybench
mobilitybench_q_b55af2a74db1441a29,mobilitybench:acb0434f6cf4092e0a,1,mobilitybench
mobilitybench_q_2a9814e64b0265b33f,mobilitybench:9bec7341ffdddee1c5,1,mobilitybench
mobilitybench_q_a52909958ae5466be4,mobilitybench:0698c0eb8601a3ad09,1,mobilitybench
mobilitybench_q_1c7422912796de3a60,mobilitybench:b443af1d8e4f43f129,1,mobilitybench
mobilitybench_q_7d6a2e40afa8c94d5f,mobilitybench:b66e32f77fe2f2384e,1,mobilitybench
mobilitybench_q_76a63c2585245e15d3,mobilitybench:7bf202d404890e08b9,1,mobilitybench
mobilitybench_q_426027595a20be883e,mobilitybench:a9642637b9a5e2b52d,1,mobilitybench
mobilitybench_q_98998de571c3cd0429,mobilitybench:2365d5ee2ae0a62714,1,mobilitybench
mobilitybench_q_97e98f58a9fd77f77f,mobilitybench:b407a4322a4abb117c,1,mobilitybench
mobilitybench_q_482b528053f9b23927,mobilitybench:0138dae153bfea6b7a,1,mobilitybench
mobilitybench_q_fee6b6e46bfc25be80,mobilitybench:1fcc246309ea9ddfda,1,mobilitybench
mobilitybench_q_9eeb53543d61ba9974,mobilitybench:3aaaddf2f23af2ca88,1,mobilitybench
mobilitybench_q_c4ae8759ced335488a,mobilitybench:107a99084ad51fa28b,1,mobilitybench
mobilitybench_q_0643b0a46eacc7631a,mobilitybench:e53a8485414ae9eb0c,1,mobilitybench
mobilitybench_q_cf48a1ad4be97da9f8,mobilitybench:96a419a5f031318cf8,1,mobilitybench
mobilitybench_q_d743f454bf7088ec74,mobilitybench:412e0266890fc087ab,1,mobilitybench
mobilitybench_q_4e763c53f0e4c21466,mobilitybench:792c5bac5562c1766f,1,mobilitybench
mobilitybench_q_f9cf3918f382e1d7db,mobilitybench:541ec2c3c09c9ddb57,1,mobilitybench
mobilitybench_q_b65740853d7f584e97,mobilitybench:906b9b11e9b945a3a3,1,mobilitybench
mobilitybench_q_92fc4d4959f9fc133f,mobilitybench:fd983d4f70ec4298cb,1,mobilitybench
mobilitybench_q_a9ab3914d762d17353,mobilitybench:2be5228f039d8416d6,1,mobilitybench
mobilitybench_q_a2c9a7f96106ecc20b,mobilitybench:adfc06ca2520be9acd,1,mobilitybench
mobilitybench_q_b61d1dbe38b80e7075,mobilitybench:b32b9a1e85d6532682,1,mobilitybench
mobilitybench_q_8cee6840a29db5ae3e,mobilitybench:f2cd5c93c1ecc85077,1,mobilitybench
mobilitybench_q_c3ee9e29da261f81de,mobilitybench:2307d9f3c950b9da79,1,mobilitybench
mobilitybench_q_9b368fcfc386235abf,mobilitybench:4ef40ddc813755629f,1,mobilitybench
mobilitybench_q_063895e7b5efd4753b,mobilitybench:907f64476ab0de77fd,1,mobilitybench
mobilitybench_q_f4e78f1647155f13b8,mobilitybench:95035e7aae0daea10f,1,mobilitybench
mobilitybench_q_8456619b02beb303ec,mobilitybench:b1995efd5ebcbe94e9,1,mobilitybench
mobilitybench_q_339d0eaa72786e375b,mobilitybench:934abad3aca46a1f4c,1,mobilitybench
mobilitybench_q_a41801746b287c584a,mobilitybench:3862675bebe86b1583,1,mobilitybench
mobilitybench_q_fa2483c609b8a27bdd,mobilitybench:fdf59e9268990fc867,1,mobilitybench
mobilitybench_q_a035eaf65bf17cc501,mobilitybench:7c6a73f341bf0d6e7f,1,mobilitybench
mobilitybench_q_f2924ae52a5a3bf881,mobilitybench:4a4c94a8e3fc1a88b6,1,mobilitybench
mobilitybench_q_57315bcb4999344660,mobilitybench:63a9d9fcd19094d888,1,mobilitybench
mobilitybench_q_d017fdd8ed3b388b79,mobilitybench:596ea31e2cc2c65ba9,1,mobilitybench
mobilitybench_q_45a2dff331f63b19ab,mobilitybench:86010a6a7b473c415c,1,mobilitybench
mobilitybench_q_c4dd8cbda8e4fa6d1d,mobilitybench:d66fba89a844a6d468,1,mobilitybench
mobilitybench_q_4231d649239559b785,mobilitybench:26058bf61b8e0fa39f,1,mobilitybench
mobilitybench_q_218a91237e7e626963,mobilitybench:d6d13defe544828578,1,mobilitybench
mobilitybench_q_85377ded139613994f,mobilitybench:116cac25e19776f62c,1,mobilitybench
mobilitybench_q_ac0afc322a0e24a69c,mobilitybench:6ae297e44e179a6635,1,mobilitybench
mobilitybench_q_e06575def39a132c79,mobilitybench:a226cccb83b4351f5e,1,mobilitybench
mobilitybench_q_7a8a5001684b5c4981,mobilitybench:b44e0f01491788920e,1,mobilitybench
mobilitybench_q_58d3df56a537916dcc,mobilitybench:b5aadab254abd25ef4,1,mobilitybench
mobilitybench_q_d80bc0e1b18ba1e413,mobilitybench:ee640c8ba3de8448b9,1,mobilitybench
mobilitybench_q_8f5e6d249c55f10ad6,mobilitybench:42f1dbaee1255c8c9b,1,mobilitybench
mobilitybench_q_fd08d957766e86ff20,mobilitybench:268db5c85b86af6b73,1,mobilitybench
mobilitybench_q_b615ec663b3a21d296,mobilitybench:cdc649814774d8369d,1,mobilitybench
mobilitybench_q_000a822a0fb08733fb,mobilitybench:d7b5fc5936dd6798c3,1,mobilitybench
mobilitybench_q_b9c20c6a9f92f0564f,mobilitybench:1559910364687eaba3,1,mobilitybench
mobilitybench_q_5a65050cc8ebe8a794,mobilitybench:c3a69027126fba952c,1,mobilitybench
mobilitybench_q_81a293da7fee51f19a,mobilitybench:679a31f6fdfddec127,1,mobilitybench
mobilitybench_q_595ab378c79fb7ec35,mobilitybench:304bf009c40d08645d,1,mobilitybench
mobilitybench_q_5220d3d2a8f0f47b1e,mobilitybench:69faf83517e0f69225,1,mobilitybench
mobilitybench_q_da46468c79d5d6e937,mobilitybench:d38a7068a1a6fcd508,1,mobilitybench
mobilitybench_q_903ccd397c80baba44,mobilitybench:f3558107d516b41e12,1,mobilitybench
mobilitybench_q_f5658d52ad9a0d636c,mobilitybench:92c7062dad5a07dcfe,1,mobilitybench
mobilitybench_q_8e5ec4636249815b5a,mobilitybench:85ab295bca998e984c,1,mobilitybench
mobilitybench_q_a355a9c92ef6268fcc,mobilitybench:11a1f0064121d33e75,1,mobilitybench
mobilitybench_q_c6f488b8d3145635b2,mobilitybench:7c345a35e94e382db9,1,mobilitybench
mobilitybench_q_c716ab937efb98a428,mobilitybench:91cf59713d643d3ad7,1,mobilitybench
mobilitybench_q_aeda3a3e09f0d8d055,mobilitybench:3902f3a7d65dfc0925,1,mobilitybench
mobilitybench_q_7de401d592745b2bda,mobilitybench:329eee5079ed4207ed,1,mobilitybench
mobilitybench_q_af035ab240b402c708,mobilitybench:d02107e598a109fdc3,1,mobilitybench
mobilitybench_q_52c52768daa03eb501,mobilitybench:6dd0b3759dc28af6e2,1,mobilitybench
mobilitybench_q_e700de6cf34dae3696,mobilitybench:cd8c1e91cbb2fd9b30,1,mobilitybench
mobilitybench_q_62fcc0f8973c0cee90,mobilitybench:489b82a090c6bb8df2,1,mobilitybench
mobilitybench_q_50d84351fbe912e812,mobilitybench:6baa0f16fce75214a5,1,mobilitybench
mobilitybench_q_b6246b6b4a7dc14ace,mobilitybench:7fc2e1c4297ce69a9e,1,mobilitybench
mobilitybench_q_daef20654635e860df,mobilitybench:b4a36dfef62159a622,1,mobilitybench
mobilitybench_q_252204e6d395f646d7,mobilitybench:9b55639eff5cb32999,1,mobilitybench
mobilitybench_q_a75ad728727fb2f02e,mobilitybench:b313e82a5a61415c3e,1,mobilitybench
mobilitybench_q_a879f5817aa94b468a,mobilitybench:4a64d08b09280d6b3f,1,mobilitybench
mobilitybench_q_1b9cac47dc68ee7766,mobilitybench:6012272e5856a0e22d,1,mobilitybench
mobilitybench_q_4d2d37d7170d3b297e,mobilitybench:87eaa5d5f8c573f28b,1,mobilitybench
mobilitybench_q_c682b5294b9e0ee347,mobilitybench:24bd15c23e6e9d1ebf,1,mobilitybench
mobilitybench_q_50d6f121b4f2142cf8,mobilitybench:e8438d3a9841e1a36a,1,mobilitybench
mobilitybench_q_b0b381c43a5baf212d,mobilitybench:ab45a1e1d20bb4e8d6,1,mobilitybench
mobilitybench_q_3862624500ab970bba,mobilitybench:2a701283ec50496348,1,mobilitybench
mobilitybench_q_deb11ba80266a779bd,mobilitybench:c4643b3352437487df,1,mobilitybench
mobilitybench_q_6bba8b88cb348bc1b8,mobilitybench:64ad7e2491055213fd,1,mobilitybench
mobilitybench_q_bad2072bac2c8d6820,mobilitybench:08dd21d06c185fc544,1,mobilitybench
mobilitybench_q_0112fae5bed4922682,mobilitybench:5ec2c8999e917f119f,1,mobilitybench
mobilitybench_q_73075413297b688ea2,mobilitybench:fbec8250f02cbf2b4e,1,mobilitybench
mobilitybench_q_efc955b9b1769ff245,mobilitybench:af4c46fd94e8d0903c,1,mobilitybench
mobilitybench_q_9679e8dabbb301ead4,mobilitybench:1c790d761efd6de1b7,1,mobilitybench
mobilitybench_q_9dd076a395fbb85688,mobilitybench:6432de515783533680,1,mobilitybench
mobilitybench_q_237791a99814223884,mobilitybench:8e39c641f2f40b7151,1,mobilitybench
mobilitybench_q_9427c2fe00c795855d,mobilitybench:c983a1e15d973d6265,1,mobilitybench
mobilitybench_q_5690b21cd7d5e0eb36,mobilitybench:d04d29c92f349e83a8,1,mobilitybench
mobilitybench_q_5520f580c2b064e89a,mobilitybench:99d2c0bf4a7416e912,1,mobilitybench
mobilitybench_q_15bf06fa946e6877fe,mobilitybench:70bd1e57d57c38db15,1,mobilitybench
mobilitybench_q_d080df7c75c98db435,mobilitybench:1a87043e8393eff286,1,mobilitybench
mobilitybench_q_b2d8badfc20624429b,mobilitybench:37645757fcad92384c,1,mobilitybench
mobilitybench_q_2ba7edcbde4da02e70,mobilitybench:33a4be4147f1c3aef3,1,mobilitybench
mobilitybench_q_204326d2602ba29ead,mobilitybench:989079bc62fa181e79,1,mobilitybench
mobilitybench_q_b5faedcf18d8b46f33,mobilitybench:55e7e59f8dffe6296b,1,mobilitybench
mobilitybench_q_7473ed7828f2565422,mobilitybench:5df920a86988537dd6,1,mobilitybench
mobilitybench_q_067ba2c9c200539dab,mobilitybench:75b89280024fb2a2c3,1,mobilitybench
mobilitybench_q_0f85d505f4e651a0a9,mobilitybench:e475b64a13a39b4b9b,1,mobilitybench
mobilitybench_q_323e692dc9894c6ab0,mobilitybench:2b45d2e51712372c18,1,mobilitybench
mobilitybench_q_92a79cb2039421a7dc,mobilitybench:a079b1eb59fa28f405,1,mobilitybench
mobilitybench_q_f6caefb6985f51181f,mobilitybench:4c2a4ac92b7a3e1942,1,mobilitybench
mobilitybench_q_4b9f697a012fc60202,mobilitybench:68cc147a8454f3532b,1,mobilitybench
mobilitybench_q_4ff3ffa3ac2f8e53a8,mobilitybench:3a1ec30497165c4a5e,1,mobilitybench
mobilitybench_q_85ce77948daae61aa7,mobilitybench:e13ddbadf453017f1d,1,mobilitybench
mobilitybench_q_2488327a7b8a5c4fe4,mobilitybench:3dd8f4fc9f1f78c992,1,mobilitybench
mobilitybench_q_ba109d3c2f0865a72c,mobilitybench:7fc0c6962aed7c958b,1,mobilitybench
mobilitybench_q_dbbcd25f06b30ac2c6,mobilitybench:53f299a44e322dd2a3,1,mobilitybench
mobilitybench_q_c855ffe4bfc18b9c74,mobilitybench:a061ed1d4d12fee5d6,1,mobilitybench
mobilitybench_q_9c9252d7a2dd3cfaf1,mobilitybench:7678658c9a27122a58,1,mobilitybench
mobilitybench_q_e1fe3ace9bd7857e04,mobilitybench:7c3d542ca64c1422ef,1,mobilitybench
mobilitybench_q_dc5caa3696c6e2f9ba,mobilitybench:49cac793bb50d861d6,1,mobilitybench
mobilitybench_q_e3aa98775aa5d033b5,mobilitybench:17720abe5aa9a2a186,1,mobilitybench
mobilitybench_q_6de5040d83b13d0461,mobilitybench:90468c72cea393f056,1,mobilitybench
mobilitybench_q_6e66e1100b44eb9031,mobilitybench:ecb56bbd782cf6fc96,1,mobilitybench
mobilitybench_q_1502ec8e66dc78069f,mobilitybench:c55fdeaa51b44da0c8,1,mobilitybench
mobilitybench_q_5d0e252525cff3f90a,mobilitybench:e39b8ba365dc3cd4eb,1,mobilitybench
mobilitybench_q_61b9de4cbb3ee7c98d,mobilitybench:857035c3fc1780ce52,1,mobilitybench
mobilitybench_q_5368b12e00f27cce57,mobilitybench:c2c34c81358ac85c97,1,mobilitybench
mobilitybench_q_f7fac3e42e22a4b832,mobilitybench:3924b5c8b33abfa9d2,1,mobilitybench
mobilitybench_q_68c14b4177b4d58fd8,mobilitybench:2c994f99f817ed635b,1,mobilitybench
mobilitybench_q_f51d28b5742ecbc608,mobilitybench:e1ae8d5eed8c3212c5,1,mobilitybench
mobilitybench_q_b825806539b7965d5e,mobilitybench:9ae6096ef41b71f670,1,mobilitybench
mobilitybench_q_47efffce1478befd36,mobilitybench:b83857143ec432b8ab,1,mobilitybench
mobilitybench_q_5275fae7789568cdbb,mobilitybench:671ba2b30eff6dc042,1,mobilitybench
mobilitybench_q_8f74b622bf4e84b19b,mobilitybench:a6b3a3fc56af646024,1,mobilitybench
mobilitybench_q_9d10d8a332f58cc486,mobilitybench:5137560ef0f72396b3,1,mobilitybench
mobilitybench_q_73fc6ac4919ba12de4,mobilitybench:0d36ad377d843bb455,1,mobilitybench
mobilitybench_q_2471d5075d72709d75,mobilitybench:f9b6e234be868e2575,1,mobilitybench
mobilitybench_q_d959592769c638b130,mobilitybench:978b773ce1db0e59ce,1,mobilitybench
mobilitybench_q_4d718688599eda9e91,mobilitybench:e163f0224ddd34daf2,1,mobilitybench
mobilitybench_q_ed0e6e4718beeaa1f8,mobilitybench:5a771b57ff23810485,1,mobilitybench
mobilitybench_q_04406445765d106a36,mobilitybench:290a56cd904ecdfc86,1,mobilitybench
mobilitybench_q_e3cc77ced53956c0dd,mobilitybench:6f392013bb70d8e593,1,mobilitybench
mobilitybench_q_72ed2483f84e30e8a0,mobilitybench:41c45b626065cc9e0a,1,mobilitybench
mobilitybench_q_48b3f9ec2cd14cb661,mobilitybench:b837de67cbf576ddbe,1,mobilitybench
mobilitybench_q_b83b6a50b95bcbdfb3,mobilitybench:97fd1de07117bd2b91,1,mobilitybench
mobilitybench_q_c00e6038d8ef934a16,mobilitybench:e57be8f217092fc194,1,mobilitybench
mobilitybench_q_3f65a459ee69b16345,mobilitybench:f2bd9e81dd04e23b0f,1,mobilitybench
mobilitybench_q_1e867bf19bd6ea5ff8,mobilitybench:91d07b3c359145512d,1,mobilitybench
mobilitybench_q_aa8705853e6eff9deb,mobilitybench:a6e8d9edd88170c316,1,mobilitybench
mobilitybench_q_2918257f459ad88003,mobilitybench:e558c95b453333288d,1,mobilitybench
mobilitybench_q_132a4f989ec2f819eb,mobilitybench:1d8181323a8b011b04,1,mobilitybench
mobilitybench_q_81b1dea2de6970a06c,mobilitybench:05e2bc34ce502b9cbc,1,mobilitybench
mobilitybench_q_a9be9ade20d69c62d5,mobilitybench:89d7b4e017446423d3,1,mobilitybench
mobilitybench_q_f679f72cc2e69bcde9,mobilitybench:f3b3932e8ae4c6e5b6,1,mobilitybench
mobilitybench_q_6a9e07071eb5b479b5,mobilitybench:3c802029f719b8bfcd,1,mobilitybench
mobilitybench_q_172e0c7ffd616a2b32,mobilitybench:791261f988830b6ab5,1,mobilitybench
mobilitybench_q_061d969ef0e1dbc7cf,mobilitybench:fe7eb33253bf4aaae1,1,mobilitybench
mobilitybench_q_eb4b5dd27d3e0ccbe8,mobilitybench:95e710f5c24ff08799,1,mobilitybench
mobilitybench_q_c0f8620626e14c5b26,mobilitybench:993477228f664a0e8c,1,mobilitybench
mobilitybench_q_e2cffdef613e2c65b7,mobilitybench:b62aa203f36378119d,1,mobilitybench
mobilitybench_q_2e178fcd4e4eba3398,mobilitybench:85130d68f50cb89576,1,mobilitybench
mobilitybench_q_36d47ebf904601d58f,mobilitybench:19b6c4c73d4ca6b39f,1,mobilitybench
mobilitybench_q_76dae002215ac108a7,mobilitybench:ac5769312046a08c38,1,mobilitybench
mobilitybench_q_3c9d6e96e1319062fc,mobilitybench:04d32a7ec28bc3c48b,1,mobilitybench
mobilitybench_q_4322c50ee95a5ab134,mobilitybench:72e3e25a8172c51c7c,1,mobilitybench
mobilitybench_q_0601b89cff825f0bec,mobilitybench:ec6d61cce2cbe6c200,1,mobilitybench
mobilitybench_q_c058d3c0b3e163a083,mobilitybench:6dc0a5dcdecab2c58a,1,mobilitybench
mobilitybench_q_e3b24fa4cc8453eac4,mobilitybench:05285e8b665fb5cff4,1,mobilitybench
mobilitybench_q_37617f1b09de02ee95,mobilitybench:22fe9fa7e635b1467f,1,mobilitybench
mobilitybench_q_6bc7a345bd1a6db900,mobilitybench:d10d42898477872104,1,mobilitybench
mobilitybench_q_c26d5e5244a9fd3ddf,mobilitybench:ed3837a6ee816867af,1,mobilitybench
mobilitybench_q_b8840d0e521a6983d1,mobilitybench:5bb6d87314ede32ab2,1,mobilitybench
mobilitybench_q_d4f5f03b2dee96776f,mobilitybench:4159a4cf021db995ff,1,mobilitybench
mobilitybench_q_d4d6d218b5b0a179e4,mobilitybench:84aa5b301d69b52d5f,1,mobilitybench
mobilitybench_q_2987eb4d393f7faf3b,mobilitybench:6ee425e7b81088cf80,1,mobilitybench
mobilitybench_q_cf825612633433d0ec,mobilitybench:8b7be49e4f74868465,1,mobilitybench
mobilitybench_q_6e74ae7579fd52c9e7,mobilitybench:25cfdf2baa93ee70b5,1,mobilitybench
mobilitybench_q_5f690123b108892874,mobilitybench:1bbd9558c0aa2cf9ad,1,mobilitybench
mobilitybench_q_c373e528e6f8ef3b4b,mobilitybench:1478dba533623dc560,1,mobilitybench
mobilitybench_q_3c9f5ffef1381d06a4,mobilitybench:5d1f38368ad7ee8a80,1,mobilitybench
mobilitybench_q_3f73126be19413c66f,mobilitybench:ce5359d580ec7fb253,1,mobilitybench
mobilitybench_q_2f51a4ff163601b3f4,mobilitybench:40cd756cae7b72aad2,1,mobilitybench
mobilitybench_q_de818d6b6db2ad77bd,mobilitybench:e2edf42e1f06b93957,1,mobilitybench
mobilitybench_q_44a615b33aba662173,mobilitybench:efb26034d55988d5cb,1,mobilitybench
mobilitybench_q_c4028640bb9077e345,mobilitybench:ced1343d2b2c496492,1,mobilitybench
mobilitybench_q_d176db667ef3a90756,mobilitybench:40ce99515db440125b,1,mobilitybench
mobilitybench_q_1a059c744e046e744a,mobilitybench:fc701738e30665eb95,1,mobilitybench
mobilitybench_q_5bb385f1255b9c5e22,mobilitybench:9faa5552054253f721,1,mobilitybench
mobilitybench_q_f3b057b5aa9f002f1f,mobilitybench:42c603c7741253d5f9,1,mobilitybench
mobilitybench_q_3886c55ba50f57c214,mobilitybench:3c5f78c1182c23945f,1,mobilitybench
mobilitybench_q_1b1d92a8746a9be9f3,mobilitybench:8544deb8440901cd45,1,mobilitybench
mobilitybench_q_024b543be81056dcd3,mobilitybench:3ba3b4930157c81837,1,mobilitybench
mobilitybench_q_dbc46975b6f3489f0d,mobilitybench:e87161d776b511d32c,1,mobilitybench
mobilitybench_q_afaa04ff2ba15f1052,mobilitybench:1f075563131dac4b3d,1,mobilitybench
mobilitybench_q_99f38bc36e19f69744,mobilitybench:f341895f5948ad898f,1,mobilitybench
mobilitybench_q_95bafaeb761586bcd9,mobilitybench:54fa57b88bc358de9f,1,mobilitybench
mobilitybench_q_de6ac102d03b57ba68,mobilitybench:4a9db5cd86773f7eb0,1,mobilitybench
mobilitybench_q_73337816662f5c3d52,mobilitybench:cc1da7e58cdf36f34f,1,mobilitybench
mobilitybench_q_690087ce629a1b4f52,mobilitybench:0be533ff5d791cfe18,1,mobilitybench
mobilitybench_q_5a873150f5c2021927,mobilitybench:0efea84302998621a6,1,mobilitybench
mobilitybench_q_8f872041df1f571701,mobilitybench:cf1d721707f9687f4c,1,mobilitybench
mobilitybench_q_51fc464685361d294e,mobilitybench:5076be9c0883d2d101,1,mobilitybench
mobilitybench_q_c3e57734c855880905,mobilitybench:4bce6408d82201e04f,1,mobilitybench
mobilitybench_q_3d98ed2982f71c495c,mobilitybench:94bed8001e527824a1,1,mobilitybench
mobilitybench_q_503059cdfdbedb4255,mobilitybench:0e8a89f38748e8c65c,1,mobilitybench
mobilitybench_q_9708357a4627b72f8e,mobilitybench:9848bcafdebdfe5b25,1,mobilitybench
mobilitybench_q_014a57634317d4731c,mobilitybench:a7fc82aea3f61a4558,1,mobilitybench
mobilitybench_q_5ed0cac061dd8b087a,mobilitybench:a3bf090818f9fef6dc,1,mobilitybench
mobilitybench_q_48d475679e85a7159e,mobilitybench:05250af7b5f82b8f02,1,mobilitybench
mobilitybench_q_7580d913e41f217cbd,mobilitybench:763e8a3bf2914ab431,1,mobilitybench
mobilitybench_q_d38af04dfd9859fca4,mobilitybench:dfc7008621c511bbd3,1,mobilitybench
mobilitybench_q_7c6be9b713cb720ace,mobilitybench:66cc1869162969d47e,1,mobilitybench
mobilitybench_q_870f075907a3a5dcf5,mobilitybench:cef01356bddd2cc000,1,mobilitybench
mobilitybench_q_c9898430c302f0b48f,mobilitybench:8cddd0980aa571022e,1,mobilitybench
mobilitybench_q_6d7703f9b7ea015604,mobilitybench:bc6249d50081bbed1a,1,mobilitybench
mobilitybench_q_c5bbd28119236b7adb,mobilitybench:62baf67c8bb76a59f4,1,mobilitybench
mobilitybench_q_86e64fa0fbbe7e6709,mobilitybench:bdcba4992a0844e0c7,1,mobilitybench
mobilitybench_q_4f2ad53e9b64aa6b40,mobilitybench:0051f080147acd05b8,1,mobilitybench
mobilitybench_q_edae946cc4f5bb63c8,mobilitybench:28676e2e09210707a0,1,mobilitybench
mobilitybench_q_2440ae6c7604d44128,mobilitybench:11dd9c3a6a50c58502,1,mobilitybench
mobilitybench_q_aeca8d02ea8ff846c8,mobilitybench:cb67ada1791cdc71ea,1,mobilitybench
mobilitybench_q_9dfdfb3305f06418ad,mobilitybench:5ddaf69a0c17bc6acb,1,mobilitybench
mobilitybench_q_54162c70f93a1422c3,mobilitybench:97c49fcf3fb02c3d94,1,mobilitybench
mobilitybench_q_1fd476f183a3bf5267,mobilitybench:4daf586df03ff04f2c,1,mobilitybench
mobilitybench_q_a1173542455836f7df,mobilitybench:b11e86875b59548454,1,mobilitybench
mobilitybench_q_cedf536994b9979e4c,mobilitybench:6dfe5ffe9180704348,1,mobilitybench
mobilitybench_q_bac36f91d3a9ca5958,mobilitybench:522461f24bd2c5ef21,1,mobilitybench
mobilitybench_q_3babfc6d9c688024ca,mobilitybench:84e73b28eb8d1abfe6,1,mobilitybench
mobilitybench_q_5752a2f1658f060de2,mobilitybench:35655420290ef0e1f1,1,mobilitybench
mobilitybench_q_42d40f419984095ce3,mobilitybench:e3623adfb8e56f1a15,1,mobilitybench
mobilitybench_q_65437cccb4bbe4b008,mobilitybench:9191f0efb08cf51798,1,mobilitybench
mobilitybench_q_ed6dfeef5535cd7a47,mobilitybench:a05ade9a28d7c20cdc,1,mobilitybench
mobilitybench_q_e1031dea964b30d2eb,mobilitybench:4d3086184609188ec4,1,mobilitybench
mobilitybench_q_040576c0bdd557b187,mobilitybench:3acd2f7a914970df26,1,mobilitybench
mobilitybench_q_1fcf4af5041b43a444,mobilitybench:ead6e8f6d66984d3b4,1,mobilitybench
mobilitybench_q_c868d58b5e69ea1b4b,mobilitybench:ce87d8b6d1dfb0303e,1,mobilitybench
mobilitybench_q_6642a5fb502b241dc0,mobilitybench:e553304e76e550da6e,1,mobilitybench
mobilitybench_q_34129be3bb9c1bcb1f,mobilitybench:b4e675edc5388de65d,1,mobilitybench
mobilitybench_q_8ac59b319456b334d8,mobilitybench:b341cccf434206904e,1,mobilitybench
mobilitybench_q_485574ed9506d8efa4,mobilitybench:720c6827c55d2667a8,1,mobilitybench
mobilitybench_q_a134f5268121c3d4e7,mobilitybench:1870bbe2812e7eb959,1,mobilitybench
mobilitybench_q_d32c609f21b9af7494,mobilitybench:ea5b3ffdc05c927f99,1,mobilitybench
mobilitybench_q_a66bd4859587f28f9f,mobilitybench:db2aa7f12fe8a0c0c5,1,mobilitybench
mobilitybench_q_0720b921620370a8c1,mobilitybench:87351e7513b7e8f1d2,1,mobilitybench
mobilitybench_q_12641f93abdb876898,mobilitybench:0cc04fe44a340b05ca,1,mobilitybench
mobilitybench_q_66c6d8fee59ba716bb,mobilitybench:b67c97abed77f58101,1,mobilitybench
mobilitybench_q_d1a1a8c3b2d76f685a,mobilitybench:0da9bf148331165211,1,mobilitybench
mobilitybench_q_30464442200e5ef9e4,mobilitybench:2a72d8a2dfc7a54d8d,1,mobilitybench
mobilitybench_q_e4d8ac41303be6f7fb,mobilitybench:36be896d312b5bebc2,1,mobilitybench
mobilitybench_q_0dd323f3bd1d2f7ad5,mobilitybench:44ebb090178200d9ee,1,mobilitybench
mobilitybench_q_5d33d0ea95e5c3eb1f,mobilitybench:372ef2c0b826a0937b,1,mobilitybench
mobilitybench_q_03a08c2e4aa95a3b0a,mobilitybench:eb5ed0f759201288c2,1,mobilitybench
mobilitybench_q_fad1e7f83917527a07,mobilitybench:7888a0b75376ff9e04,1,mobilitybench
mobilitybench_q_05e4d6b20d3bd2a605,mobilitybench:632424aa4a4b1229f6,1,mobilitybench
mobilitybench_q_c7944a3127d4ff15e2,mobilitybench:538c0c07c90ab6fb69,1,mobilitybench
mobilitybench_q_e81ff25d8a2b2efc30,mobilitybench:b0d686c9ce3e068cbf,1,mobilitybench
mobilitybench_q_2d2afc806446cac6bd,mobilitybench:d5db981aa45d3a1190,1,mobilitybench
mobilitybench_q_7c2fd5a8befafdfeed,mobilitybench:d4c65931ba4776595d,1,mobilitybench
mobilitybench_q_1e70e2429395f1f0bd,mobilitybench:57fa96dc26efdb1285,1,mobilitybench
mobilitybench_q_2399f18fd367ac21e0,mobilitybench:756922ba25c1e70f52,1,mobilitybench
mobilitybench_q_73d1ab17350531e526,mobilitybench:f98f2638c46f2c5c64,1,mobilitybench
mobilitybench_q_3ba4c99e53ecc7fefe,mobilitybench:ff2c29d7240b8f031d,1,mobilitybench
mobilitybench_q_6272b0cb1664d188e0,mobilitybench:7818923a50b0c7d520,1,mobilitybench
mobilitybench_q_d1614d4f2c318135ba,mobilitybench:13028cb53b88f3ed42,1,mobilitybench
mobilitybench_q_8dc895a23b5d0260af,mobilitybench:a1213a8259d8f26c53,1,mobilitybench
mobilitybench_q_40cf3cef14e49aa3da,mobilitybench:c79b89d044dc7423a7,1,mobilitybench
mobilitybench_q_5bf251a015102fe1de,mobilitybench:66b6ec144ef0561bad,1,mobilitybench
mobilitybench_q_edb8d685c2bb0b1461,mobilitybench:d5c167b111004fb9c1,1,mobilitybench
mobilitybench_q_14cfeee5bf76524cff,mobilitybench:45fa2cd58635210e5a,1,mobilitybench
mobilitybench_q_4295a1d8d8e2969845,mobilitybench:75e96902a3a731175b,1,mobilitybench
mobilitybench_q_502d879bc52680f905,mobilitybench:39379aa06a6fd1f402,1,mobilitybench
mobilitybench_q_028938ee12128d4880,mobilitybench:3ec592ea677ce2d447,1,mobilitybench
mobilitybench_q_3f370a9664334aaa9a,mobilitybench:01be970bc001c26086,1,mobilitybench
mobilitybench_q_7495354922a35cf8ee,mobilitybench:4f70d243427cfc8f51,1,mobilitybench
mobilitybench_q_e7f8c2a0a1a3fadb43,mobilitybench:ca893ac43913531cda,1,mobilitybench
mobilitybench_q_45b31a2ceaa18bb9c1,mobilitybench:1939d48e174e972f33,1,mobilitybench
mobilitybench_q_3e2ce6fe3674561a77,mobilitybench:feb61a2f655fa9ee64,1,mobilitybench
mobilitybench_q_8c9a8cc3ab5d79a6f4,mobilitybench:44913e23684990b903,1,mobilitybench
mobilitybench_q_122fef509ea9b01de3,mobilitybench:49be7f12b55eeb9ef3,1,mobilitybench
mobilitybench_q_23ee46895748da9607,mobilitybench:79723c3bf27fa325fb,1,mobilitybench
mobilitybench_q_046458d6c02a1f0177,mobilitybench:627ec9707cd46aeb15,1,mobilitybench
mobilitybench_q_71fa29bda489295aaf,mobilitybench:17d9cb27a9721c4ee3,1,mobilitybench
mobilitybench_q_9d53834a794e8515e3,mobilitybench:4db2215eef9b966f9b,1,mobilitybench
mobilitybench_q_7ea2751d3899c0d883,mobilitybench:9a25028b346699868f,1,mobilitybench
mobilitybench_q_5cf8414bfa8bbc922b,mobilitybench:2214c7c4cf559d804a,1,mobilitybench
mobilitybench_q_d69e8c337678494633,mobilitybench:24b574bf67b5cb2473,1,mobilitybench
mobilitybench_q_f655f6fc469e5d9152,mobilitybench:432646d4eb0be46758,1,mobilitybench
mobilitybench_q_37ed3746bc35b099b7,mobilitybench:7ab196c18b26665616,1,mobilitybench
mobilitybench_q_e56f6e69cd276b05c7,mobilitybench:54c6c48f88707ff797,1,mobilitybench
mobilitybench_q_73f9bfd49cc738e5d3,mobilitybench:1c8db353ad06de0d55,1,mobilitybench
mobilitybench_q_0d34fe525a5126d286,mobilitybench:be75f2911ecc49b684,1,mobilitybench
mobilitybench_q_cfb2bd68453d68c501,mobilitybench:d5510e82e0ff2d825d,1,mobilitybench
mobilitybench_q_40ad28421482ecf65e,mobilitybench:a2b646e7aee1587f9a,1,mobilitybench
mobilitybench_q_5e1cf20977de5c49d2,mobilitybench:07455fbf03fa9c05e5,1,mobilitybench
mobilitybench_q_47a46cfefbb0a52fa5,mobilitybench:1777497e0d50fd8c54,1,mobilitybench
mobilitybench_q_03e2ea243022529a65,mobilitybench:7740d0b13e695f28b6,1,mobilitybench
mobilitybench_q_a8af15bc7d93d42558,mobilitybench:c00870880384b3d351,1,mobilitybench
mobilitybench_q_0c0b1a328481c2cc58,mobilitybench:df1d0e78f5f0cd20a1,1,mobilitybench
mobilitybench_q_c4b3eaa25f1557aa38,mobilitybench:51db23759780765500,1,mobilitybench
mobilitybench_q_16f6d076647b119959,mobilitybench:ed62bc5ba5fc155635,1,mobilitybench
mobilitybench_q_43b6c1b0ba88f77bb1,mobilitybench:e62ae0e742b5469ee8,1,mobilitybench
mobilitybench_q_8e5eff7b2ba6ea16c1,mobilitybench:4d4bc5cfc00802527f,1,mobilitybench
mobilitybench_q_ce23a71741b612a122,mobilitybench:507a585378ea5c4486,1,mobilitybench
mobilitybench_q_fcd018342a294deee0,mobilitybench:578bf07ce1a1ff5d97,1,mobilitybench
mobilitybench_q_bd2762661babebe664,mobilitybench:96ba14977ef0825969,1,mobilitybench
mobilitybench_q_7952052e173c940767,mobilitybench:978e592b86a7847f01,1,mobilitybench
mobilitybench_q_6da8edfefe6efbf2d8,mobilitybench:328922ecad885ee9f9,1,mobilitybench
mobilitybench_q_fe48598b21b1013fac,mobilitybench:5ac746c34f870b3ba4,1,mobilitybench
mobilitybench_q_794fef5994436b6f43,mobilitybench:d9c3e4634ce02f4ec6,1,mobilitybench
mobilitybench_q_30590b503044c986e4,mobilitybench:0a7c23692e6e4f3ee5,1,mobilitybench
mobilitybench_q_d6e4248690519f539a,mobilitybench:f39058183309fe3132,1,mobilitybench
mobilitybench_q_2cff7bfb15fe61bdd4,mobilitybench:36ba17a0e10574aeaf,1,mobilitybench
mobilitybench_q_be9364a27328a2ec9f,mobilitybench:92422d6ff3e9bfedde,1,mobilitybench
mobilitybench_q_49e4c513fb40f9f47b,mobilitybench:bf0f878574c1681b2c,1,mobilitybench
mobilitybench_q_fcb6fa9acf51265dbc,mobilitybench:6df299bcda2abd318f,1,mobilitybench
mobilitybench_q_a7264842ff4401be97,mobilitybench:ee0a04a6ce19dd7a37,1,mobilitybench
mobilitybench_q_32e87abc97ccdb62b2,mobilitybench:e92c0d2865ba0e92ad,1,mobilitybench
mobilitybench_q_313bcaa1442e1ab96b,mobilitybench:ae0b714627ac58cff4,1,mobilitybench
mobilitybench_q_64859b053ff44233ab,mobilitybench:2ee7a69fb39f2dddab,1,mobilitybench
mobilitybench_q_7411e148bb97ee73e6,mobilitybench:b4f6ec920e1fecd899,1,mobilitybench
mobilitybench_q_768fed9a8ebec92deb,mobilitybench:7eeaea49b284f96cc7,1,mobilitybench
mobilitybench_q_56453e1b43f8a280d6,mobilitybench:007fe7531ff367ad2b,1,mobilitybench
mobilitybench_q_404d3891f46149cf0e,mobilitybench:ee4b51e6318de711fc,1,mobilitybench
mobilitybench_q_d7504e18b81536447a,mobilitybench:c9e391d3df96bd9e6e,1,mobilitybench
mobilitybench_q_a5a037918be6172f5f,mobilitybench:f99751681a4497f5fc,1,mobilitybench
mobilitybench_q_efbb45ab1386ac85f9,mobilitybench:b556d1029b7b423e32,1,mobilitybench
mobilitybench_q_e7d6d485ad8798bfc2,mobilitybench:0ecaf04086b05c2954,1,mobilitybench
mobilitybench_q_858f9014c6704d1576,mobilitybench:7aaf2e3dc1c37904d3,1,mobilitybench
mobilitybench_q_34f2af25a40c145e29,mobilitybench:02fd5b8e849edee25d,1,mobilitybench
mobilitybench_q_1ee9055391b6640a87,mobilitybench:d1f2ac69d672556971,1,mobilitybench
mobilitybench_q_c50aa05a4a87f76006,mobilitybench:8cfed2d92ab6b5fc3a,1,mobilitybench
mobilitybench_q_2cb826f231da422f30,mobilitybench:651a117d72fbb22818,1,mobilitybench
mobilitybench_q_468ef0738b37e71d0a,mobilitybench:625485778dd718d9e9,1,mobilitybench
mobilitybench_q_f75b1d444299745059,mobilitybench:275a5b2c05832223a0,1,mobilitybench
mobilitybench_q_0f14af8859d45f92a0,mobilitybench:aafdd63d7d8ecf7654,1,mobilitybench
mobilitybench_q_1fbb03e2119b909d5e,mobilitybench:a594ccd872c90af782,1,mobilitybench
mobilitybench_q_e541461979015ebabc,mobilitybench:8ebba0dec402e41830,1,mobilitybench
mobilitybench_q_112e30ce7145ffd3ad,mobilitybench:e7d2a02e1e9abb0b1b,1,mobilitybench
mobilitybench_q_4240789c0caf6a0a9d,mobilitybench:8f70372c9ed01d08f2,1,mobilitybench
mobilitybench_q_2d433d45f5bf4f68f2,mobilitybench:c2ff1fcad3e7eb2139,1,mobilitybench
mobilitybench_q_6bf87f1857bd4d978e,mobilitybench:92d6909566adcf5b06,1,mobilitybench
mobilitybench_q_c8127ea821cd7c4d07,mobilitybench:9d5806d4bd0b93c400,1,mobilitybench
mobilitybench_q_e0f3376e5b87954491,mobilitybench:3ffa2c87ddc9e075da,1,mobilitybench
mobilitybench_q_c37e0967c648663303,mobilitybench:264402ae8aacbdc7e8,1,mobilitybench
mobilitybench_q_efee994745d2822038,mobilitybench:4cbf9e79a1c317da34,1,mobilitybench
mobilitybench_q_2ecfe9b37ec0664728,mobilitybench:cd0f595daf8cd4f251,1,mobilitybench
mobilitybench_q_3e8f67f8fcb8900418,mobilitybench:0d0e693e0b336260a8,1,mobilitybench
mobilitybench_q_3fdd701a3e2ee3bdf6,mobilitybench:34bca82b2dfa1a7988,1,mobilitybench
mobilitybench_q_7fa8924086f25079bf,mobilitybench:c6cf0b082b0fc8f901,1,mobilitybench
mobilitybench_q_d7f58e81f423c2d8c7,mobilitybench:36a27dea811673878c,1,mobilitybench
mobilitybench_q_47d483bb008e213e09,mobilitybench:e72bcaa787da5baa12,1,mobilitybench
mobilitybench_q_61b6211adb31c4ee8b,mobilitybench:4cb8fcff677d445ef2,1,mobilitybench
mobilitybench_q_d599addc117e8b8132,mobilitybench:7d9a222aad8ff209ae,1,mobilitybench
mobilitybench_q_57e4ae2eb2b3f066a9,mobilitybench:bb0d14b35ea7290918,1,mobilitybench
mobilitybench_q_444fd0633cc919dffb,mobilitybench:846f010a61631a57fd,1,mobilitybench
mobilitybench_q_96bb97248771f4785b,mobilitybench:44f609663989050ecd,1,mobilitybench
mobilitybench_q_9e8872032e0f7ef255,mobilitybench:89c825617076fd1e1c,1,mobilitybench
mobilitybench_q_7952b4f0a162db2fa6,mobilitybench:568de7a860f80919f2,1,mobilitybench
mobilitybench_q_20c74ef75686e46285,mobilitybench:050176940ab55e672f,1,mobilitybench
mobilitybench_q_c3218b9132f8bba071,mobilitybench:26e435973d1611aed5,1,mobilitybench
mobilitybench_q_d966b62cfb70f3151e,mobilitybench:3d6e91c5362cbc5d9d,1,mobilitybench
mobilitybench_q_7af0472cd165437654,mobilitybench:22d80ff52667c8d338,1,mobilitybench
mobilitybench_q_848bf0bc9620bb1ab1,mobilitybench:dc12431d1a9f1e6649,1,mobilitybench
mobilitybench_q_67face521824599950,mobilitybench:c66dc0b5f0fc0a52de,1,mobilitybench
mobilitybench_q_dd87bec8ce431dd26b,mobilitybench:9c86ce42ed38ce420a,1,mobilitybench
mobilitybench_q_8c39566f8904d44e6c,mobilitybench:a3c16ca69191df143f,1,mobilitybench
mobilitybench_q_b28b3cbefbc9f2b70d,mobilitybench:803de0586c4c0beee9,1,mobilitybench
mobilitybench_q_6a170d1995ac43ceff,mobilitybench:a87602fa6c6827ffab,1,mobilitybench
mobilitybench_q_303ba4890e02989a54,mobilitybench:5e5240c4b99726b456,1,mobilitybench
mobilitybench_q_08aba7d9c4a500b63e,mobilitybench:c57b088c8eee31b320,1,mobilitybench
mobilitybench_q_3a0a9b18a2c16d4978,mobilitybench:4cc6c76d4cb7a63d9d,1,mobilitybench
mobilitybench_q_6d5d0bc66c4310e92b,mobilitybench:f3f5a64c801734c3a4,1,mobilitybench
mobilitybench_q_8e034f4f0a5f06ad83,mobilitybench:d190c552b842ad5119,1,mobilitybench
mobilitybench_q_5ac1a5b0af0161b917,mobilitybench:be6dbed2628839a613,1,mobilitybench
mobilitybench_q_91922e141abc63a2a5,mobilitybench:37f52ce9813c640674,1,mobilitybench
mobilitybench_q_014f9a9a0a10f120ab,mobilitybench:0b6121d06a93b2311e,1,mobilitybench
mobilitybench_q_dc0f41d785e32e73ec,mobilitybench:30680dfc511996674b,1,mobilitybench
mobilitybench_q_cd1d2438d8703b1572,mobilitybench:65395aa484b7812506,1,mobilitybench
mobilitybench_q_66b64f963bdba493c7,mobilitybench:994878e111c10f5eaf,1,mobilitybench
mobilitybench_q_d25dbc28b230154d48,mobilitybench:675b9c494e09a62af2,1,mobilitybench
mobilitybench_q_ffce23ec53e8fdf531,mobilitybench:4a4c1e912db14657e2,1,mobilitybench
mobilitybench_q_6bc74b7c3f42a19161,mobilitybench:9c6bed159d0683e1bf,1,mobilitybench
mobilitybench_q_ce92a6b34dd430cace,mobilitybench:1f4a60213e868bd4ec,1,mobilitybench
mobilitybench_q_51daa3feabbaf208cf,mobilitybench:d010253ee79d023dbf,1,mobilitybench
mobilitybench_q_3ffd7968e5b3130c7d,mobilitybench:29eb2902b4c76edc28,1,mobilitybench
mobilitybench_q_db026602e44a250b28,mobilitybench:b7154394f6f013ade5,1,mobilitybench
mobilitybench_q_ea530b68a7d2b2a740,mobilitybench:9d700267a31107b808,1,mobilitybench
mobilitybench_q_c5a5e2db7a6d386819,mobilitybench:c0e7114a466b2b5c7d,1,mobilitybench
mobilitybench_q_3e34cd14d72bab756b,mobilitybench:46e7ebb3b0cabc21bf,1,mobilitybench
mobilitybench_q_45fe68d7b010332555,mobilitybench:a7322036905612c137,1,mobilitybench
mobilitybench_q_2291878b2fbf1629e4,mobilitybench:df07b98cc10281d0a6,1,mobilitybench
mobilitybench_q_e8274d5cf627028ff1,mobilitybench:12ae295af7da3a20d3,1,mobilitybench
mobilitybench_q_207e7d91f1551bde66,mobilitybench:b7744b4fdcffab9c5b,1,mobilitybench
mobilitybench_q_7a870577c7de9d179b,mobilitybench:496693ba37a534d3c5,1,mobilitybench
mobilitybench_q_4b69b8e8b2ae900f57,mobilitybench:aec4b89f175ac869f5,1,mobilitybench
mobilitybench_q_d950a89ca4c5e6a4a7,mobilitybench:f5947bdbac39872878,1,mobilitybench
mobilitybench_q_b7283b1c44b24952b0,mobilitybench:bb23bc510ab0cba544,1,mobilitybench
mobilitybench_q_0dcf9468397c53136a,mobilitybench:80fcbbad9fb4075aee,1,mobilitybench
mobilitybench_q_b9365d09ca1bda467a,mobilitybench:152fa296199fb38134,1,mobilitybench
mobilitybench_q_b43a7701a9ac9928b6,mobilitybench:66b80c07645cbac499,1,mobilitybench
mobilitybench_q_e6f7cddbd0bdf21faa,mobilitybench:7cfa1af057bb6d254b,1,mobilitybench
mobilitybench_q_5dc86f06948d614734,mobilitybench:3893f199a830e72dfb,1,mobilitybench
mobilitybench_q_787062f007e71504f0,mobilitybench:508d530b56c523a3df,1,mobilitybench
mobilitybench_q_d0175697ec4df49b64,mobilitybench:c57ef66ea014586040,1,mobilitybench
mobilitybench_q_f95bd9e8d8a19f187d,mobilitybench:e01d05ddb3dbb25618,1,mobilitybench
mobilitybench_q_40364950b8bc88747c,mobilitybench:ccc2d2a995a91161dc,1,mobilitybench
mobilitybench_q_0c4ce6460506b99e06,mobilitybench:305a2a375d08b81569,1,mobilitybench
mobilitybench_q_1780a5f543b22726ad,mobilitybench:6b53f74e7b01b4cf17,1,mobilitybench
mobilitybench_q_90eb0901300a0f1f58,mobilitybench:cdf81903f6f7eba3e3,1,mobilitybench
mobilitybench_q_88c0779c52b0b3f428,mobilitybench:8accfe7f5e409626df,1,mobilitybench
mobilitybench_q_783a7d4a781461ebb6,mobilitybench:7066de83ce087e355d,1,mobilitybench
mobilitybench_q_6e5a055a1a0a80237c,mobilitybench:b6b3eef17f43a13c87,1,mobilitybench
mobilitybench_q_5abc9f7b730c9048c8,mobilitybench:09ecd565a28bb5654e,1,mobilitybench
mobilitybench_q_eec1551b2ea6b0a30b,mobilitybench:143ff1177a938291d0,1,mobilitybench
mobilitybench_q_09f43b401883e76027,mobilitybench:a71e213ea7cd2c77bf,1,mobilitybench
mobilitybench_q_6e6fde19989ea81ada,mobilitybench:ae63bc5695207a9549,1,mobilitybench
mobilitybench_q_fc262ce9a1f253381d,mobilitybench:8ceb15aadcdba469db,1,mobilitybench
mobilitybench_q_815fe01696b15e8a5c,mobilitybench:4329181f12de113060,1,mobilitybench
mobilitybench_q_aee796745576568409,mobilitybench:5ee3b099602e57a031,1,mobilitybench
mobilitybench_q_b5be133e85e3c319c6,mobilitybench:1a0483d07fadb1355b,1,mobilitybench
mobilitybench_q_12b8447488f934e0ec,mobilitybench:2679368a28060abc09,1,mobilitybench
mobilitybench_q_58dbdd012be9c59394,mobilitybench:78a9c0f28040e37ddd,1,mobilitybench
mobilitybench_q_367bb69ab06b01d396,mobilitybench:5c8d8191642ba7b66f,1,mobilitybench
mobilitybench_q_7d56c119af67b5ece3,mobilitybench:01d610116bdb3e1dad,1,mobilitybench
mobilitybench_q_c452cd460ddbc01673,mobilitybench:e7f60fa6f2a768a9c6,1,mobilitybench
mobilitybench_q_c0892ce09824075b94,mobilitybench:2c3ee0fb759201fee5,1,mobilitybench
mobilitybench_q_582d3fe7f22dd467ad,mobilitybench:6bc45a4ba7ff2f3852,1,mobilitybench
mobilitybench_q_d50d8678eaeaf6701e,mobilitybench:08b42fb0c8ef55846f,1,mobilitybench
mobilitybench_q_ad7621205fe1083171,mobilitybench:f462fce4fb74ba49b4,1,mobilitybench
mobilitybench_q_a140ffc5fe4d9c6020,mobilitybench:b6c1fa00e0d001b1d8,1,mobilitybench
mobilitybench_q_32fa6e889c35a88ab2,mobilitybench:866acdfaa4ca7e1a38,1,mobilitybench
mobilitybench_q_f1fa0d4b55b0ea6ec8,mobilitybench:3fb24891d4333efb9f,1,mobilitybench
mobilitybench_q_62f6e885373891be6d,mobilitybench:85d93d0ad0a7aaffc6,1,mobilitybench
mobilitybench_q_e2635f9a13528fadc3,mobilitybench:03befedeeb8cd2323c,1,mobilitybench
mobilitybench_q_c63be0908866a950c7,mobilitybench:bbad344812e0cdedca,1,mobilitybench
mobilitybench_q_35b9fcec31c8458011,mobilitybench:cd7693c4143250ada3,1,mobilitybench
mobilitybench_q_399f4d9b24bfe97aee,mobilitybench:a826e0d7a19afb015e,1,mobilitybench
mobilitybench_q_1b2f7c44425c83c0d0,mobilitybench:aa674b526f68515824,1,mobilitybench
mobilitybench_q_b24e5e7d606902aa9a,mobilitybench:eaeb86b87173e873d9,1,mobilitybench
mobilitybench_q_4cd6769c025138f909,mobilitybench:48ba7b033e96e0c1e2,1,mobilitybench
mobilitybench_q_e42636979eb9deabb1,mobilitybench:82f5da332dea75a115,1,mobilitybench
mobilitybench_q_c1c6fc235ee8040018,mobilitybench:5b0ce93e2eb16accdf,1,mobilitybench
mobilitybench_q_32a769473102ae547d,mobilitybench:0ed049614e60d903ff,1,mobilitybench
mobilitybench_q_b85dfca6f61be89049,mobilitybench:76af19e01318952a1d,1,mobilitybench
mobilitybench_q_2758cb9ee49c5f1710,mobilitybench:23ea69b9051e28df21,1,mobilitybench
mobilitybench_q_a5d919e90465685102,mobilitybench:00ac7790fedeba4ef3,1,mobilitybench
mobilitybench_q_8b412dfb6122d44eb8,mobilitybench:0ad4165204937df8fe,1,mobilitybench
mobilitybench_q_a6f18b344d1bb001a7,mobilitybench:18a6ff035fcbc8fc69,1,mobilitybench
mobilitybench_q_8229452e27ba548e60,mobilitybench:82370e5e87957d6bee,1,mobilitybench
mobilitybench_q_7fe68270b141765813,mobilitybench:8f7cb3a542ed030c0a,1,mobilitybench
mobilitybench_q_1a3f791426eeb64a59,mobilitybench:e59a47ba8a59fd9c84,1,mobilitybench
mobilitybench_q_18b13b5c41249c8799,mobilitybench:3a307d80a0b8a2defa,1,mobilitybench
mobilitybench_q_8788e6a5f0e747392e,mobilitybench:5ab18705aaebb47922,1,mobilitybench
mobilitybench_q_bcd3f3cf1387d0f1e0,mobilitybench:4e9d609e684504fd34,1,mobilitybench
mobilitybench_q_8b87f6735afaa7fafc,mobilitybench:cef523d73934a4037d,1,mobilitybench
mobilitybench_q_9dcd8a293a3bedb538,mobilitybench:b5c0e3574518a70d22,1,mobilitybench
mobilitybench_q_af515c96f975cdc14e,mobilitybench:6a20523d83ed13cd39,1,mobilitybench
mobilitybench_q_e4ef0e29e6a25c8f3e,mobilitybench:96293d44bf4ac81119,1,mobilitybench
mobilitybench_q_f35e09fcab57d8f5d9,mobilitybench:93c243986f5a4b018b,1,mobilitybench
mobilitybench_q_32a68623ca38315ec9,mobilitybench:b325be95c032552894,1,mobilitybench
mobilitybench_q_33c71a847d7367c9c9,mobilitybench:d97b11cb64d6b8c057,1,mobilitybench
mobilitybench_q_6a6b5863475d61ec2a,mobilitybench:3be2c570bad0e06ce9,1,mobilitybench
mobilitybench_q_d9322af47e6b636748,mobilitybench:283a3edfab7568bf2c,1,mobilitybench
mobilitybench_q_f4bcb32db141516e26,mobilitybench:ece1f0ab00ab61b78b,1,mobilitybench
mobilitybench_q_0e2c60747b4688bb6f,mobilitybench:52fe66d5dfeb014edc,1,mobilitybench
mobilitybench_q_557f0e3e8e9e8819e1,mobilitybench:8ef15d6fa0d6650ae8,1,mobilitybench
mobilitybench_q_0ca927b17813c3214d,mobilitybench:156e8a0bfca0d94432,1,mobilitybench
mobilitybench_q_67c0e79ce6548a884c,mobilitybench:4cd5c00c13931f3538,1,mobilitybench
mobilitybench_q_3b94320be698a864f9,mobilitybench:3197809fadd7d0a7dd,1,mobilitybench
mobilitybench_q_22ce0642d9ab1b698b,mobilitybench:b16900494035630ed9,1,mobilitybench
mobilitybench_q_2d00d75cd448c0fb53,mobilitybench:d36fb4319924d2fddb,1,mobilitybench
mobilitybench_q_dc7fd67bb4d319a743,mobilitybench:3131ffa2ad672af19e,1,mobilitybench
mobilitybench_q_adca4428f603bc44a3,mobilitybench:a5d27c482b357032c3,1,mobilitybench
mobilitybench_q_b5bbd1c285e2d2901a,mobilitybench:7ef4e33061dce2ac6a,1,mobilitybench
mobilitybench_q_f4b02ef72f0649dcdf,mobilitybench:10da11c8c5a1c0a71e,1,mobilitybench
mobilitybench_q_56d766e43d810135db,mobilitybench:55f81ba3c3e8cc3255,1,mobilitybench
mobilitybench_q_8892f018af422ea1f8,mobilitybench:6eda0188f83ecda27d,1,mobilitybench
mobilitybench_q_174acff9fa2bc7349e,mobilitybench:7ff1d7852d2938d70f,1,mobilitybench
mobilitybench_q_e0adc9a4a551eb7ec3,mobilitybench:977f4a63106ff53045,1,mobilitybench
mobilitybench_q_a1b909b41bb042a124,mobilitybench:e0b9d43f2f42fbc62e,1,mobilitybench
mobilitybench_q_063a5db7cb2073c321,mobilitybench:48c89a8d912c887cd2,1,mobilitybench
mobilitybench_q_a0d880f42280a51296,mobilitybench:fac90e48bfec61a38f,1,mobilitybench
mobilitybench_q_5648339129683f2cf0,mobilitybench:80cfc5bfa2e9af6ceb,1,mobilitybench
mobilitybench_q_5042a41d6ee22fe757,mobilitybench:2b9e9561b192193f76,1,mobilitybench
mobilitybench_q_06aeb4ea7ebfe8482c,mobilitybench:60ba3a6577b3d25451,1,mobilitybench
mobilitybench_q_de462fc1f74e4b7deb,mobilitybench:d005018b3af0487f38,1,mobilitybench
mobilitybench_q_6024c9140a58d4a961,mobilitybench:f6597a990c1f075700,1,mobilitybench
mobilitybench_q_8a77707e0e43d7cede,mobilitybench:80e6f650264bb3309c,1,mobilitybench
mobilitybench_q_69bf864d77d7c388aa,mobilitybench:28fcaeb71b32fbe14c,1,mobilitybench
mobilitybench_q_28aca51d3322a52ec1,mobilitybench:84397c54a8272ee58e,1,mobilitybench
mobilitybench_q_70448536c614124b33,mobilitybench:bcf3384aa2995e4c32,1,mobilitybench
mobilitybench_q_19dbd88db2b8ebfa4b,mobilitybench:7288826539dd9c0c08,1,mobilitybench
mobilitybench_q_bb56a419ec1501b997,mobilitybench:d7d40da9c450fbec94,1,mobilitybench
mobilitybench_q_952a7fccab58322bce,mobilitybench:3d1d97d583a95563ff,1,mobilitybench
mobilitybench_q_4a6dbdd3970c93bf9f,mobilitybench:00b0ea524d234b8a9b,1,mobilitybench
mobilitybench_q_79db43b307523fee37,mobilitybench:c4c91e7691aa8a4b5a,1,mobilitybench
mobilitybench_q_4ec774e1c3106affb1,mobilitybench:e2527ec73dfd164120,1,mobilitybench
mobilitybench_q_bef246cfd2b8001b5f,mobilitybench:2e9204a46e2636bf55,1,mobilitybench
mobilitybench_q_116d7cad2954b73b3e,mobilitybench:9c35a5d5ff04376b49,1,mobilitybench
mobilitybench_q_368a8c35de2df647b9,mobilitybench:aaaa8b0a3bfeedd1c2,1,mobilitybench
mobilitybench_q_5000d216a8981683c4,mobilitybench:850adae2b36e810991,1,mobilitybench
mobilitybench_q_04f2f13be13d0c0bbb,mobilitybench:14a8ebd9ce96a5a600,1,mobilitybench
mobilitybench_q_03da74e97b6c8d4519,mobilitybench:da52e8ae99ab3fee4a,1,mobilitybench
mobilitybench_q_7e4359d1c1b1227bc9,mobilitybench:7de9da98c3d89c0e3a,1,mobilitybench
mobilitybench_q_754f2ca338e71ab6fd,mobilitybench:233789aa464c0b0707,1,mobilitybench
mobilitybench_q_9a7a947f10ae11009a,mobilitybench:ca22c73127ea519c53,1,mobilitybench
mobilitybench_q_e09b42f2c5cd30b390,mobilitybench:1ab466c647248778a4,1,mobilitybench
mobilitybench_q_fbb047449e25589701,mobilitybench:04dbbd589dafbb1e5b,1,mobilitybench
mobilitybench_q_48f0b8086b8f02000d,mobilitybench:ceefd8faf26fe72009,1,mobilitybench
mobilitybench_q_f6afdb31c157b33552,mobilitybench:18f80a63bf341a6c20,1,mobilitybench
mobilitybench_q_79c3242fb9775a789c,mobilitybench:17d2bd94960fd65ff5,1,mobilitybench
mobilitybench_q_6b5f75179851635d77,mobilitybench:4b604c3164cc39e43a,1,mobilitybench
mobilitybench_q_7b70723c2c6c08ac44,mobilitybench:ca3aa65422d5651e29,1,mobilitybench
mobilitybench_q_0bb1eef6bddbc5b2e5,mobilitybench:6f6a79ce3f527a46e1,1,mobilitybench
mobilitybench_q_d8816e34adf7555d49,mobilitybench:10e610d0cb8cc9e29a,1,mobilitybench
mobilitybench_q_9b30ec19aadbc9badb,mobilitybench:65a11334552bfd6d4b,1,mobilitybench
mobilitybench_q_97ac382c4ac3193b81,mobilitybench:eea287e27c98808695,1,mobilitybench
mobilitybench_q_b5baccb4e7c34cc6b1,mobilitybench:056d860b13530e25b3,1,mobilitybench
mobilitybench_q_150b08c19a22cc8034,mobilitybench:738a948786518b848a,1,mobilitybench
mobilitybench_q_dc03899c336c83c4bf,mobilitybench:296e95d2951f953698,1,mobilitybench
mobilitybench_q_60e155f32fc29cd880,mobilitybench:8211b1e6ac99a0d581,1,mobilitybench
mobilitybench_q_e2e4500ac8eed94ac8,mobilitybench:02c376caba5bc47fe6,1,mobilitybench
mobilitybench_q_a3a7f9bc065126d4fc,mobilitybench:4931c39036f5d0e5a7,1,mobilitybench
mobilitybench_q_2277b0f47768f4de84,mobilitybench:9a5abc792270117624,1,mobilitybench
mobilitybench_q_ff5ebb48003bbedc69,mobilitybench:130daa30e17a1f685b,1,mobilitybench
mobilitybench_q_020bc9ab0b8b97f25c,mobilitybench:94dca80741b849e357,1,mobilitybench
mobilitybench_q_3b50d27c488e614793,mobilitybench:5e891efc7c186c6fc2,1,mobilitybench
mobilitybench_q_2e1e4a43034ee07f28,mobilitybench:14aee66b054a0a79e3,1,mobilitybench
mobilitybench_q_a970e55d85433c2020,mobilitybench:183cbc397fe5a370a8,1,mobilitybench
mobilitybench_q_3d05d90925a9222aa3,mobilitybench:93410ef74c0edb52bb,1,mobilitybench
mobilitybench_q_9356ecf6c9f5ac5d55,mobilitybench:d10ef4adf609e0e267,1,mobilitybench
mobilitybench_q_4cb23ff94799c89de3,mobilitybench:605556fdfd89b0a3c6,1,mobilitybench
mobilitybench_q_a1c35b14f91779ecfc,mobilitybench:7b02b885534d998371,1,mobilitybench
mobilitybench_q_9c6fb468e40a023571,mobilitybench:99f9dd5cf7c1396aa9,1,mobilitybench
mobilitybench_q_57414d3e4d07bf2926,mobilitybench:8191af8f94e41c69d2,1,mobilitybench
mobilitybench_q_3b4c97f0b955c06abf,mobilitybench:1252e97563abc4d808,1,mobilitybench
mobilitybench_q_28c60cbb5bfc510da8,mobilitybench:e527b43fbd70bd00cf,1,mobilitybench
mobilitybench_q_5757aa7f09d33b813c,mobilitybench:d0751b9bfdaea39640,1,mobilitybench
mobilitybench_q_405c5bd237bdd02e6c,mobilitybench:017563796090eeebcb,1,mobilitybench
mobilitybench_q_a8d662e0b22102e428,mobilitybench:f6a6fe18fb34258cf4,1,mobilitybench
mobilitybench_q_accd2b4d57bff9a07d,mobilitybench:d6507ff6bc5475cfad,1,mobilitybench
mobilitybench_q_65f8d250ba0cba20fc,mobilitybench:7057c4657bdb9f9bcb,1,mobilitybench
mobilitybench_q_81b8490d3318946b47,mobilitybench:3a1580ea18c7023cd8,1,mobilitybench
mobilitybench_q_d2a82e8664871ed5f7,mobilitybench:4eb78d04ca5a5438f8,1,mobilitybench
mobilitybench_q_5130a87c2a7022c941,mobilitybench:87128cdf7efd9a3bbe,1,mobilitybench
mobilitybench_q_29e0793b9d9d29faee,mobilitybench:830f7659fa65d013dd,1,mobilitybench
mobilitybench_q_1fc70ee8b069a5871f,mobilitybench:2024c9f4094113a1b2,1,mobilitybench
mobilitybench_q_1423ac9e8ab6890cd8,mobilitybench:6f7ca7f23ba16d82e5,1,mobilitybench
mobilitybench_q_3d43bad3353c01f291,mobilitybench:779cd906609def8590,1,mobilitybench
mobilitybench_q_80ed15c13daffdfdf2,mobilitybench:fa2473c251b0cf7350,1,mobilitybench
mobilitybench_q_42011a3cdd929d3e39,mobilitybench:776e4f31a82bbaad3a,1,mobilitybench
mobilitybench_q_373c0b084b31f546d8,mobilitybench:48c058c048d82e7a1d,1,mobilitybench
mobilitybench_q_a6b7ac594590724e5f,mobilitybench:a16330dc16e4b8e633,1,mobilitybench
mobilitybench_q_bd9f104a44f4d9f201,mobilitybench:d2aff2d6613a6708b0,1,mobilitybench
mobilitybench_q_aa86e03dca909d5342,mobilitybench:f36ae9e4349f66c831,1,mobilitybench
mobilitybench_q_82259e5920ef2223b1,mobilitybench:f6fa0108d0eeae302b,1,mobilitybench
mobilitybench_q_c5875af257ae323854,mobilitybench:6da9222772f2842b27,1,mobilitybench
mobilitybench_q_b9c0582ba491d55e9f,mobilitybench:0eb2c03bafb31cda85,1,mobilitybench
mobilitybench_q_8005e77733a9b12e79,mobilitybench:314f3e3181c08c1b9c,1,mobilitybench
mobilitybench_q_b872471b7c1deebe7d,mobilitybench:14552de76cc7f8a176,1,mobilitybench
mobilitybench_q_25a7f633139b86a8e8,mobilitybench:4a8927fa8640bd06e4,1,mobilitybench
mobilitybench_q_fa94ac14b0a8c623d3,mobilitybench:8b3ef624c590a7190f,1,mobilitybench
mobilitybench_q_2ab4f8e2b4662bac4a,mobilitybench:d589ed65f3ac9a6056,1,mobilitybench
mobilitybench_q_cfc5a21174bd6c18a7,mobilitybench:9834c0df4b3ca365cb,1,mobilitybench
mobilitybench_q_57b4708607a680b571,mobilitybench:ad552e8fe43ef1f3eb,1,mobilitybench
mobilitybench_q_79b044d401cf6506cc,mobilitybench:9fd8cf29e99d61ff3f,1,mobilitybench
mobilitybench_q_7a7f79565a7f108613,mobilitybench:17d068cd929d2c72a3,1,mobilitybench
mobilitybench_q_cb17b5d56262a00ca4,mobilitybench:90dc83c97d4541b65f,1,mobilitybench
mobilitybench_q_8eb959d7cc47e4c88b,mobilitybench:85aea34211b628f519,1,mobilitybench
mobilitybench_q_8a2b3dcad5db82c798,mobilitybench:f0c430654515f1fc00,1,mobilitybench
mobilitybench_q_b95da438a8c5e2ca51,mobilitybench:2c6114c88aa075e61b,1,mobilitybench
mobilitybench_q_9845ddf7e0f63346dc,mobilitybench:6f1fe3cae0e5a302c8,1,mobilitybench
mobilitybench_q_b8d450624d74231063,mobilitybench:f2373ce82345cae296,1,mobilitybench
mobilitybench_q_2812bbb21f86dae881,mobilitybench:ad9f4e22454f5eee3d,1,mobilitybench
mobilitybench_q_0cf6bdf10167531721,mobilitybench:d307bec25ccd85d282,1,mobilitybench
mobilitybench_q_ade800d5f4f900924d,mobilitybench:e37ae18676492623b2,1,mobilitybench
mobilitybench_q_63c6040568b5aa1848,mobilitybench:10caa517e6577810a3,1,mobilitybench
mobilitybench_q_0c77fdd0de0fa43bb5,mobilitybench:53983af4bd84b5d5f0,1,mobilitybench
mobilitybench_q_467ceb6527c4494a6d,mobilitybench:1e4c13344b8b8d1eac,1,mobilitybench
mobilitybench_q_d5464abec388eb64e6,mobilitybench:1895e6f8ffd8e8234a,1,mobilitybench
mobilitybench_q_d7cffe9e49839dbd60,mobilitybench:1b8eb48e70017d12f5,1,mobilitybench
mobilitybench_q_5d7ee11b3193599355,mobilitybench:e0b1d339f419f871d7,1,mobilitybench
mobilitybench_q_f60e3d7fe5e99fcf63,mobilitybench:67839ce121ec9c8a01,1,mobilitybench
mobilitybench_q_682a8dca75b1444ae7,mobilitybench:b33ac4759b8f9f8aa9,1,mobilitybench
mobilitybench_q_8f17c3e6360aa5177e,mobilitybench:1da3fc73ac3567e86d,1,mobilitybench
mobilitybench_q_488d2d454377deb553,mobilitybench:f7792e4eee54836357,1,mobilitybench
mobilitybench_q_5cf8dd20294c22ca29,mobilitybench:6bfb73e7cf6f535b80,1,mobilitybench
mobilitybench_q_03bf924155ec19b8f4,mobilitybench:872d1092553129a9b6,1,mobilitybench
mobilitybench_q_81cf349868b8215ed4,mobilitybench:725481f81e22fc7f63,1,mobilitybench
mobilitybench_q_74b14eb079689e3a46,mobilitybench:a44c40faebd24847fa,1,mobilitybench
mobilitybench_q_8eca8266d3939b16d7,mobilitybench:a4d5ce0644d647317f,1,mobilitybench
mobilitybench_q_7ffbadcdbab22d3aa6,mobilitybench:18d64fb63f6d78cd4f,1,mobilitybench
mobilitybench_q_6072807bcf0b4dbba0,mobilitybench:1984c6a2dfa5f912cd,1,mobilitybench
mobilitybench_q_80ed9ba3d2ad974bc2,mobilitybench:0da7aac5fc97a22316,1,mobilitybench
mobilitybench_q_e057806b8a35804ba4,mobilitybench:cabf110dc86640663b,1,mobilitybench
mobilitybench_q_58491af3b36c02ae9c,mobilitybench:4f3011ae338d506167,1,mobilitybench
mobilitybench_q_0ad1fef6e1ecefb503,mobilitybench:36dd71dbd1c7c9d670,1,mobilitybench
mobilitybench_q_ea21ecb9d0752108f1,mobilitybench:0bb4223f4f321886b4,1,mobilitybench
mobilitybench_q_50aff3eaf616cefa75,mobilitybench:ccafe08c53a37787d9,1,mobilitybench
mobilitybench_q_7a17399c2c3d7bcf1b,mobilitybench:96bc336d493788823e,1,mobilitybench
mobilitybench_q_50ef9f6129db64374b,mobilitybench:b4085b4acf66633b1c,1,mobilitybench
mobilitybench_q_b50204a3d9ad3df96b,mobilitybench:bb081632ecf120a46d,1,mobilitybench
mobilitybench_q_07982fb2bd0e86704e,mobilitybench:cd14e169fec0154c59,1,mobilitybench
mobilitybench_q_8541f2aaa9a17a8d3d,mobilitybench:bffe8ddb610751da49,1,mobilitybench
mobilitybench_q_dab363d22e6e7afa82,mobilitybench:1e20e7173bce318f41,1,mobilitybench
mobilitybench_q_ba4444bdca310f9d74,mobilitybench:d9d493a508b0c2ea7b,1,mobilitybench
mobilitybench_q_5a39079fd0383269db,mobilitybench:2c1e9da0d8270be909,1,mobilitybench
mobilitybench_q_da2a6616ec27255a62,mobilitybench:aaefb9b962891b7b29,1,mobilitybench
mobilitybench_q_0ad13132034d03edcf,mobilitybench:b9ffa56fa65eb424f5,1,mobilitybench
mobilitybench_q_26fb5d693badec8d19,mobilitybench:350ab911e7fc4907d4,1,mobilitybench
mobilitybench_q_8f334d8d73d36820bb,mobilitybench:ea105a4b9d46f2d0eb,1,mobilitybench
mobilitybench_q_37a4b2e761c6d42557,mobilitybench:6a3c18d39e8cfc93b4,1,mobilitybench
mobilitybench_q_14b1e1ab0a75c6843f,mobilitybench:4a676aa8dcda7a8f2a,1,mobilitybench
mobilitybench_q_d66e4868c32db4c8c6,mobilitybench:90cbb9d870d90de203,1,mobilitybench
mobilitybench_q_0fe4d932abebeb529e,mobilitybench:d65a09016bdef2523b,1,mobilitybench
mobilitybench_q_f9aae81e430c4253b0,mobilitybench:d2aa4cabfd64e9db0c,1,mobilitybench
mobilitybench_q_24a787d87037ce7d9c,mobilitybench:c6bba916c6e97d4511,1,mobilitybench
mobilitybench_q_538a905b662a804afd,mobilitybench:6dafa892e4bf5e3979,1,mobilitybench
mobilitybench_q_81e19bb44d22014d69,mobilitybench:893c2690aafee6a082,1,mobilitybench
mobilitybench_q_fa29c75351c35f7b37,mobilitybench:3948baa6c17d552349,1,mobilitybench
mobilitybench_q_e57622eeaab22d269c,mobilitybench:1a73eaa58e7347e6f3,1,mobilitybench
mobilitybench_q_c78d16b47d0add277b,mobilitybench:d409a0db364561ad24,1,mobilitybench
mobilitybench_q_aebe48a9020efb51ac,mobilitybench:96a0451cfb212b77d4,1,mobilitybench
mobilitybench_q_3cb257aa8450f1cf17,mobilitybench:10c191da8cd02f89f5,1,mobilitybench
mobilitybench_q_f613f583bb11fe445c,mobilitybench:41f8b0fe31d20097cb,1,mobilitybench
mobilitybench_q_36096521da93655fa2,mobilitybench:c5dd04d2f0d8bc5d90,1,mobilitybench
mobilitybench_q_c168e78f41b3097c3d,mobilitybench:fee706ff43f8dbaa5d,1,mobilitybench
mobilitybench_q_d1da5e23cad7f68065,mobilitybench:bfae8ed47e168d113a,1,mobilitybench
mobilitybench_q_9a36709cd4b0645250,mobilitybench:d2e721c5665b9cfe76,1,mobilitybench
mobilitybench_q_f932434357045a7d22,mobilitybench:cda8d1cbc00d3c2381,1,mobilitybench
mobilitybench_q_b975911857c51759a1,mobilitybench:cc2624817b3974a543,1,mobilitybench
mobilitybench_q_fef8880b5d1d145d82,mobilitybench:84a9239fabe3ebb8dd,1,mobilitybench
mobilitybench_q_d3e173226c65c83b5e,mobilitybench:6ca671d405b298b083,1,mobilitybench
mobilitybench_q_45cedaa69532a8317c,mobilitybench:5a3a31aa5b1fd034d8,1,mobilitybench
mobilitybench_q_057700a3240215980b,mobilitybench:f12d89784fb70b37eb,1,mobilitybench
mobilitybench_q_a8563002fbfdead9ff,mobilitybench:82a1c18244f97f93ee,1,mobilitybench
mobilitybench_q_9947d8fb2351f11287,mobilitybench:ac1d233080dd05a1ac,1,mobilitybench
mobilitybench_q_f52fdf302c0a4fb7d9,mobilitybench:1a15f71b6f53c657fd,1,mobilitybench
mobilitybench_q_0b77a4c7007e7e51c5,mobilitybench:afaefa646e5927905d,1,mobilitybench
mobilitybench_q_29b0744734aed6b08f,mobilitybench:8373fd2e8f4da9baa0,1,mobilitybench
mobilitybench_q_bf6c67524de62b1b4e,mobilitybench:168b12e839c14ba55d,1,mobilitybench
mobilitybench_q_fc4bf10dd869861f00,mobilitybench:c78593ad82bb12bf85,1,mobilitybench
mobilitybench_q_1d0b820d7e4b8c1f86,mobilitybench:c42b59b340d2ef6d61,1,mobilitybench
mobilitybench_q_f4506e133031501ec8,mobilitybench:698edabb410bbd5f84,1,mobilitybench
mobilitybench_q_410a59b605cfb5f500,mobilitybench:114479ad65c24e3bb1,1,mobilitybench
mobilitybench_q_4c4330a142b75c75f7,mobilitybench:39472f16c533573723,1,mobilitybench
mobilitybench_q_f39e370b0cd180813d,mobilitybench:2c7aa9160cb2b04be4,1,mobilitybench
mobilitybench_q_ac2702910fd222e32d,mobilitybench:22a441d8f9fd2f8a00,1,mobilitybench
mobilitybench_q_45d366dbc265dd3385,mobilitybench:501149484def3b76bd,1,mobilitybench
mobilitybench_q_87feb443c1badc8045,mobilitybench:7c51540af32ce61df1,1,mobilitybench
mobilitybench_q_150f17591e16947231,mobilitybench:61b1e4154edd402d98,1,mobilitybench
mobilitybench_q_6758bb3822346427c1,mobilitybench:936b80d9dfa76504de,1,mobilitybench
mobilitybench_q_4179ad43fed4221295,mobilitybench:c336362e0b36218f3f,1,mobilitybench
mobilitybench_q_cb245274b991ea2fd6,mobilitybench:1ce0aa746bd17e5dd4,1,mobilitybench
mobilitybench_q_54263d0b0b3a1b451b,mobilitybench:e3c9e30e0acd953062,1,mobilitybench
mobilitybench_q_fa6b46be667a18a3df,mobilitybench:cd9d5b1834907f6a3d,1,mobilitybench
mobilitybench_q_28426d50cdc361c651,mobilitybench:4ada6185d0cbcbbb72,1,mobilitybench
mobilitybench_q_2f38a838600e6c24a9,mobilitybench:69fe7948226750f1a3,1,mobilitybench
mobilitybench_q_395104c0d254a8dd07,mobilitybench:e4b56f0b4d7363d2a0,1,mobilitybench
mobilitybench_q_c6de7f3be99d27a7d6,mobilitybench:27f44a640bf3cedc72,1,mobilitybench
mobilitybench_q_28ec778b09719ebe7b,mobilitybench:d073a34cbb61b53072,1,mobilitybench
mobilitybench_q_1b316da554e2510660,mobilitybench:499813067802ea132b,1,mobilitybench
mobilitybench_q_2a159c4ddb94be7fb4,mobilitybench:6972b015a3b771368d,1,mobilitybench
mobilitybench_q_c00aece3315dad8461,mobilitybench:742f3aef0ac9f0fa0c,1,mobilitybench
mobilitybench_q_8bf2881359b6cae73d,mobilitybench:94dec632f1a67cd1e5,1,mobilitybench
mobilitybench_q_0b863d4d747b54259d,mobilitybench:2b73ec40850addfe16,1,mobilitybench
mobilitybench_q_a7553dc7e0e7497e0f,mobilitybench:9263a9b3b17421dd91,1,mobilitybench
mobilitybench_q_4f4a18749de4cb745c,mobilitybench:fb02d87cde41dbd849,1,mobilitybench
mobilitybench_q_8af0c60046431e18ac,mobilitybench:adf9d65ebf6e5f83f7,1,mobilitybench
mobilitybench_q_3fc3859fce9199dfb2,mobilitybench:52af96666355e210da,1,mobilitybench
mobilitybench_q_700ec63db6c9edfd1e,mobilitybench:991dd200803da35e11,1,mobilitybench
mobilitybench_q_3db81b67afee0f2761,mobilitybench:e7b83ffbdcb129b0b6,1,mobilitybench
mobilitybench_q_6010897966e3344002,mobilitybench:45945b2d7d1e9aaf79,1,mobilitybench
mobilitybench_q_99332b77282ea46538,mobilitybench:89a5a07e8207ffce9b,1,mobilitybench
mobilitybench_q_574f185ea9871ea0b1,mobilitybench:2629934dfb67761f20,1,mobilitybench
mobilitybench_q_92612654616be1b8b7,mobilitybench:52e20a307c142dc789,1,mobilitybench
mobilitybench_q_e0bc5d45e7d8af165c,mobilitybench:b1a52d5397675da60f,1,mobilitybench
mobilitybench_q_5c15d1ce4ec9bda921,mobilitybench:931504d512f214f0d8,1,mobilitybench
mobilitybench_q_487396936ac73456b1,mobilitybench:c207949058cfaee43c,1,mobilitybench
mobilitybench_q_87d3d71ba651e0ca9d,mobilitybench:370667ca75ba44794b,1,mobilitybench
mobilitybench_q_3fce2b70e2bf7abd97,mobilitybench:a53df757406e2a97c9,1,mobilitybench
mobilitybench_q_fa8a99700a1b2d5f5e,mobilitybench:49f69a8f14ae8e892a,1,mobilitybench
mobilitybench_q_7619957c5cfd3a0ef8,mobilitybench:fe221120a9de73b787,1,mobilitybench
mobilitybench_q_8f6051aec43542419a,mobilitybench:ac55db71bb9405ae96,1,mobilitybench
mobilitybench_q_4756276cc710cd59c1,mobilitybench:17077db894f113ea49,1,mobilitybench
mobilitybench_q_8a60811a9f1911c04f,mobilitybench:ea90c46cc4f3f51de7,1,mobilitybench
mobilitybench_q_09196ec7230a93f5f7,mobilitybench:4dd1e8a4aed440bbe9,1,mobilitybench
mobilitybench_q_feb0fa12fe2db9fb42,mobilitybench:dd7a7fc98447a0eb71,1,mobilitybench
mobilitybench_q_42931d9273dac1ef8b,mobilitybench:f7555a6b94fbe86ac7,1,mobilitybench
mobilitybench_q_c041af1e2328eca624,mobilitybench:8cc198f73144440640,1,mobilitybench
mobilitybench_q_7f933ca715df2352c4,mobilitybench:bb34affe0ba1a325c0,1,mobilitybench
mobilitybench_q_8b88e7f62d76a9c874,mobilitybench:95326f9c69f61556a1,1,mobilitybench
mobilitybench_q_a89e943a083f5221e5,mobilitybench:4b450c15e80e9e32e8,1,mobilitybench
mobilitybench_q_9769f6bd37e2b07b6e,mobilitybench:0c22fbdebee03e9042,1,mobilitybench
mobilitybench_q_bd39acfc0eb6b2b84b,mobilitybench:f65817288d9473d14c,1,mobilitybench
mobilitybench_q_d55bb983c434e4afd8,mobilitybench:bfabc9d6442c252d1e,1,mobilitybench
mobilitybench_q_09a1462cb7aee833a3,mobilitybench:4b59adbbfb039445e7,1,mobilitybench
mobilitybench_q_0036a22a46bd666151,mobilitybench:8a256491e4bcf17948,1,mobilitybench
mobilitybench_q_c2ce6ff3025cba64ed,mobilitybench:329188335ad9d0de8b,1,mobilitybench
mobilitybench_q_841709fa145afc7f7b,mobilitybench:d891de7ae9239a534c,1,mobilitybench
mobilitybench_q_6f7861be4e34f6080a,mobilitybench:fc27b74be8682a2abc,1,mobilitybench
mobilitybench_q_7b4696a38ad5c6b506,mobilitybench:79deeb17a7831a1c7c,1,mobilitybench
mobilitybench_q_2404641c0432ea9eed,mobilitybench:59803ca8d39197bc25,1,mobilitybench
mobilitybench_q_e726ae004329c9a162,mobilitybench:9499da900e55221a4b,1,mobilitybench
mobilitybench_q_7cf9bcfff9cabc46be,mobilitybench:58489e0797ed372907,1,mobilitybench
mobilitybench_q_2934b0ffc9577c5b87,mobilitybench:6a5fcf15e426589ea3,1,mobilitybench
mobilitybench_q_d00b5d8f7fd555e343,mobilitybench:cbe48bf14921c56368,1,mobilitybench
mobilitybench_q_ec1bd6aec7e6491f93,mobilitybench:5c9fb7b0458c024326,1,mobilitybench
mobilitybench_q_b29b27fadf532a160b,mobilitybench:6f2d27e4fd16dc03a9,1,mobilitybench
mobilitybench_q_fcfae3b089cf95ec8c,mobilitybench:8c9652b584b9ce2c51,1,mobilitybench
mobilitybench_q_5af85273c389fa3250,mobilitybench:27961dc9eb5130d405,1,mobilitybench
mobilitybench_q_16be7d52d80c80d86b,mobilitybench:ac5e844fb10f40bbc3,1,mobilitybench
mobilitybench_q_386982f0b30e3a02c4,mobilitybench:a0847709d8b46e80da,1,mobilitybench
mobilitybench_q_903975fc6cf2328cd7,mobilitybench:d3d0b3a52ae30b041e,1,mobilitybench
mobilitybench_q_2911eacb98bd2ee52a,mobilitybench:5804b3efe5efe8190f,1,mobilitybench
mobilitybench_q_dfbc2b15d5dde3ea58,mobilitybench:5e213603d20bf8a550,1,mobilitybench
mobilitybench_q_fe567dc02b6a203d0e,mobilitybench:e09edeaed2bb69ae9f,1,mobilitybench
mobilitybench_q_412682d9180aef8dbd,mobilitybench:2ba06b480a14c1edc1,1,mobilitybench
mobilitybench_q_4c2d1ff6eeb890d745,mobilitybench:1ac805eb9e09b1bb44,1,mobilitybench
mobilitybench_q_51537411d4656e62a0,mobilitybench:7fb8c5706be92c73ed,1,mobilitybench
mobilitybench_q_d07ee060d897647d9a,mobilitybench:4b13e67f4e4de1a0be,1,mobilitybench
mobilitybench_q_88569cd555c67e56a5,mobilitybench:4394d06d4fb425af02,1,mobilitybench
mobilitybench_q_42fcf22f77614a18a3,mobilitybench:5775b7e8c7fad2ab33,1,mobilitybench
mobilitybench_q_b9722b95478f2e085c,mobilitybench:d068dceb4b66277bee,1,mobilitybench
mobilitybench_q_4183c89e3da510a99f,mobilitybench:a6ed0f73bf78103f36,1,mobilitybench
mobilitybench_q_33daff8c66e996ffbf,mobilitybench:3ca8d981539ee66fac,1,mobilitybench
mobilitybench_q_80775cab9b5e0c25d0,mobilitybench:087eb4444bff9876ce,1,mobilitybench
mobilitybench_q_c8c78cef033a320e03,mobilitybench:16ab6940cdead90b26,1,mobilitybench
mobilitybench_q_0e198ac9c144ce550f,mobilitybench:2747e4bf5f34cc0d70,1,mobilitybench
mobilitybench_q_acdeddb3f48e45c1b8,mobilitybench:ab8288ee7417076feb,1,mobilitybench
mobilitybench_q_cb9295532ae39d1b31,mobilitybench:b97c73a2b56b3b5cad,1,mobilitybench
mobilitybench_q_98916cc1624a2660f7,mobilitybench:bb87c5013d31ba5cf4,1,mobilitybench
mobilitybench_q_8c42adc04b31f50273,mobilitybench:4d4bfdc82e5c84aa56,1,mobilitybench
mobilitybench_q_0e95aacf1489225e8a,mobilitybench:cf0f23c3a5a2a021da,1,mobilitybench
mobilitybench_q_11efef9e39a6343aa0,mobilitybench:fbffe68c7f07ea7d54,1,mobilitybench
mobilitybench_q_ab4641452b54c6b4c5,mobilitybench:d42d9785157fb97016,1,mobilitybench
mobilitybench_q_34f9c1effd805c9ab9,mobilitybench:434bd5858557f42114,1,mobilitybench
mobilitybench_q_22b9ba5f89943c330e,mobilitybench:ccf127e94a3678e2fa,1,mobilitybench
mobilitybench_q_b3628d695c52b41fea,mobilitybench:48173ef824093b892b,1,mobilitybench
mobilitybench_q_0f1f73de0903360313,mobilitybench:1bd999210a89df0a80,1,mobilitybench
mobilitybench_q_118f987afa65763ea4,mobilitybench:5bc45663ef85a33e60,1,mobilitybench
mobilitybench_q_a17dbde17f3e970435,mobilitybench:8f8ad189f5a1f5fefc,1,mobilitybench
mobilitybench_q_e78838a424a079b1a4,mobilitybench:db61f305e5f9cc8f00,1,mobilitybench
mobilitybench_q_f0b62e3fb54445e636,mobilitybench:9ee88eab9a8559c206,1,mobilitybench
mobilitybench_q_cd530f09d6b19eb762,mobilitybench:faa1c5966700a78550,1,mobilitybench
mobilitybench_q_c54301c4c24b95e7a4,mobilitybench:89fb410dd9204ba744,1,mobilitybench
mobilitybench_q_fbb63dffdee6f12b86,mobilitybench:79a5dc42d80dcb6e83,1,mobilitybench
mobilitybench_q_c0c336db66e76638c1,mobilitybench:adb7c65be67e468a6d,1,mobilitybench
mobilitybench_q_25725196ac60e8e3ad,mobilitybench:b9266ced5adc271e3b,1,mobilitybench
mobilitybench_q_7fd8add314340cfe2b,mobilitybench:029c7910c7cb939cf6,1,mobilitybench
mobilitybench_q_3284d7ddfcb02a865d,mobilitybench:f2798bb36ea85a1aa0,1,mobilitybench
mobilitybench_q_21780a0b60b1c368da,mobilitybench:551efb730e5dbc708c,1,mobilitybench
mobilitybench_q_25f673ea5feb139709,mobilitybench:66ad6b614919266124,1,mobilitybench
mobilitybench_q_fd6896a08e9a979fca,mobilitybench:95bf90e690bc102cb2,1,mobilitybench
mobilitybench_q_58109001d46116bec4,mobilitybench:6668a7f09791c0e0e6,1,mobilitybench
mobilitybench_q_7b2f8bbbffac3ff04d,mobilitybench:444615d1d5297ea686,1,mobilitybench
mobilitybench_q_1c3af0b0f602d811c9,mobilitybench:9ca05af3d6ea7d03a4,1,mobilitybench
mobilitybench_q_873e4e0314f63e9fe8,mobilitybench:70207d10485bb8d2e2,1,mobilitybench
mobilitybench_q_04711b182cfefddd7e,mobilitybench:3dc7ccb30c917d94e4,1,mobilitybench
mobilitybench_q_1a0a5347ca8e610b4a,mobilitybench:fcb8ffd221de1e9e1b,1,mobilitybench
mobilitybench_q_7314e2a15d20fba554,mobilitybench:6dfd7f27a6e927fb72,1,mobilitybench
mobilitybench_q_42150b5cfa157422b7,mobilitybench:a53028671b0f7e098b,1,mobilitybench
mobilitybench_q_3dd8f30b6e887a5f07,mobilitybench:62a80316fdc0f7cc51,1,mobilitybench
mobilitybench_q_c6a980e82ab0328e56,mobilitybench:3106051522cea41edc,1,mobilitybench
mobilitybench_q_910d5c7631e5bd2f39,mobilitybench:fae287f7f46d8e1a4b,1,mobilitybench
mobilitybench_q_5c4f99d877f23693b0,mobilitybench:788b54f1455d90eb73,1,mobilitybench
mobilitybench_q_6b867538081e1de18e,mobilitybench:778b71335df3b5584d,1,mobilitybench
mobilitybench_q_ceeb609d74b84d51b8,mobilitybench:f56d550a4851b2529e,1,mobilitybench
mobilitybench_q_cb215d38d6ebd2ba57,mobilitybench:e45324262132171992,1,mobilitybench
mobilitybench_q_b80793ae1a367b6a33,mobilitybench:55a3f8cadc8dcdf473,1,mobilitybench
mobilitybench_q_632acee320618174a0,mobilitybench:aa55cd97079b07e26e,1,mobilitybench
mobilitybench_q_7d80840b168915fab3,mobilitybench:e20a0d7acbaa7741a9,1,mobilitybench
mobilitybench_q_e3bdd76ee36e5a8150,mobilitybench:82673a7cd81f9f2a6d,1,mobilitybench
mobilitybench_q_b3548a187a55f93c93,mobilitybench:6be59054b108357b80,1,mobilitybench
mobilitybench_q_181ccb7210371dbc57,mobilitybench:9c5986418dc9cc48b3,1,mobilitybench
mobilitybench_q_cc1f5af19b242298e7,mobilitybench:295d40feb95b429d96,1,mobilitybench
mobilitybench_q_b745a1e7bb8cbf4b44,mobilitybench:aaaa24c636db8b1218,1,mobilitybench
mobilitybench_q_f92a25d0ac1ecba528,mobilitybench:b2607d190bc0a79be7,1,mobilitybench
mobilitybench_q_def9396e96be2087c6,mobilitybench:baf52ead216e7a70eb,1,mobilitybench
mobilitybench_q_a5cc9dfce889641add,mobilitybench:043eabc792ed26700a,1,mobilitybench
mobilitybench_q_8d5a1f237fd661cbb8,mobilitybench:97b4bcbdd1d3816765,1,mobilitybench
mobilitybench_q_8e487b8efe32ddbbdf,mobilitybench:5127fb0ac8afe4ba58,1,mobilitybench
mobilitybench_q_a509baba38e82bd831,mobilitybench:ca21012a1480878f91,1,mobilitybench
mobilitybench_q_5e3209f64e6222983f,mobilitybench:b54990ec0c06a2e86b,1,mobilitybench
mobilitybench_q_a176bb8e50e69d321b,mobilitybench:8bd1f1f4af07558ab6,1,mobilitybench
mobilitybench_q_dc423a59e56b1c9668,mobilitybench:f340b6319df6ebf161,1,mobilitybench
mobilitybench_q_f1f6feb90fa807230c,mobilitybench:ac6bdfff5dd6a9b3f8,1,mobilitybench
mobilitybench_q_67be7b0c90fafdca70,mobilitybench:0ad833a55589e72d9c,1,mobilitybench
mobilitybench_q_7314c66270aea99fa6,mobilitybench:d1dd291265b694a3c4,1,mobilitybench
mobilitybench_q_a0e61a0ee885c3ba59,mobilitybench:685f774d08cb362db0,1,mobilitybench
mobilitybench_q_30757918d84296b173,mobilitybench:d12315f74c0ad54df4,1,mobilitybench
mobilitybench_q_79a723ffa420838e1b,mobilitybench:49393656b79b49dd3f,1,mobilitybench
mobilitybench_q_0f5dc12c62c50e2d97,mobilitybench:da10e9e3241f1bd629,1,mobilitybench
mobilitybench_q_996c731b798eb693d1,mobilitybench:377385979c79353dbc,1,mobilitybench
mobilitybench_q_582d195c2795b8008c,mobilitybench:a71ae4b632a560eedf,1,mobilitybench
mobilitybench_q_c6c0269b3a58944361,mobilitybench:084c26dd3f5983acab,1,mobilitybench
mobilitybench_q_5d2931adab2bafac17,mobilitybench:c92fede9a734c1298f,1,mobilitybench
mobilitybench_q_b99315e764b6cc1f9f,mobilitybench:e21bfbefe49c7d5ff1,1,mobilitybench
mobilitybench_q_a64e0eb46ad4347810,mobilitybench:0661029764d090c9f6,1,mobilitybench
mobilitybench_q_d3adc04395aa9505e7,mobilitybench:ca045466e84bc14f23,1,mobilitybench
mobilitybench_q_a43c3c5a9dfb06223e,mobilitybench:568fdb05855536ef57,1,mobilitybench
mobilitybench_q_35cf4f7bdfdcaa2573,mobilitybench:3b717950ade62aff55,1,mobilitybench
mobilitybench_q_bb2633ac2f788b1776,mobilitybench:a37e9c3a1815e1cf82,1,mobilitybench
mobilitybench_q_b35350e8a424732ce4,mobilitybench:40ebb4443ae349b7bc,1,mobilitybench
mobilitybench_q_f6f151cc03dc81c3b1,mobilitybench:73a830dd3a82897e59,1,mobilitybench
mobilitybench_q_9d6cc23617aeb0577a,mobilitybench:e41c0046812f668482,1,mobilitybench
mobilitybench_q_8d1d8f5eb8bc479ebf,mobilitybench:e39c8444f37cda5233,1,mobilitybench
mobilitybench_q_6a8ebe01129f596fa4,mobilitybench:2235efe03fcdb7096f,1,mobilitybench
mobilitybench_q_2ae21f49c548a7a329,mobilitybench:b573d312cb93ee2b45,1,mobilitybench
mobilitybench_q_3aaf9b69b26978d356,mobilitybench:76a44c6ded2aeecdc3,1,mobilitybench
mobilitybench_q_7e3281de4939275227,mobilitybench:35644a902eefe8664d,1,mobilitybench
mobilitybench_q_21b933b0ccab6a8129,mobilitybench:27891b11e55fbd8aa8,1,mobilitybench
mobilitybench_q_2ea829aa7832747958,mobilitybench:32b17690e065fbd73f,1,mobilitybench
mobilitybench_q_3cc49265fa9e8d53c6,mobilitybench:c0205fd60d7e1a6228,1,mobilitybench
mobilitybench_q_1d79efc675a5345e05,mobilitybench:01b2011553470dd6e4,1,mobilitybench
mobilitybench_q_3d137e1fe93e18e622,mobilitybench:3119d299124e58350b,1,mobilitybench
mobilitybench_q_8631b5bc513fd42a1d,mobilitybench:ba2621a9aeadbae721,1,mobilitybench
mobilitybench_q_ab367e4a468b1be667,mobilitybench:652442ddaf1a06c029,1,mobilitybench
mobilitybench_q_1cae4aecf068013417,mobilitybench:10a24d3c1fcad1d4cf,1,mobilitybench
mobilitybench_q_8d29f3aff1245e4d5a,mobilitybench:04ed91eb33a4bce2cb,1,mobilitybench
mobilitybench_q_531fcb3841e9a455e1,mobilitybench:ba21843ed31ba6e909,1,mobilitybench
mobilitybench_q_398b4f7ab08d80e3f4,mobilitybench:0e20352ab04e966bbf,1,mobilitybench
mobilitybench_q_34b67e4b3b80cab93a,mobilitybench:1d17983e71d26dbd83,1,mobilitybench
mobilitybench_q_a6832d05c0e1e632e8,mobilitybench:49cfce28a1caa6bf5a,1,mobilitybench
mobilitybench_q_7072f35fd874970096,mobilitybench:1013917208efeec6b0,1,mobilitybench
mobilitybench_q_ad35acddbcc486ae6a,mobilitybench:4d83157124ffa42494,1,mobilitybench
mobilitybench_q_712b4981aabfa0ebb9,mobilitybench:c968492c1ce83aa449,1,mobilitybench
mobilitybench_q_29c6664617d9bf197e,mobilitybench:9fb1d1934f18399d14,1,mobilitybench
mobilitybench_q_a60cefa145cec1fa9c,mobilitybench:ff2ef03dc5ca980a33,1,mobilitybench
mobilitybench_q_6e6f9f8e69512bcbfe,mobilitybench:7fcb37b4a26fd9f3c2,1,mobilitybench
mobilitybench_q_86f8bc34256383a338,mobilitybench:5459b8447a2e18988f,1,mobilitybench
mobilitybench_q_782aa315fa0951e2f9,mobilitybench:988846273eedf03ef5,1,mobilitybench
mobilitybench_q_56311e5346e5e9bfb2,mobilitybench:9cf091f1d6413fe79a,1,mobilitybench
mobilitybench_q_bd358505b952477c96,mobilitybench:1bef63c5b402f6be23,1,mobilitybench
mobilitybench_q_13ac87190e4ed22836,mobilitybench:80917c62b4678dd32c,1,mobilitybench
mobilitybench_q_64fc59771e2c11950d,mobilitybench:6d99ac933320d4ef95,1,mobilitybench
mobilitybench_q_9728516b8d2b5975e3,mobilitybench:e5c261d594d58d832d,1,mobilitybench
mobilitybench_q_3e0ee88375449066b8,mobilitybench:c841a39ab406141c4f,1,mobilitybench
mobilitybench_q_4cdd6086176d66cbbc,mobilitybench:fe73c91444555a898c,1,mobilitybench
mobilitybench_q_55b34a7a71b23ff8b9,mobilitybench:33dc2e948713a12ce7,1,mobilitybench
mobilitybench_q_711635b072e0696b44,mobilitybench:7c6a73f341bf0d6e7f,1,mobilitybench
mobilitybench_q_db958ccd89b4697f23,mobilitybench:1e3a3a9fc3d6851010,1,mobilitybench
mobilitybench_q_6df1163c819d34a15a,mobilitybench:98a970297d94bc15bb,1,mobilitybench
mobilitybench_q_67b5e9866eb7f45eef,mobilitybench:7f6b8523e70b5c72d8,1,mobilitybench
mobilitybench_q_af2f967b34236f5a6d,mobilitybench:604ba7e62faa1d3ada,1,mobilitybench
mobilitybench_q_5428e10ea1bcc1bba1,mobilitybench:71e6aa2c1bb4c55132,1,mobilitybench
mobilitybench_q_73fcb4bfabb24f7bf6,mobilitybench:d6660edef9442f4f45,1,mobilitybench
mobilitybench_q_c1708f89581557a840,mobilitybench:76b3b604a97150a4bb,1,mobilitybench
mobilitybench_q_652c77ce78e40a0b93,mobilitybench:83d07f8fa2fc19cb22,1,mobilitybench
mobilitybench_q_85519ea3af81291c6e,mobilitybench:377cd8b8cd491a7666,1,mobilitybench
mobilitybench_q_83c98abbf4f9f886ff,mobilitybench:384f497e2454272811,1,mobilitybench
mobilitybench_q_2097706a902b3dbf5c,mobilitybench:5ac9a0834fc130add7,1,mobilitybench
mobilitybench_q_e55a627ccdd174f1d4,mobilitybench:31c2a78c487a008888,1,mobilitybench
mobilitybench_q_8021c2ada64e82cc5f,mobilitybench:157381acea37ec2773,1,mobilitybench
mobilitybench_q_12960f87cf9ec7f0b2,mobilitybench:538ea1bb394de2902d,1,mobilitybench
mobilitybench_q_72c0245094eb21f4ae,mobilitybench:86b17f34922f17356b,1,mobilitybench
mobilitybench_q_5100bc25110b963340,mobilitybench:944e660dad4e592826,1,mobilitybench
mobilitybench_q_7968d0d11ba81f876c,mobilitybench:d856dc8dcb7a4a7c50,1,mobilitybench
mobilitybench_q_6633a5d38c9485f945,mobilitybench:69d4765edde9bf78f9,1,mobilitybench
mobilitybench_q_dfb89ccaf815807dce,mobilitybench:d0cc08e762aba1d2f3,1,mobilitybench
mobilitybench_q_af8c974a527a3f01c7,mobilitybench:18b17a9c2810d46b07,1,mobilitybench
mobilitybench_q_e374d2f4327e6a10a0,mobilitybench:da070ec921fa89b5e1,1,mobilitybench
mobilitybench_q_9290f30a8f4ac08b52,mobilitybench:2607ea166a294baf8e,1,mobilitybench
mobilitybench_q_751d167525eb537f2a,mobilitybench:82c0f43d0c19f0121d,1,mobilitybench
mobilitybench_q_35094160eeba14c1fc,mobilitybench:142d23e5fbd46b3ea2,1,mobilitybench
mobilitybench_q_78aaf9d66f1ef3c3f0,mobilitybench:b7858a1d2c8f148e8e,1,mobilitybench
mobilitybench_q_8035b01abbf0ba6630,mobilitybench:a535690a2e9754252a,1,mobilitybench
mobilitybench_q_7c157de0567e57046b,mobilitybench:7de743a65684873546,1,mobilitybench
mobilitybench_q_9cc97bd75b80477fe2,mobilitybench:e1567a9643c6d9ad32,1,mobilitybench
mobilitybench_q_11a0695e19c78781a6,mobilitybench:4db16c62b2ea9c5432,1,mobilitybench
mobilitybench_q_56c660a3e0b0272b21,mobilitybench:5e9194bb48e75d19fd,1,mobilitybench
mobilitybench_q_6e1e85b37d21ae157e,mobilitybench:68429b3563b77bb6a4,1,mobilitybench
mobilitybench_q_8b4b2244131906c5fe,mobilitybench:1af25f9f7dcc9cff6e,1,mobilitybench
mobilitybench_q_2b9d4fbfb9a60410ed,mobilitybench:f0da31c4646b804a3a,1,mobilitybench
mobilitybench_q_c0e435b1b5db4cab54,mobilitybench:afb1e0c094728655ff,1,mobilitybench
mobilitybench_q_28195f981789489528,mobilitybench:b2defcbe84337d77b7,1,mobilitybench
mobilitybench_q_04ba5ff9499a38e466,mobilitybench:e6957fce2cdd8b44e3,1,mobilitybench
mobilitybench_q_e68c45079ea6301d28,mobilitybench:3ecc0d671cfcd2d82c,1,mobilitybench
mobilitybench_q_d2a11412242533aa1c,mobilitybench:972e72aa3012f93366,1,mobilitybench
mobilitybench_q_10120888f60c8d8bb4,mobilitybench:5d11bf59d9cddfdf72,1,mobilitybench
mobilitybench_q_9fc38468c5f7849d84,mobilitybench:68c0811df9c5423f28,1,mobilitybench
mobilitybench_q_d46270615113288d23,mobilitybench:a6ecc8960d0f553d5c,1,mobilitybench
mobilitybench_q_a6cb869513b531cd72,mobilitybench:134d0ea0c7ffcfad70,1,mobilitybench
mobilitybench_q_f176fcab1856fc2266,mobilitybench:e540914d8c97edf574,1,mobilitybench
mobilitybench_q_087a89368940f0d2ac,mobilitybench:82cf4e8fadb09d720b,1,mobilitybench
mobilitybench_q_5cb34a4da30175df57,mobilitybench:02a2024cb3497275b3,1,mobilitybench
mobilitybench_q_41e2c8834d4cf2e413,mobilitybench:0205ee2be016fd6bcb,1,mobilitybench
mobilitybench_q_01c4835bb2aa5e7427,mobilitybench:21bc04b0dbdbad4d22,1,mobilitybench
mobilitybench_q_a9660e5beba4f13ea7,mobilitybench:c8a6b6cef39cbaa614,1,mobilitybench
mobilitybench_q_dda38ddaa03d320b8b,mobilitybench:7fff9d1efeb833455a,1,mobilitybench
mobilitybench_q_efc53349d4ff23fc96,mobilitybench:f1b0aebfe64f31df57,1,mobilitybench
mobilitybench_q_f7a5208d2ca9ba7bdd,mobilitybench:107dc2868adfb03e7f,1,mobilitybench
mobilitybench_q_e469aa5531698bdc56,mobilitybench:e1e5d83acbcc5be3a3,1,mobilitybench
mobilitybench_q_e3dce9cc4daf8202ab,mobilitybench:4836958183bbcd8a2d,1,mobilitybench
mobilitybench_q_58a6183a2122cbba13,mobilitybench:55280499cab8991c0e,1,mobilitybench
mobilitybench_q_e8d09f71b2687b9312,mobilitybench:bbc3f5935bab7bc2d1,1,mobilitybench
mobilitybench_q_cb49d1bb6d89c510cf,mobilitybench:10285a036c399dcacf,1,mobilitybench
mobilitybench_q_287bd99fe59f15202c,mobilitybench:88790ccf6644dc8ec9,1,mobilitybench
mobilitybench_q_fc3c177054126ef194,mobilitybench:93e94661b3afa65690,1,mobilitybench
mobilitybench_q_2482b77cf92f95946c,mobilitybench:d728f8cc98e4ba3bd8,1,mobilitybench
mobilitybench_q_37647d176e1bd91c8c,mobilitybench:db72aec9b499199efb,1,mobilitybench
mobilitybench_q_759599d426953c071b,mobilitybench:8cddd0980aa571022e,1,mobilitybench
mobilitybench_q_ced2ba7139ea12e281,mobilitybench:6ab368e0621b85fd6b,1,mobilitybench
mobilitybench_q_8b326072e713ec39bd,mobilitybench:1de2a3faf799a142d1,1,mobilitybench
mobilitybench_q_f7b40fdddfed5cfed8,mobilitybench:bc191d48e6b92cb51b,1,mobilitybench
mobilitybench_q_4978c0f160e5894d68,mobilitybench:5ca1a6d76a17b1b4fc,1,mobilitybench
mobilitybench_q_20e016d10b3f5cdc5e,mobilitybench:a7073d37cbd5283b3a,1,mobilitybench
mobilitybench_q_b902b8b54adcfc95ce,mobilitybench:85e547725991ec2e62,1,mobilitybench
mobilitybench_q_4a014e05f84e9d3f4e,mobilitybench:c0e51390021ffd5d39,1,mobilitybench
mobilitybench_q_24ac4561e1502fdd7b,mobilitybench:333c35346a08c78753,1,mobilitybench
mobilitybench_q_74fb09ebbc4848af38,mobilitybench:2525322ce3a1cd8b3c,1,mobilitybench
mobilitybench_q_ea2bb6f7685ea8ec2e,mobilitybench:029f3ed753ef92b3c1,1,mobilitybench
mobilitybench_q_a8bf4cb8060674ef05,mobilitybench:3de343322467eacef9,1,mobilitybench
mobilitybench_q_82962c5abf9bb1fffc,mobilitybench:c5b040b11caeb1f07f,1,mobilitybench
mobilitybench_q_1312b700e121b9a024,mobilitybench:8ce2851c354640717d,1,mobilitybench
mobilitybench_q_ff88f785d5639ab4e2,mobilitybench:75d5812d66eabfb07b,1,mobilitybench
mobilitybench_q_2406b510eb188d2772,mobilitybench:f93328f49e15d20be9,1,mobilitybench
mobilitybench_q_9d15824f5b3734e92a,mobilitybench:9b8e5b309157fe3438,1,mobilitybench
mobilitybench_q_2bbd84aea28c59ded2,mobilitybench:747702d83eded3876b,1,mobilitybench
mobilitybench_q_a65ae9644e8fa3ba3c,mobilitybench:b6a8fcde09e513df96,1,mobilitybench
mobilitybench_q_58ba75e94a80549911,mobilitybench:3a3c7999a3e0fb6b1e,1,mobilitybench
mobilitybench_q_a3c7009740f4cc142d,mobilitybench:48e390dc61590cc08a,1,mobilitybench
mobilitybench_q_6f6ae18cca85991c47,mobilitybench:f7f7c5c2d33b5eec85,1,mobilitybench
mobilitybench_q_f8dc496445783bdb1e,mobilitybench:bb2435e3459fb6b257,1,mobilitybench
mobilitybench_q_49594b5c714aff8262,mobilitybench:d9f4848349bcf5d085,1,mobilitybench
mobilitybench_q_e39a42dfa3b4bf3347,mobilitybench:f8ce45c59cd557ff0c,1,mobilitybench
mobilitybench_q_58d126245decb8e0a4,mobilitybench:dbf388fa6ab85af4c4,1,mobilitybench
mobilitybench_q_341e8034112067dfcb,mobilitybench:fde32374fe658f0ac7,1,mobilitybench
mobilitybench_q_cfb52be1d7a81220a2,mobilitybench:bb1e8cf44765383488,1,mobilitybench
mobilitybench_q_934e6f8e8c194da715,mobilitybench:9466799d467c97cee9,1,mobilitybench
mobilitybench_q_c3f165fe9c77e297e6,mobilitybench:3715b52d2d746d015f,1,mobilitybench
mobilitybench_q_70ae5c9247453329ad,mobilitybench:6fc5c3cecc11182dda,1,mobilitybench
mobilitybench_q_fc296d525961a88c44,mobilitybench:6aac2502a4778d1f1e,1,mobilitybench
mobilitybench_q_6fca453d7d9fc8a683,mobilitybench:40ffda93d000eeb069,1,mobilitybench
mobilitybench_q_6137b15461831f9d41,mobilitybench:d95c576422eb35eb9a,1,mobilitybench
mobilitybench_q_9a658041e1cc4a23a5,mobilitybench:e58cca83495a6531b8,1,mobilitybench
mobilitybench_q_232e993216d70dcc02,mobilitybench:33ce5b69c226c863ce,1,mobilitybench
mobilitybench_q_0b11b5f3a20d617321,mobilitybench:8d95d2a265d0445284,1,mobilitybench
mobilitybench_q_daf5654701ee2a5c13,mobilitybench:a6ada31d7e9a79c336,1,mobilitybench
mobilitybench_q_723101868906366f83,mobilitybench:e0ea7e76df74a3cf36,1,mobilitybench
mobilitybench_q_69df706839e55e3a5a,mobilitybench:ec655c16b8a1524100,1,mobilitybench
mobilitybench_q_60ce17a55ca819339a,mobilitybench:de5f48c98586d2e6a3,1,mobilitybench
mobilitybench_q_dff555ac63801e8e52,mobilitybench:81eff3008d06d7424e,1,mobilitybench
mobilitybench_q_8fc3defaf7405dc479,mobilitybench:d3e437a8036df72bc9,1,mobilitybench
mobilitybench_q_e434c61ee6c449deac,mobilitybench:f9e595339ab32ab2a0,1,mobilitybench
mobilitybench_q_9f315fd8d34f6aee58,mobilitybench:a0080e4106a368c31e,1,mobilitybench
mobilitybench_q_3a4b43ddcc789de542,mobilitybench:530ad7a7b03c4d6c09,1,mobilitybench
mobilitybench_q_1d7654292858aba609,mobilitybench:cef475afc4f0b0d257,1,mobilitybench
mobilitybench_q_3594e3909c2f030926,mobilitybench:fd64f9db70d5d6bdc5,1,mobilitybench
mobilitybench_q_b8c963b324d2d5ccac,mobilitybench:6e638a03400738067d,1,mobilitybench
mobilitybench_q_365c6a80500440c08b,mobilitybench:2e9dc274be6fdfad63,1,mobilitybench
mobilitybench_q_39ba4b6b67e4c5b874,mobilitybench:d8729586c77534d973,1,mobilitybench
mobilitybench_q_507ce7408e6d75d5a9,mobilitybench:7f583dbb24da25a739,1,mobilitybench
mobilitybench_q_b7bfd05e9f1097917c,mobilitybench:d01a2d4286fdcaf525,1,mobilitybench
mobilitybench_q_5fbefd3ef1c9c82cf5,mobilitybench:5452d94eb3f021dbdf,1,mobilitybench
mobilitybench_q_13d5471f9d8e046fc1,mobilitybench:c3fe2b751f8cc0f677,1,mobilitybench
mobilitybench_q_3807b5d486ea6fff18,mobilitybench:36ccf8acb9ef519e48,1,mobilitybench
mobilitybench_q_f7dc7c40f4626243b6,mobilitybench:c91534b29538b5582a,1,mobilitybench
mobilitybench_q_2c6094ad2b3a11a27b,mobilitybench:b9c92381e55ac2d5a5,1,mobilitybench
mobilitybench_q_f7e1341df83bc80bb9,mobilitybench:640f0dccf324d22145,1,mobilitybench
mobilitybench_q_dde5d2904e6763d95a,mobilitybench:a2cea66e0f8bbe35f1,1,mobilitybench
mobilitybench_q_884077f8878704714b,mobilitybench:82d2cea45545f8932b,1,mobilitybench
mobilitybench_q_7f4253b317b2b0164c,mobilitybench:ba8d4c2b3a205d1c3b,1,mobilitybench
mobilitybench_q_41762646f8cc9db8ba,mobilitybench:6e73f2c1a746352f86,1,mobilitybench
mobilitybench_q_3442d9b3e02e781b08,mobilitybench:8319b7622362de7b1c,1,mobilitybench
mobilitybench_q_0810543337c625041f,mobilitybench:6fc022d68b50ec4727,1,mobilitybench
mobilitybench_q_a18752fff175700aa9,mobilitybench:1c9707fbd730299ee2,1,mobilitybench
mobilitybench_q_e0f3f38cd901d34a87,mobilitybench:1f11964005dc9cbc8d,1,mobilitybench
mobilitybench_q_eb65f043411be40a63,mobilitybench:72739dbb248806e184,1,mobilitybench
mobilitybench_q_995606d7de415814fb,mobilitybench:ee9992c2e3d5844b84,1,mobilitybench
mobilitybench_q_52dfea4af028120e77,mobilitybench:fda2e443a997cc0d9c,1,mobilitybench
mobilitybench_q_f267a00924ed289044,mobilitybench:242d2f68069947bb09,1,mobilitybench
mobilitybench_q_0a489ae80334654d02,mobilitybench:bfa7835401a63c8c27,1,mobilitybench
mobilitybench_q_054d56fb9ab8ff3a9b,mobilitybench:18828343a80733cb19,1,mobilitybench
mobilitybench_q_722e148194aacb32c6,mobilitybench:ae252d2e755c685939,1,mobilitybench
mobilitybench_q_e16bf661fa91c711b9,mobilitybench:2f9b34b4e309cb9ca8,1,mobilitybench
mobilitybench_q_67612ea09f26d5ecba,mobilitybench:c6d502f0f721a099e9,1,mobilitybench
mobilitybench_q_ddb169725d46dc9d40,mobilitybench:9acbb0c9114de07573,1,mobilitybench
mobilitybench_q_2d65d5256c7f48a85e,mobilitybench:553e33af1a06dffd96,1,mobilitybench
mobilitybench_q_df9fc436d487f956d7,mobilitybench:bf8c17f6f1b836f66b,1,mobilitybench
mobilitybench_q_3b2520df9e04038317,mobilitybench:03cfef3c2fe1ac15a7,1,mobilitybench
mobilitybench_q_c7134efee1f6bce1ab,mobilitybench:e2b57dd09ee9c90fe0,1,mobilitybench
mobilitybench_q_b7700eb0febdbfa8b0,mobilitybench:55d422213c13b55fe2,1,mobilitybench
mobilitybench_q_0091e87ec6401786f6,mobilitybench:b848be9d34fff3eaae,1,mobilitybench
mobilitybench_q_6e62fd1125cc621c55,mobilitybench:ca34f51ef55d9d3046,1,mobilitybench
mobilitybench_q_fd534d8b059b4ec970,mobilitybench:75e73f959a5790b786,1,mobilitybench
mobilitybench_q_e93abcc73ebc8976d6,mobilitybench:e9d904ba6fdbad68ce,1,mobilitybench
mobilitybench_q_b47240337689c308bc,mobilitybench:323dbddde8200810cb,1,mobilitybench
mobilitybench_q_1ad83f657b0c09099c,mobilitybench:a72af27270afbb21c4,1,mobilitybench
mobilitybench_q_dc92148f8ed1514ebc,mobilitybench:d0ff867bf9329e5597,1,mobilitybench
mobilitybench_q_108fbd26427f30fe0e,mobilitybench:0b2f40b3d0555a6359,1,mobilitybench
mobilitybench_q_030f63019f65dec9b2,mobilitybench:789e26ec6464b05dc9,1,mobilitybench
mobilitybench_q_dbd1556ec99a7e5c3c,mobilitybench:d5c5311a2731132a2c,1,mobilitybench
mobilitybench_q_5edac37e4781135a30,mobilitybench:1d1984552f869c0187,1,mobilitybench
mobilitybench_q_9927534ae07463a02f,mobilitybench:f71462c2f2e46232df,1,mobilitybench
mobilitybench_q_4ee3501929e2acc874,mobilitybench:e87498d3b50404312d,1,mobilitybench
mobilitybench_q_239ebc0eac21a658e3,mobilitybench:6886cf43f47e8d2e83,1,mobilitybench
mobilitybench_q_81aa0adf1e41ed170a,mobilitybench:7e5d3599e0d584ab29,1,mobilitybench
mobilitybench_q_ed5c732274368611e5,mobilitybench:aef1cf1dfc6665f0f7,1,mobilitybench
mobilitybench_q_17917516f461a4bbd9,mobilitybench:5ae05c725c3d21f8a5,1,mobilitybench
mobilitybench_q_88a1a49c354388f4c7,mobilitybench:9a9a3fa8c8ef9e1ba4,1,mobilitybench
mobilitybench_q_f7554c86a93ab1cc9f,mobilitybench:3e0768a7745610d7bd,1,mobilitybench
mobilitybench_q_f23e56d5ef3c0bffcc,mobilitybench:9e194b242db64a6460,1,mobilitybench
mobilitybench_q_943d61d342779545c0,mobilitybench:250e6ca6460930fbc4,1,mobilitybench
mobilitybench_q_21a45bf8f147cf8fab,mobilitybench:0cdeaa7123f39be093,1,mobilitybench
mobilitybench_q_15aa4210676ce609a1,mobilitybench:eb21bd1c05b3347f6f,1,mobilitybench
mobilitybench_q_c29bb7862c3a3611d2,mobilitybench:16a915275fefd0723a,1,mobilitybench
mobilitybench_q_16c68219fa63e25a63,mobilitybench:1ae0264bcb09221d5a,1,mobilitybench
mobilitybench_q_d4d1b35d0f0fa5aa71,mobilitybench:2839a17e5873cb2fb3,1,mobilitybench
mobilitybench_q_8a1727a2c1075942f6,mobilitybench:7cfb1d1817c5b15f03,1,mobilitybench
mobilitybench_q_ef03525872c9fef9dd,mobilitybench:1477e4c9173b62e18d,1,mobilitybench
mobilitybench_q_369f13638bbe90b3e4,mobilitybench:72638e093b66eff6d4,1,mobilitybench
mobilitybench_q_162f6d31fc4dcb9a97,mobilitybench:1cc997597c6cb5e196,1,mobilitybench
mobilitybench_q_72b5c67e69baa0281f,mobilitybench:0514880949deee3821,1,mobilitybench
mobilitybench_q_c38f1b38e46cd3c945,mobilitybench:af89c86b8b25177880,1,mobilitybench
mobilitybench_q_c8f7855d1267f820a6,mobilitybench:d3bfb0793eaddc42cb,1,mobilitybench
mobilitybench_q_b5fac2f1c1afdd5b89,mobilitybench:ef874157ea76df337a,1,mobilitybench
mobilitybench_q_43e7f1d1992c03337e,mobilitybench:11fd061c62cb6b4ecc,1,mobilitybench
mobilitybench_q_e02eeb704854ebe6d9,mobilitybench:f3bfab7b0fbce383d8,1,mobilitybench
mobilitybench_q_dc4679be8d5f7215d5,mobilitybench:b1b98a2baa5d75f1a9,1,mobilitybench
mobilitybench_q_952a14cde215846b5e,mobilitybench:fc8d4ec476a95a74ef,1,mobilitybench
mobilitybench_q_b5a32bb1f896cc6880,mobilitybench:8d642f07d336125833,1,mobilitybench
mobilitybench_q_a04d553550ee6f6dd6,mobilitybench:7b10dd6b280a04e4ec,1,mobilitybench
mobilitybench_q_5bb75bcc93e7e3a7c5,mobilitybench:50e0bad1f5d9199f64,1,mobilitybench
mobilitybench_q_33cceec654e4897aed,mobilitybench:5c1c926ee3238c5a79,1,mobilitybench
mobilitybench_q_62d34cb24e390fa3e9,mobilitybench:ead61b8fdd8a462a00,1,mobilitybench
mobilitybench_q_dc471c74524a4f6122,mobilitybench:8bee1b76f8c36bbb49,1,mobilitybench
mobilitybench_q_6b79b9c740ae56b6d2,mobilitybench:81015ae95fa1be1add,1,mobilitybench
mobilitybench_q_69a2cd3d8c26d4e696,mobilitybench:93bf780809a0aeeeb3,1,mobilitybench
mobilitybench_q_48de48a29a6694b751,mobilitybench:58014b1083176e1d3f,1,mobilitybench
mobilitybench_q_9057ad49803e6260bb,mobilitybench:cff550e8ddf232cbaf,1,mobilitybench
mobilitybench_q_890b8a8519154b0315,mobilitybench:40996fff609ee1f9be,1,mobilitybench
mobilitybench_q_863453823c005b52f9,mobilitybench:436a94c5feea3ac283,1,mobilitybench
mobilitybench_q_7fdf56c1ac06a37512,mobilitybench:7c8e2527ae7c9a9913,1,mobilitybench
mobilitybench_q_1d8d29831c5ceff445,mobilitybench:7e7161a2acb558ddd1,1,mobilitybench
mobilitybench_q_d3ee4219b4404163c2,mobilitybench:4819c5d8315857c771,1,mobilitybench
mobilitybench_q_158b747765a72226db,mobilitybench:2b78e9fcb61441ea61,1,mobilitybench
mobilitybench_q_644b1368fe4257bc20,mobilitybench:e2bb5f15f6d0c0b3dc,1,mobilitybench
mobilitybench_q_ee3ee46182df1323a5,mobilitybench:b63bcac513a7daa80f,1,mobilitybench
mobilitybench_q_978bdc5c75de687dd1,mobilitybench:a74156bf504c70866d,1,mobilitybench
mobilitybench_q_ddcb3a0d6818dad363,mobilitybench:5226dbc7ae14968b1b,1,mobilitybench
mobilitybench_q_d6a80c7c5fa52cddad,mobilitybench:c752556829dc622fd6,1,mobilitybench
mobilitybench_q_0acf8f3438649c0752,mobilitybench:be8bedbb49a0e7353d,1,mobilitybench
mobilitybench_q_63ffcf5af6263eb8ef,mobilitybench:2204d7cf632e6ab7d4,1,mobilitybench
mobilitybench_q_1929aa3dfea56365b2,mobilitybench:405c90b1fb4003f4a2,1,mobilitybench
mobilitybench_q_ace0a39acd8903cde5,mobilitybench:e37a9d7826913ffe3f,1,mobilitybench
mobilitybench_q_2f22c9244cfadc3de4,mobilitybench:c56db5efce5552e210,1,mobilitybench
mobilitybench_q_c444a61cb3daf229e9,mobilitybench:f713d75128e75a13aa,1,mobilitybench
mobilitybench_q_d244aa9f0164314813,mobilitybench:32fab906adb6bb74d6,1,mobilitybench
mobilitybench_q_561e32b97f14f1c20d,mobilitybench:291a4cf4343fa911d4,1,mobilitybench
mobilitybench_q_973244cbe3bc8513f7,mobilitybench:41b39f2e81ecbf6381,1,mobilitybench
mobilitybench_q_213af7c51f49fa9ec5,mobilitybench:984aacddcac9f2c856,1,mobilitybench
mobilitybench_q_33ddbaa30468b31df4,mobilitybench:25e2a8db8d9678fed0,1,mobilitybench
mobilitybench_q_d5203ee91ac8160e3d,mobilitybench:e189a31364af30db5f,1,mobilitybench
mobilitybench_q_f6b55b0f2a017e6114,mobilitybench:d6d3f7b3155e6a6b67,1,mobilitybench
mobilitybench_q_86a9b58c3177694adf,mobilitybench:63ab9a98c9a5000d12,1,mobilitybench
mobilitybench_q_7aaec4fdbadb7a2f42,mobilitybench:54e6c936432ca1fd40,1,mobilitybench
mobilitybench_q_d6716e87c28a753736,mobilitybench:96f09169994d41a322,1,mobilitybench
mobilitybench_q_0991cdef3f4cf6e1ca,mobilitybench:0b6a360cfb41f04bcb,1,mobilitybench
mobilitybench_q_b49249789846dd0490,mobilitybench:556ea27ec180bfa8b3,1,mobilitybench
mobilitybench_q_069d5b7477a85b30f9,mobilitybench:d8d8f4ad95c24cca59,1,mobilitybench
mobilitybench_q_d90511d71e086a2f6b,mobilitybench:e4bbadf6a6b70a0508,1,mobilitybench
mobilitybench_q_5cd6f15e27715b58b8,mobilitybench:91563f3889b538ae88,1,mobilitybench
mobilitybench_q_d7d0868fd387134a90,mobilitybench:e9e364c66ea7b00abc,1,mobilitybench
mobilitybench_q_28d6e96e688a075de6,mobilitybench:cc8b59fd0b14f83f08,1,mobilitybench
mobilitybench_q_6f23fdbd3ed997cd5a,mobilitybench:5f6aff3007ac2f7a5e,1,mobilitybench
mobilitybench_q_feb5f1e7ed6eed12ce,mobilitybench:1bc00496354b26698f,1,mobilitybench
mobilitybench_q_9c159de2474f6dddc2,mobilitybench:79af1dab71fb45ce3c,1,mobilitybench
mobilitybench_q_bc1e7391e45d0840f8,mobilitybench:af04749f1196426039,1,mobilitybench
mobilitybench_q_0bbe89628860ba32d3,mobilitybench:74720e1dafc835563c,1,mobilitybench
mobilitybench_q_e65cf80d05fa94703c,mobilitybench:6e0c41b0aa48a13d48,1,mobilitybench
mobilitybench_q_77da503b5506276a4a,mobilitybench:f0f69f9a5223cd5a98,1,mobilitybench
mobilitybench_q_7fa6b34794e28560c9,mobilitybench:8d0dc9661982bd2c23,1,mobilitybench
mobilitybench_q_de1c4b4d1ef5ea2184,mobilitybench:06d19b2f403da88a1a,1,mobilitybench
mobilitybench_q_594c3e607d69cb2caf,mobilitybench:78fc433c7a173e95c5,1,mobilitybench
mobilitybench_q_11576c61483b0f44e9,mobilitybench:a92bb76703e6d7996c,1,mobilitybench
mobilitybench_q_4a9605731fd55b67ae,mobilitybench:e307adf40744850c6f,1,mobilitybench
mobilitybench_q_6c8070250e5a04d7a3,mobilitybench:b2ed483fa8fa56a663,1,mobilitybench
mobilitybench_q_b959cb18b226a30250,mobilitybench:639b71c58a2fa145aa,1,mobilitybench
mobilitybench_q_ef374421786cd10e8c,mobilitybench:553eceb99b280628ac,1,mobilitybench
mobilitybench_q_7b1fd0d77d09e578af,mobilitybench:a5651850bd29de152c,1,mobilitybench
mobilitybench_q_bcc9c9e49cde25de6a,mobilitybench:0e75def9d858bbb0ce,1,mobilitybench
mobilitybench_q_9a33ae5d4b5459e3d8,mobilitybench:335c6138aa5da7762b,1,mobilitybench
mobilitybench_q_09ba3141a6ce968963,mobilitybench:f4e5e2f87f02fba8c2,1,mobilitybench
mobilitybench_q_e409c0a917f410f845,mobilitybench:8354ac33d81c615362,1,mobilitybench
mobilitybench_q_a42b35f9b91b0ed8a5,mobilitybench:4f41f58fe286a60b91,1,mobilitybench
mobilitybench_q_6f1b671665c2404d33,mobilitybench:653bd9aad1a56ba12e,1,mobilitybench
mobilitybench_q_4059da328e20c472c6,mobilitybench:a7ecc3c10ec92967fe,1,mobilitybench
mobilitybench_q_9b79baf2ec9a63594c,mobilitybench:543a8f5a814d5110ab,1,mobilitybench
mobilitybench_q_3eb846f6c5faef3633,mobilitybench:5bab54525be33c8294,1,mobilitybench
mobilitybench_q_67b788eea3134ef813,mobilitybench:706dbdbfc35864c209,1,mobilitybench
mobilitybench_q_10a2b5948346594dbd,mobilitybench:c1b685e94da7d16f2d,1,mobilitybench
mobilitybench_q_0aa39162e8b2c7cd69,mobilitybench:95e0a8d4f7598952f1,1,mobilitybench
mobilitybench_q_e2d3c69a8b1babd296,mobilitybench:0211458a43540e5bf7,1,mobilitybench
mobilitybench_q_457f2dd66c63205776,mobilitybench:fbedf2ba18e4d1ff54,1,mobilitybench
mobilitybench_q_077e51957295079a8f,mobilitybench:b607c9f1194a06c319,1,mobilitybench
mobilitybench_q_6c71022ecc91006f0e,mobilitybench:321a5935b496c56d5d,1,mobilitybench
mobilitybench_q_52357bb22c601d7cb6,mobilitybench:d98385c62993f60067,1,mobilitybench
mobilitybench_q_7ac16ca95190620924,mobilitybench:050ea56080d1aa2ad7,1,mobilitybench
mobilitybench_q_f6c9d053747e51a57e,mobilitybench:5bf9d56823b3979469,1,mobilitybench
mobilitybench_q_40dee291c965877faf,mobilitybench:dad5873e74b5ca3283,1,mobilitybench
mobilitybench_q_74426b127fc7c9d85b,mobilitybench:df67a69f85a4cab124,1,mobilitybench
mobilitybench_q_0d9aeda0bd247a9a18,mobilitybench:85cbcec7555b73d1e0,1,mobilitybench
mobilitybench_q_2b2a4a2cb0fe8142c3,mobilitybench:56e5f9617050e61632,1,mobilitybench
mobilitybench_q_115e0de4e53566ff03,mobilitybench:074cb94165fecd08e7,1,mobilitybench
mobilitybench_q_6c28f6fe20bffc45e9,mobilitybench:94dcb9c282d8507a20,1,mobilitybench
mobilitybench_q_41435f20cacfc2a8fa,mobilitybench:6a8ec75ab1897e4323,1,mobilitybench
mobilitybench_q_3408b0231b006dcb4d,mobilitybench:8410e4ef03af1badb1,1,mobilitybench
mobilitybench_q_29744446b8648f5f00,mobilitybench:7b644c7d47cf148c0a,1,mobilitybench
mobilitybench_q_4792e460fbfec4d280,mobilitybench:cfc3c5dd60c368e4ff,1,mobilitybench
mobilitybench_q_77131788dbb3679f30,mobilitybench:5507fe8a4983ce888b,1,mobilitybench
mobilitybench_q_379a7182f54fea4bfc,mobilitybench:e29744a0f0c17ced64,1,mobilitybench
mobilitybench_q_f55671c0067e12ea14,mobilitybench:46830c474ec37764e7,1,mobilitybench
mobilitybench_q_45e0559b5ae19bc2fb,mobilitybench:61f9e5efc1dbc685e8,1,mobilitybench
mobilitybench_q_62b0c31555b6d2a559,mobilitybench:7fec46de787dfd6513,1,mobilitybench
mobilitybench_q_0b433234ced18b3670,mobilitybench:5f97db95ed8aaf7352,1,mobilitybench
mobilitybench_q_829efe22e46f029599,mobilitybench:f74e8f98db2db13c74,1,mobilitybench
mobilitybench_q_461582a33deba86d22,mobilitybench:8a855c36f47f31b22b,1,mobilitybench
mobilitybench_q_7fb12828f30af75e1a,mobilitybench:bd606bd9fba7c9d555,1,mobilitybench
mobilitybench_q_e72e06d7ba940b8b3c,mobilitybench:df11631c4174db8ec7,1,mobilitybench
mobilitybench_q_8a9625c08f7b59f3a9,mobilitybench:48b473b3c2967b76be,1,mobilitybench
mobilitybench_q_31b9704ee5a1e5111b,mobilitybench:5f1a93998bdca4cfe8,1,mobilitybench
mobilitybench_q_a6577a6a19706e8860,mobilitybench:6a29bc2888060e6dc4,1,mobilitybench
mobilitybench_q_24f16e88b5717220c3,mobilitybench:5d9340766d4fef39d0,1,mobilitybench
mobilitybench_q_9665bcf2b21bd2f953,mobilitybench:a43f891b8e5986e96b,1,mobilitybench
mobilitybench_q_71aa242ce6df94993d,mobilitybench:3a30c5702f931107ae,1,mobilitybench
mobilitybench_q_74699b19e496023c22,mobilitybench:50fe6eabc9af0bda07,1,mobilitybench
mobilitybench_q_4a15d090c401d60a56,mobilitybench:2d509016905495548c,1,mobilitybench
mobilitybench_q_c34a265abda5e8816a,mobilitybench:894eb63bf686b23bf6,1,mobilitybench
mobilitybench_q_f904cc9e3d084a1e54,mobilitybench:302709b616023a268a,1,mobilitybench
mobilitybench_q_71a1ba4c27fc1d348b,mobilitybench:cf6c4841699b1b8398,1,mobilitybench
mobilitybench_q_631ab08b2134b8aeb3,mobilitybench:fbe46547b969507e60,1,mobilitybench
mobilitybench_q_16617f24aa635d6fbb,mobilitybench:447278ca325a7c0cd7,1,mobilitybench
mobilitybench_q_61e16725883f75f2a5,mobilitybench:02a1d35befa710f075,1,mobilitybench
mobilitybench_q_f0cbd45204d3a08fcf,mobilitybench:52db745327bb599d9b,1,mobilitybench
mobilitybench_q_36f5590c5914d62662,mobilitybench:6452fb7fe29d94c8e3,1,mobilitybench
mobilitybench_q_2efa555dd83cac355f,mobilitybench:05041157c045d2c225,1,mobilitybench
mobilitybench_q_7e65f0a859badf3ad3,mobilitybench:1068ef8ece93637dac,1,mobilitybench
mobilitybench_q_11df0b77f398490053,mobilitybench:25b1b9adbe365b8a66,1,mobilitybench
mobilitybench_q_ae210f36540676fa5a,mobilitybench:f2eb82588ae79b1ed4,1,mobilitybench
mobilitybench_q_a7aac2333542f033b4,mobilitybench:cde6565443ede8cb90,1,mobilitybench
mobilitybench_q_5846602b5689634ad0,mobilitybench:140e91ad5c2359dd33,1,mobilitybench
mobilitybench_q_e9f9fde3e5dd4a922b,mobilitybench:3cf08dcfee68fdc312,1,mobilitybench
mobilitybench_q_2e58071ab0d1eb923a,mobilitybench:0500807999837bce19,1,mobilitybench
mobilitybench_q_2970e3ebc2c7af12b7,mobilitybench:b56642a98a174c9d51,1,mobilitybench
mobilitybench_q_ce3d2ae434cbc0a2ce,mobilitybench:7cfb9e788599603aa5,1,mobilitybench
mobilitybench_q_5ac3b068049468459c,mobilitybench:f77438677208e0d067,1,mobilitybench
mobilitybench_q_fda69b9a5b7843f750,mobilitybench:0aef66970f9cadfc69,1,mobilitybench
mobilitybench_q_c0f50e1234d78cd86a,mobilitybench:d85de7bc021f848d50,1,mobilitybench
mobilitybench_q_4228c3097afc3c2931,mobilitybench:8cfd2213efb53e9b7e,1,mobilitybench
mobilitybench_q_9e9676fa6ed52cc1d4,mobilitybench:ca8fae3d15725d4e74,1,mobilitybench
mobilitybench_q_a567c3b2970c96dd98,mobilitybench:34154fba8205fa59fb,1,mobilitybench
mobilitybench_q_5523776ea5655a4fc4,mobilitybench:271e06393f8c0d823c,1,mobilitybench
mobilitybench_q_03f6b0d4bec77803e2,mobilitybench:b67230cf7b9e754fdd,1,mobilitybench
mobilitybench_q_16b87f4b7ad8e98665,mobilitybench:dd4ab45d0e1d64ce15,1,mobilitybench
mobilitybench_q_f10c77da251928e61b,mobilitybench:1f471d6a8a44bd0051,1,mobilitybench
mobilitybench_q_c4ef3de97f0db8782e,mobilitybench:8e091c8bed79d70776,1,mobilitybench
mobilitybench_q_3f5e7aa697e0e4f5d4,mobilitybench:5a116e04aa37fd1538,1,mobilitybench
mobilitybench_q_30bd0fedefce5ade87,mobilitybench:535622f63b23e8ca5a,1,mobilitybench
mobilitybench_q_1f4acf02c39348f931,mobilitybench:16629b164bb34e2fd9,1,mobilitybench
mobilitybench_q_4d36ea847b63305198,mobilitybench:cce5e043b7ded1301f,1,mobilitybench
mobilitybench_q_2f68cc0147c885527f,mobilitybench:8ec59015c6d6fb8ab7,1,mobilitybench
mobilitybench_q_09c46a24e9588736e5,mobilitybench:86adb7a9759ae077b3,1,mobilitybench
mobilitybench_q_a9ec44489ae4fc9fcf,mobilitybench:fbd9286e056fa4ccf0,1,mobilitybench
mobilitybench_q_7d2b614ef520297724,mobilitybench:9bc48f2ad0fd9f6e2c,1,mobilitybench
mobilitybench_q_dd30e1c17eba32ac16,mobilitybench:7a56eccd0cf8921f44,1,mobilitybench
mobilitybench_q_31a86267a11c357097,mobilitybench:05864104287ad7d827,1,mobilitybench
mobilitybench_q_1e35d0ca1e835adcdf,mobilitybench:19c6b02837f5f3dea4,1,mobilitybench
mobilitybench_q_f85e1f98121baba908,mobilitybench:0437e619bebeb4c3be,1,mobilitybench
mobilitybench_q_af52e1b775b876d337,mobilitybench:af5a88d3b48e615d4d,1,mobilitybench
mobilitybench_q_40474e18f0408fa6ff,mobilitybench:bb67dd027497e4d636,1,mobilitybench
mobilitybench_q_da071cd4f423351ba0,mobilitybench:6147f850e78a01c6d4,1,mobilitybench
mobilitybench_q_0f109910b5dacbcbe9,mobilitybench:6038706536dc7ac774,1,mobilitybench
mobilitybench_q_736c30be392b28d225,mobilitybench:7bfcb56d959155c9e1,1,mobilitybench
mobilitybench_q_40293b847b1d2c1b70,mobilitybench:8fd71a217746f7cae9,1,mobilitybench
mobilitybench_q_e1ef887f2b0083d1b5,mobilitybench:4d539e2cf108a7f8fc,1,mobilitybench
mobilitybench_q_0865eb269fa8ad3916,mobilitybench:95e979623e9683bcd1,1,mobilitybench
mobilitybench_q_008f1ef77bdb475067,mobilitybench:df0f254fe8ff64950d,1,mobilitybench
mobilitybench_q_0e3b69d07f59ef99e2,mobilitybench:718635027257c2810b,1,mobilitybench
mobilitybench_q_5997dc4389467b230e,mobilitybench:ce1b4ab494de4fe5b2,1,mobilitybench
mobilitybench_q_b66d4748e7199203c8,mobilitybench:916a06db2bc307063c,1,mobilitybench
mobilitybench_q_3dd10fd882d0da32f0,mobilitybench:f558fb818c25f52c34,1,mobilitybench
mobilitybench_q_9381007e9b0e163bcf,mobilitybench:8604f7a4dbaa6e3c5b,1,mobilitybench
mobilitybench_q_7478859f6277b55d05,mobilitybench:394c1ef3092cf5837e,1,mobilitybench
mobilitybench_q_8a30fae5517355a80c,mobilitybench:1f11fac0e6bfabc39f,1,mobilitybench
mobilitybench_q_9f89bc382cedd3209f,mobilitybench:2406946cb097a73086,1,mobilitybench
mobilitybench_q_98677eb69652d1330d,mobilitybench:86c4bd9c73b9b598c6,1,mobilitybench
mobilitybench_q_11c57146d56ba4a29a,mobilitybench:a1f6732528ac48d3af,1,mobilitybench
mobilitybench_q_35f31701859600a729,mobilitybench:8adea4f21b97b50f43,1,mobilitybench
mobilitybench_q_9384736a731de8ffbd,mobilitybench:28d3b0d821dc493e32,1,mobilitybench
mobilitybench_q_59f659eebfb0319c23,mobilitybench:0bda6491adb241e40c,1,mobilitybench
mobilitybench_q_137e6d859a5587c48c,mobilitybench:b702731c4f4c5f7f42,1,mobilitybench
mobilitybench_q_e9a7b3bc4beb5411c6,mobilitybench:8dcdf22becb33b5633,1,mobilitybench
mobilitybench_q_034a4b801434bf1acf,mobilitybench:e25661e01a9b4e69d9,1,mobilitybench
mobilitybench_q_f638dba4f7a21de22a,mobilitybench:0cd9a1c551a5ee64a8,1,mobilitybench
mobilitybench_q_497c3fd0688e346524,mobilitybench:a9a1ced0912b463465,1,mobilitybench
mobilitybench_q_da2843decedf7fe3f1,mobilitybench:4d4710cff89166250d,1,mobilitybench
mobilitybench_q_e218623020b4542efe,mobilitybench:004f1f25fb5904ac5b,1,mobilitybench
mobilitybench_q_dfe1817efd37c9acaa,mobilitybench:204b620cce726f7ad7,1,mobilitybench
mobilitybench_q_a2e9dc27f316e73762,mobilitybench:17f5b76e63d4710277,1,mobilitybench
mobilitybench_q_dfbbfecd8d76663c16,mobilitybench:943a587f5708e6dba8,1,mobilitybench
mobilitybench_q_a59acc7a9fb7ae6926,mobilitybench:a702cd30d06e518993,1,mobilitybench
mobilitybench_q_d41e3915950e3e2f2e,mobilitybench:876927559aa5e1eedb,1,mobilitybench
mobilitybench_q_953a36c42a78bbb820,mobilitybench:a0797e8a4b7da27d52,1,mobilitybench
mobilitybench_q_4ddfe332b00d9b804e,mobilitybench:3edb825322fa7b9712,1,mobilitybench
mobilitybench_q_78356eb2f804295ca6,mobilitybench:59e6fbfcd24c67d193,1,mobilitybench
mobilitybench_q_d3110bf1ed4f2ad98d,mobilitybench:700845463945e4da7d,1,mobilitybench
mobilitybench_q_87e3861bff0922f3b7,mobilitybench:7841bfe571ce1af859,1,mobilitybench
mobilitybench_q_04cb07fe5a2bc12473,mobilitybench:91edbdb0c53149ca7d,1,mobilitybench
mobilitybench_q_0e89644308eb2b7849,mobilitybench:542471249317e3b43f,1,mobilitybench
mobilitybench_q_ad67c819b546703002,mobilitybench:445fdffcd84bbc8aec,1,mobilitybench
mobilitybench_q_e82d891e559e353109,mobilitybench:3d4e980878d3f6f2bf,1,mobilitybench
mobilitybench_q_ffd5cbc147eb72f289,mobilitybench:06a60910e6111efe5a,1,mobilitybench
mobilitybench_q_c6146176218e52a839,mobilitybench:9cca1df8cb52838180,1,mobilitybench
mobilitybench_q_2e35931aea0dfd8770,mobilitybench:a93d18a5f1be9b4f33,1,mobilitybench
mobilitybench_q_7d2afd77a71c142527,mobilitybench:90ddf0a7ab20c03e83,1,mobilitybench
mobilitybench_q_2d7882eb832c2266dc,mobilitybench:5603d4c8d1dc69e18e,1,mobilitybench
mobilitybench_q_6700b65d674530d4a9,mobilitybench:dbb35cf2b1613eebea,1,mobilitybench
mobilitybench_q_cbe10c3a88d6a953f0,mobilitybench:f9337a5295b1cf1664,1,mobilitybench
mobilitybench_q_764ad39f3d8d6fe12f,mobilitybench:16f625999df47f1d8e,1,mobilitybench
mobilitybench_q_4234ab4e4da54f010f,mobilitybench:59db5badc37938d59b,1,mobilitybench
mobilitybench_q_bec240cf3f6638dc68,mobilitybench:a16a32f786eb709e01,1,mobilitybench
mobilitybench_q_d930e39f686bfeeed5,mobilitybench:d1ffd68edbf3596742,1,mobilitybench
mobilitybench_q_91a8eafee1be71a6b1,mobilitybench:6eb77948231489ed1c,1,mobilitybench
mobilitybench_q_5730479ca324ee8a0f,mobilitybench:043495bf139cc99574,1,mobilitybench
mobilitybench_q_6fcd36c1409e5cf4b3,mobilitybench:08928b1d5267d74372,1,mobilitybench
mobilitybench_q_dfb01960038c80bfce,mobilitybench:07f94cfc79d7a76a01,1,mobilitybench
mobilitybench_q_16b6561070510eab36,mobilitybench:6f39527650e62e4da6,1,mobilitybench
mobilitybench_q_0378fa8b18fdee0b5d,mobilitybench:dde086ba1cbfcbdfcc,1,mobilitybench
mobilitybench_q_01ea5271d4b8a504c8,mobilitybench:d3df2d46a4b4c4afc0,1,mobilitybench
mobilitybench_q_a5efef072ee039336b,mobilitybench:73924d6d2a8c3a05a6,1,mobilitybench
mobilitybench_q_c1d6340785cae79051,mobilitybench:d3e5f9502c8335bc3d,1,mobilitybench
mobilitybench_q_22c70dcc61c7f3ad0a,mobilitybench:126bde7b1a96527dd3,1,mobilitybench
mobilitybench_q_e7f2e6b3ed9a01b80b,mobilitybench:2cf88b8230b277f602,1,mobilitybench
mobilitybench_q_c5b35a5f4a9d301bc2,mobilitybench:4e2b2ae51601199c6f,1,mobilitybench
mobilitybench_q_d8f9a166a9cad51145,mobilitybench:0b17404fb82abe98bb,1,mobilitybench
mobilitybench_q_fcdeeaf23d62f63a5a,mobilitybench:1db856cc95bfd3b733,1,mobilitybench
mobilitybench_q_d9799c3d8c46c5efd6,mobilitybench:cd5d25aa23dee43195,1,mobilitybench
mobilitybench_q_ce92e14ec5c207f145,mobilitybench:b54d35df8fdb6efe21,1,mobilitybench
mobilitybench_q_38f42dd3182800194d,mobilitybench:999f1dfb8313168a59,1,mobilitybench
mobilitybench_q_056ed4933a880a6fd5,mobilitybench:5c543e079fefbe3e37,1,mobilitybench
mobilitybench_q_f62b93092f576ab20b,mobilitybench:b0212af1db1e9a231b,1,mobilitybench
mobilitybench_q_e6128448690ea17f4d,mobilitybench:3ea131b6f2f3ca5c12,1,mobilitybench
mobilitybench_q_de3ef9b82c7f09493b,mobilitybench:31d2635bcc165bfc33,1,mobilitybench
mobilitybench_q_d9ee566357e00b9008,mobilitybench:ce55313139c4d49117,1,mobilitybench
mobilitybench_q_7f99db8086d0829171,mobilitybench:5ad1091db4f6f37c84,1,mobilitybench
mobilitybench_q_0dcf75e150db3ad4c8,mobilitybench:5a70453b99b115d2ab,1,mobilitybench
mobilitybench_q_1c5c74b7eefa9d9ccd,mobilitybench:be969fce6e5f2afc5c,1,mobilitybench
mobilitybench_q_33ec28ff17a6d5e037,mobilitybench:62207211d242f97eb6,1,mobilitybench
mobilitybench_q_a04cd2c0430664292e,mobilitybench:fc2e75c3abf85d3859,1,mobilitybench
mobilitybench_q_73db08ecd012beb4da,mobilitybench:1b37cf883c97b17f7f,1,mobilitybench
mobilitybench_q_135e2b9531394a747d,mobilitybench:ba68171881ed0fc70b,1,mobilitybench
mobilitybench_q_2744b9fee9a4d56a1b,mobilitybench:c2d9757528e2df24aa,1,mobilitybench
mobilitybench_q_df2dd1c3a49db277ce,mobilitybench:02a8ef7c4aa516be1c,1,mobilitybench
mobilitybench_q_20bbfdbbda6f7a8299,mobilitybench:620be3a4efe10b80d9,1,mobilitybench
mobilitybench_q_15f82a277b833dc75a,mobilitybench:aae701f595f3f60c2a,1,mobilitybench
mobilitybench_q_7557d3f29cc8b95a7d,mobilitybench:761ccd1de893c3f134,1,mobilitybench
mobilitybench_q_fb3ead152cb8075eee,mobilitybench:31ccbfc9e8fb64e01c,1,mobilitybench
mobilitybench_q_c3e9db7eb7b02c4728,mobilitybench:c60218bcf5989aa0fe,1,mobilitybench
mobilitybench_q_da8927116d1284b02b,mobilitybench:4bb3a77a7a34f851cf,1,mobilitybench
mobilitybench_q_9a8818606f11378839,mobilitybench:3394ddfea90bde4025,1,mobilitybench
mobilitybench_q_346faca824f3d00ba7,mobilitybench:2ae196415e5d7b2e5b,1,mobilitybench
mobilitybench_q_6623f432b599752516,mobilitybench:f94393a42dd8a9c90d,1,mobilitybench
mobilitybench_q_0011d04c9bcdd4f819,mobilitybench:63b11c584407879390,1,mobilitybench
mobilitybench_q_651104c06ef8f84320,mobilitybench:3cc9f4ad93ff6636ee,1,mobilitybench
mobilitybench_q_85e1ebb59448f0bd6e,mobilitybench:05a79b8c2b7efcf4d6,1,mobilitybench
mobilitybench_q_06292428d91e9e9a95,mobilitybench:b13f56dd0f6a258885,1,mobilitybench
mobilitybench_q_7666f588b24d1591a5,mobilitybench:176f0841852d7cc191,1,mobilitybench
mobilitybench_q_8482071dd3cb456494,mobilitybench:fc6be559457eb9c660,1,mobilitybench
mobilitybench_q_bb2c766bb2f6926e15,mobilitybench:778e31f9e7a3ec82b5,1,mobilitybench
mobilitybench_q_27cc6bf88a8eaeea69,mobilitybench:fe0028d6a8784aee32,1,mobilitybench
mobilitybench_q_98107d1a7e989bc91c,mobilitybench:4bbae3f88a53cd2f96,1,mobilitybench
mobilitybench_q_55edf291f557d72c7b,mobilitybench:31631e958376310d7d,1,mobilitybench
mobilitybench_q_08f074904b1a9900a7,mobilitybench:59da152d3fd5e8d688,1,mobilitybench
mobilitybench_q_31e429ba68ca500111,mobilitybench:b44df3767bdb45adb1,1,mobilitybench
mobilitybench_q_108c6ac97a3a95d030,mobilitybench:b4e642a6fafb301a65,1,mobilitybench
mobilitybench_q_c66f0607a427a64ae6,mobilitybench:e72a54b2e9325119a7,1,mobilitybench
mobilitybench_q_f8a9bb0c3aa800e978,mobilitybench:214d4dd780116aaca3,1,mobilitybench
mobilitybench_q_0e16a41051491a5824,mobilitybench:58c3dfd77067b62b8f,1,mobilitybench
mobilitybench_q_ea13faed472301728c,mobilitybench:bf7b83b2b3494855fb,1,mobilitybench
mobilitybench_q_50a0dd4c6274f99908,mobilitybench:9d05c073fb2e74922b,1,mobilitybench
mobilitybench_q_132a072236e6be4cdf,mobilitybench:f9a1a1f7a2e96b4db9,1,mobilitybench
mobilitybench_q_8ea5f5e84cc182b782,mobilitybench:55a930b5e63b72e73a,1,mobilitybench
mobilitybench_q_22b88b9a9b79f40bfa,mobilitybench:e252905d8c16bce819,1,mobilitybench
mobilitybench_q_5a69d4a359896ff2f0,mobilitybench:440140cea4b2a0f478,1,mobilitybench
mobilitybench_q_51a34ebfb7359f7b26,mobilitybench:a4c05b12759603ecba,1,mobilitybench
mobilitybench_q_f3e9202f193cbf5f8d,mobilitybench:607222e155af3bfaf5,1,mobilitybench
mobilitybench_q_70491f930d6349ebb7,mobilitybench:817e0d5cf9b640f11d,1,mobilitybench
mobilitybench_q_8c5e29d5ad860c771d,mobilitybench:bd9ae549399fa0581a,1,mobilitybench
mobilitybench_q_832d45fb4da1a81b80,mobilitybench:08b4b19e23fbf99369,1,mobilitybench
mobilitybench_q_7c4345f4662514fa89,mobilitybench:d07abd227f0e84e56b,1,mobilitybench
mobilitybench_q_a12bad27f74336516c,mobilitybench:24ab4a8497f24abd31,1,mobilitybench
mobilitybench_q_636668578eb75bcaa9,mobilitybench:bf8d2f2ba190c66dc9,1,mobilitybench
mobilitybench_q_fa4e35a32872c66590,mobilitybench:017f016c1cf13ca998,1,mobilitybench
mobilitybench_q_abadc21968c1d664b7,mobilitybench:3c21d4236f5b7f5968,1,mobilitybench
mobilitybench_q_6f5c84b8fa845546d3,mobilitybench:5442606212f07558ae,1,mobilitybench
mobilitybench_q_52a707d714aec13ed2,mobilitybench:1dae1b4dc8af94a390,1,mobilitybench
mobilitybench_q_aa2935495ad37bf2d0,mobilitybench:6faeaf0aa6532427d8,1,mobilitybench
mobilitybench_q_71b4476684f118d419,mobilitybench:ac9017f6f783ad04cd,1,mobilitybench
mobilitybench_q_c6823076a602d11d01,mobilitybench:87e5bb57d1735b543f,1,mobilitybench
mobilitybench_q_cd7495344cc38a15d0,mobilitybench:4bda5d9280a27cd222,1,mobilitybench
mobilitybench_q_fd0a5041ea3b0cbdc2,mobilitybench:c3f53f28e5f3de4a51,1,mobilitybench
mobilitybench_q_fb6b62fad87eb4f7a2,mobilitybench:dca05492834cf8da5e,1,mobilitybench
mobilitybench_q_a9febedcb605559c80,mobilitybench:16d9e045df2489dc4b,1,mobilitybench
mobilitybench_q_da4b26b49d4c8e0600,mobilitybench:1a48eca828e81cf4b1,1,mobilitybench
mobilitybench_q_1771b487221a77735d,mobilitybench:fdf3d491770b55c627,1,mobilitybench
mobilitybench_q_5de556106aeb823cd7,mobilitybench:0b745e5a861bfec496,1,mobilitybench
mobilitybench_q_b8fee76db82062e6e6,mobilitybench:ef88a8fe4de45dff4d,1,mobilitybench
mobilitybench_q_c821a80e955753747e,mobilitybench:03be668488dd2b89bb,1,mobilitybench
mobilitybench_q_c220d92ef8d1bec5cf,mobilitybench:7c61fa7c65bf1c2479,1,mobilitybench
mobilitybench_q_3e91d63e88dcf0a9f4,mobilitybench:1e36598fe19e5c13d5,1,mobilitybench
mobilitybench_q_a4a3d7611d84093def,mobilitybench:e25dbc7b775a9db23a,1,mobilitybench
mobilitybench_q_8750efb924952ebc83,mobilitybench:e115ad0a3fe54cf7ec,1,mobilitybench
mobilitybench_q_c6f6babc3ae2ef45f9,mobilitybench:74bb37f6c205e268b7,1,mobilitybench
mobilitybench_q_2b2dc6217db5276d4c,mobilitybench:7dc15cbffa8f4bb3d0,1,mobilitybench
mobilitybench_q_5cadfc6b1aa20b1ed4,mobilitybench:3167bf5e6b30446420,1,mobilitybench
mobilitybench_q_bd9a1bb52f138ffcd5,mobilitybench:1bedae80e27c8caee3,1,mobilitybench
mobilitybench_q_743a9bf2fd7f8ba078,mobilitybench:ba7c812ddc617eb950,1,mobilitybench
mobilitybench_q_ddb152978de243b6cc,mobilitybench:a2187085f19ffaacb9,1,mobilitybench
mobilitybench_q_5b1e852ffb48d41cf2,mobilitybench:a614929a55c9e153b2,1,mobilitybench
mobilitybench_q_0475c8e042faf77f10,mobilitybench:f7e36e3613dddcca91,1,mobilitybench
mobilitybench_q_ee3222b9ab0978d1cf,mobilitybench:f8e2309354f96519ac,1,mobilitybench
mobilitybench_q_fc2efca6aa9764b424,mobilitybench:7a272cb38bd1729916,1,mobilitybench
mobilitybench_q_241aac23d1aed7aa97,mobilitybench:a2e4ef09e33fdb0ddf,1,mobilitybench
mobilitybench_q_d7e1cd0c10dfee3e06,mobilitybench:cb52b7e8152b0ba6c1,1,mobilitybench
mobilitybench_q_c145f9c045e688e235,mobilitybench:643e8780c1d89b09e8,1,mobilitybench
mobilitybench_q_33238149412a4b6493,mobilitybench:3de9c04923b5d8577f,1,mobilitybench
mobilitybench_q_68f7911d5df38ca685,mobilitybench:97e8d86c4033f738ac,1,mobilitybench
mobilitybench_q_dba007d754ea9732d6,mobilitybench:d058deacac2c1c80d7,1,mobilitybench
mobilitybench_q_22b4f187513719605b,mobilitybench:0bf81ab73ea943f851,1,mobilitybench
mobilitybench_q_c588004345e014fb0b,mobilitybench:8974fbdc10f7b68222,1,mobilitybench
mobilitybench_q_c91f91adf2a79aa6d5,mobilitybench:7302a6429b06d169bd,1,mobilitybench
mobilitybench_q_be0e77ca18b353b44e,mobilitybench:72c24be46da8acdd26,1,mobilitybench
mobilitybench_q_abbf427fd48684a40d,mobilitybench:fc7cfc8a88560d2a49,1,mobilitybench
mobilitybench_q_08dfa1487c43785d20,mobilitybench:ac9b54e13014b1a0ec,1,mobilitybench
mobilitybench_q_5537fbaa0ade1da922,mobilitybench:ac55990c074500c725,1,mobilitybench
mobilitybench_q_1a6b173da5f19754eb,mobilitybench:fef14a9150f06547b9,1,mobilitybench
mobilitybench_q_482f3c63371b443762,mobilitybench:27e71d7ba06c234377,1,mobilitybench
mobilitybench_q_2096609bc9bc22dc76,mobilitybench:be7b869c874c9d0587,1,mobilitybench
mobilitybench_q_e26a9f1741848d0398,mobilitybench:df7112194108bd8ffb,1,mobilitybench
mobilitybench_q_900ce51d69b531e8d2,mobilitybench:fe3a5f5aae5ba91eee,1,mobilitybench
mobilitybench_q_24641abc49eaad3c55,mobilitybench:b1957738632141c0d8,1,mobilitybench
mobilitybench_q_aabbbac9fa7cf1eea2,mobilitybench:c25cd85f84c225b666,1,mobilitybench
mobilitybench_q_d9a690ca3667ca1080,mobilitybench:4a1ee84af41ef4e070,1,mobilitybench
mobilitybench_q_770a94b22d9a17d377,mobilitybench:8da7bcd72cb7025d81,1,mobilitybench
mobilitybench_q_a9be09b02d0be0775d,mobilitybench:148b83ef5c59799174,1,mobilitybench
mobilitybench_q_a53448e417b70c8ab1,mobilitybench:ffbaa07ab9394b162d,1,mobilitybench
mobilitybench_q_f04e53dfbb986afd99,mobilitybench:51e19011453decc596,1,mobilitybench
mobilitybench_q_e3958b7df6f7691720,mobilitybench:585b8ab104584b13f4,1,mobilitybench
mobilitybench_q_1a896623f963a4e9ec,mobilitybench:d49c012ef77050ef5e,1,mobilitybench
mobilitybench_q_79b852fa2c3a2fd892,mobilitybench:a0c504ccc4449ccc93,1,mobilitybench
mobilitybench_q_0122a35ad83393c4eb,mobilitybench:94c752e279ccbd078f,1,mobilitybench
mobilitybench_q_66a1930951f09a40bb,mobilitybench:fe5e53b12748cf08cf,1,mobilitybench
mobilitybench_q_ef8da237ee4615360d,mobilitybench:a9b3f79ce9aa6f0d82,1,mobilitybench
mobilitybench_q_56ea44427eab479816,mobilitybench:1335917cf6a76d6939,1,mobilitybench
mobilitybench_q_d5a5b2547b25e6e000,mobilitybench:88e71bb951e0d85a79,1,mobilitybench
mobilitybench_q_32ce4136c592e29b36,mobilitybench:8018054f863edfa4ed,1,mobilitybench
mobilitybench_q_1fbae88f04cf9c9cf2,mobilitybench:45d650124ede354cf6,1,mobilitybench
mobilitybench_q_9e3dacbe4c5ebdadd0,mobilitybench:fd961306e0b7627dcf,1,mobilitybench
mobilitybench_q_c58a65ee178f4dd892,mobilitybench:a8f2830a0a785f7e6b,1,mobilitybench
mobilitybench_q_6d26ea21a8a4e9c1a3,mobilitybench:46d5ed4a0810737306,1,mobilitybench
mobilitybench_q_2b57970a392e1251b5,mobilitybench:f68b0c1ce66b1dccc4,1,mobilitybench
mobilitybench_q_29c27c64700e3241c6,mobilitybench:c089e2e3ec7c41be0a,1,mobilitybench
mobilitybench_q_176df397871ed7e37f,mobilitybench:634f1115260a255acc,1,mobilitybench
mobilitybench_q_d227870a102d7d7e68,mobilitybench:2cf1ea4792cc323341,1,mobilitybench
mobilitybench_q_4f33536dd5940a5378,mobilitybench:64d2e740dd9448daee,1,mobilitybench
mobilitybench_q_50db646a15422529c2,mobilitybench:663692f55a7ba86938,1,mobilitybench
mobilitybench_q_e448624834878cedcd,mobilitybench:e8a90dd778e41a3301,1,mobilitybench
mobilitybench_q_7dd3cc1617a0727abc,mobilitybench:5da4f931e5bce2abed,1,mobilitybench
mobilitybench_q_aa75ae4fd5faa22d9a,mobilitybench:5764d88820b53f6a64,1,mobilitybench
mobilitybench_q_875ad7c64ae570b67b,mobilitybench:5d18706ce78e53fe4e,1,mobilitybench
mobilitybench_q_5fc55e923e6ee9b44c,mobilitybench:a6860445c28d3b0039,1,mobilitybench
mobilitybench_q_80417a8bc14f3078bb,mobilitybench:563494ea480e899954,1,mobilitybench
mobilitybench_q_be82604c6725a823d6,mobilitybench:e6182a79ea94b8926c,1,mobilitybench
mobilitybench_q_bfde19ca726d2aad3e,mobilitybench:a47e2a29b83f8bd134,1,mobilitybench
mobilitybench_q_a164a65340f0069bc9,mobilitybench:4583d33538cbdb999d,1,mobilitybench
mobilitybench_q_00298d77542ba0f6ef,mobilitybench:838cf7df4494d556c0,1,mobilitybench
mobilitybench_q_57867728935320bbac,mobilitybench:fe7ff7967763c71e22,1,mobilitybench
mobilitybench_q_761a736901fe9f2e30,mobilitybench:508fe7414eafff684b,1,mobilitybench
mobilitybench_q_1779094373946100ed,mobilitybench:668b845698cae24fd5,1,mobilitybench
mobilitybench_q_ddc39b6ab32d0602ea,mobilitybench:fedf6ea6516d11aaef,1,mobilitybench
mobilitybench_q_a7fe4e00b992d92682,mobilitybench:3e24d074146a537c24,1,mobilitybench
mobilitybench_q_0c4b08dc44122ef6d6,mobilitybench:0928817d3bee338fdc,1,mobilitybench
mobilitybench_q_49d9e699d2280f9168,mobilitybench:bc79085e831dff2adb,1,mobilitybench
mobilitybench_q_2c1bdd15e874eb9184,mobilitybench:ae56772a076e87d38f,1,mobilitybench
mobilitybench_q_18df92992d307fdf76,mobilitybench:bc80defea59b09c651,1,mobilitybench
